user_id,age_group,city_tier,income_band,acquisition_channel,device_os,registration_date,activation_date,first_txn_date,total_txns,successful_txns,failed_txns,total_amount_vnd,avg_amount_vnd,bill_payment,card_payment,loan_viewed,qr_payment,savings_opened,transfer_initiated,n_features,has_bill_or_savings,is_active_d30,is_active_d60,churn_flag,activated,days_to_first_txn,first_txn_bucket,feature_bucket,failed_txn_bucket,registration_month
U00001,25-34,Tier 1,Mid,Paid Ads,iOS,2024-03-22,2024-03-23 05:18:00,,0.0,0.0,0.0,0.0,0.0,0,0,0,0,0,0,0,0,False,False,True,1,,No transaction,0 features,0 failed,2024-03
U00002,55+,Tier 2,Mid,Paid Ads,Android,2024-01-15,,,0.0,0.0,0.0,0.0,0.0,0,0,0,0,0,0,0,0,False,False,True,0,,No transaction,0 features,0 failed,2024-01
U00003,35-44,Tier 3,Low,Paid Ads,Android,2024-01-04,,,0.0,0.0,0.0,0.0,0.0,0,0,0,0,0,0,0,0,False,False,True,0,,No transaction,0 features,0 failed,2024-01
U00004,25-34,Tier 1,Mid,Organic,Android,2024-04-04,,,0.0,0.0,0.0,0.0,0.0,0,0,0,0,0,0,0,0,False,False,True,0,,No transaction,0 features,0 failed,2024-04
U00005,18-24,Tier 3,Mid,Organic,Android,2024-02-05,,,0.0,0.0,0.0,0.0,0.0,0,0,0,0,0,0,0,0,False,False,True,0,,No transaction,0 features,0 failed,2024-02
U00006,18-24,Tier 1,High,Organic,iOS,2024-02-01,,,0.0,0.0,0.0,0.0,0.0,0,0,0,0,0,0,0,0,False,False,True,0,,No transaction,0 features,0 failed,2024-02
U00007,18-24,Tier 2,Low,Referral,iOS,2024-01-29,2024-01-29 23:06:00,2024-02-03 19:00:00,3.0,3.0,0.0,2875000.0,958333.3333333334,0,0,0,0,0,0,0,0,True,True,False,1,4.0,Within 7 days,0 features,0 failed,2024-01
U00008,45-54,Tier 3,Mid,Paid Ads,Android,2024-01-18,,,0.0,0.0,0.0,0.0,0.0,0,0,0,0,0,0,0,0,False,False,True,0,,No transaction,0 features,0 failed,2024-01
U00009,25-34,Tier 1,Mid,Paid Ads,iOS,2024-04-04,2024-04-05 05:13:00,2024-04-07 10:00:00,8.0,8.0,0.0,35902000.0,4487750.0,0,1,1,0,0,0,2,0,False,False,True,1,2.0,Within 7 days,2+ features,0 failed,2024-04
U00010,35-44,Tier 1,Mid,Organic,Android,2024-01-14,,,0.0,0.0,0.0,0.0,0.0,0,0,0,0,0,0,0,0,False,False,True,0,,No transaction,0 features,0 failed,2024-01
U00011,18-24,Tier 1,High,Organic,Android,2024-03-27,,,0.0,0.0,0.0,0.0,0.0,0,0,0,0,0,0,0,0,False,False,True,0,,No transaction,0 features,0 failed,2024-03
U00012,55+,Tier 2,Mid,Organic,Android,2024-04-04,2024-04-05 03:15:00,2024-04-05 15:00:00,19.0,19.0,0.0,109651000.0,5771105.263157895,1,1,0,1,1,1,5,1,True,True,False,1,0.0,Within 7 days,2+ features,0 failed,2024-04
U00013,35-44,Tier 2,High,Branch,Android,2024-04-24,2024-04-25 23:09:00,2024-04-30 14:00:00,6.0,6.0,0.0,250945000.0,41824166.666666664,1,0,0,0,0,1,2,1,False,False,True,1,4.0,Within 7 days,2+ features,0 failed,2024-04
U00014,18-24,Tier 2,Mid,Paid Ads,Android,2024-03-10,,,0.0,0.0,0.0,0.0,0.0,0,0,0,0,0,0,0,0,False,False,True,0,,No transaction,0 features,0 failed,2024-03
U00015,18-24,Tier 1,Mid,Partnership,Android,2024-01-12,2024-01-13 17:19:00,,1.0,0.0,1.0,5869000.0,5869000.0,0,0,0,0,0,0,0,0,False,False,True,1,,No transaction,0 features,1-2 failed,2024-01
U00016,18-24,Tier 1,Low,Partnership,iOS,2024-03-16,,,0.0,0.0,0.0,0.0,0.0,0,0,0,0,0,0,0,0,False,False,True,0,,No transaction,0 features,0 failed,2024-03
U00017,25-34,Tier 1,Low,Paid Ads,iOS,2024-02-24,2024-02-25 15:05:00,2024-03-05 10:00:00,9.0,8.0,1.0,11387000.0,1265222.2222222222,0,0,1,0,0,0,1,0,True,True,False,1,8.0,After 7 days,1 feature,1-2 failed,2024-02
U00018,25-34,Tier 1,Low,Paid Ads,iOS,2024-01-05,,,0.0,0.0,0.0,0.0,0.0,0,0,0,0,0,0,0,0,False,False,True,0,,No transaction,0 features,0 failed,2024-01
U00019,25-34,Tier 2,Low,Organic,Android,2024-01-04,,,0.0,0.0,0.0,0.0,0.0,0,0,0,0,0,0,0,0,False,False,True,0,,No transaction,0 features,0 failed,2024-01
U00020,18-24,Tier 3,Low,Paid Ads,Android,2024-01-12,,,0.0,0.0,0.0,0.0,0.0,0,0,0,0,0,0,0,0,False,False,True,0,,No transaction,0 features,0 failed,2024-01
U00021,25-34,Tier 2,Low,Referral,Android,2024-01-28,2024-01-30 00:20:00,,0.0,0.0,0.0,0.0,0.0,0,1,0,0,0,0,1,0,True,True,False,1,,No transaction,1 feature,0 failed,2024-01
U00022,18-24,Tier 1,Low,Partnership,Android,2024-01-30,,,0.0,0.0,0.0,0.0,0.0,0,0,0,0,0,0,0,0,False,False,True,0,,No transaction,0 features,0 failed,2024-01
U00023,18-24,Tier 3,High,Organic,Android,2024-03-05,,,0.0,0.0,0.0,0.0,0.0,0,0,0,0,0,0,0,0,False,False,True,0,,No transaction,0 features,0 failed,2024-03
U00024,25-34,Tier 2,Low,Partnership,Android,2024-03-18,2024-03-19 06:11:00,2024-04-09 03:00:00,4.0,4.0,0.0,2151000.0,537750.0,0,0,0,0,0,1,1,0,False,False,True,1,20.0,After 7 days,1 feature,0 failed,2024-03
U00025,25-34,Tier 3,Mid,Organic,Android,2024-01-04,2024-01-05 16:04:00,2024-01-20 16:00:00,3.0,3.0,0.0,18171000.0,6057000.0,0,0,0,0,0,0,0,0,False,False,True,1,14.0,After 7 days,0 features,0 failed,2024-01
U00026,35-44,Tier 2,Low,Partnership,Android,2024-03-12,2024-03-13 14:12:00,2024-03-17 22:00:00,12.0,11.0,1.0,10386000.0,865500.0,1,0,1,0,1,1,4,1,True,True,False,1,4.0,Within 7 days,2+ features,1-2 failed,2024-03
U00027,18-24,Tier 1,High,Referral,Android,2024-01-26,2024-01-27 20:15:00,2024-02-06 04:00:00,6.0,6.0,0.0,168035000.0,28005833.333333332,1,0,0,0,1,0,2,1,True,True,False,1,9.0,After 7 days,2+ features,0 failed,2024-01
U00028,25-34,Tier 1,High,Paid Ads,Android,2024-04-01,,,0.0,0.0,0.0,0.0,0.0,0,0,0,0,0,0,0,0,False,False,True,0,,No transaction,0 features,0 failed,2024-04
U00029,25-34,Tier 2,Mid,Paid Ads,Android,2024-03-24,2024-03-25 20:19:00,2024-04-08 11:00:00,4.0,3.0,1.0,26513000.0,6628250.0,0,1,1,1,0,0,3,0,True,True,False,1,13.0,After 7 days,2+ features,1-2 failed,2024-03
U00030,18-24,Tier 1,Mid,Referral,Android,2024-03-30,2024-03-31 12:28:00,2024-04-21 12:00:00,4.0,4.0,0.0,21117000.0,5279250.0,0,0,0,0,0,0,0,0,True,False,True,1,20.0,After 7 days,0 features,0 failed,2024-03
U00031,25-34,Tier 1,Low,Paid Ads,iOS,2024-03-10,,,0.0,0.0,0.0,0.0,0.0,0,0,0,0,0,0,0,0,False,False,True,0,,No transaction,0 features,0 failed,2024-03
U00032,18-24,Tier 2,High,Branch,Android,2024-02-23,,,0.0,0.0,0.0,0.0,0.0,0,0,0,0,0,0,0,0,False,False,True,0,,No transaction,0 features,0 failed,2024-02
U00033,18-24,Tier 2,High,Organic,iOS,2024-01-29,2024-01-30 07:02:00,2024-03-25 02:00:00,3.0,1.0,2.0,60557000.0,20185666.666666668,0,0,0,0,0,0,0,0,True,False,True,1,54.0,After 7 days,0 features,1-2 failed,2024-01
U00034,45-54,Tier 2,High,Branch,Android,2024-02-27,,,0.0,0.0,0.0,0.0,0.0,0,0,0,0,0,0,0,0,False,False,True,0,,No transaction,0 features,0 failed,2024-02
U00035,55+,Tier 1,Mid,Paid Ads,Android,2024-03-16,,,0.0,0.0,0.0,0.0,0.0,0,0,0,0,0,0,0,0,False,False,True,0,,No transaction,0 features,0 failed,2024-03
U00036,35-44,Tier 1,Mid,Partnership,iOS,2024-02-05,,,0.0,0.0,0.0,0.0,0.0,0,0,0,0,0,0,0,0,False,False,True,0,,No transaction,0 features,0 failed,2024-02
U00037,25-34,Tier 2,High,Referral,Android,2024-04-13,,,0.0,0.0,0.0,0.0,0.0,0,0,0,0,0,0,0,0,False,False,True,0,,No transaction,0 features,0 failed,2024-04
U00038,18-24,Tier 3,Low,Paid Ads,Android,2024-04-21,,,0.0,0.0,0.0,0.0,0.0,0,0,0,0,0,0,0,0,False,False,True,0,,No transaction,0 features,0 failed,2024-04
U00039,35-44,Tier 2,Mid,Partnership,iOS,2024-01-01,,,0.0,0.0,0.0,0.0,0.0,0,0,0,0,0,0,0,0,False,False,True,0,,No transaction,0 features,0 failed,2024-01
U00040,25-34,Tier 3,Low,Referral,Android,2024-04-07,2024-04-08 07:23:00,2024-04-23 09:00:00,9.0,9.0,0.0,9548000.0,1060888.888888889,1,0,0,0,1,0,2,1,True,True,False,1,15.0,After 7 days,2+ features,0 failed,2024-04
U00041,18-24,Tier 2,High,Paid Ads,Android,2024-04-13,,,0.0,0.0,0.0,0.0,0.0,0,0,0,0,0,0,0,0,False,False,True,0,,No transaction,0 features,0 failed,2024-04
U00042,25-34,Tier 2,Low,Organic,iOS,2024-01-21,2024-01-22 10:05:00,2024-01-25 07:00:00,11.0,11.0,0.0,12991000.0,1181000.0,1,0,0,1,1,1,4,1,True,True,False,1,2.0,Within 7 days,2+ features,0 failed,2024-01
U00043,18-24,Tier 1,Low,Organic,iOS,2024-03-30,,,0.0,0.0,0.0,0.0,0.0,0,0,0,0,0,0,0,0,False,False,True,0,,No transaction,0 features,0 failed,2024-03
U00044,45-54,Tier 2,Mid,Paid Ads,Android,2024-02-24,,,0.0,0.0,0.0,0.0,0.0,0,0,0,0,0,0,0,0,False,False,True,0,,No transaction,0 features,0 failed,2024-02
U00045,18-24,Tier 2,Mid,Paid Ads,Android,2024-02-13,,,0.0,0.0,0.0,0.0,0.0,0,0,0,0,0,0,0,0,False,False,True,0,,No transaction,0 features,0 failed,2024-02
U00046,35-44,Tier 2,Mid,Paid Ads,iOS,2024-02-05,2024-02-06 04:04:00,2024-02-07 10:00:00,5.0,5.0,0.0,21970000.0,4394000.0,0,1,0,0,0,1,2,0,True,True,False,1,1.0,Within 7 days,2+ features,0 failed,2024-02
U00047,25-34,Tier 2,Low,Organic,Android,2024-01-20,2024-01-21 11:28:00,2024-01-24 20:00:00,11.0,8.0,3.0,10138000.0,921636.3636363636,0,0,1,1,1,1,4,1,True,True,False,1,3.0,Within 7 days,2+ features,3+ failed,2024-01
U00048,25-34,Tier 2,Low,Referral,Android,2024-01-28,2024-01-29 16:12:00,2024-02-05 10:00:00,14.0,13.0,1.0,13481000.0,962928.5714285715,1,1,0,1,0,0,3,1,True,True,False,1,6.0,Within 7 days,2+ features,1-2 failed,2024-01
U00049,25-34,Tier 1,Mid,Referral,Android,2024-04-07,2024-04-08 09:29:00,,0.0,0.0,0.0,0.0,0.0,0,0,0,0,0,0,0,0,False,False,True,1,,No transaction,0 features,0 failed,2024-04
U00050,18-24,Tier 2,High,Paid Ads,iOS,2024-02-13,,,0.0,0.0,0.0,0.0,0.0,0,0,0,0,0,0,0,0,False,False,True,0,,No transaction,0 features,0 failed,2024-02
U00051,55+,Tier 1,High,Partnership,Android,2024-01-14,,,0.0,0.0,0.0,0.0,0.0,0,0,0,0,0,0,0,0,False,False,True,0,,No transaction,0 features,0 failed,2024-01
U00052,35-44,Tier 3,Mid,Partnership,iOS,2024-01-12,2024-01-14 00:27:00,2024-01-25 21:00:00,7.0,6.0,1.0,42452000.0,6064571.428571428,0,0,0,0,0,1,1,0,False,False,True,1,11.0,After 7 days,1 feature,1-2 failed,2024-01
U00053,45-54,Tier 1,High,Organic,Android,2024-02-18,2024-02-19 16:23:00,2024-02-25 16:00:00,8.0,7.0,1.0,216219000.0,27027375.0,0,1,0,0,1,1,3,1,True,True,False,1,5.0,Within 7 days,2+ features,1-2 failed,2024-02
U00054,45-54,Tier 1,Mid,Partnership,Android,2024-01-13,,,0.0,0.0,0.0,0.0,0.0,0,0,0,0,0,0,0,0,False,False,True,0,,No transaction,0 features,0 failed,2024-01
U00055,25-34,Tier 1,Mid,Paid Ads,iOS,2024-02-15,,,0.0,0.0,0.0,0.0,0.0,0,0,0,0,0,0,0,0,False,False,True,0,,No transaction,0 features,0 failed,2024-02
U00056,45-54,Tier 2,Mid,Paid Ads,iOS,2024-04-18,,,0.0,0.0,0.0,0.0,0.0,0,0,0,0,0,0,0,0,False,False,True,0,,No transaction,0 features,0 failed,2024-04
U00057,18-24,Tier 1,Mid,Organic,Android,2024-02-14,,,0.0,0.0,0.0,0.0,0.0,0,0,0,0,0,0,0,0,False,False,True,0,,No transaction,0 features,0 failed,2024-02
U00058,18-24,Tier 1,Mid,Paid Ads,Android,2024-03-18,,,0.0,0.0,0.0,0.0,0.0,0,0,0,0,0,0,0,0,False,False,True,0,,No transaction,0 features,0 failed,2024-03
U00059,18-24,Tier 2,Mid,Organic,iOS,2024-02-03,2024-02-04 19:20:00,2024-03-03 17:00:00,3.0,2.0,1.0,15215000.0,5071666.666666667,0,0,1,1,0,0,2,0,True,False,True,1,27.0,After 7 days,2+ features,1-2 failed,2024-02
U00060,25-34,Tier 1,Mid,Referral,Android,2024-04-13,,,0.0,0.0,0.0,0.0,0.0,0,0,0,0,0,0,0,0,False,False,True,0,,No transaction,0 features,0 failed,2024-04
U00061,25-34,Tier 3,Low,Organic,Android,2024-01-06,,,0.0,0.0,0.0,0.0,0.0,0,0,0,0,0,0,0,0,False,False,True,0,,No transaction,0 features,0 failed,2024-01
U00062,18-24,Tier 3,Low,Organic,Android,2024-04-03,,,0.0,0.0,0.0,0.0,0.0,0,0,0,0,0,0,0,0,False,False,True,0,,No transaction,0 features,0 failed,2024-04
U00063,35-44,Tier 2,Mid,Organic,iOS,2024-02-28,2024-02-29 13:04:00,,0.0,0.0,0.0,0.0,0.0,0,0,1,0,0,0,1,0,False,False,True,1,,No transaction,1 feature,0 failed,2024-02
U00064,25-34,Tier 1,Low,Organic,iOS,2024-03-09,,,0.0,0.0,0.0,0.0,0.0,0,0,0,0,0,0,0,0,False,False,True,0,,No transaction,0 features,0 failed,2024-03
U00065,18-24,Tier 2,Low,Organic,iOS,2024-01-16,2024-01-17 11:12:00,2024-01-19 08:00:00,7.0,7.0,0.0,5756000.0,822285.7142857143,1,1,0,0,0,0,2,1,True,True,False,1,1.0,Within 7 days,2+ features,0 failed,2024-01
U00066,25-34,Tier 1,Mid,Paid Ads,Android,2024-02-18,,,0.0,0.0,0.0,0.0,0.0,0,0,0,0,0,0,0,0,False,False,True,0,,No transaction,0 features,0 failed,2024-02
U00067,18-24,Tier 2,Mid,Organic,Android,2024-01-11,,,0.0,0.0,0.0,0.0,0.0,0,0,0,0,0,0,0,0,False,False,True,0,,No transaction,0 features,0 failed,2024-01
U00068,35-44,Tier 1,Mid,Paid Ads,Android,2024-03-11,,,0.0,0.0,0.0,0.0,0.0,0,0,0,0,0,0,0,0,False,False,True,0,,No transaction,0 features,0 failed,2024-03
U00069,18-24,Tier 3,Mid,Organic,Android,2024-02-07,,,0.0,0.0,0.0,0.0,0.0,0,0,0,0,0,0,0,0,False,False,True,0,,No transaction,0 features,0 failed,2024-02
U00070,55+,Tier 1,High,Branch,Android,2024-04-16,,,0.0,0.0,0.0,0.0,0.0,0,0,0,0,0,0,0,0,False,False,True,0,,No transaction,0 features,0 failed,2024-04
U00071,35-44,Tier 2,High,Branch,Android,2024-03-21,,,0.0,0.0,0.0,0.0,0.0,0,0,0,0,0,0,0,0,False,False,True,0,,No transaction,0 features,0 failed,2024-03
U00072,18-24,Tier 2,High,Organic,Android,2024-03-20,,,0.0,0.0,0.0,0.0,0.0,0,0,0,0,0,0,0,0,False,False,True,0,,No transaction,0 features,0 failed,2024-03
U00073,18-24,Tier 2,Mid,Paid Ads,Android,2024-04-23,,,0.0,0.0,0.0,0.0,0.0,0,0,0,0,0,0,0,0,False,False,True,0,,No transaction,0 features,0 failed,2024-04
U00074,35-44,Tier 1,Mid,Organic,iOS,2024-04-20,,,0.0,0.0,0.0,0.0,0.0,0,0,0,0,0,0,0,0,False,False,True,0,,No transaction,0 features,0 failed,2024-04
U00075,35-44,Tier 3,High,Branch,iOS,2024-02-16,,,0.0,0.0,0.0,0.0,0.0,0,0,0,0,0,0,0,0,False,False,True,0,,No transaction,0 features,0 failed,2024-02
U00076,35-44,Tier 2,Low,Paid Ads,Android,2024-03-14,,,0.0,0.0,0.0,0.0,0.0,0,0,0,0,0,0,0,0,False,False,True,0,,No transaction,0 features,0 failed,2024-03
U00077,35-44,Tier 2,Low,Organic,Android,2024-01-25,,,0.0,0.0,0.0,0.0,0.0,0,0,0,0,0,0,0,0,False,False,True,0,,No transaction,0 features,0 failed,2024-01
U00078,18-24,Tier 1,Mid,Referral,Android,2024-03-31,,,0.0,0.0,0.0,0.0,0.0,0,0,0,0,0,0,0,0,False,False,True,0,,No transaction,0 features,0 failed,2024-03
U00079,25-34,Tier 2,Low,Organic,iOS,2024-01-09,2024-01-10 02:15:00,2024-01-12 10:00:00,8.0,6.0,2.0,8831000.0,1103875.0,0,0,0,1,0,1,2,0,True,False,True,1,2.0,Within 7 days,2+ features,1-2 failed,2024-01
U00080,18-24,Tier 1,High,Referral,Android,2024-01-06,2024-01-07 16:18:00,2024-01-13 17:00:00,8.0,8.0,0.0,260370000.0,32546250.0,1,1,0,0,1,1,4,1,False,False,True,1,6.0,Within 7 days,2+ features,0 failed,2024-01
U00081,45-54,Tier 1,Mid,Paid Ads,iOS,2024-03-25,,,0.0,0.0,0.0,0.0,0.0,0,0,0,0,0,0,0,0,False,False,True,0,,No transaction,0 features,0 failed,2024-03
U00082,25-34,Tier 1,Mid,Paid Ads,Android,2024-01-30,,,0.0,0.0,0.0,0.0,0.0,0,0,0,0,0,0,0,0,False,False,True,0,,No transaction,0 features,0 failed,2024-01
U00083,25-34,Tier 3,Mid,Referral,Android,2024-04-08,,,0.0,0.0,0.0,0.0,0.0,0,0,0,0,0,0,0,0,False,False,True,0,,No transaction,0 features,0 failed,2024-04
U00084,18-24,Tier 1,Mid,Organic,iOS,2024-02-07,,,0.0,0.0,0.0,0.0,0.0,0,0,0,0,0,0,0,0,False,False,True,0,,No transaction,0 features,0 failed,2024-02
U00085,25-34,Tier 1,Low,Organic,Android,2024-01-11,2024-01-12 17:06:00,2024-01-17 08:00:00,7.0,7.0,0.0,5835000.0,833571.4285714285,0,1,0,0,0,0,1,0,False,False,True,1,4.0,Within 7 days,1 feature,0 failed,2024-01
U00086,25-34,Tier 2,Mid,Organic,Android,2024-04-19,,,0.0,0.0,0.0,0.0,0.0,0,0,0,0,0,0,0,0,False,False,True,0,,No transaction,0 features,0 failed,2024-04
U00087,35-44,Tier 2,Mid,Partnership,Android,2024-01-30,2024-01-31 06:06:00,,0.0,0.0,0.0,0.0,0.0,0,0,0,1,0,0,1,0,False,False,True,1,,No transaction,1 feature,0 failed,2024-01
U00088,25-34,Tier 1,Mid,Organic,Android,2024-04-20,,,0.0,0.0,0.0,0.0,0.0,0,0,0,0,0,0,0,0,False,False,True,0,,No transaction,0 features,0 failed,2024-04
U00089,45-54,Tier 2,Mid,Paid Ads,Android,2024-01-13,,,0.0,0.0,0.0,0.0,0.0,0,0,0,0,0,0,0,0,False,False,True,0,,No transaction,0 features,0 failed,2024-01
U00090,25-34,Tier 1,Low,Referral,Android,2024-02-18,,,0.0,0.0,0.0,0.0,0.0,0,0,0,0,0,0,0,0,False,False,True,0,,No transaction,0 features,0 failed,2024-02
U00091,18-24,Tier 1,Low,Organic,iOS,2024-02-05,2024-02-06 05:20:00,2024-03-05 03:00:00,8.0,8.0,0.0,9361000.0,1170125.0,1,0,0,1,0,0,2,1,False,False,True,1,27.0,After 7 days,2+ features,0 failed,2024-02
U00092,35-44,Tier 1,Low,Paid Ads,iOS,2024-02-28,,,0.0,0.0,0.0,0.0,0.0,0,0,0,0,0,0,0,0,False,False,True,0,,No transaction,0 features,0 failed,2024-02
U00093,35-44,Tier 3,Mid,Paid Ads,iOS,2024-03-22,2024-03-23 03:04:00,2024-03-23 13:00:00,11.0,11.0,0.0,56049000.0,5095363.636363637,0,1,1,0,0,1,3,0,True,True,False,1,0.0,Within 7 days,2+ features,0 failed,2024-03
U00094,25-34,Tier 1,High,Referral,Android,2024-04-16,2024-04-16 21:25:00,2024-04-17 10:00:00,12.0,12.0,0.0,287631000.0,23969250.0,1,0,0,1,1,0,3,1,True,False,True,1,0.0,Within 7 days,2+ features,0 failed,2024-04
U00095,35-44,Tier 1,High,Paid Ads,Android,2024-02-16,,,0.0,0.0,0.0,0.0,0.0,0,0,0,0,0,0,0,0,False,False,True,0,,No transaction,0 features,0 failed,2024-02
U00096,25-34,Tier 1,Mid,Paid Ads,Android,2024-01-21,,,0.0,0.0,0.0,0.0,0.0,0,0,0,0,0,0,0,0,False,False,True,0,,No transaction,0 features,0 failed,2024-01
U00097,25-34,Tier 3,Mid,Referral,Android,2024-02-17,2024-02-18 17:21:00,2024-02-21 21:00:00,6.0,5.0,1.0,36768000.0,6128000.0,1,1,1,0,0,1,4,1,True,True,False,1,3.0,Within 7 days,2+ features,1-2 failed,2024-02
U00098,25-34,Tier 1,Mid,Paid Ads,Android,2024-02-15,,,0.0,0.0,0.0,0.0,0.0,0,0,0,0,0,0,0,0,False,False,True,0,,No transaction,0 features,0 failed,2024-02
U00099,18-24,Tier 1,Low,Paid Ads,iOS,2024-01-27,2024-01-28 10:05:00,2024-01-31 12:00:00,12.0,12.0,0.0,13665000.0,1138750.0,0,1,0,1,0,1,3,0,True,False,True,1,3.0,Within 7 days,2+ features,0 failed,2024-01
U00100,18-24,Tier 1,Low,Organic,Android,2024-03-26,2024-03-27 09:26:00,2024-03-31 11:00:00,5.0,5.0,0.0,7967000.0,1593400.0,0,1,0,1,0,0,2,0,True,True,False,1,4.0,Within 7 days,2+ features,0 failed,2024-03
U00101,18-24,Tier 1,High,Paid Ads,iOS,2024-02-04,,,0.0,0.0,0.0,0.0,0.0,0,0,0,0,0,0,0,0,False,False,True,0,,No transaction,0 features,0 failed,2024-02
U00102,25-34,Tier 2,Mid,Organic,Android,2024-03-30,,,0.0,0.0,0.0,0.0,0.0,0,0,0,0,0,0,0,0,False,False,True,0,,No transaction,0 features,0 failed,2024-03
U00103,25-34,Tier 2,High,Organic,Android,2024-03-28,2024-03-30 02:08:00,2024-04-08 00:00:00,1.0,1.0,0.0,5440000.0,5440000.0,0,0,0,0,1,0,1,1,False,False,True,1,8.0,After 7 days,1 feature,0 failed,2024-03
U00104,25-34,Tier 1,Mid,Paid Ads,Android,2024-03-23,,,0.0,0.0,0.0,0.0,0.0,0,0,0,0,0,0,0,0,False,False,True,0,,No transaction,0 features,0 failed,2024-03
U00105,45-54,Tier 1,Mid,Partnership,Android,2024-01-10,,,0.0,0.0,0.0,0.0,0.0,0,0,0,0,0,0,0,0,False,False,True,0,,No transaction,0 features,0 failed,2024-01
U00106,18-24,Tier 1,Low,Partnership,Android,2024-03-18,,,0.0,0.0,0.0,0.0,0.0,0,0,0,0,0,0,0,0,False,False,True,0,,No transaction,0 features,0 failed,2024-03
U00107,25-34,Tier 1,Low,Organic,iOS,2024-03-22,,,0.0,0.0,0.0,0.0,0.0,0,0,0,0,0,0,0,0,False,False,True,0,,No transaction,0 features,0 failed,2024-03
U00108,35-44,Tier 1,Mid,Referral,iOS,2024-01-22,2024-01-23 09:21:00,2024-01-31 05:00:00,8.0,8.0,0.0,43755000.0,5469375.0,0,0,0,1,0,1,2,0,True,True,False,1,7.0,Within 7 days,2+ features,0 failed,2024-01
U00109,18-24,Tier 2,Mid,Paid Ads,Android,2024-03-09,,,0.0,0.0,0.0,0.0,0.0,0,0,0,0,0,0,0,0,False,False,True,0,,No transaction,0 features,0 failed,2024-03
U00110,18-24,Tier 3,Low,Organic,Android,2024-04-03,,,0.0,0.0,0.0,0.0,0.0,0,0,0,0,0,0,0,0,False,False,True,0,,No transaction,0 features,0 failed,2024-04
U00111,18-24,Tier 3,Low,Partnership,iOS,2024-02-01,2024-02-02 01:21:00,2024-02-11 11:00:00,11.0,10.0,1.0,10225000.0,929545.4545454546,1,0,0,1,0,1,3,1,False,False,True,1,9.0,After 7 days,2+ features,1-2 failed,2024-02
U00112,18-24,Tier 3,Low,Paid Ads,iOS,2024-01-21,,,0.0,0.0,0.0,0.0,0.0,0,0,0,0,0,0,0,0,False,False,True,0,,No transaction,0 features,0 failed,2024-01
U00113,45-54,Tier 2,Mid,Branch,Android,2024-02-29,,,0.0,0.0,0.0,0.0,0.0,0,0,0,0,0,0,0,0,False,False,True,0,,No transaction,0 features,0 failed,2024-02
U00114,35-44,Tier 2,Mid,Organic,iOS,2024-02-18,,,0.0,0.0,0.0,0.0,0.0,0,0,0,0,0,0,0,0,False,False,True,0,,No transaction,0 features,0 failed,2024-02
U00115,25-34,Tier 1,Low,Organic,Android,2024-02-04,,,0.0,0.0,0.0,0.0,0.0,0,0,0,0,0,0,0,0,False,False,True,0,,No transaction,0 features,0 failed,2024-02
U00116,45-54,Tier 2,Low,Partnership,Android,2024-03-22,2024-03-23 00:23:00,2024-03-29 03:00:00,6.0,6.0,0.0,5715000.0,952500.0,1,0,1,1,0,1,4,1,True,True,False,1,6.0,Within 7 days,2+ features,0 failed,2024-03
U00117,35-44,Tier 2,Low,Paid Ads,Android,2024-03-29,,,0.0,0.0,0.0,0.0,0.0,0,0,0,0,0,0,0,0,False,False,True,0,,No transaction,0 features,0 failed,2024-03
U00118,18-24,Tier 2,Mid,Partnership,Android,2024-03-12,,,0.0,0.0,0.0,0.0,0.0,0,0,0,0,0,0,0,0,False,False,True,0,,No transaction,0 features,0 failed,2024-03
U00119,45-54,Tier 2,Low,Organic,Android,2024-01-29,,,0.0,0.0,0.0,0.0,0.0,0,0,0,0,0,0,0,0,False,False,True,0,,No transaction,0 features,0 failed,2024-01
U00120,25-34,Tier 1,Mid,Paid Ads,Android,2024-03-28,,,0.0,0.0,0.0,0.0,0.0,0,0,0,0,0,0,0,0,False,False,True,0,,No transaction,0 features,0 failed,2024-03
U00121,35-44,Tier 1,Low,Paid Ads,iOS,2024-02-11,,,0.0,0.0,0.0,0.0,0.0,0,0,0,0,0,0,0,0,False,False,True,0,,No transaction,0 features,0 failed,2024-02
U00122,45-54,Tier 3,Low,Organic,iOS,2024-04-17,2024-04-18 04:20:00,2024-04-29 19:00:00,11.0,11.0,0.0,11592000.0,1053818.1818181819,1,1,0,1,1,1,5,1,True,True,False,1,11.0,After 7 days,2+ features,0 failed,2024-04
U00123,25-34,Tier 1,High,Paid Ads,iOS,2024-04-08,2024-04-09 04:16:00,2024-04-18 03:00:00,9.0,9.0,0.0,216450000.0,24050000.0,0,1,1,0,0,0,2,0,False,False,True,1,8.0,After 7 days,2+ features,0 failed,2024-04
U00124,18-24,Tier 2,Mid,Paid Ads,Android,2024-04-09,2024-04-10 11:18:00,2024-04-15 17:00:00,7.0,6.0,1.0,31651000.0,4521571.428571428,1,0,1,0,0,0,2,1,False,False,True,1,5.0,Within 7 days,2+ features,1-2 failed,2024-04
U00125,18-24,Tier 3,Low,Organic,Android,2024-01-08,,,0.0,0.0,0.0,0.0,0.0,0,0,0,0,0,0,0,0,False,False,True,0,,No transaction,0 features,0 failed,2024-01
U00126,25-34,Tier 2,High,Referral,Android,2024-01-30,2024-01-31 03:21:00,,0.0,0.0,0.0,0.0,0.0,0,0,0,0,0,0,0,0,True,False,True,1,,No transaction,0 features,0 failed,2024-01
U00127,35-44,Tier 2,Mid,Paid Ads,iOS,2024-04-15,2024-04-16 11:24:00,,0.0,0.0,0.0,0.0,0.0,0,0,0,0,0,0,0,0,False,False,True,1,,No transaction,0 features,0 failed,2024-04
U00128,45-54,Tier 1,High,Paid Ads,Android,2024-01-05,,,0.0,0.0,0.0,0.0,0.0,0,0,0,0,0,0,0,0,False,False,True,0,,No transaction,0 features,0 failed,2024-01
U00129,18-24,Tier 1,Mid,Partnership,Android,2024-04-13,,,0.0,0.0,0.0,0.0,0.0,0,0,0,0,0,0,0,0,False,False,True,0,,No transaction,0 features,0 failed,2024-04
U00130,25-34,Tier 3,Mid,Referral,Android,2024-02-10,,,0.0,0.0,0.0,0.0,0.0,0,0,0,0,0,0,0,0,False,False,True,0,,No transaction,0 features,0 failed,2024-02
U00131,25-34,Tier 2,High,Referral,Android,2024-02-21,2024-02-22 21:08:00,2024-02-25 18:00:00,4.0,4.0,0.0,159557000.0,39889250.0,0,0,0,0,1,0,1,1,True,False,True,1,2.0,Within 7 days,1 feature,0 failed,2024-02
U00132,18-24,Tier 2,Low,Branch,Android,2024-02-04,,,0.0,0.0,0.0,0.0,0.0,0,0,0,0,0,0,0,0,False,False,True,0,,No transaction,0 features,0 failed,2024-02
U00133,18-24,Tier 1,Mid,Branch,iOS,2024-01-09,2024-01-10 09:27:00,2024-02-22 14:00:00,3.0,3.0,0.0,17738000.0,5912666.666666667,0,0,0,0,0,0,0,0,True,True,False,1,43.0,After 7 days,0 features,0 failed,2024-01
U00134,25-34,Tier 1,Mid,Organic,Android,2024-01-28,,,0.0,0.0,0.0,0.0,0.0,0,0,0,0,0,0,0,0,False,False,True,0,,No transaction,0 features,0 failed,2024-01
U00135,45-54,Tier 3,Low,Partnership,Android,2024-04-26,2024-04-27 14:04:00,2024-05-02 05:00:00,12.0,11.0,1.0,8562000.0,713500.0,1,0,0,1,0,0,2,1,False,False,True,1,4.0,Within 7 days,2+ features,1-2 failed,2024-04
U00136,25-34,Tier 1,Low,Organic,Android,2024-03-13,,,0.0,0.0,0.0,0.0,0.0,0,0,0,0,0,0,0,0,False,False,True,0,,No transaction,0 features,0 failed,2024-03
U00137,25-34,Tier 2,Low,Organic,Android,2024-04-22,,,0.0,0.0,0.0,0.0,0.0,0,0,0,0,0,0,0,0,False,False,True,0,,No transaction,0 features,0 failed,2024-04
U00138,35-44,Tier 1,Mid,Referral,Android,2024-04-01,2024-04-02 11:10:00,2024-05-07 09:00:00,1.0,1.0,0.0,202000.0,202000.0,0,0,0,1,0,0,1,0,False,False,True,1,34.0,After 7 days,1 feature,0 failed,2024-04
U00139,25-34,Tier 2,Mid,Referral,iOS,2024-02-10,2024-02-11 05:26:00,2024-02-12 08:00:00,11.0,10.0,1.0,59230000.0,5384545.454545454,0,1,0,0,1,1,3,1,False,False,True,1,1.0,Within 7 days,2+ features,1-2 failed,2024-02
U00140,55+,Tier 3,Mid,Partnership,Android,2024-01-28,2024-01-29 06:08:00,2024-02-08 02:00:00,11.0,11.0,0.0,40453000.0,3677545.4545454546,1,1,0,0,0,0,2,1,True,False,True,1,9.0,After 7 days,2+ features,0 failed,2024-01
U00141,55+,Tier 2,Low,Paid Ads,iOS,2024-03-24,,,0.0,0.0,0.0,0.0,0.0,0,0,0,0,0,0,0,0,False,False,True,0,,No transaction,0 features,0 failed,2024-03
U00142,18-24,Tier 1,Mid,Branch,Android,2024-03-04,2024-03-05 00:17:00,2024-04-14 20:00:00,1.0,1.0,0.0,5294000.0,5294000.0,0,0,1,1,0,0,2,0,True,True,False,1,40.0,After 7 days,2+ features,0 failed,2024-03
U00143,25-34,Tier 2,High,Paid Ads,Android,2024-02-20,,,0.0,0.0,0.0,0.0,0.0,0,0,0,0,0,0,0,0,False,False,True,0,,No transaction,0 features,0 failed,2024-02
U00144,25-34,Tier 2,Mid,Referral,iOS,2024-04-23,2024-04-24 18:02:00,2024-04-30 07:00:00,11.0,9.0,2.0,56405000.0,5127727.2727272725,0,0,0,0,1,1,2,1,True,True,False,1,5.0,Within 7 days,2+ features,1-2 failed,2024-04
U00145,18-24,Tier 1,Mid,Paid Ads,Android,2024-03-23,,,0.0,0.0,0.0,0.0,0.0,0,0,0,0,0,0,0,0,False,False,True,0,,No transaction,0 features,0 failed,2024-03
U00146,18-24,Tier 3,Mid,Branch,Android,2024-02-28,2024-02-29 05:24:00,2024-03-26 04:00:00,3.0,3.0,0.0,22977000.0,7659000.0,1,0,0,0,0,0,1,1,False,False,True,1,25.0,After 7 days,1 feature,0 failed,2024-02
U00147,25-34,Tier 2,Mid,Paid Ads,iOS,2024-01-19,,,0.0,0.0,0.0,0.0,0.0,0,0,0,0,0,0,0,0,False,False,True,0,,No transaction,0 features,0 failed,2024-01
U00148,25-34,Tier 3,Mid,Partnership,Android,2024-02-03,2024-02-04 22:20:00,2024-02-06 19:00:00,15.0,15.0,0.0,75744000.0,5049600.0,1,1,1,1,1,0,5,1,True,True,False,1,1.0,Within 7 days,2+ features,0 failed,2024-02
U00149,18-24,Tier 2,High,Branch,Android,2024-01-18,,,0.0,0.0,0.0,0.0,0.0,0,0,0,0,0,0,0,0,False,False,True,0,,No transaction,0 features,0 failed,2024-01
U00150,18-24,Tier 1,Mid,Organic,iOS,2024-02-01,,,0.0,0.0,0.0,0.0,0.0,0,0,0,0,0,0,0,0,False,False,True,0,,No transaction,0 features,0 failed,2024-02
U00151,45-54,Tier 1,High,Paid Ads,Android,2024-04-05,2024-04-06 10:13:00,,0.0,0.0,0.0,0.0,0.0,0,0,0,0,0,0,0,0,False,False,True,1,,No transaction,0 features,0 failed,2024-04
U00152,18-24,Tier 1,Low,Partnership,Android,2024-03-12,2024-03-13 05:19:00,2024-03-15 08:00:00,10.0,10.0,0.0,12898000.0,1289800.0,1,0,1,1,0,1,4,1,True,True,False,1,2.0,Within 7 days,2+ features,0 failed,2024-03
U00153,18-24,Tier 3,Low,Branch,Android,2024-03-09,,,0.0,0.0,0.0,0.0,0.0,0,0,0,0,0,0,0,0,False,False,True,0,,No transaction,0 features,0 failed,2024-03
U00154,25-34,Tier 2,Low,Organic,Android,2024-02-03,,,0.0,0.0,0.0,0.0,0.0,0,0,0,0,0,0,0,0,False,False,True,0,,No transaction,0 features,0 failed,2024-02
U00155,55+,Tier 2,Mid,Paid Ads,Android,2024-04-05,,,0.0,0.0,0.0,0.0,0.0,0,0,0,0,0,0,0,0,False,False,True,0,,No transaction,0 features,0 failed,2024-04
U00156,18-24,Tier 1,Mid,Paid Ads,Android,2024-03-15,2024-03-16 10:20:00,,0.0,0.0,0.0,0.0,0.0,0,0,0,0,0,1,1,0,False,False,True,1,,No transaction,1 feature,0 failed,2024-03
U00157,35-44,Tier 1,Low,Organic,Android,2024-02-24,,,0.0,0.0,0.0,0.0,0.0,0,0,0,0,0,0,0,0,False,False,True,0,,No transaction,0 features,0 failed,2024-02
U00158,35-44,Tier 2,Low,Paid Ads,Android,2024-04-24,2024-04-25 10:16:00,2024-05-02 06:00:00,3.0,3.0,0.0,3821000.0,1273666.6666666667,1,0,0,1,0,0,2,1,True,True,False,1,6.0,Within 7 days,2+ features,0 failed,2024-04
U00159,18-24,Tier 2,High,Referral,Android,2024-03-15,2024-03-16 15:26:00,2024-04-08 15:00:00,4.0,4.0,0.0,147418000.0,36854500.0,0,1,0,0,0,0,1,0,True,True,False,1,22.0,After 7 days,1 feature,0 failed,2024-03
U00160,35-44,Tier 1,High,Referral,Android,2024-02-21,,,0.0,0.0,0.0,0.0,0.0,0,0,0,0,0,0,0,0,False,False,True,0,,No transaction,0 features,0 failed,2024-02
U00161,25-34,Tier 2,Mid,Referral,Android,2024-02-16,,,0.0,0.0,0.0,0.0,0.0,0,0,0,0,0,0,0,0,False,False,True,0,,No transaction,0 features,0 failed,2024-02
U00162,25-34,Tier 1,Mid,Paid Ads,iOS,2024-01-29,,,0.0,0.0,0.0,0.0,0.0,0,0,0,0,0,0,0,0,False,False,True,0,,No transaction,0 features,0 failed,2024-01
U00163,25-34,Tier 1,Mid,Referral,Android,2024-01-18,2024-01-19 16:21:00,2024-01-29 08:00:00,3.0,2.0,1.0,9922000.0,3307333.3333333335,0,0,0,0,0,0,0,0,True,True,False,1,9.0,After 7 days,0 features,1-2 failed,2024-01
U00164,25-34,Tier 2,Mid,Paid Ads,iOS,2024-03-06,,,0.0,0.0,0.0,0.0,0.0,0,0,0,0,0,0,0,0,False,False,True,0,,No transaction,0 features,0 failed,2024-03
U00165,18-24,Tier 1,High,Referral,Android,2024-03-04,2024-03-05 12:10:00,2024-03-28 04:00:00,2.0,2.0,0.0,13089000.0,6544500.0,1,0,0,0,1,0,2,1,True,True,False,1,22.0,After 7 days,2+ features,0 failed,2024-03
U00166,35-44,Tier 3,Low,Organic,Android,2024-01-12,2024-01-13 01:18:00,2024-01-26 17:00:00,6.0,6.0,0.0,6194000.0,1032333.3333333334,0,0,1,1,0,1,3,0,False,False,True,1,13.0,After 7 days,2+ features,0 failed,2024-01
U00167,25-34,Tier 1,Mid,Organic,Android,2024-04-06,,,0.0,0.0,0.0,0.0,0.0,0,0,0,0,0,0,0,0,False,False,True,0,,No transaction,0 features,0 failed,2024-04
U00168,18-24,Tier 1,Mid,Organic,iOS,2024-01-07,2024-01-08 09:25:00,2024-01-20 23:00:00,3.0,2.0,1.0,16260000.0,5420000.0,0,0,0,1,0,0,1,0,False,False,True,1,12.0,After 7 days,1 feature,1-2 failed,2024-01
U00169,18-24,Tier 1,Mid,Paid Ads,Android,2024-04-20,,,0.0,0.0,0.0,0.0,0.0,0,0,0,0,0,0,0,0,False,False,True,0,,No transaction,0 features,0 failed,2024-04
U00170,25-34,Tier 2,Mid,Partnership,iOS,2024-01-15,,,0.0,0.0,0.0,0.0,0.0,0,0,0,0,0,0,0,0,False,False,True,0,,No transaction,0 features,0 failed,2024-01
U00171,35-44,Tier 1,Mid,Organic,iOS,2024-01-20,,,0.0,0.0,0.0,0.0,0.0,0,0,0,0,0,0,0,0,False,False,True,0,,No transaction,0 features,0 failed,2024-01
U00172,18-24,Tier 2,Low,Organic,Android,2024-03-21,2024-03-22 03:17:00,2024-04-17 21:00:00,2.0,1.0,1.0,1193000.0,596500.0,0,0,0,1,0,1,2,0,True,True,False,1,26.0,After 7 days,2+ features,1-2 failed,2024-03
U00173,25-34,Tier 1,Mid,Paid Ads,Android,2024-01-21,,,0.0,0.0,0.0,0.0,0.0,0,0,0,0,0,0,0,0,False,False,True,0,,No transaction,0 features,0 failed,2024-01
U00174,18-24,Tier 1,Low,Referral,Android,2024-04-11,,,0.0,0.0,0.0,0.0,0.0,0,0,0,0,0,0,0,0,False,False,True,0,,No transaction,0 features,0 failed,2024-04
U00175,25-34,Tier 1,Low,Branch,Android,2024-03-28,2024-03-29 17:26:00,2024-04-21 00:00:00,3.0,3.0,0.0,3120000.0,1040000.0,0,1,0,0,0,0,1,0,False,False,True,1,22.0,After 7 days,1 feature,0 failed,2024-03
U00176,18-24,Tier 3,Low,Paid Ads,Android,2024-02-24,,,0.0,0.0,0.0,0.0,0.0,0,0,0,0,0,0,0,0,False,False,True,0,,No transaction,0 features,0 failed,2024-02
U00177,35-44,Tier 3,Mid,Referral,iOS,2024-03-17,,,0.0,0.0,0.0,0.0,0.0,0,0,0,0,0,0,0,0,False,False,True,0,,No transaction,0 features,0 failed,2024-03
U00178,25-34,Tier 1,Mid,Referral,Android,2024-01-09,2024-01-10 22:20:00,2024-01-20 15:00:00,5.0,5.0,0.0,11746000.0,2349200.0,0,1,0,1,0,0,2,0,False,False,True,1,9.0,After 7 days,2+ features,0 failed,2024-01
U00179,45-54,Tier 2,Mid,Paid Ads,Android,2024-02-19,,,0.0,0.0,0.0,0.0,0.0,0,0,0,0,0,0,0,0,False,False,True,0,,No transaction,0 features,0 failed,2024-02
U00180,18-24,Tier 3,Mid,Organic,Android,2024-02-18,,,0.0,0.0,0.0,0.0,0.0,0,0,0,0,0,0,0,0,False,False,True,0,,No transaction,0 features,0 failed,2024-02
U00181,25-34,Tier 1,Mid,Organic,iOS,2024-03-17,,,0.0,0.0,0.0,0.0,0.0,0,0,0,0,0,0,0,0,False,False,True,0,,No transaction,0 features,0 failed,2024-03
U00182,18-24,Tier 3,Mid,Organic,Android,2024-02-29,2024-03-01 01:14:00,2024-03-02 07:00:00,7.0,6.0,1.0,45915000.0,6559285.714285715,0,0,1,1,1,1,4,1,True,True,False,1,1.0,Within 7 days,2+ features,1-2 failed,2024-02
U00183,45-54,Tier 1,Mid,Partnership,iOS,2024-03-08,,,0.0,0.0,0.0,0.0,0.0,0,0,0,0,0,0,0,0,False,False,True,0,,No transaction,0 features,0 failed,2024-03
U00184,45-54,Tier 3,Mid,Paid Ads,iOS,2024-02-02,,,0.0,0.0,0.0,0.0,0.0,0,0,0,0,0,0,0,0,False,False,True,0,,No transaction,0 features,0 failed,2024-02
U00185,18-24,Tier 2,Mid,Organic,Android,2024-03-11,2024-03-12 15:01:00,2024-03-13 07:00:00,13.0,10.0,3.0,54640000.0,4203076.923076923,1,1,0,1,1,0,4,1,True,True,False,1,0.0,Within 7 days,2+ features,3+ failed,2024-03
U00186,35-44,Tier 3,Mid,Paid Ads,Android,2024-04-20,,,0.0,0.0,0.0,0.0,0.0,0,0,0,0,0,0,0,0,False,False,True,0,,No transaction,0 features,0 failed,2024-04
U00187,35-44,Tier 2,High,Referral,Android,2024-01-02,2024-01-03 07:11:00,2024-01-18 01:00:00,4.0,3.0,1.0,83399000.0,20849750.0,0,1,1,0,0,0,2,0,True,True,False,1,14.0,After 7 days,2+ features,1-2 failed,2024-01
U00188,25-34,Tier 1,High,Paid Ads,Android,2024-03-28,2024-03-29 05:06:00,2024-04-17 18:00:00,6.0,4.0,2.0,143429000.0,23904833.333333332,1,0,0,0,0,0,1,1,True,False,True,1,19.0,After 7 days,1 feature,1-2 failed,2024-03
U00189,25-34,Tier 3,Low,Organic,iOS,2024-04-02,,,0.0,0.0,0.0,0.0,0.0,0,0,0,0,0,0,0,0,False,False,True,0,,No transaction,0 features,0 failed,2024-04
U00190,18-24,Tier 1,Low,Paid Ads,Android,2024-01-15,,,0.0,0.0,0.0,0.0,0.0,0,0,0,0,0,0,0,0,False,False,True,0,,No transaction,0 features,0 failed,2024-01
U00191,18-24,Tier 1,Mid,Branch,Android,2024-03-28,,,0.0,0.0,0.0,0.0,0.0,0,0,0,0,0,0,0,0,False,False,True,0,,No transaction,0 features,0 failed,2024-03
U00192,45-54,Tier 2,Mid,Organic,Android,2024-04-23,,,0.0,0.0,0.0,0.0,0.0,0,0,0,0,0,0,0,0,False,False,True,0,,No transaction,0 features,0 failed,2024-04
U00193,45-54,Tier 2,Low,Referral,Android,2024-03-09,,,0.0,0.0,0.0,0.0,0.0,0,0,0,0,0,0,0,0,False,False,True,0,,No transaction,0 features,0 failed,2024-03
U00194,25-34,Tier 3,High,Organic,Android,2024-04-06,2024-04-07 00:13:00,2024-04-16 10:00:00,2.0,1.0,1.0,73034000.0,36517000.0,0,0,1,0,0,0,1,0,False,False,True,1,9.0,After 7 days,1 feature,1-2 failed,2024-04
U00195,25-34,Tier 1,Low,Organic,Android,2024-02-04,2024-02-05 23:15:00,2024-02-16 17:00:00,12.0,12.0,0.0,13617000.0,1134750.0,1,1,1,0,1,1,5,1,True,False,True,1,10.0,After 7 days,2+ features,0 failed,2024-02
U00196,25-34,Tier 2,High,Referral,iOS,2024-04-08,2024-04-09 20:11:00,2024-04-11 03:00:00,2.0,2.0,0.0,31474000.0,15737000.0,0,0,1,0,0,0,1,0,True,True,False,1,1.0,Within 7 days,1 feature,0 failed,2024-04
U00197,35-44,Tier 2,Mid,Partnership,Android,2024-03-23,2024-03-24 20:11:00,2024-04-03 19:00:00,12.0,11.0,1.0,70080000.0,5840000.0,0,1,1,1,0,0,3,0,False,False,True,1,9.0,After 7 days,2+ features,1-2 failed,2024-03
U00198,45-54,Tier 1,Mid,Branch,Android,2024-02-13,,,0.0,0.0,0.0,0.0,0.0,0,0,0,0,0,0,0,0,False,False,True,0,,No transaction,0 features,0 failed,2024-02
U00199,45-54,Tier 1,Low,Organic,iOS,2024-01-15,,,0.0,0.0,0.0,0.0,0.0,0,0,0,0,0,0,0,0,False,False,True,0,,No transaction,0 features,0 failed,2024-01
U00200,35-44,Tier 1,Low,Paid Ads,iOS,2024-02-07,,,0.0,0.0,0.0,0.0,0.0,0,0,0,0,0,0,0,0,False,False,True,0,,No transaction,0 features,0 failed,2024-02
U00201,25-34,Tier 1,Mid,Paid Ads,Android,2024-02-25,,,0.0,0.0,0.0,0.0,0.0,0,0,0,0,0,0,0,0,False,False,True,0,,No transaction,0 features,0 failed,2024-02
U00202,18-24,Tier 3,Low,Paid Ads,Android,2024-01-21,,,0.0,0.0,0.0,0.0,0.0,0,0,0,0,0,0,0,0,False,False,True,0,,No transaction,0 features,0 failed,2024-01
U00203,18-24,Tier 2,Mid,Referral,Android,2024-02-28,2024-02-29 10:22:00,2024-03-09 02:00:00,11.0,10.0,1.0,64668000.0,5878909.090909091,0,0,0,1,1,0,2,1,True,True,False,1,8.0,After 7 days,2+ features,1-2 failed,2024-02
U00204,45-54,Tier 2,Mid,Organic,Android,2024-01-01,,,0.0,0.0,0.0,0.0,0.0,0,0,0,0,0,0,0,0,False,False,True,0,,No transaction,0 features,0 failed,2024-01
U00205,25-34,Tier 3,Low,Paid Ads,iOS,2024-04-02,,,0.0,0.0,0.0,0.0,0.0,0,0,0,0,0,0,0,0,False,False,True,0,,No transaction,0 features,0 failed,2024-04
U00206,18-24,Tier 1,Low,Referral,Android,2024-04-22,2024-04-23 14:23:00,2024-04-28 07:00:00,16.0,15.0,1.0,16642000.0,1040125.0,1,1,1,0,1,1,5,1,True,False,True,1,4.0,Within 7 days,2+ features,1-2 failed,2024-04
U00207,18-24,Tier 3,Mid,Partnership,iOS,2024-04-02,,,0.0,0.0,0.0,0.0,0.0,0,0,0,0,0,0,0,0,False,False,True,0,,No transaction,0 features,0 failed,2024-04
U00208,35-44,Tier 1,Low,Partnership,Android,2024-02-03,2024-02-04 17:26:00,2024-02-13 05:00:00,4.0,4.0,0.0,3233000.0,808250.0,1,0,0,1,0,0,2,1,True,False,True,1,8.0,After 7 days,2+ features,0 failed,2024-02
U00209,18-24,Tier 3,Low,Organic,Android,2024-03-05,,,0.0,0.0,0.0,0.0,0.0,0,0,0,0,0,0,0,0,False,False,True,0,,No transaction,0 features,0 failed,2024-03
U00210,18-24,Tier 1,Mid,Organic,Android,2024-04-07,,,0.0,0.0,0.0,0.0,0.0,0,0,0,0,0,0,0,0,False,False,True,0,,No transaction,0 features,0 failed,2024-04
U00211,25-34,Tier 3,High,Branch,Android,2024-01-23,,,0.0,0.0,0.0,0.0,0.0,0,0,0,0,0,0,0,0,False,False,True,0,,No transaction,0 features,0 failed,2024-01
U00212,35-44,Tier 1,Mid,Paid Ads,Android,2024-03-05,,,0.0,0.0,0.0,0.0,0.0,0,0,0,0,0,0,0,0,False,False,True,0,,No transaction,0 features,0 failed,2024-03
U00213,35-44,Tier 1,Low,Partnership,Android,2024-04-26,,,0.0,0.0,0.0,0.0,0.0,0,0,0,0,0,0,0,0,False,False,True,0,,No transaction,0 features,0 failed,2024-04
U00214,18-24,Tier 2,Mid,Organic,Android,2024-01-14,2024-01-15 11:02:00,2024-01-30 04:00:00,6.0,6.0,0.0,24728000.0,4121333.3333333335,1,1,0,0,0,0,2,1,True,True,False,1,14.0,After 7 days,2+ features,0 failed,2024-01
U00215,35-44,Tier 1,High,Paid Ads,iOS,2024-04-21,,,0.0,0.0,0.0,0.0,0.0,0,0,0,0,0,0,0,0,False,False,True,0,,No transaction,0 features,0 failed,2024-04
U00216,18-24,Tier 2,Mid,Paid Ads,Android,2024-03-21,2024-03-22 14:07:00,2024-03-30 22:00:00,8.0,7.0,1.0,22946000.0,2868250.0,0,1,1,0,0,1,3,0,True,True,False,1,8.0,After 7 days,2+ features,1-2 failed,2024-03
U00217,25-34,Tier 1,Mid,Partnership,iOS,2024-02-08,,,0.0,0.0,0.0,0.0,0.0,0,0,0,0,0,0,0,0,False,False,True,0,,No transaction,0 features,0 failed,2024-02
U00218,35-44,Tier 2,Mid,Organic,Android,2024-04-17,2024-04-18 05:13:00,2024-04-19 07:00:00,14.0,14.0,0.0,42383000.0,3027357.1428571427,1,1,1,1,0,1,5,1,True,False,True,1,1.0,Within 7 days,2+ features,0 failed,2024-04
U00219,25-34,Tier 1,Mid,Organic,iOS,2024-03-22,,,0.0,0.0,0.0,0.0,0.0,0,0,0,0,0,0,0,0,False,False,True,0,,No transaction,0 features,0 failed,2024-03
U00220,35-44,Tier 1,Low,Referral,iOS,2024-03-05,,,0.0,0.0,0.0,0.0,0.0,0,0,0,0,0,0,0,0,False,False,True,0,,No transaction,0 features,0 failed,2024-03
U00221,35-44,Tier 1,Mid,Partnership,Android,2024-03-18,,,0.0,0.0,0.0,0.0,0.0,0,0,0,0,0,0,0,0,False,False,True,0,,No transaction,0 features,0 failed,2024-03
U00222,25-34,Tier 2,Mid,Branch,iOS,2024-01-26,2024-01-27 03:06:00,2024-01-29 01:00:00,14.0,14.0,0.0,59434000.0,4245285.714285715,1,1,0,1,1,1,5,1,True,True,False,1,1.0,Within 7 days,2+ features,0 failed,2024-01
U00223,18-24,Tier 1,High,Branch,Android,2024-01-20,,,0.0,0.0,0.0,0.0,0.0,0,0,0,0,0,0,0,0,False,False,True,0,,No transaction,0 features,0 failed,2024-01
U00224,25-34,Tier 1,Low,Branch,iOS,2024-02-17,,,0.0,0.0,0.0,0.0,0.0,0,0,0,0,0,0,0,0,False,False,True,0,,No transaction,0 features,0 failed,2024-02
U00225,18-24,Tier 1,Low,Organic,Android,2024-04-07,2024-04-08 13:06:00,2024-05-11 06:00:00,6.0,6.0,0.0,4619000.0,769833.3333333334,0,1,1,0,0,1,3,0,True,True,False,1,32.0,After 7 days,2+ features,0 failed,2024-04
U00226,18-24,Tier 1,Mid,Organic,Android,2024-01-21,,,0.0,0.0,0.0,0.0,0.0,0,0,0,0,0,0,0,0,False,False,True,0,,No transaction,0 features,0 failed,2024-01
U00227,55+,Tier 2,Mid,Organic,Android,2024-03-10,2024-03-10 20:30:00,2024-03-12 01:00:00,11.0,10.0,1.0,48150000.0,4377272.7272727275,0,0,1,1,0,1,3,0,True,True,False,1,1.0,Within 7 days,2+ features,1-2 failed,2024-03
U00228,25-34,Tier 3,Mid,Referral,Android,2024-04-09,2024-04-10 02:06:00,2024-04-19 19:00:00,8.0,7.0,1.0,49594000.0,6199250.0,0,0,1,0,0,1,2,0,True,True,False,1,9.0,After 7 days,2+ features,1-2 failed,2024-04
U00229,45-54,Tier 1,Low,Partnership,Android,2024-03-08,,,0.0,0.0,0.0,0.0,0.0,0,0,0,0,0,0,0,0,False,False,True,0,,No transaction,0 features,0 failed,2024-03
U00230,25-34,Tier 2,Low,Partnership,iOS,2024-01-01,,,0.0,0.0,0.0,0.0,0.0,0,0,0,0,0,0,0,0,False,False,True,0,,No transaction,0 features,0 failed,2024-01
U00231,35-44,Tier 2,Mid,Organic,iOS,2024-03-17,,,0.0,0.0,0.0,0.0,0.0,0,0,0,0,0,0,0,0,False,False,True,0,,No transaction,0 features,0 failed,2024-03
U00232,25-34,Tier 1,Mid,Paid Ads,Android,2024-02-11,,,0.0,0.0,0.0,0.0,0.0,0,0,0,0,0,0,0,0,False,False,True,0,,No transaction,0 features,0 failed,2024-02
U00233,25-34,Tier 2,High,Branch,iOS,2024-03-03,2024-03-04 15:11:00,2024-03-05 12:00:00,9.0,8.0,1.0,135597000.0,15066333.333333334,0,0,0,1,1,1,3,1,True,True,False,1,0.0,Within 7 days,2+ features,1-2 failed,2024-03
U00234,25-34,Tier 1,Mid,Paid Ads,iOS,2024-01-03,2024-01-04 06:02:00,2024-01-06 08:00:00,15.0,14.0,1.0,94351000.0,6290066.666666667,1,1,1,0,0,1,4,1,False,False,True,1,2.0,Within 7 days,2+ features,1-2 failed,2024-01
U00235,18-24,Tier 2,Mid,Organic,Android,2024-01-15,,,0.0,0.0,0.0,0.0,0.0,0,0,0,0,0,0,0,0,False,False,True,0,,No transaction,0 features,0 failed,2024-01
U00236,35-44,Tier 1,Mid,Paid Ads,Android,2024-02-16,,,0.0,0.0,0.0,0.0,0.0,0,0,0,0,0,0,0,0,False,False,True,0,,No transaction,0 features,0 failed,2024-02
U00237,18-24,Tier 2,Mid,Referral,Android,2024-04-22,,,0.0,0.0,0.0,0.0,0.0,0,0,0,0,0,0,0,0,False,False,True,0,,No transaction,0 features,0 failed,2024-04
U00238,18-24,Tier 2,Mid,Paid Ads,iOS,2024-04-16,,,0.0,0.0,0.0,0.0,0.0,0,0,0,0,0,0,0,0,False,False,True,0,,No transaction,0 features,0 failed,2024-04
U00239,25-34,Tier 1,High,Referral,iOS,2024-04-13,2024-04-13 14:28:00,2024-04-14 17:00:00,7.0,6.0,1.0,160477000.0,22925285.714285713,0,1,1,0,0,0,2,0,False,False,True,1,1.0,Within 7 days,2+ features,1-2 failed,2024-04
U00240,18-24,Tier 1,Low,Organic,Android,2024-02-09,2024-02-10 10:23:00,2024-02-25 03:00:00,2.0,2.0,0.0,1885000.0,942500.0,0,1,1,0,0,0,2,0,False,False,True,1,14.0,After 7 days,2+ features,0 failed,2024-02
U00241,45-54,Tier 3,Mid,Branch,Android,2024-01-31,,,0.0,0.0,0.0,0.0,0.0,0,0,0,0,0,0,0,0,False,False,True,0,,No transaction,0 features,0 failed,2024-01
U00242,55+,Tier 1,Low,Paid Ads,iOS,2024-01-08,,,0.0,0.0,0.0,0.0,0.0,0,0,0,0,0,0,0,0,False,False,True,0,,No transaction,0 features,0 failed,2024-01
U00243,45-54,Tier 2,Mid,Paid Ads,iOS,2024-01-31,,,0.0,0.0,0.0,0.0,0.0,0,0,0,0,0,0,0,0,False,False,True,0,,No transaction,0 features,0 failed,2024-01
U00244,25-34,Tier 3,Mid,Branch,iOS,2024-04-22,,,0.0,0.0,0.0,0.0,0.0,0,0,0,0,0,0,0,0,False,False,True,0,,No transaction,0 features,0 failed,2024-04
U00245,18-24,Tier 2,Low,Organic,Android,2024-03-13,2024-03-14 19:13:00,2024-03-27 18:00:00,4.0,3.0,1.0,2998000.0,749500.0,1,0,0,0,0,1,2,1,True,True,False,1,12.0,After 7 days,2+ features,1-2 failed,2024-03
U00246,45-54,Tier 2,High,Organic,Android,2024-01-11,,,0.0,0.0,0.0,0.0,0.0,0,0,0,0,0,0,0,0,False,False,True,0,,No transaction,0 features,0 failed,2024-01
U00247,25-34,Tier 2,Low,Partnership,Android,2024-01-11,2024-01-12 11:26:00,2024-01-24 04:00:00,10.0,10.0,0.0,11564000.0,1156400.0,0,1,0,0,1,0,2,1,True,True,False,1,11.0,After 7 days,2+ features,0 failed,2024-01
U00248,55+,Tier 3,Mid,Referral,Android,2024-04-03,,,0.0,0.0,0.0,0.0,0.0,0,0,0,0,0,0,0,0,False,False,True,0,,No transaction,0 features,0 failed,2024-04
U00249,55+,Tier 2,High,Partnership,iOS,2024-03-03,,,0.0,0.0,0.0,0.0,0.0,0,0,0,0,0,0,0,0,False,False,True,0,,No transaction,0 features,0 failed,2024-03
U00250,45-54,Tier 2,Low,Referral,Android,2024-04-14,,,0.0,0.0,0.0,0.0,0.0,0,0,0,0,0,0,0,0,False,False,True,0,,No transaction,0 features,0 failed,2024-04
U00251,18-24,Tier 1,Mid,Organic,iOS,2024-01-09,2024-01-09 11:16:00,2024-01-12 01:00:00,10.0,9.0,1.0,48587000.0,4858700.0,1,0,0,1,1,1,4,1,True,True,False,1,2.0,Within 7 days,2+ features,1-2 failed,2024-01
U00252,25-34,Tier 3,Low,Paid Ads,Android,2024-04-07,,,0.0,0.0,0.0,0.0,0.0,0,0,0,0,0,0,0,0,False,False,True,0,,No transaction,0 features,0 failed,2024-04
U00253,45-54,Tier 2,Low,Organic,iOS,2024-03-09,2024-03-09 22:03:00,2024-04-29 20:00:00,3.0,3.0,0.0,4934000.0,1644666.6666666667,0,0,0,0,1,1,2,1,True,False,True,1,50.0,After 7 days,2+ features,0 failed,2024-03
U00254,25-34,Tier 1,Mid,Partnership,Android,2024-04-08,,,0.0,0.0,0.0,0.0,0.0,0,0,0,0,0,0,0,0,False,False,True,0,,No transaction,0 features,0 failed,2024-04
U00255,18-24,Tier 3,High,Paid Ads,Android,2024-01-17,,,0.0,0.0,0.0,0.0,0.0,0,0,0,0,0,0,0,0,False,False,True,0,,No transaction,0 features,0 failed,2024-01
U00256,25-34,Tier 2,Low,Branch,Android,2024-01-17,,,0.0,0.0,0.0,0.0,0.0,0,0,0,0,0,0,0,0,False,False,True,0,,No transaction,0 features,0 failed,2024-01
U00257,45-54,Tier 1,Mid,Partnership,Android,2024-03-25,2024-03-26 02:16:00,2024-03-26 16:00:00,5.0,5.0,0.0,23623000.0,4724600.0,1,0,0,0,0,0,1,1,False,False,True,1,0.0,Within 7 days,1 feature,0 failed,2024-03
U00258,35-44,Tier 2,Mid,Organic,iOS,2024-03-01,,,0.0,0.0,0.0,0.0,0.0,0,0,0,0,0,0,0,0,False,False,True,0,,No transaction,0 features,0 failed,2024-03
U00259,25-34,Tier 1,High,Partnership,Android,2024-03-11,2024-03-12 15:16:00,2024-04-04 17:00:00,5.0,4.0,1.0,127280000.0,25456000.0,1,0,0,0,0,1,2,1,True,False,True,1,23.0,After 7 days,2+ features,1-2 failed,2024-03
U00260,18-24,Tier 3,Low,Paid Ads,Android,2024-01-22,,,0.0,0.0,0.0,0.0,0.0,0,0,0,0,0,0,0,0,False,False,True,0,,No transaction,0 features,0 failed,2024-01
U00261,25-34,Tier 1,Mid,Paid Ads,iOS,2024-02-03,,,0.0,0.0,0.0,0.0,0.0,0,0,0,0,0,0,0,0,False,False,True,0,,No transaction,0 features,0 failed,2024-02
U00262,55+,Tier 3,Mid,Partnership,iOS,2024-03-08,,,0.0,0.0,0.0,0.0,0.0,0,0,0,0,0,0,0,0,False,False,True,0,,No transaction,0 features,0 failed,2024-03
U00263,18-24,Tier 2,Mid,Paid Ads,Android,2024-04-21,2024-04-22 03:07:00,2024-05-11 04:00:00,4.0,4.0,0.0,19498000.0,4874500.0,0,1,0,0,0,0,1,0,False,False,True,1,19.0,After 7 days,1 feature,0 failed,2024-04
U00264,25-34,Tier 1,High,Paid Ads,iOS,2024-03-18,,,0.0,0.0,0.0,0.0,0.0,0,0,0,0,0,0,0,0,False,False,True,0,,No transaction,0 features,0 failed,2024-03
U00265,45-54,Tier 3,High,Paid Ads,Android,2024-02-24,2024-02-25 12:03:00,2024-03-01 08:00:00,5.0,5.0,0.0,96195000.0,19239000.0,0,0,1,0,0,1,2,0,True,False,True,1,4.0,Within 7 days,2+ features,0 failed,2024-02
U00266,35-44,Tier 2,Low,Referral,Android,2024-01-28,,,0.0,0.0,0.0,0.0,0.0,0,0,0,0,0,0,0,0,False,False,True,0,,No transaction,0 features,0 failed,2024-01
U00267,35-44,Tier 1,Mid,Organic,Android,2024-03-10,,,0.0,0.0,0.0,0.0,0.0,0,0,0,0,0,0,0,0,False,False,True,0,,No transaction,0 features,0 failed,2024-03
U00268,35-44,Tier 2,Mid,Paid Ads,Android,2024-04-06,,,0.0,0.0,0.0,0.0,0.0,0,0,0,0,0,0,0,0,False,False,True,0,,No transaction,0 features,0 failed,2024-04
U00269,25-34,Tier 3,Mid,Organic,Android,2024-04-03,,,0.0,0.0,0.0,0.0,0.0,0,0,0,0,0,0,0,0,False,False,True,0,,No transaction,0 features,0 failed,2024-04
U00270,18-24,Tier 1,Mid,Organic,Android,2024-03-29,2024-03-30 09:11:00,2024-04-08 08:00:00,9.0,7.0,2.0,44742000.0,4971333.333333333,0,0,1,1,1,1,4,1,True,True,False,1,8.0,After 7 days,2+ features,1-2 failed,2024-03
U00271,35-44,Tier 1,Mid,Organic,Android,2024-01-26,,,0.0,0.0,0.0,0.0,0.0,0,0,0,0,0,0,0,0,False,False,True,0,,No transaction,0 features,0 failed,2024-01
U00272,35-44,Tier 1,Mid,Paid Ads,iOS,2024-04-01,,,0.0,0.0,0.0,0.0,0.0,0,0,0,0,0,0,0,0,False,False,True,0,,No transaction,0 features,0 failed,2024-04
U00273,45-54,Tier 1,High,Referral,Android,2024-02-09,,,0.0,0.0,0.0,0.0,0.0,0,0,0,0,0,0,0,0,False,False,True,0,,No transaction,0 features,0 failed,2024-02
U00274,45-54,Tier 2,Low,Partnership,iOS,2024-02-21,,,0.0,0.0,0.0,0.0,0.0,0,0,0,0,0,0,0,0,False,False,True,0,,No transaction,0 features,0 failed,2024-02
U00275,25-34,Tier 2,High,Referral,iOS,2024-03-26,,,0.0,0.0,0.0,0.0,0.0,0,0,0,0,0,0,0,0,False,False,True,0,,No transaction,0 features,0 failed,2024-03
U00276,25-34,Tier 1,Mid,Paid Ads,Android,2024-03-24,,,0.0,0.0,0.0,0.0,0.0,0,0,0,0,0,0,0,0,False,False,True,0,,No transaction,0 features,0 failed,2024-03
U00277,35-44,Tier 1,Mid,Referral,Android,2024-02-17,2024-02-18 07:22:00,2024-03-24 22:00:00,3.0,2.0,1.0,3897000.0,1299000.0,0,1,0,0,1,0,2,1,True,True,False,1,35.0,After 7 days,2+ features,1-2 failed,2024-02
U00278,25-34,Tier 1,High,Paid Ads,Android,2024-02-26,,,0.0,0.0,0.0,0.0,0.0,0,0,0,0,0,0,0,0,False,False,True,0,,No transaction,0 features,0 failed,2024-02
U00279,35-44,Tier 3,Mid,Referral,iOS,2024-04-25,2024-04-26 09:25:00,2024-05-07 20:00:00,6.0,6.0,0.0,28716000.0,4786000.0,0,1,1,1,1,0,4,1,True,False,True,1,11.0,After 7 days,2+ features,0 failed,2024-04
U00280,35-44,Tier 1,Mid,Branch,Android,2024-03-07,2024-03-08 19:04:00,,0.0,0.0,0.0,0.0,0.0,1,0,0,0,0,0,1,1,False,False,True,1,,No transaction,1 feature,0 failed,2024-03
U00281,45-54,Tier 3,Mid,Branch,Android,2024-02-27,2024-02-28 05:22:00,2024-03-04 20:00:00,13.0,12.0,1.0,62957000.0,4842846.153846154,0,1,1,1,1,0,4,1,True,False,True,1,5.0,Within 7 days,2+ features,1-2 failed,2024-02
U00282,25-34,Tier 2,Mid,Partnership,iOS,2024-01-16,2024-01-17 09:28:00,2024-01-29 08:00:00,9.0,8.0,1.0,50025000.0,5558333.333333333,0,1,0,1,0,0,2,0,True,False,True,1,11.0,After 7 days,2+ features,1-2 failed,2024-01
U00283,25-34,Tier 1,High,Branch,Android,2024-02-01,,,0.0,0.0,0.0,0.0,0.0,0,0,0,0,0,0,0,0,False,False,True,0,,No transaction,0 features,0 failed,2024-02
U00284,18-24,Tier 3,High,Referral,Android,2024-01-29,2024-01-30 15:25:00,,0.0,0.0,0.0,0.0,0.0,0,0,0,0,0,0,0,0,True,False,True,1,,No transaction,0 features,0 failed,2024-01
U00285,25-34,Tier 2,Low,Paid Ads,Android,2024-01-09,,,0.0,0.0,0.0,0.0,0.0,0,0,0,0,0,0,0,0,False,False,True,0,,No transaction,0 features,0 failed,2024-01
U00286,18-24,Tier 2,Low,Paid Ads,iOS,2024-02-13,,,0.0,0.0,0.0,0.0,0.0,0,0,0,0,0,0,0,0,False,False,True,0,,No transaction,0 features,0 failed,2024-02
U00287,25-34,Tier 3,Mid,Paid Ads,iOS,2024-01-03,,,0.0,0.0,0.0,0.0,0.0,0,0,0,0,0,0,0,0,False,False,True,0,,No transaction,0 features,0 failed,2024-01
U00288,25-34,Tier 1,Low,Partnership,Android,2024-03-16,,,0.0,0.0,0.0,0.0,0.0,0,0,0,0,0,0,0,0,False,False,True,0,,No transaction,0 features,0 failed,2024-03
U00289,18-24,Tier 1,Mid,Paid Ads,Android,2024-03-11,,,0.0,0.0,0.0,0.0,0.0,0,0,0,0,0,0,0,0,False,False,True,0,,No transaction,0 features,0 failed,2024-03
U00290,25-34,Tier 2,Low,Branch,iOS,2024-01-30,,,0.0,0.0,0.0,0.0,0.0,0,0,0,0,0,0,0,0,False,False,True,0,,No transaction,0 features,0 failed,2024-01
U00291,18-24,Tier 1,Mid,Referral,iOS,2024-03-16,,,0.0,0.0,0.0,0.0,0.0,0,0,0,0,0,0,0,0,False,False,True,0,,No transaction,0 features,0 failed,2024-03
U00292,18-24,Tier 1,Low,Partnership,iOS,2024-01-29,2024-01-30 14:06:00,2024-02-25 13:00:00,4.0,4.0,0.0,5401000.0,1350250.0,1,1,0,0,1,0,3,1,True,True,False,1,25.0,After 7 days,2+ features,0 failed,2024-01
U00293,35-44,Tier 1,Mid,Paid Ads,Android,2024-01-01,,,0.0,0.0,0.0,0.0,0.0,0,0,0,0,0,0,0,0,False,False,True,0,,No transaction,0 features,0 failed,2024-01
U00294,25-34,Tier 1,Mid,Paid Ads,iOS,2024-01-10,,,0.0,0.0,0.0,0.0,0.0,0,0,0,0,0,0,0,0,False,False,True,0,,No transaction,0 features,0 failed,2024-01
U00295,18-24,Tier 2,Mid,Referral,Android,2024-03-31,,,0.0,0.0,0.0,0.0,0.0,0,0,0,0,0,0,0,0,False,False,True,0,,No transaction,0 features,0 failed,2024-03
U00296,25-34,Tier 1,High,Partnership,Android,2024-03-21,,,0.0,0.0,0.0,0.0,0.0,0,0,0,0,0,0,0,0,False,False,True,0,,No transaction,0 features,0 failed,2024-03
U00297,35-44,Tier 2,High,Branch,iOS,2024-01-08,,,0.0,0.0,0.0,0.0,0.0,0,0,0,0,0,0,0,0,False,False,True,0,,No transaction,0 features,0 failed,2024-01
U00298,18-24,Tier 2,Mid,Organic,Android,2024-01-30,,,0.0,0.0,0.0,0.0,0.0,0,0,0,0,0,0,0,0,False,False,True,0,,No transaction,0 features,0 failed,2024-01
U00299,25-34,Tier 1,Low,Paid Ads,iOS,2024-01-09,,,0.0,0.0,0.0,0.0,0.0,0,0,0,0,0,0,0,0,False,False,True,0,,No transaction,0 features,0 failed,2024-01
U00300,18-24,Tier 1,High,Referral,Android,2024-04-25,2024-04-26 15:03:00,2024-04-29 07:00:00,18.0,16.0,2.0,335689000.0,18649388.888888888,1,1,1,1,1,0,5,1,True,True,False,1,2.0,Within 7 days,2+ features,1-2 failed,2024-04
U00301,18-24,Tier 2,High,Branch,iOS,2024-01-05,,,0.0,0.0,0.0,0.0,0.0,0,0,0,0,0,0,0,0,False,False,True,0,,No transaction,0 features,0 failed,2024-01
U00302,25-34,Tier 1,High,Paid Ads,Android,2024-04-20,,,0.0,0.0,0.0,0.0,0.0,0,0,0,0,0,0,0,0,False,False,True,0,,No transaction,0 features,0 failed,2024-04
U00303,25-34,Tier 2,Low,Organic,Android,2024-02-12,,,0.0,0.0,0.0,0.0,0.0,0,0,0,0,0,0,0,0,False,False,True,0,,No transaction,0 features,0 failed,2024-02
U00304,25-34,Tier 3,High,Referral,Android,2024-01-10,,,0.0,0.0,0.0,0.0,0.0,0,0,0,0,0,0,0,0,False,False,True,0,,No transaction,0 features,0 failed,2024-01
U00305,35-44,Tier 1,Low,Paid Ads,Android,2024-03-06,2024-03-07 03:09:00,2024-03-26 20:00:00,3.0,3.0,0.0,4257000.0,1419000.0,0,0,0,0,0,0,0,0,True,True,False,1,19.0,After 7 days,0 features,0 failed,2024-03
U00306,55+,Tier 2,Mid,Organic,iOS,2024-01-31,2024-02-01 09:24:00,2024-02-09 16:00:00,8.0,7.0,1.0,31114000.0,3889250.0,1,0,0,0,0,1,2,1,True,True,False,1,8.0,After 7 days,2+ features,1-2 failed,2024-01
U00307,25-34,Tier 2,High,Paid Ads,Android,2024-02-05,,,0.0,0.0,0.0,0.0,0.0,0,0,0,0,0,0,0,0,False,False,True,0,,No transaction,0 features,0 failed,2024-02
U00308,25-34,Tier 1,Low,Branch,Android,2024-03-26,2024-03-27 14:16:00,2024-04-15 17:00:00,7.0,6.0,1.0,6580000.0,940000.0,0,1,0,1,1,1,4,1,False,False,True,1,19.0,After 7 days,2+ features,1-2 failed,2024-03
U00309,35-44,Tier 3,High,Partnership,Android,2024-03-03,2024-03-04 02:16:00,2024-03-28 12:00:00,1.0,1.0,0.0,22669000.0,22669000.0,0,0,0,0,0,0,0,0,False,False,True,1,24.0,After 7 days,0 features,0 failed,2024-03
U00310,18-24,Tier 3,Mid,Organic,iOS,2024-01-28,,,0.0,0.0,0.0,0.0,0.0,0,0,0,0,0,0,0,0,False,False,True,0,,No transaction,0 features,0 failed,2024-01
U00311,25-34,Tier 1,High,Branch,Android,2024-03-10,,,0.0,0.0,0.0,0.0,0.0,0,0,0,0,0,0,0,0,False,False,True,0,,No transaction,0 features,0 failed,2024-03
U00312,18-24,Tier 2,Low,Paid Ads,Android,2024-01-17,,,0.0,0.0,0.0,0.0,0.0,0,0,0,0,0,0,0,0,False,False,True,0,,No transaction,0 features,0 failed,2024-01
U00313,18-24,Tier 3,High,Organic,Android,2024-04-02,,,0.0,0.0,0.0,0.0,0.0,0,0,0,0,0,0,0,0,False,False,True,0,,No transaction,0 features,0 failed,2024-04
U00314,55+,Tier 3,Low,Organic,iOS,2024-04-22,,,0.0,0.0,0.0,0.0,0.0,0,0,0,0,0,0,0,0,False,False,True,0,,No transaction,0 features,0 failed,2024-04
U00315,35-44,Tier 2,Mid,Organic,Android,2024-03-14,2024-03-14 21:25:00,2024-03-20 14:00:00,10.0,10.0,0.0,56354000.0,5635400.0,0,0,1,1,0,1,3,0,True,False,True,1,5.0,Within 7 days,2+ features,0 failed,2024-03
U00316,35-44,Tier 2,Mid,Partnership,Android,2024-03-14,,,0.0,0.0,0.0,0.0,0.0,0,0,0,0,0,0,0,0,False,False,True,0,,No transaction,0 features,0 failed,2024-03
U00317,25-34,Tier 1,Mid,Organic,iOS,2024-03-01,,,0.0,0.0,0.0,0.0,0.0,0,0,0,0,0,0,0,0,False,False,True,0,,No transaction,0 features,0 failed,2024-03
U00318,18-24,Tier 3,Low,Organic,iOS,2024-02-01,2024-02-02 16:22:00,2024-02-07 10:00:00,8.0,8.0,0.0,8957000.0,1119625.0,0,0,0,1,1,0,2,1,True,False,True,1,4.0,Within 7 days,2+ features,0 failed,2024-02
U00319,18-24,Tier 1,Mid,Partnership,Android,2024-04-10,,,0.0,0.0,0.0,0.0,0.0,0,0,0,0,0,0,0,0,False,False,True,0,,No transaction,0 features,0 failed,2024-04
U00320,18-24,Tier 2,Low,Paid Ads,iOS,2024-03-01,,,0.0,0.0,0.0,0.0,0.0,0,0,0,0,0,0,0,0,False,False,True,0,,No transaction,0 features,0 failed,2024-03
U00321,25-34,Tier 1,Mid,Partnership,Android,2024-04-13,2024-04-14 03:19:00,2024-06-11 02:00:00,3.0,2.0,1.0,12252000.0,4084000.0,0,0,0,0,1,0,1,1,True,False,True,1,57.0,After 7 days,1 feature,1-2 failed,2024-04
U00322,35-44,Tier 1,Low,Paid Ads,Android,2024-02-22,,,0.0,0.0,0.0,0.0,0.0,0,0,0,0,0,0,0,0,False,False,True,0,,No transaction,0 features,0 failed,2024-02
U00323,35-44,Tier 1,High,Organic,Android,2024-01-25,,,0.0,0.0,0.0,0.0,0.0,0,0,0,0,0,0,0,0,False,False,True,0,,No transaction,0 features,0 failed,2024-01
U00324,18-24,Tier 3,Low,Partnership,iOS,2024-01-13,2024-01-14 07:07:00,2024-02-28 20:00:00,3.0,2.0,1.0,3830000.0,1276666.6666666667,0,0,0,1,1,0,2,1,False,False,True,1,45.0,After 7 days,2+ features,1-2 failed,2024-01
U00325,55+,Tier 1,Low,Organic,Android,2024-01-13,,,0.0,0.0,0.0,0.0,0.0,0,0,0,0,0,0,0,0,False,False,True,0,,No transaction,0 features,0 failed,2024-01
U00326,35-44,Tier 2,Low,Paid Ads,Android,2024-03-25,,,0.0,0.0,0.0,0.0,0.0,0,0,0,0,0,0,0,0,False,False,True,0,,No transaction,0 features,0 failed,2024-03
U00327,25-34,Tier 1,Mid,Paid Ads,Android,2024-02-25,,,0.0,0.0,0.0,0.0,0.0,0,0,0,0,0,0,0,0,False,False,True,0,,No transaction,0 features,0 failed,2024-02
U00328,25-34,Tier 1,Low,Organic,iOS,2024-02-15,2024-02-16 14:21:00,,0.0,0.0,0.0,0.0,0.0,0,0,0,0,0,0,0,0,True,True,False,1,,No transaction,0 features,0 failed,2024-02
U00329,25-34,Tier 1,Mid,Branch,Android,2024-02-24,2024-02-25 20:05:00,2024-02-27 23:00:00,12.0,12.0,0.0,65429000.0,5452416.666666667,0,1,1,0,1,0,3,1,False,False,True,1,2.0,Within 7 days,2+ features,0 failed,2024-02
U00330,18-24,Tier 2,High,Paid Ads,Android,2024-02-22,2024-02-23 06:01:00,2024-04-02 22:00:00,1.0,1.0,0.0,49331000.0,49331000.0,0,0,0,0,0,0,0,0,False,False,True,1,39.0,After 7 days,0 features,0 failed,2024-02
U00331,25-34,Tier 1,Mid,Organic,Android,2024-02-29,2024-03-01 07:11:00,,0.0,0.0,0.0,0.0,0.0,0,0,0,0,0,1,1,0,False,False,True,1,,No transaction,1 feature,0 failed,2024-02
U00332,35-44,Tier 1,Mid,Branch,Android,2024-04-20,,,0.0,0.0,0.0,0.0,0.0,0,0,0,0,0,0,0,0,False,False,True,0,,No transaction,0 features,0 failed,2024-04
U00333,18-24,Tier 1,Low,Paid Ads,iOS,2024-04-03,,,0.0,0.0,0.0,0.0,0.0,0,0,0,0,0,0,0,0,False,False,True,0,,No transaction,0 features,0 failed,2024-04
U00334,18-24,Tier 1,Mid,Paid Ads,Android,2024-01-07,,,0.0,0.0,0.0,0.0,0.0,0,0,0,0,0,0,0,0,False,False,True,0,,No transaction,0 features,0 failed,2024-01
U00335,18-24,Tier 3,Low,Paid Ads,iOS,2024-03-27,,,0.0,0.0,0.0,0.0,0.0,0,0,0,0,0,0,0,0,False,False,True,0,,No transaction,0 features,0 failed,2024-03
U00336,18-24,Tier 3,Mid,Partnership,Android,2024-03-24,,,0.0,0.0,0.0,0.0,0.0,0,0,0,0,0,0,0,0,False,False,True,0,,No transaction,0 features,0 failed,2024-03
U00337,45-54,Tier 1,Low,Organic,iOS,2024-03-23,,,0.0,0.0,0.0,0.0,0.0,0,0,0,0,0,0,0,0,False,False,True,0,,No transaction,0 features,0 failed,2024-03
U00338,35-44,Tier 2,Mid,Referral,Android,2024-01-13,,,0.0,0.0,0.0,0.0,0.0,0,0,0,0,0,0,0,0,False,False,True,0,,No transaction,0 features,0 failed,2024-01
U00339,25-34,Tier 3,Mid,Paid Ads,Android,2024-01-08,,,0.0,0.0,0.0,0.0,0.0,0,0,0,0,0,0,0,0,False,False,True,0,,No transaction,0 features,0 failed,2024-01
U00340,18-24,Tier 1,High,Organic,iOS,2024-02-21,,,0.0,0.0,0.0,0.0,0.0,0,0,0,0,0,0,0,0,False,False,True,0,,No transaction,0 features,0 failed,2024-02
U00341,25-34,Tier 3,Low,Paid Ads,iOS,2024-04-03,2024-04-04 19:17:00,2024-04-08 23:00:00,11.0,11.0,0.0,12546000.0,1140545.4545454546,0,0,1,1,0,0,2,0,True,True,False,1,4.0,Within 7 days,2+ features,0 failed,2024-04
U00342,25-34,Tier 3,Mid,Referral,Android,2024-02-13,,,0.0,0.0,0.0,0.0,0.0,0,0,0,0,0,0,0,0,False,False,True,0,,No transaction,0 features,0 failed,2024-02
U00343,18-24,Tier 1,Low,Referral,Android,2024-04-12,,,0.0,0.0,0.0,0.0,0.0,0,0,0,0,0,0,0,0,False,False,True,0,,No transaction,0 features,0 failed,2024-04
U00344,25-34,Tier 1,Mid,Organic,Android,2024-04-20,2024-04-21 21:08:00,2024-04-22 14:00:00,9.0,8.0,1.0,37893000.0,4210333.333333333,1,1,0,0,0,0,2,1,True,False,True,1,0.0,Within 7 days,2+ features,1-2 failed,2024-04
U00345,25-34,Tier 3,High,Paid Ads,iOS,2024-01-14,,,0.0,0.0,0.0,0.0,0.0,0,0,0,0,0,0,0,0,False,False,True,0,,No transaction,0 features,0 failed,2024-01
U00346,25-34,Tier 2,Mid,Partnership,Android,2024-02-01,,,0.0,0.0,0.0,0.0,0.0,0,0,0,0,0,0,0,0,False,False,True,0,,No transaction,0 features,0 failed,2024-02
U00347,25-34,Tier 1,Mid,Referral,Android,2024-01-25,2024-01-26 10:06:00,2024-02-11 09:00:00,7.0,6.0,1.0,51367000.0,7338142.857142857,1,0,0,0,0,0,1,1,True,True,False,1,15.0,After 7 days,1 feature,1-2 failed,2024-01
U00348,18-24,Tier 1,High,Paid Ads,Android,2024-01-25,,,0.0,0.0,0.0,0.0,0.0,0,0,0,0,0,0,0,0,False,False,True,0,,No transaction,0 features,0 failed,2024-01
U00349,25-34,Tier 1,Mid,Organic,iOS,2024-03-09,,,0.0,0.0,0.0,0.0,0.0,0,0,0,0,0,0,0,0,False,False,True,0,,No transaction,0 features,0 failed,2024-03
U00350,25-34,Tier 2,Mid,Paid Ads,Android,2024-02-27,,,0.0,0.0,0.0,0.0,0.0,0,0,0,0,0,0,0,0,False,False,True,0,,No transaction,0 features,0 failed,2024-02
U00351,25-34,Tier 2,Mid,Organic,Android,2024-01-18,2024-01-19 20:21:00,2024-01-24 16:00:00,15.0,14.0,1.0,65565000.0,4371000.0,1,0,0,1,1,1,4,1,True,True,False,1,4.0,Within 7 days,2+ features,1-2 failed,2024-01
U00352,45-54,Tier 3,Mid,Paid Ads,Android,2024-02-24,,,0.0,0.0,0.0,0.0,0.0,0,0,0,0,0,0,0,0,False,False,True,0,,No transaction,0 features,0 failed,2024-02
U00353,35-44,Tier 1,Low,Paid Ads,Android,2024-01-24,,,0.0,0.0,0.0,0.0,0.0,0,0,0,0,0,0,0,0,False,False,True,0,,No transaction,0 features,0 failed,2024-01
U00354,18-24,Tier 2,High,Branch,Android,2024-02-05,,,0.0,0.0,0.0,0.0,0.0,0,0,0,0,0,0,0,0,False,False,True,0,,No transaction,0 features,0 failed,2024-02
U00355,18-24,Tier 2,Mid,Referral,iOS,2024-02-29,,,0.0,0.0,0.0,0.0,0.0,0,0,0,0,0,0,0,0,False,False,True,0,,No transaction,0 features,0 failed,2024-02
U00356,25-34,Tier 1,Low,Partnership,iOS,2024-02-01,2024-02-01 18:08:00,2024-02-02 19:00:00,9.0,8.0,1.0,9049000.0,1005444.4444444445,1,1,0,1,1,0,4,1,True,False,True,1,1.0,Within 7 days,2+ features,1-2 failed,2024-02
U00357,18-24,Tier 1,Mid,Paid Ads,Android,2024-04-21,,,0.0,0.0,0.0,0.0,0.0,0,0,0,0,0,0,0,0,False,False,True,0,,No transaction,0 features,0 failed,2024-04
U00358,25-34,Tier 3,Mid,Branch,iOS,2024-01-10,2024-01-11 02:01:00,2024-01-16 06:00:00,12.0,12.0,0.0,43172000.0,3597666.6666666665,1,1,0,1,0,1,4,1,True,True,False,1,5.0,Within 7 days,2+ features,0 failed,2024-01
U00359,45-54,Tier 3,Low,Referral,Android,2024-02-26,,,0.0,0.0,0.0,0.0,0.0,0,0,0,0,0,0,0,0,False,False,True,0,,No transaction,0 features,0 failed,2024-02
U00360,25-34,Tier 2,Mid,Referral,Android,2024-04-13,,,0.0,0.0,0.0,0.0,0.0,0,0,0,0,0,0,0,0,False,False,True,0,,No transaction,0 features,0 failed,2024-04
U00361,25-34,Tier 2,High,Partnership,iOS,2024-04-20,,,0.0,0.0,0.0,0.0,0.0,0,0,0,0,0,0,0,0,False,False,True,0,,No transaction,0 features,0 failed,2024-04
U00362,25-34,Tier 1,High,Organic,Android,2024-04-19,,,0.0,0.0,0.0,0.0,0.0,0,0,0,0,0,0,0,0,False,False,True,0,,No transaction,0 features,0 failed,2024-04
U00363,25-34,Tier 2,High,Organic,Android,2024-03-11,,,0.0,0.0,0.0,0.0,0.0,0,0,0,0,0,0,0,0,False,False,True,0,,No transaction,0 features,0 failed,2024-03
U00364,25-34,Tier 2,High,Organic,iOS,2024-01-13,,,0.0,0.0,0.0,0.0,0.0,0,0,0,0,0,0,0,0,False,False,True,0,,No transaction,0 features,0 failed,2024-01
U00365,45-54,Tier 2,Low,Partnership,Android,2024-01-07,2024-01-08 20:16:00,2024-01-22 18:00:00,7.0,6.0,1.0,10228000.0,1461142.857142857,1,0,0,0,0,1,2,1,True,True,False,1,13.0,After 7 days,2+ features,1-2 failed,2024-01
U00366,25-34,Tier 3,Mid,Organic,iOS,2024-03-24,2024-03-25 17:03:00,2024-04-01 12:00:00,7.0,7.0,0.0,30880000.0,4411428.571428572,0,0,1,1,1,1,4,1,True,True,False,1,6.0,Within 7 days,2+ features,0 failed,2024-03
U00367,55+,Tier 2,High,Partnership,iOS,2024-03-10,,,0.0,0.0,0.0,0.0,0.0,0,0,0,0,0,0,0,0,False,False,True,0,,No transaction,0 features,0 failed,2024-03
U00368,45-54,Tier 1,Mid,Paid Ads,Android,2024-04-17,2024-04-18 01:01:00,2024-04-23 03:00:00,8.0,8.0,0.0,27070000.0,3383750.0,1,1,0,1,0,1,4,1,False,False,True,1,5.0,Within 7 days,2+ features,0 failed,2024-04
U00369,18-24,Tier 2,Mid,Organic,Android,2024-01-02,,,0.0,0.0,0.0,0.0,0.0,0,0,0,0,0,0,0,0,False,False,True,0,,No transaction,0 features,0 failed,2024-01
U00370,18-24,Tier 1,Mid,Referral,Android,2024-01-12,,,0.0,0.0,0.0,0.0,0.0,0,0,0,0,0,0,0,0,False,False,True,0,,No transaction,0 features,0 failed,2024-01
U00371,18-24,Tier 1,Mid,Organic,Android,2024-04-06,,,0.0,0.0,0.0,0.0,0.0,0,0,0,0,0,0,0,0,False,False,True,0,,No transaction,0 features,0 failed,2024-04
U00372,18-24,Tier 1,High,Paid Ads,Android,2024-04-18,,,0.0,0.0,0.0,0.0,0.0,0,0,0,0,0,0,0,0,False,False,True,0,,No transaction,0 features,0 failed,2024-04
U00373,18-24,Tier 1,Mid,Paid Ads,iOS,2024-01-31,,,0.0,0.0,0.0,0.0,0.0,0,0,0,0,0,0,0,0,False,False,True,0,,No transaction,0 features,0 failed,2024-01
U00374,35-44,Tier 2,Mid,Paid Ads,Android,2024-01-22,2024-01-23 12:16:00,2024-02-07 08:00:00,8.0,7.0,1.0,31216000.0,3902000.0,0,1,0,0,1,0,2,1,True,False,True,1,14.0,After 7 days,2+ features,1-2 failed,2024-01
U00375,18-24,Tier 2,High,Organic,Android,2024-02-22,2024-02-23 11:01:00,2024-03-26 06:00:00,5.0,5.0,0.0,106222000.0,21244400.0,0,1,0,0,0,0,1,0,True,True,False,1,31.0,After 7 days,1 feature,0 failed,2024-02
U00376,25-34,Tier 2,Mid,Paid Ads,Android,2024-03-03,,,0.0,0.0,0.0,0.0,0.0,0,0,0,0,0,0,0,0,False,False,True,0,,No transaction,0 features,0 failed,2024-03
U00377,35-44,Tier 2,Low,Partnership,Android,2024-03-02,2024-03-03 17:29:00,2024-03-07 05:00:00,7.0,6.0,1.0,6308000.0,901142.8571428572,0,0,0,0,0,0,0,0,False,False,True,1,3.0,Within 7 days,0 features,1-2 failed,2024-03
U00378,18-24,Tier 1,Mid,Paid Ads,iOS,2024-01-28,,,0.0,0.0,0.0,0.0,0.0,0,0,0,0,0,0,0,0,False,False,True,0,,No transaction,0 features,0 failed,2024-01
U00379,35-44,Tier 3,High,Partnership,Android,2024-04-20,2024-04-21 03:01:00,2024-04-23 01:00:00,5.0,5.0,0.0,131971000.0,26394200.0,1,0,0,1,0,0,2,1,False,False,True,1,1.0,Within 7 days,2+ features,0 failed,2024-04
U00380,18-24,Tier 1,Mid,Organic,iOS,2024-02-21,2024-02-21 14:07:00,2024-03-01 09:00:00,6.0,5.0,1.0,33526000.0,5587666.666666667,1,1,0,1,1,0,4,1,True,False,True,1,8.0,After 7 days,2+ features,1-2 failed,2024-02
U00381,18-24,Tier 1,Mid,Partnership,Android,2024-04-25,,,0.0,0.0,0.0,0.0,0.0,0,0,0,0,0,0,0,0,False,False,True,0,,No transaction,0 features,0 failed,2024-04
U00382,35-44,Tier 2,Mid,Referral,Android,2024-01-08,,,0.0,0.0,0.0,0.0,0.0,0,0,0,0,0,0,0,0,False,False,True,0,,No transaction,0 features,0 failed,2024-01
U00383,25-34,Tier 1,Low,Organic,Android,2024-01-22,2024-01-23 12:17:00,2024-02-05 17:00:00,5.0,5.0,0.0,5739000.0,1147800.0,0,0,1,0,1,0,2,1,True,True,False,1,13.0,After 7 days,2+ features,0 failed,2024-01
U00384,45-54,Tier 1,High,Partnership,Android,2024-02-18,2024-02-19 13:03:00,2024-03-03 00:00:00,11.0,7.0,4.0,277059000.0,25187181.818181816,1,0,0,0,1,1,3,1,True,True,False,1,12.0,After 7 days,2+ features,3+ failed,2024-02
U00385,35-44,Tier 2,High,Branch,Android,2024-01-01,2024-01-02 07:03:00,2024-01-16 23:00:00,1.0,1.0,0.0,46550000.0,46550000.0,0,1,0,0,0,0,1,0,False,False,True,1,14.0,After 7 days,1 feature,0 failed,2024-01
U00386,35-44,Tier 2,Low,Paid Ads,Android,2024-02-19,,,0.0,0.0,0.0,0.0,0.0,0,0,0,0,0,0,0,0,False,False,True,0,,No transaction,0 features,0 failed,2024-02
U00387,18-24,Tier 1,Low,Organic,iOS,2024-02-03,,,0.0,0.0,0.0,0.0,0.0,0,0,0,0,0,0,0,0,False,False,True,0,,No transaction,0 features,0 failed,2024-02
U00388,18-24,Tier 3,High,Referral,Android,2024-04-10,,,0.0,0.0,0.0,0.0,0.0,0,0,0,0,0,0,0,0,False,False,True,0,,No transaction,0 features,0 failed,2024-04
U00389,35-44,Tier 2,High,Paid Ads,iOS,2024-04-10,,,0.0,0.0,0.0,0.0,0.0,0,0,0,0,0,0,0,0,False,False,True,0,,No transaction,0 features,0 failed,2024-04
U00390,35-44,Tier 3,High,Partnership,Android,2024-02-28,2024-02-29 02:14:00,2024-03-09 03:00:00,3.0,3.0,0.0,101457000.0,33819000.0,0,0,1,0,0,0,1,0,False,False,True,1,9.0,After 7 days,1 feature,0 failed,2024-02
U00391,55+,Tier 1,High,Organic,Android,2024-02-06,2024-02-07 09:13:00,2024-02-19 18:00:00,4.0,4.0,0.0,105344000.0,26336000.0,0,1,0,0,1,0,2,1,True,False,True,1,12.0,After 7 days,2+ features,0 failed,2024-02
U00392,25-34,Tier 2,Mid,Partnership,Android,2024-02-24,2024-02-25 16:08:00,2024-03-04 14:00:00,18.0,15.0,3.0,86485000.0,4804722.222222222,0,1,1,1,1,1,5,1,True,False,True,1,7.0,Within 7 days,2+ features,3+ failed,2024-02
U00393,25-34,Tier 3,Mid,Referral,Android,2024-03-30,,,0.0,0.0,0.0,0.0,0.0,0,0,0,0,0,0,0,0,False,False,True,0,,No transaction,0 features,0 failed,2024-03
U00394,35-44,Tier 2,Mid,Partnership,iOS,2024-04-03,2024-04-04 11:19:00,2024-04-18 22:00:00,8.0,7.0,1.0,40388000.0,5048500.0,0,0,1,0,0,1,2,0,True,False,True,1,14.0,After 7 days,2+ features,1-2 failed,2024-04
U00395,25-34,Tier 2,Low,Branch,Android,2024-04-10,,,0.0,0.0,0.0,0.0,0.0,0,0,0,0,0,0,0,0,False,False,True,0,,No transaction,0 features,0 failed,2024-04
U00396,45-54,Tier 1,Mid,Referral,Android,2024-03-12,,,0.0,0.0,0.0,0.0,0.0,0,0,0,0,0,0,0,0,False,False,True,0,,No transaction,0 features,0 failed,2024-03
U00397,45-54,Tier 1,Mid,Referral,Android,2024-03-25,,,0.0,0.0,0.0,0.0,0.0,0,0,0,0,0,0,0,0,False,False,True,0,,No transaction,0 features,0 failed,2024-03
U00398,25-34,Tier 2,Mid,Partnership,Android,2024-04-01,2024-04-02 11:15:00,2024-04-06 05:00:00,9.0,8.0,1.0,23704000.0,2633777.777777778,1,1,0,1,1,0,4,1,False,False,True,1,3.0,Within 7 days,2+ features,1-2 failed,2024-04
U00399,35-44,Tier 1,Mid,Paid Ads,iOS,2024-03-03,,,0.0,0.0,0.0,0.0,0.0,0,0,0,0,0,0,0,0,False,False,True,0,,No transaction,0 features,0 failed,2024-03
U00400,35-44,Tier 3,Mid,Paid Ads,Android,2024-01-20,,,0.0,0.0,0.0,0.0,0.0,0,0,0,0,0,0,0,0,False,False,True,0,,No transaction,0 features,0 failed,2024-01
U00401,18-24,Tier 1,Low,Paid Ads,iOS,2024-01-25,,,0.0,0.0,0.0,0.0,0.0,0,0,0,0,0,0,0,0,False,False,True,0,,No transaction,0 features,0 failed,2024-01
U00402,45-54,Tier 3,Low,Organic,Android,2024-02-07,2024-02-08 15:14:00,2024-02-26 10:00:00,1.0,1.0,0.0,594000.0,594000.0,0,0,0,0,0,1,1,0,False,False,True,1,17.0,After 7 days,1 feature,0 failed,2024-02
U00403,25-34,Tier 3,Low,Partnership,iOS,2024-01-28,2024-01-29 02:30:00,2024-02-22 23:00:00,3.0,3.0,0.0,3497000.0,1165666.6666666667,0,0,1,0,1,0,2,1,True,False,True,1,24.0,After 7 days,2+ features,0 failed,2024-01
U00404,35-44,Tier 1,Low,Organic,iOS,2024-01-08,,,0.0,0.0,0.0,0.0,0.0,0,0,0,0,0,0,0,0,False,False,True,0,,No transaction,0 features,0 failed,2024-01
U00405,25-34,Tier 1,High,Branch,Android,2024-03-15,2024-03-16 23:06:00,,0.0,0.0,0.0,0.0,0.0,1,0,1,0,0,0,2,1,True,False,True,1,,No transaction,2+ features,0 failed,2024-03
U00406,45-54,Tier 3,Low,Referral,Android,2024-04-04,,,0.0,0.0,0.0,0.0,0.0,0,0,0,0,0,0,0,0,False,False,True,0,,No transaction,0 features,0 failed,2024-04
U00407,25-34,Tier 3,Low,Paid Ads,iOS,2024-03-10,2024-03-11 02:02:00,2024-03-12 17:00:00,9.0,9.0,0.0,5414000.0,601555.5555555555,1,1,1,0,1,0,4,1,False,False,True,1,1.0,Within 7 days,2+ features,0 failed,2024-03
U00408,18-24,Tier 1,Mid,Referral,Android,2024-01-08,,,0.0,0.0,0.0,0.0,0.0,0,0,0,0,0,0,0,0,False,False,True,0,,No transaction,0 features,0 failed,2024-01
U00409,45-54,Tier 1,Mid,Referral,iOS,2024-04-05,,,0.0,0.0,0.0,0.0,0.0,0,0,0,0,0,0,0,0,False,False,True,0,,No transaction,0 features,0 failed,2024-04
U00410,18-24,Tier 2,Low,Referral,Android,2024-02-10,2024-02-11 04:08:00,,0.0,0.0,0.0,0.0,0.0,0,0,0,0,0,0,0,0,False,False,True,1,,No transaction,0 features,0 failed,2024-02
U00411,25-34,Tier 2,Mid,Paid Ads,Android,2024-01-08,2024-01-09 08:20:00,2024-01-17 08:00:00,5.0,4.0,1.0,21805000.0,4361000.0,0,0,0,0,1,0,1,1,True,True,False,1,7.0,Within 7 days,1 feature,1-2 failed,2024-01
U00412,55+,Tier 1,Mid,Paid Ads,iOS,2024-01-07,2024-01-08 04:20:00,2024-01-23 18:00:00,6.0,6.0,0.0,24372000.0,4062000.0,0,0,0,0,0,1,1,0,True,False,True,1,15.0,After 7 days,1 feature,0 failed,2024-01
U00413,55+,Tier 2,Low,Partnership,Android,2024-03-15,,,0.0,0.0,0.0,0.0,0.0,0,0,0,0,0,0,0,0,False,False,True,0,,No transaction,0 features,0 failed,2024-03
U00414,25-34,Tier 1,Low,Referral,Android,2024-03-02,,,0.0,0.0,0.0,0.0,0.0,0,0,0,0,0,0,0,0,False,False,True,0,,No transaction,0 features,0 failed,2024-03
U00415,25-34,Tier 1,High,Paid Ads,Android,2024-03-05,,,0.0,0.0,0.0,0.0,0.0,0,0,0,0,0,0,0,0,False,False,True,0,,No transaction,0 features,0 failed,2024-03
U00416,25-34,Tier 1,High,Partnership,Android,2024-04-19,2024-04-20 08:22:00,2024-04-28 21:00:00,11.0,11.0,0.0,245044000.0,22276727.272727273,1,1,1,0,0,1,4,1,False,False,True,1,8.0,After 7 days,2+ features,0 failed,2024-04
U00417,18-24,Tier 1,Mid,Organic,iOS,2024-03-08,,,0.0,0.0,0.0,0.0,0.0,0,0,0,0,0,0,0,0,False,False,True,0,,No transaction,0 features,0 failed,2024-03
U00418,25-34,Tier 1,Low,Referral,iOS,2024-01-21,,,0.0,0.0,0.0,0.0,0.0,0,0,0,0,0,0,0,0,False,False,True,0,,No transaction,0 features,0 failed,2024-01
U00419,35-44,Tier 2,Mid,Paid Ads,iOS,2024-01-08,,,0.0,0.0,0.0,0.0,0.0,0,0,0,0,0,0,0,0,False,False,True,0,,No transaction,0 features,0 failed,2024-01
U00420,35-44,Tier 1,Mid,Referral,Android,2024-03-06,,,0.0,0.0,0.0,0.0,0.0,0,0,0,0,0,0,0,0,False,False,True,0,,No transaction,0 features,0 failed,2024-03
U00421,35-44,Tier 1,Low,Referral,Android,2024-01-11,2024-01-12 06:03:00,2024-01-19 05:00:00,3.0,3.0,0.0,3791000.0,1263666.6666666667,0,0,0,0,0,1,1,0,False,False,True,1,6.0,Within 7 days,1 feature,0 failed,2024-01
U00422,35-44,Tier 1,Mid,Paid Ads,iOS,2024-04-18,2024-04-18 14:17:00,2024-05-01 11:00:00,3.0,3.0,0.0,16977000.0,5659000.0,0,0,0,0,0,0,0,0,True,False,True,1,12.0,After 7 days,0 features,0 failed,2024-04
U00423,18-24,Tier 3,Mid,Organic,Android,2024-01-24,,,0.0,0.0,0.0,0.0,0.0,0,0,0,0,0,0,0,0,False,False,True,0,,No transaction,0 features,0 failed,2024-01
U00424,25-34,Tier 1,Mid,Paid Ads,Android,2024-01-09,,,0.0,0.0,0.0,0.0,0.0,0,0,0,0,0,0,0,0,False,False,True,0,,No transaction,0 features,0 failed,2024-01
U00425,18-24,Tier 1,Mid,Branch,iOS,2024-03-17,2024-03-18 15:16:00,2024-03-28 21:00:00,8.0,8.0,0.0,39497000.0,4937125.0,0,0,0,1,1,0,2,1,True,True,False,1,10.0,After 7 days,2+ features,0 failed,2024-03
U00426,25-34,Tier 2,High,Paid Ads,Android,2024-01-09,,,0.0,0.0,0.0,0.0,0.0,0,0,0,0,0,0,0,0,False,False,True,0,,No transaction,0 features,0 failed,2024-01
U00427,25-34,Tier 3,Mid,Paid Ads,Android,2024-03-27,2024-03-28 18:22:00,2024-04-03 09:00:00,12.0,10.0,2.0,60569000.0,5047416.666666667,0,0,0,1,1,0,2,1,True,False,True,1,5.0,Within 7 days,2+ features,1-2 failed,2024-03
U00428,45-54,Tier 1,High,Organic,Android,2024-04-20,,,0.0,0.0,0.0,0.0,0.0,0,0,0,0,0,0,0,0,False,False,True,0,,No transaction,0 features,0 failed,2024-04
U00429,25-34,Tier 2,Low,Partnership,Android,2024-01-31,,,0.0,0.0,0.0,0.0,0.0,0,0,0,0,0,0,0,0,False,False,True,0,,No transaction,0 features,0 failed,2024-01
U00430,18-24,Tier 2,High,Referral,Android,2024-02-21,,,0.0,0.0,0.0,0.0,0.0,0,0,0,0,0,0,0,0,False,False,True,0,,No transaction,0 features,0 failed,2024-02
U00431,18-24,Tier 2,Low,Paid Ads,iOS,2024-01-16,,,0.0,0.0,0.0,0.0,0.0,0,0,0,0,0,0,0,0,False,False,True,0,,No transaction,0 features,0 failed,2024-01
U00432,35-44,Tier 1,Low,Branch,Android,2024-04-23,,,0.0,0.0,0.0,0.0,0.0,0,0,0,0,0,0,0,0,False,False,True,0,,No transaction,0 features,0 failed,2024-04
U00433,25-34,Tier 2,Mid,Paid Ads,Android,2024-03-13,,,0.0,0.0,0.0,0.0,0.0,0,0,0,0,0,0,0,0,False,False,True,0,,No transaction,0 features,0 failed,2024-03
U00434,18-24,Tier 1,Mid,Paid Ads,iOS,2024-02-01,2024-02-02 01:15:00,2024-02-07 22:00:00,12.0,12.0,0.0,61249000.0,5104083.333333333,1,1,1,1,0,0,4,1,False,False,True,1,5.0,Within 7 days,2+ features,0 failed,2024-02
U00435,18-24,Tier 2,High,Referral,Android,2024-03-15,2024-03-16 09:30:00,2024-03-16 22:00:00,16.0,16.0,0.0,447815000.0,27988437.5,0,0,1,1,1,1,4,1,True,True,False,1,0.0,Within 7 days,2+ features,0 failed,2024-03
U00436,35-44,Tier 2,Mid,Organic,Android,2024-03-17,,,0.0,0.0,0.0,0.0,0.0,0,0,0,0,0,0,0,0,False,False,True,0,,No transaction,0 features,0 failed,2024-03
U00437,18-24,Tier 1,Low,Partnership,Android,2024-01-06,2024-01-07 09:28:00,2024-01-10 15:00:00,6.0,6.0,0.0,8765000.0,1460833.3333333333,0,0,0,1,0,1,2,0,False,False,True,1,3.0,Within 7 days,2+ features,0 failed,2024-01
U00438,35-44,Tier 3,Mid,Organic,iOS,2024-03-20,,,0.0,0.0,0.0,0.0,0.0,0,0,0,0,0,0,0,0,False,False,True,0,,No transaction,0 features,0 failed,2024-03
U00439,35-44,Tier 1,Mid,Paid Ads,Android,2024-01-11,,,0.0,0.0,0.0,0.0,0.0,0,0,0,0,0,0,0,0,False,False,True,0,,No transaction,0 features,0 failed,2024-01
U00440,18-24,Tier 3,Mid,Organic,Android,2024-02-23,,,0.0,0.0,0.0,0.0,0.0,0,0,0,0,0,0,0,0,False,False,True,0,,No transaction,0 features,0 failed,2024-02
U00441,18-24,Tier 2,Mid,Partnership,Android,2024-03-25,2024-03-26 19:19:00,2024-04-04 11:00:00,11.0,10.0,1.0,53070000.0,4824545.454545454,1,1,1,0,1,0,4,1,True,True,False,1,8.0,After 7 days,2+ features,1-2 failed,2024-03
U00442,55+,Tier 1,Mid,Organic,Android,2024-03-15,,,0.0,0.0,0.0,0.0,0.0,0,0,0,0,0,0,0,0,False,False,True,0,,No transaction,0 features,0 failed,2024-03
U00443,25-34,Tier 1,High,Paid Ads,Android,2024-03-13,,,0.0,0.0,0.0,0.0,0.0,0,0,0,0,0,0,0,0,False,False,True,0,,No transaction,0 features,0 failed,2024-03
U00444,25-34,Tier 3,High,Paid Ads,Android,2024-03-07,,,0.0,0.0,0.0,0.0,0.0,0,0,0,0,0,0,0,0,False,False,True,0,,No transaction,0 features,0 failed,2024-03
U00445,35-44,Tier 1,Low,Paid Ads,Android,2024-02-10,,,0.0,0.0,0.0,0.0,0.0,0,0,0,0,0,0,0,0,False,False,True,0,,No transaction,0 features,0 failed,2024-02
U00446,45-54,Tier 1,Mid,Referral,Android,2024-02-03,,,0.0,0.0,0.0,0.0,0.0,0,0,0,0,0,0,0,0,False,False,True,0,,No transaction,0 features,0 failed,2024-02
U00447,55+,Tier 1,Mid,Paid Ads,Android,2024-01-27,,,0.0,0.0,0.0,0.0,0.0,0,0,0,0,0,0,0,0,False,False,True,0,,No transaction,0 features,0 failed,2024-01
U00448,35-44,Tier 2,Mid,Referral,Android,2024-03-26,2024-03-27 03:23:00,2024-04-02 23:00:00,11.0,10.0,1.0,39784000.0,3616727.272727273,0,1,0,1,0,1,3,0,False,False,True,1,6.0,Within 7 days,2+ features,1-2 failed,2024-03
U00449,25-34,Tier 2,Mid,Referral,Android,2024-04-01,2024-04-02 11:04:00,2024-04-03 15:00:00,4.0,4.0,0.0,8675000.0,2168750.0,0,0,0,0,0,1,1,0,True,True,False,1,1.0,Within 7 days,1 feature,0 failed,2024-04
U00450,18-24,Tier 1,High,Referral,iOS,2024-02-10,,,0.0,0.0,0.0,0.0,0.0,0,0,0,0,0,0,0,0,False,False,True,0,,No transaction,0 features,0 failed,2024-02
U00451,35-44,Tier 1,Mid,Paid Ads,iOS,2024-01-31,,,0.0,0.0,0.0,0.0,0.0,0,0,0,0,0,0,0,0,False,False,True,0,,No transaction,0 features,0 failed,2024-01
U00452,25-34,Tier 1,High,Organic,iOS,2024-02-03,2024-02-04 14:05:00,2024-02-16 01:00:00,10.0,7.0,3.0,155565000.0,15556500.0,1,1,0,1,0,1,4,1,False,False,True,1,11.0,After 7 days,2+ features,3+ failed,2024-02
U00453,25-34,Tier 1,High,Branch,Android,2024-02-20,2024-02-21 10:28:00,2024-02-26 00:00:00,6.0,6.0,0.0,84165000.0,14027500.0,1,0,1,0,1,0,3,1,True,False,True,1,4.0,Within 7 days,2+ features,0 failed,2024-02
U00454,45-54,Tier 1,High,Paid Ads,Android,2024-01-17,,,0.0,0.0,0.0,0.0,0.0,0,0,0,0,0,0,0,0,False,False,True,0,,No transaction,0 features,0 failed,2024-01
U00455,18-24,Tier 2,High,Organic,Android,2024-03-26,,,0.0,0.0,0.0,0.0,0.0,0,0,0,0,0,0,0,0,False,False,True,0,,No transaction,0 features,0 failed,2024-03
U00456,25-34,Tier 1,Mid,Paid Ads,Android,2024-03-23,,,0.0,0.0,0.0,0.0,0.0,0,0,0,0,0,0,0,0,False,False,True,0,,No transaction,0 features,0 failed,2024-03
U00457,18-24,Tier 1,Low,Partnership,Android,2024-02-08,,,0.0,0.0,0.0,0.0,0.0,0,0,0,0,0,0,0,0,False,False,True,0,,No transaction,0 features,0 failed,2024-02
U00458,25-34,Tier 1,Mid,Organic,Android,2024-02-28,,,0.0,0.0,0.0,0.0,0.0,0,0,0,0,0,0,0,0,False,False,True,0,,No transaction,0 features,0 failed,2024-02
U00459,18-24,Tier 3,Low,Paid Ads,Android,2024-02-10,,,0.0,0.0,0.0,0.0,0.0,0,0,0,0,0,0,0,0,False,False,True,0,,No transaction,0 features,0 failed,2024-02
U00460,18-24,Tier 3,Mid,Paid Ads,Android,2024-04-06,2024-04-06 20:07:00,2024-04-11 12:00:00,6.0,6.0,0.0,31265000.0,5210833.333333333,0,1,1,0,0,0,2,0,True,True,False,1,4.0,Within 7 days,2+ features,0 failed,2024-04
U00461,18-24,Tier 3,Mid,Organic,Android,2024-01-10,,,0.0,0.0,0.0,0.0,0.0,0,0,0,0,0,0,0,0,False,False,True,0,,No transaction,0 features,0 failed,2024-01
U00462,25-34,Tier 1,Mid,Partnership,Android,2024-01-02,,,0.0,0.0,0.0,0.0,0.0,0,0,0,0,0,0,0,0,False,False,True,0,,No transaction,0 features,0 failed,2024-01
U00463,35-44,Tier 1,High,Referral,Android,2024-02-28,,,0.0,0.0,0.0,0.0,0.0,0,0,0,0,0,0,0,0,False,False,True,0,,No transaction,0 features,0 failed,2024-02
U00464,25-34,Tier 1,High,Referral,Android,2024-03-20,,,0.0,0.0,0.0,0.0,0.0,0,0,0,0,0,0,0,0,False,False,True,0,,No transaction,0 features,0 failed,2024-03
U00465,55+,Tier 1,Low,Partnership,iOS,2024-03-13,2024-03-14 08:16:00,2024-03-17 22:00:00,3.0,3.0,0.0,1106000.0,368666.6666666667,1,0,0,0,1,1,3,1,False,False,True,1,3.0,Within 7 days,2+ features,0 failed,2024-03
U00466,25-34,Tier 2,Mid,Paid Ads,Android,2024-01-13,,,0.0,0.0,0.0,0.0,0.0,0,0,0,0,0,0,0,0,False,False,True,0,,No transaction,0 features,0 failed,2024-01
U00467,18-24,Tier 2,Mid,Partnership,Android,2024-01-10,2024-01-11 12:13:00,2024-02-01 04:00:00,5.0,5.0,0.0,28719000.0,5743800.0,1,0,0,1,0,0,2,1,True,False,True,1,20.0,After 7 days,2+ features,0 failed,2024-01
U00468,45-54,Tier 3,Mid,Paid Ads,iOS,2024-03-09,2024-03-10 01:09:00,,0.0,0.0,0.0,0.0,0.0,1,0,0,0,0,0,1,1,False,False,True,1,,No transaction,1 feature,0 failed,2024-03
U00469,18-24,Tier 3,Mid,Paid Ads,Android,2024-01-28,,,0.0,0.0,0.0,0.0,0.0,0,0,0,0,0,0,0,0,False,False,True,0,,No transaction,0 features,0 failed,2024-01
U00470,55+,Tier 1,Mid,Partnership,Android,2024-03-05,2024-03-06 17:19:00,2024-03-23 21:00:00,7.0,6.0,1.0,37710000.0,5387142.857142857,0,0,1,1,0,1,3,0,True,True,False,1,17.0,After 7 days,2+ features,1-2 failed,2024-03
U00471,18-24,Tier 2,Mid,Organic,Android,2024-02-03,,,0.0,0.0,0.0,0.0,0.0,0,0,0,0,0,0,0,0,False,False,True,0,,No transaction,0 features,0 failed,2024-02
U00472,55+,Tier 1,High,Partnership,Android,2024-01-17,,,0.0,0.0,0.0,0.0,0.0,0,0,0,0,0,0,0,0,False,False,True,0,,No transaction,0 features,0 failed,2024-01
U00473,18-24,Tier 1,High,Paid Ads,Android,2024-02-14,2024-02-15 11:19:00,2024-02-24 06:00:00,6.0,4.0,2.0,111493000.0,18582166.666666668,0,0,1,1,1,0,3,1,False,False,True,1,8.0,After 7 days,2+ features,1-2 failed,2024-02
U00474,45-54,Tier 2,Low,Organic,Android,2024-04-22,2024-04-23 16:23:00,2024-04-27 00:00:00,11.0,9.0,2.0,12907000.0,1173363.6363636365,1,1,1,0,0,0,3,1,True,True,False,1,3.0,Within 7 days,2+ features,1-2 failed,2024-04
U00475,25-34,Tier 1,Mid,Paid Ads,Android,2024-01-09,,,0.0,0.0,0.0,0.0,0.0,0,0,0,0,0,0,0,0,False,False,True,0,,No transaction,0 features,0 failed,2024-01
U00476,55+,Tier 1,Mid,Organic,iOS,2024-04-22,,,0.0,0.0,0.0,0.0,0.0,0,0,0,0,0,0,0,0,False,False,True,0,,No transaction,0 features,0 failed,2024-04
U00477,18-24,Tier 1,Low,Paid Ads,Android,2024-02-01,,,0.0,0.0,0.0,0.0,0.0,0,0,0,0,0,0,0,0,False,False,True,0,,No transaction,0 features,0 failed,2024-02
U00478,25-34,Tier 2,Low,Paid Ads,Android,2024-02-17,,,0.0,0.0,0.0,0.0,0.0,0,0,0,0,0,0,0,0,False,False,True,0,,No transaction,0 features,0 failed,2024-02
U00479,55+,Tier 2,Mid,Branch,Android,2024-02-06,,,0.0,0.0,0.0,0.0,0.0,0,0,0,0,0,0,0,0,False,False,True,0,,No transaction,0 features,0 failed,2024-02
U00480,25-34,Tier 1,Mid,Organic,Android,2024-01-21,,,0.0,0.0,0.0,0.0,0.0,0,0,0,0,0,0,0,0,False,False,True,0,,No transaction,0 features,0 failed,2024-01
U00481,25-34,Tier 3,Low,Paid Ads,iOS,2024-02-26,,,0.0,0.0,0.0,0.0,0.0,0,0,0,0,0,0,0,0,False,False,True,0,,No transaction,0 features,0 failed,2024-02
U00482,35-44,Tier 1,Mid,Organic,Android,2024-04-16,,,0.0,0.0,0.0,0.0,0.0,0,0,0,0,0,0,0,0,False,False,True,0,,No transaction,0 features,0 failed,2024-04
U00483,25-34,Tier 1,Mid,Paid Ads,iOS,2024-03-10,2024-03-10 14:21:00,2024-03-18 21:00:00,4.0,2.0,2.0,24230000.0,6057500.0,0,0,0,0,0,1,1,0,True,False,True,1,8.0,After 7 days,1 feature,1-2 failed,2024-03
U00484,25-34,Tier 2,Low,Paid Ads,Android,2024-03-31,2024-04-01 13:09:00,2024-04-09 11:00:00,15.0,13.0,2.0,17003000.0,1133533.3333333333,1,1,1,0,1,1,5,1,False,False,True,1,7.0,Within 7 days,2+ features,1-2 failed,2024-03
U00485,25-34,Tier 2,Low,Paid Ads,iOS,2024-02-08,2024-02-09 23:10:00,,0.0,0.0,0.0,0.0,0.0,0,0,0,0,0,0,0,0,False,False,True,1,,No transaction,0 features,0 failed,2024-02
U00486,45-54,Tier 3,High,Partnership,Android,2024-03-19,,,0.0,0.0,0.0,0.0,0.0,0,0,0,0,0,0,0,0,False,False,True,0,,No transaction,0 features,0 failed,2024-03
U00487,18-24,Tier 1,Low,Partnership,Android,2024-04-13,2024-04-14 08:04:00,2024-04-21 19:00:00,6.0,5.0,1.0,9801000.0,1633500.0,0,0,0,0,1,0,1,1,True,False,True,1,7.0,Within 7 days,1 feature,1-2 failed,2024-04
U00488,18-24,Tier 2,High,Organic,iOS,2024-03-24,,,0.0,0.0,0.0,0.0,0.0,0,0,0,0,0,0,0,0,False,False,True,0,,No transaction,0 features,0 failed,2024-03
U00489,55+,Tier 2,Mid,Referral,iOS,2024-03-08,,,0.0,0.0,0.0,0.0,0.0,0,0,0,0,0,0,0,0,False,False,True,0,,No transaction,0 features,0 failed,2024-03
U00490,45-54,Tier 3,Mid,Paid Ads,Android,2024-01-02,2024-01-03 09:16:00,2024-01-30 06:00:00,5.0,5.0,0.0,21219000.0,4243800.0,0,1,0,0,0,0,1,0,False,False,True,1,26.0,After 7 days,1 feature,0 failed,2024-01
U00491,25-34,Tier 1,Low,Paid Ads,iOS,2024-03-26,,,0.0,0.0,0.0,0.0,0.0,0,0,0,0,0,0,0,0,False,False,True,0,,No transaction,0 features,0 failed,2024-03
U00492,25-34,Tier 2,Low,Organic,Android,2024-04-14,,,0.0,0.0,0.0,0.0,0.0,0,0,0,0,0,0,0,0,False,False,True,0,,No transaction,0 features,0 failed,2024-04
U00493,18-24,Tier 2,Low,Paid Ads,Android,2024-03-11,,,0.0,0.0,0.0,0.0,0.0,0,0,0,0,0,0,0,0,False,False,True,0,,No transaction,0 features,0 failed,2024-03
U00494,18-24,Tier 1,Low,Referral,Android,2024-02-08,,,0.0,0.0,0.0,0.0,0.0,0,0,0,0,0,0,0,0,False,False,True,0,,No transaction,0 features,0 failed,2024-02
U00495,25-34,Tier 2,Mid,Referral,iOS,2024-03-25,,,0.0,0.0,0.0,0.0,0.0,0,0,0,0,0,0,0,0,False,False,True,0,,No transaction,0 features,0 failed,2024-03
U00496,25-34,Tier 1,Low,Partnership,iOS,2024-01-14,,,0.0,0.0,0.0,0.0,0.0,0,0,0,0,0,0,0,0,False,False,True,0,,No transaction,0 features,0 failed,2024-01
U00497,25-34,Tier 2,Mid,Referral,Android,2024-04-22,2024-04-23 00:27:00,,0.0,0.0,0.0,0.0,0.0,0,0,0,0,0,0,0,0,True,True,False,1,,No transaction,0 features,0 failed,2024-04
U00498,18-24,Tier 3,Mid,Organic,Android,2024-01-18,,,0.0,0.0,0.0,0.0,0.0,0,0,0,0,0,0,0,0,False,False,True,0,,No transaction,0 features,0 failed,2024-01
U00499,55+,Tier 2,Low,Organic,Android,2024-02-03,,,0.0,0.0,0.0,0.0,0.0,0,0,0,0,0,0,0,0,False,False,True,0,,No transaction,0 features,0 failed,2024-02
U00500,55+,Tier 2,Low,Partnership,Android,2024-01-15,2024-01-16 01:20:00,2024-01-24 00:00:00,10.0,9.0,1.0,13010000.0,1301000.0,0,0,0,1,0,1,2,0,True,True,False,1,7.0,Within 7 days,2+ features,1-2 failed,2024-01
U00501,35-44,Tier 2,Low,Branch,Android,2024-04-23,,,0.0,0.0,0.0,0.0,0.0,0,0,0,0,0,0,0,0,False,False,True,0,,No transaction,0 features,0 failed,2024-04
U00502,25-34,Tier 1,Low,Paid Ads,Android,2024-01-14,,,0.0,0.0,0.0,0.0,0.0,0,0,0,0,0,0,0,0,False,False,True,0,,No transaction,0 features,0 failed,2024-01
U00503,25-34,Tier 1,Mid,Referral,Android,2024-04-05,,,0.0,0.0,0.0,0.0,0.0,0,0,0,0,0,0,0,0,False,False,True,0,,No transaction,0 features,0 failed,2024-04
U00504,35-44,Tier 2,Mid,Branch,Android,2024-03-11,2024-03-12 09:23:00,2024-03-13 22:00:00,5.0,4.0,1.0,15724000.0,3144800.0,0,0,1,1,0,0,2,0,True,True,False,1,1.0,Within 7 days,2+ features,1-2 failed,2024-03
U00505,35-44,Tier 1,Mid,Paid Ads,Android,2024-01-20,2024-01-21 18:05:00,2024-01-22 21:00:00,12.0,12.0,0.0,71416000.0,5951333.333333333,0,1,1,0,1,1,4,1,True,False,True,1,1.0,Within 7 days,2+ features,0 failed,2024-01
U00506,18-24,Tier 1,Mid,Partnership,iOS,2024-02-04,,,0.0,0.0,0.0,0.0,0.0,0,0,0,0,0,0,0,0,False,False,True,0,,No transaction,0 features,0 failed,2024-02
U00507,45-54,Tier 2,Mid,Partnership,Android,2024-02-06,,,0.0,0.0,0.0,0.0,0.0,0,0,0,0,0,0,0,0,False,False,True,0,,No transaction,0 features,0 failed,2024-02
U00508,35-44,Tier 1,Mid,Referral,Android,2024-03-18,2024-03-19 18:29:00,2024-03-20 21:00:00,13.0,12.0,1.0,74694000.0,5745692.307692308,1,1,1,0,1,1,5,1,True,True,False,1,1.0,Within 7 days,2+ features,1-2 failed,2024-03
U00509,45-54,Tier 1,Mid,Paid Ads,Android,2024-01-27,,,0.0,0.0,0.0,0.0,0.0,0,0,0,0,0,0,0,0,False,False,True,0,,No transaction,0 features,0 failed,2024-01
U00510,35-44,Tier 2,Low,Organic,Android,2024-04-01,,,0.0,0.0,0.0,0.0,0.0,0,0,0,0,0,0,0,0,False,False,True,0,,No transaction,0 features,0 failed,2024-04
U00511,25-34,Tier 1,Low,Referral,Android,2024-02-13,2024-02-14 07:26:00,2024-02-24 09:00:00,7.0,7.0,0.0,6298000.0,899714.2857142857,0,0,1,1,1,0,3,1,True,True,False,1,10.0,After 7 days,2+ features,0 failed,2024-02
U00512,25-34,Tier 3,Mid,Partnership,Android,2024-01-27,,,0.0,0.0,0.0,0.0,0.0,0,0,0,0,0,0,0,0,False,False,True,0,,No transaction,0 features,0 failed,2024-01
U00513,45-54,Tier 3,Mid,Partnership,iOS,2024-03-28,,,0.0,0.0,0.0,0.0,0.0,0,0,0,0,0,0,0,0,False,False,True,0,,No transaction,0 features,0 failed,2024-03
U00514,45-54,Tier 2,Mid,Paid Ads,Android,2024-03-22,,,0.0,0.0,0.0,0.0,0.0,0,0,0,0,0,0,0,0,False,False,True,0,,No transaction,0 features,0 failed,2024-03
U00515,18-24,Tier 1,Mid,Paid Ads,Android,2024-04-19,,,0.0,0.0,0.0,0.0,0.0,0,0,0,0,0,0,0,0,False,False,True,0,,No transaction,0 features,0 failed,2024-04
U00516,18-24,Tier 2,Mid,Organic,Android,2024-02-03,,,0.0,0.0,0.0,0.0,0.0,0,0,0,0,0,0,0,0,False,False,True,0,,No transaction,0 features,0 failed,2024-02
U00517,25-34,Tier 3,Mid,Organic,Android,2024-03-05,,,0.0,0.0,0.0,0.0,0.0,0,0,0,0,0,0,0,0,False,False,True,0,,No transaction,0 features,0 failed,2024-03
U00518,35-44,Tier 2,Mid,Referral,iOS,2024-03-03,,,0.0,0.0,0.0,0.0,0.0,0,0,0,0,0,0,0,0,False,False,True,0,,No transaction,0 features,0 failed,2024-03
U00519,55+,Tier 1,Mid,Paid Ads,iOS,2024-02-02,,,0.0,0.0,0.0,0.0,0.0,0,0,0,0,0,0,0,0,False,False,True,0,,No transaction,0 features,0 failed,2024-02
U00520,18-24,Tier 2,Mid,Paid Ads,Android,2024-04-25,,,0.0,0.0,0.0,0.0,0.0,0,0,0,0,0,0,0,0,False,False,True,0,,No transaction,0 features,0 failed,2024-04
U00521,25-34,Tier 3,Mid,Organic,Android,2024-04-26,,,0.0,0.0,0.0,0.0,0.0,0,0,0,0,0,0,0,0,False,False,True,0,,No transaction,0 features,0 failed,2024-04
U00522,25-34,Tier 2,Mid,Branch,iOS,2024-04-18,,,0.0,0.0,0.0,0.0,0.0,0,0,0,0,0,0,0,0,False,False,True,0,,No transaction,0 features,0 failed,2024-04
U00523,55+,Tier 2,High,Referral,Android,2024-01-07,2024-01-08 19:07:00,2024-01-17 23:00:00,4.0,4.0,0.0,133067000.0,33266750.0,1,0,0,0,0,1,2,1,True,True,False,1,9.0,After 7 days,2+ features,0 failed,2024-01
U00524,35-44,Tier 2,Mid,Partnership,iOS,2024-01-12,,,0.0,0.0,0.0,0.0,0.0,0,0,0,0,0,0,0,0,False,False,True,0,,No transaction,0 features,0 failed,2024-01
U00525,35-44,Tier 2,Mid,Paid Ads,iOS,2024-03-22,,,0.0,0.0,0.0,0.0,0.0,0,0,0,0,0,0,0,0,False,False,True,0,,No transaction,0 features,0 failed,2024-03
U00526,25-34,Tier 1,Mid,Organic,Android,2024-02-24,,,0.0,0.0,0.0,0.0,0.0,0,0,0,0,0,0,0,0,False,False,True,0,,No transaction,0 features,0 failed,2024-02
U00527,25-34,Tier 2,Mid,Partnership,iOS,2024-04-16,,,0.0,0.0,0.0,0.0,0.0,0,0,0,0,0,0,0,0,False,False,True,0,,No transaction,0 features,0 failed,2024-04
U00528,18-24,Tier 1,Low,Paid Ads,iOS,2024-02-05,2024-02-06 16:24:00,2024-02-17 20:00:00,11.0,10.0,1.0,11637000.0,1057909.0909090908,1,0,0,1,1,0,3,1,False,False,True,1,11.0,After 7 days,2+ features,1-2 failed,2024-02
U00529,18-24,Tier 1,High,Paid Ads,iOS,2024-01-06,,,0.0,0.0,0.0,0.0,0.0,0,0,0,0,0,0,0,0,False,False,True,0,,No transaction,0 features,0 failed,2024-01
U00530,45-54,Tier 1,Low,Paid Ads,Android,2024-01-01,,,0.0,0.0,0.0,0.0,0.0,0,0,0,0,0,0,0,0,False,False,True,0,,No transaction,0 features,0 failed,2024-01
U00531,35-44,Tier 2,Mid,Organic,Android,2024-02-12,,,0.0,0.0,0.0,0.0,0.0,0,0,0,0,0,0,0,0,False,False,True,0,,No transaction,0 features,0 failed,2024-02
U00532,55+,Tier 1,Mid,Paid Ads,Android,2024-04-08,,,0.0,0.0,0.0,0.0,0.0,0,0,0,0,0,0,0,0,False,False,True,0,,No transaction,0 features,0 failed,2024-04
U00533,55+,Tier 2,High,Branch,Android,2024-01-17,2024-01-18 04:12:00,2024-02-05 17:00:00,13.0,12.0,1.0,394990000.0,30383846.153846152,1,1,0,1,0,1,4,1,True,True,False,1,18.0,After 7 days,2+ features,1-2 failed,2024-01
U00534,25-34,Tier 2,Low,Organic,Android,2024-03-22,,,0.0,0.0,0.0,0.0,0.0,0,0,0,0,0,0,0,0,False,False,True,0,,No transaction,0 features,0 failed,2024-03
U00535,35-44,Tier 1,Mid,Referral,Android,2024-02-03,2024-02-04 17:20:00,2024-03-11 13:00:00,2.0,1.0,1.0,13082000.0,6541000.0,0,1,0,0,1,0,2,1,True,False,True,1,35.0,After 7 days,2+ features,1-2 failed,2024-02
U00536,45-54,Tier 1,Mid,Branch,Android,2024-01-21,,,0.0,0.0,0.0,0.0,0.0,0,0,0,0,0,0,0,0,False,False,True,0,,No transaction,0 features,0 failed,2024-01
U00537,35-44,Tier 1,Mid,Referral,Android,2024-04-04,,,0.0,0.0,0.0,0.0,0.0,0,0,0,0,0,0,0,0,False,False,True,0,,No transaction,0 features,0 failed,2024-04
U00538,18-24,Tier 3,Low,Paid Ads,Android,2024-02-26,,,0.0,0.0,0.0,0.0,0.0,0,0,0,0,0,0,0,0,False,False,True,0,,No transaction,0 features,0 failed,2024-02
U00539,25-34,Tier 2,Mid,Paid Ads,Android,2024-03-11,,,0.0,0.0,0.0,0.0,0.0,0,0,0,0,0,0,0,0,False,False,True,0,,No transaction,0 features,0 failed,2024-03
U00540,18-24,Tier 2,Mid,Paid Ads,iOS,2024-03-31,2024-04-01 21:26:00,2024-04-04 11:00:00,10.0,9.0,1.0,41884000.0,4188400.0,1,0,0,0,1,1,3,1,True,True,False,1,2.0,Within 7 days,2+ features,1-2 failed,2024-03
U00541,55+,Tier 1,Low,Referral,Android,2024-02-24,,,0.0,0.0,0.0,0.0,0.0,0,0,0,0,0,0,0,0,False,False,True,0,,No transaction,0 features,0 failed,2024-02
U00542,25-34,Tier 2,Mid,Referral,Android,2024-03-12,2024-03-13 00:13:00,2024-03-17 15:00:00,11.0,10.0,1.0,54984000.0,4998545.454545454,1,1,0,0,0,0,2,1,True,False,True,1,4.0,Within 7 days,2+ features,1-2 failed,2024-03
U00543,18-24,Tier 3,Mid,Organic,iOS,2024-01-02,2024-01-03 02:08:00,2024-01-24 11:00:00,4.0,4.0,0.0,22002000.0,5500500.0,0,0,0,1,0,1,2,0,True,False,True,1,21.0,After 7 days,2+ features,0 failed,2024-01
U00544,35-44,Tier 3,Mid,Paid Ads,Android,2024-01-15,,,0.0,0.0,0.0,0.0,0.0,0,0,0,0,0,0,0,0,False,False,True,0,,No transaction,0 features,0 failed,2024-01
U00545,25-34,Tier 2,High,Paid Ads,Android,2024-01-10,,,0.0,0.0,0.0,0.0,0.0,0,0,0,0,0,0,0,0,False,False,True,0,,No transaction,0 features,0 failed,2024-01
U00546,25-34,Tier 1,Mid,Paid Ads,iOS,2024-04-23,,,0.0,0.0,0.0,0.0,0.0,0,0,0,0,0,0,0,0,False,False,True,0,,No transaction,0 features,0 failed,2024-04
U00547,18-24,Tier 1,High,Paid Ads,iOS,2024-03-29,2024-03-30 19:04:00,2024-03-31 07:00:00,3.0,3.0,0.0,78643000.0,26214333.333333332,0,1,0,1,0,0,2,0,False,False,True,1,0.0,Within 7 days,2+ features,0 failed,2024-03
U00548,35-44,Tier 1,High,Organic,Android,2024-04-25,,,0.0,0.0,0.0,0.0,0.0,0,0,0,0,0,0,0,0,False,False,True,0,,No transaction,0 features,0 failed,2024-04
U00549,25-34,Tier 1,Low,Organic,iOS,2024-01-20,,,0.0,0.0,0.0,0.0,0.0,0,0,0,0,0,0,0,0,False,False,True,0,,No transaction,0 features,0 failed,2024-01
U00550,35-44,Tier 1,Low,Partnership,iOS,2024-03-10,2024-03-11 11:17:00,2024-03-20 03:00:00,9.0,8.0,1.0,7484000.0,831555.5555555555,1,1,0,0,0,1,3,1,True,True,False,1,8.0,After 7 days,2+ features,1-2 failed,2024-03
U00551,25-34,Tier 1,Mid,Paid Ads,Android,2024-01-05,,,0.0,0.0,0.0,0.0,0.0,0,0,0,0,0,0,0,0,False,False,True,0,,No transaction,0 features,0 failed,2024-01
U00552,45-54,Tier 1,Mid,Referral,Android,2024-04-16,2024-04-17 14:08:00,2024-04-18 22:00:00,13.0,13.0,0.0,74147000.0,5703615.384615385,1,0,1,0,1,0,3,1,True,True,False,1,1.0,Within 7 days,2+ features,0 failed,2024-04
U00553,25-34,Tier 3,Mid,Organic,Android,2024-02-17,2024-02-18 02:11:00,2024-02-25 01:00:00,4.0,4.0,0.0,24334000.0,6083500.0,0,0,0,1,0,1,2,0,True,True,False,1,6.0,Within 7 days,2+ features,0 failed,2024-02
U00554,25-34,Tier 2,Mid,Organic,Android,2024-03-15,2024-03-15 18:10:00,2024-04-05 07:00:00,11.0,11.0,0.0,44184000.0,4016727.272727273,0,1,1,0,0,0,2,0,True,True,False,1,20.0,After 7 days,2+ features,0 failed,2024-03
U00555,45-54,Tier 3,Mid,Referral,Android,2024-03-11,2024-03-12 14:28:00,2024-03-14 20:00:00,8.0,8.0,0.0,47006000.0,5875750.0,1,0,1,0,1,1,4,1,True,False,True,1,2.0,Within 7 days,2+ features,0 failed,2024-03
U00556,25-34,Tier 2,Mid,Partnership,iOS,2024-01-19,2024-01-20 11:29:00,2024-01-22 06:00:00,15.0,14.0,1.0,58815000.0,3921000.0,1,1,1,1,1,0,5,1,True,True,False,1,1.0,Within 7 days,2+ features,1-2 failed,2024-01
U00557,18-24,Tier 1,Low,Branch,Android,2024-02-25,,,0.0,0.0,0.0,0.0,0.0,0,0,0,0,0,0,0,0,False,False,True,0,,No transaction,0 features,0 failed,2024-02
U00558,18-24,Tier 2,High,Partnership,iOS,2024-01-17,,,0.0,0.0,0.0,0.0,0.0,0,0,0,0,0,0,0,0,False,False,True,0,,No transaction,0 features,0 failed,2024-01
U00559,35-44,Tier 1,Mid,Branch,Android,2024-01-06,2024-01-07 05:16:00,,0.0,0.0,0.0,0.0,0.0,0,0,0,0,0,1,1,0,True,True,False,1,,No transaction,1 feature,0 failed,2024-01
U00560,25-34,Tier 2,High,Branch,Android,2024-02-09,,,0.0,0.0,0.0,0.0,0.0,0,0,0,0,0,0,0,0,False,False,True,0,,No transaction,0 features,0 failed,2024-02
U00561,35-44,Tier 1,Low,Paid Ads,Android,2024-02-16,,,0.0,0.0,0.0,0.0,0.0,0,0,0,0,0,0,0,0,False,False,True,0,,No transaction,0 features,0 failed,2024-02
U00562,18-24,Tier 3,High,Organic,Android,2024-04-25,,,0.0,0.0,0.0,0.0,0.0,0,0,0,0,0,0,0,0,False,False,True,0,,No transaction,0 features,0 failed,2024-04
U00563,18-24,Tier 1,Low,Partnership,Android,2024-04-11,,,0.0,0.0,0.0,0.0,0.0,0,0,0,0,0,0,0,0,False,False,True,0,,No transaction,0 features,0 failed,2024-04
U00564,18-24,Tier 1,Low,Organic,iOS,2024-04-20,2024-04-21 11:27:00,,0.0,0.0,0.0,0.0,0.0,0,0,0,0,0,1,1,0,True,True,False,1,,No transaction,1 feature,0 failed,2024-04
U00565,25-34,Tier 3,Low,Referral,Android,2024-01-06,2024-01-07 17:05:00,2024-01-08 23:00:00,8.0,8.0,0.0,9474000.0,1184250.0,1,0,1,1,0,0,3,1,False,False,True,1,1.0,Within 7 days,2+ features,0 failed,2024-01
U00566,25-34,Tier 1,Mid,Organic,Android,2024-04-25,,,0.0,0.0,0.0,0.0,0.0,0,0,0,0,0,0,0,0,False,False,True,0,,No transaction,0 features,0 failed,2024-04
U00567,25-34,Tier 2,High,Paid Ads,iOS,2024-02-15,,,0.0,0.0,0.0,0.0,0.0,0,0,0,0,0,0,0,0,False,False,True,0,,No transaction,0 features,0 failed,2024-02
U00568,25-34,Tier 2,Mid,Referral,Android,2024-01-27,2024-01-28 12:29:00,2024-02-03 07:00:00,6.0,6.0,0.0,30788000.0,5131333.333333333,0,1,0,0,0,1,2,0,True,True,False,1,5.0,Within 7 days,2+ features,0 failed,2024-01
U00569,45-54,Tier 3,High,Organic,Android,2024-03-28,,,0.0,0.0,0.0,0.0,0.0,0,0,0,0,0,0,0,0,False,False,True,0,,No transaction,0 features,0 failed,2024-03
U00570,25-34,Tier 3,Mid,Paid Ads,Android,2024-02-01,,,0.0,0.0,0.0,0.0,0.0,0,0,0,0,0,0,0,0,False,False,True,0,,No transaction,0 features,0 failed,2024-02
U00571,25-34,Tier 3,Mid,Partnership,iOS,2024-03-26,2024-03-27 05:10:00,2024-04-10 03:00:00,3.0,1.0,2.0,15872000.0,5290666.666666667,0,0,0,0,0,0,0,0,False,False,True,1,13.0,After 7 days,0 features,1-2 failed,2024-03
U00572,35-44,Tier 1,High,Paid Ads,Android,2024-01-14,,,0.0,0.0,0.0,0.0,0.0,0,0,0,0,0,0,0,0,False,False,True,0,,No transaction,0 features,0 failed,2024-01
U00573,25-34,Tier 3,Low,Partnership,Android,2024-02-15,,,0.0,0.0,0.0,0.0,0.0,0,0,0,0,0,0,0,0,False,False,True,0,,No transaction,0 features,0 failed,2024-02
U00574,25-34,Tier 2,Mid,Organic,Android,2024-04-09,2024-04-10 10:19:00,,0.0,0.0,0.0,0.0,0.0,0,0,0,0,1,0,1,1,True,True,False,1,,No transaction,1 feature,0 failed,2024-04
U00575,45-54,Tier 2,High,Organic,iOS,2024-03-12,,,0.0,0.0,0.0,0.0,0.0,0,0,0,0,0,0,0,0,False,False,True,0,,No transaction,0 features,0 failed,2024-03
U00576,45-54,Tier 1,High,Paid Ads,Android,2024-04-23,2024-04-25 02:30:00,2024-05-26 04:00:00,10.0,10.0,0.0,259937000.0,25993700.0,1,0,0,1,1,0,3,1,True,True,False,1,31.0,After 7 days,2+ features,0 failed,2024-04
U00577,18-24,Tier 2,High,Paid Ads,iOS,2024-04-21,2024-04-22 01:21:00,2024-04-23 09:00:00,4.0,3.0,1.0,113245000.0,28311250.0,0,1,1,1,0,0,3,0,True,False,True,1,1.0,Within 7 days,2+ features,1-2 failed,2024-04
U00578,45-54,Tier 3,High,Paid Ads,Android,2024-02-22,,,0.0,0.0,0.0,0.0,0.0,0,0,0,0,0,0,0,0,False,False,True,0,,No transaction,0 features,0 failed,2024-02
U00579,25-34,Tier 3,Low,Partnership,Android,2024-03-20,,,0.0,0.0,0.0,0.0,0.0,0,0,0,0,0,0,0,0,False,False,True,0,,No transaction,0 features,0 failed,2024-03
U00580,18-24,Tier 1,High,Partnership,iOS,2024-04-05,,,0.0,0.0,0.0,0.0,0.0,0,0,0,0,0,0,0,0,False,False,True,0,,No transaction,0 features,0 failed,2024-04
U00581,25-34,Tier 1,Mid,Branch,iOS,2024-01-20,,,0.0,0.0,0.0,0.0,0.0,0,0,0,0,0,0,0,0,False,False,True,0,,No transaction,0 features,0 failed,2024-01
U00582,55+,Tier 1,High,Referral,Android,2024-01-31,,,0.0,0.0,0.0,0.0,0.0,0,0,0,0,0,0,0,0,False,False,True,0,,No transaction,0 features,0 failed,2024-01
U00583,25-34,Tier 3,Mid,Organic,Android,2024-04-20,,,0.0,0.0,0.0,0.0,0.0,0,0,0,0,0,0,0,0,False,False,True,0,,No transaction,0 features,0 failed,2024-04
U00584,25-34,Tier 2,Mid,Paid Ads,Android,2024-01-21,,,0.0,0.0,0.0,0.0,0.0,0,0,0,0,0,0,0,0,False,False,True,0,,No transaction,0 features,0 failed,2024-01
U00585,25-34,Tier 2,Mid,Organic,Android,2024-04-12,,,0.0,0.0,0.0,0.0,0.0,0,0,0,0,0,0,0,0,False,False,True,0,,No transaction,0 features,0 failed,2024-04
U00586,18-24,Tier 1,Mid,Referral,iOS,2024-04-13,,,0.0,0.0,0.0,0.0,0.0,0,0,0,0,0,0,0,0,False,False,True,0,,No transaction,0 features,0 failed,2024-04
U00587,18-24,Tier 1,Low,Organic,Android,2024-01-23,2024-01-23 19:26:00,2024-01-28 05:00:00,9.0,8.0,1.0,11161000.0,1240111.111111111,0,1,1,0,0,0,2,0,True,True,False,1,4.0,Within 7 days,2+ features,1-2 failed,2024-01
U00588,18-24,Tier 2,High,Referral,Android,2024-04-22,,,0.0,0.0,0.0,0.0,0.0,0,0,0,0,0,0,0,0,False,False,True,0,,No transaction,0 features,0 failed,2024-04
U00589,18-24,Tier 3,High,Organic,iOS,2024-02-22,,,0.0,0.0,0.0,0.0,0.0,0,0,0,0,0,0,0,0,False,False,True,0,,No transaction,0 features,0 failed,2024-02
U00590,18-24,Tier 2,Low,Organic,Android,2024-01-04,,,0.0,0.0,0.0,0.0,0.0,0,0,0,0,0,0,0,0,False,False,True,0,,No transaction,0 features,0 failed,2024-01
U00591,18-24,Tier 1,Mid,Paid Ads,Android,2024-01-23,,,0.0,0.0,0.0,0.0,0.0,0,0,0,0,0,0,0,0,False,False,True,0,,No transaction,0 features,0 failed,2024-01
U00592,25-34,Tier 2,Mid,Paid Ads,iOS,2024-04-04,2024-04-05 09:18:00,2024-04-13 15:00:00,9.0,8.0,1.0,51510000.0,5723333.333333333,0,0,1,0,0,1,2,0,True,True,False,1,8.0,After 7 days,2+ features,1-2 failed,2024-04
U00593,18-24,Tier 1,Mid,Paid Ads,Android,2024-02-12,2024-02-13 03:25:00,2024-02-20 05:00:00,9.0,9.0,0.0,50224000.0,5580444.444444444,0,0,1,0,0,1,2,0,False,False,True,1,7.0,Within 7 days,2+ features,0 failed,2024-02
U00594,25-34,Tier 3,Low,Paid Ads,iOS,2024-04-10,2024-04-11 12:02:00,2024-04-23 11:00:00,6.0,6.0,0.0,6444000.0,1074000.0,1,0,0,0,0,0,1,1,True,False,True,1,11.0,After 7 days,1 feature,0 failed,2024-04
U00595,45-54,Tier 1,High,Organic,Android,2024-02-22,,,0.0,0.0,0.0,0.0,0.0,0,0,0,0,0,0,0,0,False,False,True,0,,No transaction,0 features,0 failed,2024-02
U00596,25-34,Tier 2,Mid,Referral,Android,2024-04-12,2024-04-13 20:09:00,2024-04-26 13:00:00,5.0,5.0,0.0,30869000.0,6173800.0,0,0,1,0,1,0,2,1,True,False,True,1,12.0,After 7 days,2+ features,0 failed,2024-04
U00597,35-44,Tier 1,Mid,Organic,Android,2024-03-26,2024-03-27 19:10:00,,0.0,0.0,0.0,0.0,0.0,0,0,0,0,0,0,0,0,False,False,True,1,,No transaction,0 features,0 failed,2024-03
U00598,18-24,Tier 2,Mid,Partnership,Android,2024-04-20,,,0.0,0.0,0.0,0.0,0.0,0,0,0,0,0,0,0,0,False,False,True,0,,No transaction,0 features,0 failed,2024-04
U00599,18-24,Tier 2,Low,Paid Ads,iOS,2024-04-04,,,0.0,0.0,0.0,0.0,0.0,0,0,0,0,0,0,0,0,False,False,True,0,,No transaction,0 features,0 failed,2024-04
U00600,18-24,Tier 2,Mid,Organic,iOS,2024-04-13,,,0.0,0.0,0.0,0.0,0.0,0,0,0,0,0,0,0,0,False,False,True,0,,No transaction,0 features,0 failed,2024-04
U00601,18-24,Tier 1,Low,Referral,iOS,2024-02-01,2024-02-02 09:27:00,2024-02-14 17:00:00,5.0,3.0,2.0,5491000.0,1098200.0,0,0,0,0,1,1,2,1,True,True,False,1,12.0,After 7 days,2+ features,1-2 failed,2024-02
U00602,18-24,Tier 1,Low,Branch,Android,2024-02-04,2024-02-05 14:20:00,,2.0,0.0,2.0,734000.0,367000.0,1,0,0,0,0,0,1,1,False,False,True,1,,No transaction,1 feature,1-2 failed,2024-02
U00603,18-24,Tier 1,Mid,Paid Ads,iOS,2024-01-21,2024-01-22 23:19:00,2024-02-07 04:00:00,6.0,6.0,0.0,37340000.0,6223333.333333333,0,1,0,0,1,1,3,1,False,False,True,1,15.0,After 7 days,2+ features,0 failed,2024-01
U00604,18-24,Tier 2,High,Partnership,iOS,2024-04-10,,,0.0,0.0,0.0,0.0,0.0,0,0,0,0,0,0,0,0,False,False,True,0,,No transaction,0 features,0 failed,2024-04
U00605,18-24,Tier 1,Mid,Referral,Android,2024-03-30,2024-03-31 06:27:00,2024-03-31 16:00:00,9.0,9.0,0.0,46396000.0,5155111.111111111,0,1,0,1,1,0,3,1,True,False,True,1,0.0,Within 7 days,2+ features,0 failed,2024-03
U00606,25-34,Tier 2,Low,Organic,iOS,2024-01-14,2024-01-15 01:18:00,2024-01-25 11:00:00,7.0,6.0,1.0,6435000.0,919285.7142857143,0,0,0,0,1,1,2,1,False,False,True,1,10.0,After 7 days,2+ features,1-2 failed,2024-01
U00607,18-24,Tier 3,Mid,Partnership,Android,2024-02-18,,,0.0,0.0,0.0,0.0,0.0,0,0,0,0,0,0,0,0,False,False,True,0,,No transaction,0 features,0 failed,2024-02
U00608,25-34,Tier 3,High,Paid Ads,Android,2024-04-21,,,0.0,0.0,0.0,0.0,0.0,0,0,0,0,0,0,0,0,False,False,True,0,,No transaction,0 features,0 failed,2024-04
U00609,25-34,Tier 1,Mid,Paid Ads,iOS,2024-01-05,,,0.0,0.0,0.0,0.0,0.0,0,0,0,0,0,0,0,0,False,False,True,0,,No transaction,0 features,0 failed,2024-01
U00610,35-44,Tier 2,High,Paid Ads,Android,2024-04-19,,,0.0,0.0,0.0,0.0,0.0,0,0,0,0,0,0,0,0,False,False,True,0,,No transaction,0 features,0 failed,2024-04
U00611,18-24,Tier 1,Mid,Paid Ads,Android,2024-03-01,2024-03-02 17:25:00,2024-04-08 14:00:00,2.0,2.0,0.0,13059000.0,6529500.0,0,0,0,0,0,0,0,0,False,False,True,1,36.0,After 7 days,0 features,0 failed,2024-03
U00612,35-44,Tier 2,Mid,Paid Ads,Android,2024-01-29,,,0.0,0.0,0.0,0.0,0.0,0,0,0,0,0,0,0,0,False,False,True,0,,No transaction,0 features,0 failed,2024-01
U00613,25-34,Tier 3,Low,Referral,iOS,2024-01-26,2024-01-27 10:29:00,2024-02-07 23:00:00,4.0,1.0,3.0,3083000.0,770750.0,1,0,0,0,0,0,1,1,True,False,True,1,11.0,After 7 days,1 feature,3+ failed,2024-01
U00614,18-24,Tier 1,Mid,Referral,Android,2024-04-14,,,0.0,0.0,0.0,0.0,0.0,0,0,0,0,0,0,0,0,False,False,True,0,,No transaction,0 features,0 failed,2024-04
U00615,45-54,Tier 1,Mid,Partnership,Android,2024-02-28,,,0.0,0.0,0.0,0.0,0.0,0,0,0,0,0,0,0,0,False,False,True,0,,No transaction,0 features,0 failed,2024-02
U00616,45-54,Tier 3,Mid,Referral,Android,2024-02-14,,,0.0,0.0,0.0,0.0,0.0,0,0,0,0,0,0,0,0,False,False,True,0,,No transaction,0 features,0 failed,2024-02
U00617,18-24,Tier 3,High,Paid Ads,Android,2024-02-09,,,0.0,0.0,0.0,0.0,0.0,0,0,0,0,0,0,0,0,False,False,True,0,,No transaction,0 features,0 failed,2024-02
U00618,18-24,Tier 1,High,Paid Ads,iOS,2024-04-15,2024-04-16 15:05:00,2024-04-23 18:00:00,11.0,8.0,3.0,319252000.0,29022909.09090909,0,1,0,1,1,0,3,1,False,False,True,1,7.0,Within 7 days,2+ features,3+ failed,2024-04
U00619,35-44,Tier 2,Low,Branch,Android,2024-04-11,2024-04-12 18:09:00,,0.0,0.0,0.0,0.0,0.0,0,0,0,0,0,0,0,0,False,False,True,1,,No transaction,0 features,0 failed,2024-04
U00620,35-44,Tier 1,Low,Referral,Android,2024-04-21,,,0.0,0.0,0.0,0.0,0.0,0,0,0,0,0,0,0,0,False,False,True,0,,No transaction,0 features,0 failed,2024-04
U00621,18-24,Tier 1,Mid,Referral,Android,2024-01-30,2024-01-31 11:15:00,2024-02-14 12:00:00,7.0,7.0,0.0,29659000.0,4237000.0,0,0,0,1,0,0,1,0,True,False,True,1,14.0,After 7 days,1 feature,0 failed,2024-01
U00622,18-24,Tier 3,Low,Partnership,iOS,2024-01-29,2024-01-30 14:09:00,2024-02-13 12:00:00,8.0,8.0,0.0,7176000.0,897000.0,0,0,0,1,1,1,3,1,False,False,True,1,13.0,After 7 days,2+ features,0 failed,2024-01
U00623,25-34,Tier 3,Mid,Partnership,Android,2024-01-04,,,0.0,0.0,0.0,0.0,0.0,0,0,0,0,0,0,0,0,False,False,True,0,,No transaction,0 features,0 failed,2024-01
U00624,25-34,Tier 2,High,Paid Ads,iOS,2024-03-25,2024-03-26 18:02:00,2024-04-23 12:00:00,2.0,2.0,0.0,47140000.0,23570000.0,1,0,1,1,0,0,3,1,False,False,True,1,27.0,After 7 days,2+ features,0 failed,2024-03
U00625,25-34,Tier 1,High,Paid Ads,Android,2024-01-25,,,0.0,0.0,0.0,0.0,0.0,0,0,0,0,0,0,0,0,False,False,True,0,,No transaction,0 features,0 failed,2024-01
U00626,25-34,Tier 3,Mid,Referral,Android,2024-02-21,2024-02-22 15:26:00,2024-04-09 18:00:00,1.0,1.0,0.0,8373000.0,8373000.0,0,0,1,0,0,0,1,0,True,False,True,1,47.0,After 7 days,1 feature,0 failed,2024-02
U00627,25-34,Tier 1,High,Paid Ads,iOS,2024-02-12,,,0.0,0.0,0.0,0.0,0.0,0,0,0,0,0,0,0,0,False,False,True,0,,No transaction,0 features,0 failed,2024-02
U00628,35-44,Tier 1,Mid,Partnership,iOS,2024-02-05,,,0.0,0.0,0.0,0.0,0.0,0,0,0,0,0,0,0,0,False,False,True,0,,No transaction,0 features,0 failed,2024-02
U00629,18-24,Tier 2,Low,Partnership,iOS,2024-04-20,2024-04-21 19:12:00,2024-04-28 00:00:00,7.0,5.0,2.0,8978000.0,1282571.4285714286,0,0,1,0,0,1,2,0,False,False,True,1,6.0,Within 7 days,2+ features,1-2 failed,2024-04
U00630,18-24,Tier 1,Mid,Organic,iOS,2024-01-09,,,0.0,0.0,0.0,0.0,0.0,0,0,0,0,0,0,0,0,False,False,True,0,,No transaction,0 features,0 failed,2024-01
U00631,35-44,Tier 2,Mid,Referral,iOS,2024-04-08,2024-04-09 15:10:00,2024-04-10 14:00:00,12.0,10.0,2.0,70668000.0,5889000.0,1,1,0,1,0,1,4,1,False,False,True,1,0.0,Within 7 days,2+ features,1-2 failed,2024-04
U00632,45-54,Tier 2,Mid,Paid Ads,iOS,2024-02-05,,,0.0,0.0,0.0,0.0,0.0,0,0,0,0,0,0,0,0,False,False,True,0,,No transaction,0 features,0 failed,2024-02
U00633,25-34,Tier 1,Low,Branch,iOS,2024-02-14,2024-02-14 23:26:00,2024-02-26 00:00:00,6.0,6.0,0.0,7506000.0,1251000.0,0,1,1,1,1,0,4,1,True,False,True,1,11.0,After 7 days,2+ features,0 failed,2024-02
U00634,25-34,Tier 1,Mid,Paid Ads,Android,2024-03-23,2024-03-24 05:30:00,2024-04-04 08:00:00,3.0,2.0,1.0,20726000.0,6908666.666666667,0,0,1,0,0,0,1,0,True,False,True,1,11.0,After 7 days,1 feature,1-2 failed,2024-03
U00635,18-24,Tier 1,Mid,Referral,Android,2024-03-06,2024-03-07 05:20:00,2024-03-12 00:00:00,9.0,9.0,0.0,26860000.0,2984444.4444444445,0,1,0,1,0,1,3,0,True,False,True,1,4.0,Within 7 days,2+ features,0 failed,2024-03
U00636,25-34,Tier 1,High,Organic,Android,2024-02-21,2024-02-22 10:19:00,2024-03-06 03:00:00,3.0,3.0,0.0,55379000.0,18459666.666666668,0,0,0,1,0,1,2,0,False,False,True,1,12.0,After 7 days,2+ features,0 failed,2024-02
U00637,25-34,Tier 2,Mid,Paid Ads,iOS,2024-03-27,,,0.0,0.0,0.0,0.0,0.0,0,0,0,0,0,0,0,0,False,False,True,0,,No transaction,0 features,0 failed,2024-03
U00638,18-24,Tier 3,Mid,Organic,Android,2024-04-17,,,0.0,0.0,0.0,0.0,0.0,0,0,0,0,0,0,0,0,False,False,True,0,,No transaction,0 features,0 failed,2024-04
U00639,18-24,Tier 1,Mid,Partnership,iOS,2024-03-09,,,0.0,0.0,0.0,0.0,0.0,0,0,0,0,0,0,0,0,False,False,True,0,,No transaction,0 features,0 failed,2024-03
U00640,25-34,Tier 1,Low,Partnership,Android,2024-02-12,,,0.0,0.0,0.0,0.0,0.0,0,0,0,0,0,0,0,0,False,False,True,0,,No transaction,0 features,0 failed,2024-02
U00641,18-24,Tier 2,Mid,Paid Ads,Android,2024-01-04,,,0.0,0.0,0.0,0.0,0.0,0,0,0,0,0,0,0,0,False,False,True,0,,No transaction,0 features,0 failed,2024-01
U00642,25-34,Tier 3,High,Referral,Android,2024-01-15,,,0.0,0.0,0.0,0.0,0.0,0,0,0,0,0,0,0,0,False,False,True,0,,No transaction,0 features,0 failed,2024-01
U00643,18-24,Tier 1,Mid,Partnership,Android,2024-04-22,,,0.0,0.0,0.0,0.0,0.0,0,0,0,0,0,0,0,0,False,False,True,0,,No transaction,0 features,0 failed,2024-04
U00644,25-34,Tier 1,High,Referral,Android,2024-02-03,,,0.0,0.0,0.0,0.0,0.0,0,0,0,0,0,0,0,0,False,False,True,0,,No transaction,0 features,0 failed,2024-02
U00645,18-24,Tier 2,Low,Organic,Android,2024-01-23,,,0.0,0.0,0.0,0.0,0.0,0,0,0,0,0,0,0,0,False,False,True,0,,No transaction,0 features,0 failed,2024-01
U00646,45-54,Tier 1,Low,Branch,iOS,2024-03-15,,,0.0,0.0,0.0,0.0,0.0,0,0,0,0,0,0,0,0,False,False,True,0,,No transaction,0 features,0 failed,2024-03
U00647,25-34,Tier 1,High,Partnership,Android,2024-02-03,,,0.0,0.0,0.0,0.0,0.0,0,0,0,0,0,0,0,0,False,False,True,0,,No transaction,0 features,0 failed,2024-02
U00648,35-44,Tier 2,High,Partnership,Android,2024-01-05,,,0.0,0.0,0.0,0.0,0.0,0,0,0,0,0,0,0,0,False,False,True,0,,No transaction,0 features,0 failed,2024-01
U00649,35-44,Tier 2,High,Organic,Android,2024-01-14,2024-01-15 19:07:00,2024-01-18 10:00:00,16.0,14.0,2.0,385292000.0,24080750.0,1,0,1,1,1,1,5,1,True,False,True,1,2.0,Within 7 days,2+ features,1-2 failed,2024-01
U00650,25-34,Tier 2,Mid,Organic,iOS,2024-03-17,,,0.0,0.0,0.0,0.0,0.0,0,0,0,0,0,0,0,0,False,False,True,0,,No transaction,0 features,0 failed,2024-03
U00651,18-24,Tier 2,High,Organic,Android,2024-02-25,,,0.0,0.0,0.0,0.0,0.0,0,0,0,0,0,0,0,0,False,False,True,0,,No transaction,0 features,0 failed,2024-02
U00652,25-34,Tier 2,High,Organic,Android,2024-02-14,,,0.0,0.0,0.0,0.0,0.0,0,0,0,0,0,0,0,0,False,False,True,0,,No transaction,0 features,0 failed,2024-02
U00653,25-34,Tier 1,High,Partnership,Android,2024-04-03,,,0.0,0.0,0.0,0.0,0.0,0,0,0,0,0,0,0,0,False,False,True,0,,No transaction,0 features,0 failed,2024-04
U00654,35-44,Tier 1,Mid,Organic,Android,2024-04-10,,,0.0,0.0,0.0,0.0,0.0,0,0,0,0,0,0,0,0,False,False,True,0,,No transaction,0 features,0 failed,2024-04
U00655,25-34,Tier 1,Mid,Paid Ads,iOS,2024-02-10,2024-02-11 09:13:00,2024-02-16 13:00:00,5.0,5.0,0.0,19435000.0,3887000.0,0,1,0,0,0,1,2,0,True,True,False,1,5.0,Within 7 days,2+ features,0 failed,2024-02
U00656,18-24,Tier 1,High,Referral,iOS,2024-02-25,,,0.0,0.0,0.0,0.0,0.0,0,0,0,0,0,0,0,0,False,False,True,0,,No transaction,0 features,0 failed,2024-02
U00657,18-24,Tier 2,Mid,Referral,Android,2024-03-18,2024-03-19 06:22:00,2024-03-19 22:00:00,3.0,3.0,0.0,12094000.0,4031333.3333333335,1,0,0,1,0,1,3,1,True,True,False,1,0.0,Within 7 days,2+ features,0 failed,2024-03
U00658,25-34,Tier 3,Mid,Branch,Android,2024-03-06,,,0.0,0.0,0.0,0.0,0.0,0,0,0,0,0,0,0,0,False,False,True,0,,No transaction,0 features,0 failed,2024-03
U00659,25-34,Tier 3,Mid,Organic,Android,2024-01-15,,,0.0,0.0,0.0,0.0,0.0,0,0,0,0,0,0,0,0,False,False,True,0,,No transaction,0 features,0 failed,2024-01
U00660,25-34,Tier 2,Mid,Referral,Android,2024-02-19,2024-02-20 07:08:00,2024-02-20 21:00:00,11.0,10.0,1.0,55797000.0,5072454.545454546,1,1,1,0,0,0,3,1,True,True,False,1,0.0,Within 7 days,2+ features,1-2 failed,2024-02
U00661,25-34,Tier 1,Mid,Referral,iOS,2024-04-25,2024-04-26 03:11:00,2024-05-03 20:00:00,6.0,6.0,0.0,22410000.0,3735000.0,0,0,1,0,1,0,2,1,True,True,False,1,7.0,Within 7 days,2+ features,0 failed,2024-04
U00662,55+,Tier 1,Low,Organic,Android,2024-03-14,,,0.0,0.0,0.0,0.0,0.0,0,0,0,0,0,0,0,0,False,False,True,0,,No transaction,0 features,0 failed,2024-03
U00663,25-34,Tier 3,High,Paid Ads,Android,2024-01-25,2024-01-25 19:14:00,2024-01-27 11:00:00,13.0,13.0,0.0,352839000.0,27141461.53846154,0,0,0,1,1,1,3,1,True,True,False,1,1.0,Within 7 days,2+ features,0 failed,2024-01
U00664,18-24,Tier 2,Mid,Referral,Android,2024-02-02,2024-02-03 02:24:00,,0.0,0.0,0.0,0.0,0.0,0,0,0,0,0,1,1,0,False,False,True,1,,No transaction,1 feature,0 failed,2024-02
U00665,18-24,Tier 2,Mid,Paid Ads,iOS,2024-01-06,,,0.0,0.0,0.0,0.0,0.0,0,0,0,0,0,0,0,0,False,False,True,0,,No transaction,0 features,0 failed,2024-01
U00666,18-24,Tier 2,Low,Partnership,iOS,2024-03-31,2024-04-01 14:09:00,2024-04-30 08:00:00,2.0,2.0,0.0,1506000.0,753000.0,1,0,0,0,0,0,1,1,True,False,True,1,28.0,After 7 days,1 feature,0 failed,2024-03
U00667,18-24,Tier 2,Low,Paid Ads,iOS,2024-02-25,2024-02-26 09:03:00,2024-02-27 03:00:00,9.0,6.0,3.0,8376000.0,930666.6666666666,0,0,0,1,0,1,2,0,False,False,True,1,0.0,Within 7 days,2+ features,3+ failed,2024-02
U00668,18-24,Tier 3,Low,Organic,Android,2024-01-01,2024-01-03 03:29:00,2024-01-06 17:00:00,9.0,9.0,0.0,12228000.0,1358666.6666666667,0,1,0,1,1,1,4,1,True,True,False,1,3.0,Within 7 days,2+ features,0 failed,2024-01
U00669,18-24,Tier 1,Mid,Paid Ads,Android,2024-03-07,,,0.0,0.0,0.0,0.0,0.0,0,0,0,0,0,0,0,0,False,False,True,0,,No transaction,0 features,0 failed,2024-03
U00670,18-24,Tier 2,Low,Organic,Android,2024-04-13,2024-04-13 23:30:00,2024-04-23 11:00:00,9.0,8.0,1.0,10790000.0,1198888.888888889,1,0,1,0,0,0,2,1,True,True,False,1,9.0,After 7 days,2+ features,1-2 failed,2024-04
U00671,18-24,Tier 3,High,Paid Ads,Android,2024-03-09,,,0.0,0.0,0.0,0.0,0.0,0,0,0,0,0,0,0,0,False,False,True,0,,No transaction,0 features,0 failed,2024-03
U00672,45-54,Tier 1,Low,Paid Ads,Android,2024-03-28,2024-03-29 19:15:00,2024-03-30 06:00:00,12.0,10.0,2.0,13729000.0,1144083.3333333333,0,0,1,1,1,0,3,1,True,True,False,1,0.0,Within 7 days,2+ features,1-2 failed,2024-03
U00673,18-24,Tier 2,Low,Organic,Android,2024-04-02,,,0.0,0.0,0.0,0.0,0.0,0,0,0,0,0,0,0,0,False,False,True,0,,No transaction,0 features,0 failed,2024-04
U00674,25-34,Tier 1,Low,Partnership,Android,2024-04-04,2024-04-04 19:19:00,2024-04-06 20:00:00,6.0,6.0,0.0,4312000.0,718666.6666666666,0,0,0,0,1,1,2,1,True,True,False,1,2.0,Within 7 days,2+ features,0 failed,2024-04
U00675,25-34,Tier 3,Low,Branch,iOS,2024-04-04,,,0.0,0.0,0.0,0.0,0.0,0,0,0,0,0,0,0,0,False,False,True,0,,No transaction,0 features,0 failed,2024-04
U00676,55+,Tier 1,Mid,Partnership,Android,2024-03-26,,,0.0,0.0,0.0,0.0,0.0,0,0,0,0,0,0,0,0,False,False,True,0,,No transaction,0 features,0 failed,2024-03
U00677,18-24,Tier 2,High,Referral,Android,2024-01-26,2024-01-27 12:13:00,2024-02-28 02:00:00,2.0,2.0,0.0,55637000.0,27818500.0,0,0,0,0,1,0,1,1,False,False,True,1,31.0,After 7 days,1 feature,0 failed,2024-01
U00678,25-34,Tier 1,Mid,Paid Ads,Android,2024-02-16,,,0.0,0.0,0.0,0.0,0.0,0,0,0,0,0,0,0,0,False,False,True,0,,No transaction,0 features,0 failed,2024-02
U00679,55+,Tier 2,Low,Branch,Android,2024-02-25,2024-02-26 01:05:00,2024-03-02 21:00:00,4.0,4.0,0.0,4121000.0,1030250.0,0,1,1,0,0,0,2,0,True,False,True,1,5.0,Within 7 days,2+ features,0 failed,2024-02
U00680,45-54,Tier 1,Low,Referral,Android,2024-01-09,,,0.0,0.0,0.0,0.0,0.0,0,0,0,0,0,0,0,0,False,False,True,0,,No transaction,0 features,0 failed,2024-01
U00681,35-44,Tier 1,Mid,Partnership,Android,2024-03-26,,,0.0,0.0,0.0,0.0,0.0,0,0,0,0,0,0,0,0,False,False,True,0,,No transaction,0 features,0 failed,2024-03
U00682,18-24,Tier 2,High,Organic,Android,2024-02-12,,,0.0,0.0,0.0,0.0,0.0,0,0,0,0,0,0,0,0,False,False,True,0,,No transaction,0 features,0 failed,2024-02
U00683,18-24,Tier 3,Low,Organic,Android,2024-03-20,,,0.0,0.0,0.0,0.0,0.0,0,0,0,0,0,0,0,0,False,False,True,0,,No transaction,0 features,0 failed,2024-03
U00684,35-44,Tier 1,Mid,Partnership,Android,2024-02-10,,,0.0,0.0,0.0,0.0,0.0,0,0,0,0,0,0,0,0,False,False,True,0,,No transaction,0 features,0 failed,2024-02
U00685,45-54,Tier 1,Mid,Partnership,Android,2024-03-25,,,0.0,0.0,0.0,0.0,0.0,0,0,0,0,0,0,0,0,False,False,True,0,,No transaction,0 features,0 failed,2024-03
U00686,25-34,Tier 2,Low,Partnership,Android,2024-04-18,,,0.0,0.0,0.0,0.0,0.0,0,0,0,0,0,0,0,0,False,False,True,0,,No transaction,0 features,0 failed,2024-04
U00687,25-34,Tier 2,Mid,Branch,Android,2024-01-16,,,0.0,0.0,0.0,0.0,0.0,0,0,0,0,0,0,0,0,False,False,True,0,,No transaction,0 features,0 failed,2024-01
U00688,18-24,Tier 3,Low,Organic,Android,2024-04-02,2024-04-04 02:09:00,2024-05-07 03:00:00,6.0,6.0,0.0,6357000.0,1059500.0,0,1,0,1,0,1,3,0,True,True,False,1,33.0,After 7 days,2+ features,0 failed,2024-04
U00689,35-44,Tier 1,Mid,Organic,iOS,2024-04-25,,,0.0,0.0,0.0,0.0,0.0,0,0,0,0,0,0,0,0,False,False,True,0,,No transaction,0 features,0 failed,2024-04
U00690,18-24,Tier 2,Low,Branch,Android,2024-02-08,,,0.0,0.0,0.0,0.0,0.0,0,0,0,0,0,0,0,0,False,False,True,0,,No transaction,0 features,0 failed,2024-02
U00691,25-34,Tier 1,Mid,Organic,Android,2024-03-05,2024-03-06 12:07:00,2024-03-12 22:00:00,15.0,14.0,1.0,81542000.0,5436133.333333333,1,1,0,1,1,1,5,1,True,True,False,1,6.0,Within 7 days,2+ features,1-2 failed,2024-03
U00692,25-34,Tier 1,Low,Paid Ads,iOS,2024-02-09,,,0.0,0.0,0.0,0.0,0.0,0,0,0,0,0,0,0,0,False,False,True,0,,No transaction,0 features,0 failed,2024-02
U00693,25-34,Tier 2,High,Paid Ads,iOS,2024-03-26,,,0.0,0.0,0.0,0.0,0.0,0,0,0,0,0,0,0,0,False,False,True,0,,No transaction,0 features,0 failed,2024-03
U00694,18-24,Tier 2,Low,Organic,iOS,2024-02-22,,,0.0,0.0,0.0,0.0,0.0,0,0,0,0,0,0,0,0,False,False,True,0,,No transaction,0 features,0 failed,2024-02
U00695,18-24,Tier 2,High,Referral,iOS,2024-02-11,,,0.0,0.0,0.0,0.0,0.0,0,0,0,0,0,0,0,0,False,False,True,0,,No transaction,0 features,0 failed,2024-02
U00696,25-34,Tier 1,High,Paid Ads,Android,2024-02-21,,,0.0,0.0,0.0,0.0,0.0,0,0,0,0,0,0,0,0,False,False,True,0,,No transaction,0 features,0 failed,2024-02
U00697,18-24,Tier 1,High,Partnership,Android,2024-03-30,2024-03-31 07:15:00,,0.0,0.0,0.0,0.0,0.0,0,0,0,1,0,0,1,0,True,False,True,1,,No transaction,1 feature,0 failed,2024-03
U00698,25-34,Tier 1,Mid,Paid Ads,Android,2024-02-07,,,0.0,0.0,0.0,0.0,0.0,0,0,0,0,0,0,0,0,False,False,True,0,,No transaction,0 features,0 failed,2024-02
U00699,18-24,Tier 3,Mid,Paid Ads,iOS,2024-03-11,,,0.0,0.0,0.0,0.0,0.0,0,0,0,0,0,0,0,0,False,False,True,0,,No transaction,0 features,0 failed,2024-03
U00700,25-34,Tier 1,Mid,Paid Ads,Android,2024-01-17,,,0.0,0.0,0.0,0.0,0.0,0,0,0,0,0,0,0,0,False,False,True,0,,No transaction,0 features,0 failed,2024-01
U00701,25-34,Tier 1,Low,Referral,iOS,2024-01-25,,,0.0,0.0,0.0,0.0,0.0,0,0,0,0,0,0,0,0,False,False,True,0,,No transaction,0 features,0 failed,2024-01
U00702,18-24,Tier 1,Mid,Organic,Android,2024-02-23,,,0.0,0.0,0.0,0.0,0.0,0,0,0,0,0,0,0,0,False,False,True,0,,No transaction,0 features,0 failed,2024-02
U00703,25-34,Tier 2,Low,Referral,Android,2024-03-26,,,0.0,0.0,0.0,0.0,0.0,0,0,0,0,0,0,0,0,False,False,True,0,,No transaction,0 features,0 failed,2024-03
U00704,18-24,Tier 1,High,Organic,iOS,2024-02-18,,,0.0,0.0,0.0,0.0,0.0,0,0,0,0,0,0,0,0,False,False,True,0,,No transaction,0 features,0 failed,2024-02
U00705,18-24,Tier 3,Low,Organic,iOS,2024-03-27,2024-03-28 00:18:00,2024-04-15 01:00:00,4.0,3.0,1.0,5046000.0,1261500.0,0,0,1,1,0,0,2,0,True,False,True,1,18.0,After 7 days,2+ features,1-2 failed,2024-03
U00706,55+,Tier 1,Mid,Referral,iOS,2024-04-05,2024-04-07 01:02:00,,0.0,0.0,0.0,0.0,0.0,0,0,0,0,0,0,0,0,True,False,True,1,,No transaction,0 features,0 failed,2024-04
U00707,25-34,Tier 3,Mid,Referral,iOS,2024-04-25,2024-04-26 17:19:00,,0.0,0.0,0.0,0.0,0.0,0,1,0,0,0,0,1,0,False,False,True,1,,No transaction,1 feature,0 failed,2024-04
U00708,35-44,Tier 1,Mid,Organic,Android,2024-01-23,,,0.0,0.0,0.0,0.0,0.0,0,0,0,0,0,0,0,0,False,False,True,0,,No transaction,0 features,0 failed,2024-01
U00709,18-24,Tier 2,Mid,Paid Ads,Android,2024-03-19,,,0.0,0.0,0.0,0.0,0.0,0,0,0,0,0,0,0,0,False,False,True,0,,No transaction,0 features,0 failed,2024-03
U00710,35-44,Tier 3,Low,Paid Ads,iOS,2024-03-13,,,0.0,0.0,0.0,0.0,0.0,0,0,0,0,0,0,0,0,False,False,True,0,,No transaction,0 features,0 failed,2024-03
U00711,35-44,Tier 1,Mid,Organic,Android,2024-02-08,,,0.0,0.0,0.0,0.0,0.0,0,0,0,0,0,0,0,0,False,False,True,0,,No transaction,0 features,0 failed,2024-02
U00712,25-34,Tier 3,Low,Branch,Android,2024-02-21,,,0.0,0.0,0.0,0.0,0.0,0,0,0,0,0,0,0,0,False,False,True,0,,No transaction,0 features,0 failed,2024-02
U00713,25-34,Tier 2,High,Organic,Android,2024-03-11,2024-03-12 05:25:00,2024-03-25 05:00:00,6.0,6.0,0.0,183807000.0,30634500.0,0,0,1,0,1,0,2,1,True,False,True,1,12.0,After 7 days,2+ features,0 failed,2024-03
U00714,25-34,Tier 3,Mid,Partnership,Android,2024-04-16,2024-04-17 05:27:00,2024-04-20 22:00:00,1.0,1.0,0.0,3938000.0,3938000.0,1,1,0,0,0,0,2,1,True,True,False,1,3.0,Within 7 days,2+ features,0 failed,2024-04
U00715,25-34,Tier 2,High,Organic,Android,2024-01-01,,,0.0,0.0,0.0,0.0,0.0,0,0,0,0,0,0,0,0,False,False,True,0,,No transaction,0 features,0 failed,2024-01
U00716,45-54,Tier 1,Low,Partnership,iOS,2024-02-08,,,0.0,0.0,0.0,0.0,0.0,0,0,0,0,0,0,0,0,False,False,True,0,,No transaction,0 features,0 failed,2024-02
U00717,35-44,Tier 1,Low,Organic,Android,2024-02-06,2024-02-07 02:07:00,2024-02-20 20:00:00,6.0,6.0,0.0,6798000.0,1133000.0,0,0,0,0,1,0,1,1,True,False,True,1,13.0,After 7 days,1 feature,0 failed,2024-02
U00718,55+,Tier 1,Low,Partnership,Android,2024-01-27,,,0.0,0.0,0.0,0.0,0.0,0,0,0,0,0,0,0,0,False,False,True,0,,No transaction,0 features,0 failed,2024-01
U00719,18-24,Tier 1,Low,Referral,iOS,2024-02-25,2024-02-26 04:10:00,2024-02-29 22:00:00,5.0,4.0,1.0,5901000.0,1180200.0,0,0,0,0,1,0,1,1,True,True,False,1,3.0,Within 7 days,1 feature,1-2 failed,2024-02
U00720,35-44,Tier 1,Low,Paid Ads,Android,2024-04-10,2024-04-11 11:05:00,2024-04-18 11:00:00,13.0,12.0,1.0,14283000.0,1098692.3076923077,0,0,1,1,1,0,3,1,True,True,False,1,6.0,Within 7 days,2+ features,1-2 failed,2024-04
U00721,45-54,Tier 1,Mid,Referral,iOS,2024-03-15,,,0.0,0.0,0.0,0.0,0.0,0,0,0,0,0,0,0,0,False,False,True,0,,No transaction,0 features,0 failed,2024-03
U00722,18-24,Tier 1,Low,Organic,Android,2024-03-18,2024-03-19 05:29:00,2024-03-21 10:00:00,13.0,13.0,0.0,10852000.0,834769.2307692308,0,1,1,1,1,1,5,1,True,True,False,1,2.0,Within 7 days,2+ features,0 failed,2024-03
U00723,18-24,Tier 2,Mid,Partnership,iOS,2024-03-24,2024-03-25 14:22:00,2024-04-17 10:00:00,3.0,3.0,0.0,18116000.0,6038666.666666667,1,0,0,0,0,0,1,1,True,True,False,1,22.0,After 7 days,1 feature,0 failed,2024-03
U00724,35-44,Tier 1,High,Organic,Android,2024-02-11,2024-02-12 03:10:00,2024-03-03 23:00:00,11.0,9.0,2.0,264231000.0,24021000.0,0,1,0,1,0,1,3,0,True,True,False,1,20.0,After 7 days,2+ features,1-2 failed,2024-02
U00725,25-34,Tier 1,Mid,Branch,Android,2024-02-29,2024-03-01 01:26:00,2024-04-14 04:00:00,2.0,2.0,0.0,10659000.0,5329500.0,0,0,1,0,0,0,1,0,False,False,True,1,44.0,After 7 days,1 feature,0 failed,2024-02
U00726,35-44,Tier 2,Mid,Organic,iOS,2024-02-26,2024-02-27 06:07:00,2024-02-29 01:00:00,10.0,10.0,0.0,50779000.0,5077900.0,1,1,0,0,1,1,4,1,True,True,False,1,1.0,Within 7 days,2+ features,0 failed,2024-02
U00727,18-24,Tier 1,Mid,Paid Ads,iOS,2024-02-26,2024-02-27 10:15:00,2024-03-02 08:00:00,9.0,7.0,2.0,52113000.0,5790333.333333333,1,1,0,0,0,1,3,1,False,False,True,1,3.0,Within 7 days,2+ features,1-2 failed,2024-02
U00728,35-44,Tier 1,Mid,Paid Ads,Android,2024-03-27,,,0.0,0.0,0.0,0.0,0.0,0,0,0,0,0,0,0,0,False,False,True,0,,No transaction,0 features,0 failed,2024-03
U00729,18-24,Tier 1,Low,Referral,iOS,2024-01-28,2024-01-29 12:21:00,2024-02-26 18:00:00,8.0,6.0,2.0,5370000.0,671250.0,0,0,1,1,1,0,3,1,True,True,False,1,28.0,After 7 days,2+ features,1-2 failed,2024-01
U00730,18-24,Tier 3,Mid,Organic,Android,2024-03-06,,,0.0,0.0,0.0,0.0,0.0,0,0,0,0,0,0,0,0,False,False,True,0,,No transaction,0 features,0 failed,2024-03
U00731,18-24,Tier 3,Mid,Partnership,iOS,2024-03-01,2024-03-02 07:06:00,,0.0,0.0,0.0,0.0,0.0,0,0,0,0,0,0,0,0,False,False,True,1,,No transaction,0 features,0 failed,2024-03
U00732,35-44,Tier 1,High,Partnership,Android,2024-04-11,,,0.0,0.0,0.0,0.0,0.0,0,0,0,0,0,0,0,0,False,False,True,0,,No transaction,0 features,0 failed,2024-04
U00733,35-44,Tier 2,Mid,Branch,Android,2024-04-25,2024-04-26 08:25:00,,0.0,0.0,0.0,0.0,0.0,0,1,0,0,1,0,2,1,True,True,False,1,,No transaction,2+ features,0 failed,2024-04
U00734,25-34,Tier 2,Mid,Referral,Android,2024-04-11,2024-04-12 09:29:00,2024-04-16 06:00:00,3.0,2.0,1.0,16786000.0,5595333.333333333,0,0,1,0,1,0,2,1,True,True,False,1,3.0,Within 7 days,2+ features,1-2 failed,2024-04
U00735,25-34,Tier 2,Mid,Paid Ads,Android,2024-04-04,,,0.0,0.0,0.0,0.0,0.0,0,0,0,0,0,0,0,0,False,False,True,0,,No transaction,0 features,0 failed,2024-04
U00736,45-54,Tier 2,Low,Referral,Android,2024-01-22,,,0.0,0.0,0.0,0.0,0.0,0,0,0,0,0,0,0,0,False,False,True,0,,No transaction,0 features,0 failed,2024-01
U00737,25-34,Tier 2,Mid,Referral,Android,2024-03-25,2024-03-26 20:26:00,,0.0,0.0,0.0,0.0,0.0,0,0,0,0,0,1,1,0,False,False,True,1,,No transaction,1 feature,0 failed,2024-03
U00738,35-44,Tier 1,Mid,Partnership,Android,2024-01-11,,,0.0,0.0,0.0,0.0,0.0,0,0,0,0,0,0,0,0,False,False,True,0,,No transaction,0 features,0 failed,2024-01
U00739,25-34,Tier 1,Low,Referral,Android,2024-02-06,,,0.0,0.0,0.0,0.0,0.0,0,0,0,0,0,0,0,0,False,False,True,0,,No transaction,0 features,0 failed,2024-02
U00740,25-34,Tier 2,Low,Referral,Android,2024-03-06,,,0.0,0.0,0.0,0.0,0.0,0,0,0,0,0,0,0,0,False,False,True,0,,No transaction,0 features,0 failed,2024-03
U00741,25-34,Tier 3,Low,Referral,iOS,2024-03-25,,,0.0,0.0,0.0,0.0,0.0,0,0,0,0,0,0,0,0,False,False,True,0,,No transaction,0 features,0 failed,2024-03
U00742,25-34,Tier 2,Mid,Paid Ads,Android,2024-03-22,,,0.0,0.0,0.0,0.0,0.0,0,0,0,0,0,0,0,0,False,False,True,0,,No transaction,0 features,0 failed,2024-03
U00743,35-44,Tier 3,Low,Branch,iOS,2024-03-20,,,0.0,0.0,0.0,0.0,0.0,0,0,0,0,0,0,0,0,False,False,True,0,,No transaction,0 features,0 failed,2024-03
U00744,25-34,Tier 3,Mid,Paid Ads,iOS,2024-02-12,,,0.0,0.0,0.0,0.0,0.0,0,0,0,0,0,0,0,0,False,False,True,0,,No transaction,0 features,0 failed,2024-02
U00745,18-24,Tier 1,Mid,Paid Ads,Android,2024-01-12,,,0.0,0.0,0.0,0.0,0.0,0,0,0,0,0,0,0,0,False,False,True,0,,No transaction,0 features,0 failed,2024-01
U00746,45-54,Tier 2,Mid,Partnership,iOS,2024-04-14,2024-04-15 13:18:00,,0.0,0.0,0.0,0.0,0.0,0,0,0,0,1,0,1,1,True,False,True,1,,No transaction,1 feature,0 failed,2024-04
U00747,25-34,Tier 2,High,Paid Ads,Android,2024-04-06,,,0.0,0.0,0.0,0.0,0.0,0,0,0,0,0,0,0,0,False,False,True,0,,No transaction,0 features,0 failed,2024-04
U00748,25-34,Tier 3,High,Organic,Android,2024-01-31,,,0.0,0.0,0.0,0.0,0.0,0,0,0,0,0,0,0,0,False,False,True,0,,No transaction,0 features,0 failed,2024-01
U00749,45-54,Tier 3,Mid,Organic,Android,2024-03-27,,,0.0,0.0,0.0,0.0,0.0,0,0,0,0,0,0,0,0,False,False,True,0,,No transaction,0 features,0 failed,2024-03
U00750,25-34,Tier 2,Low,Organic,Android,2024-02-09,,,0.0,0.0,0.0,0.0,0.0,0,0,0,0,0,0,0,0,False,False,True,0,,No transaction,0 features,0 failed,2024-02
U00751,18-24,Tier 1,Mid,Paid Ads,iOS,2024-01-29,,,0.0,0.0,0.0,0.0,0.0,0,0,0,0,0,0,0,0,False,False,True,0,,No transaction,0 features,0 failed,2024-01
U00752,45-54,Tier 2,Mid,Partnership,Android,2024-04-13,2024-04-14 09:12:00,2024-04-16 13:00:00,10.0,10.0,0.0,44550000.0,4455000.0,0,1,1,0,0,0,2,0,True,False,True,1,2.0,Within 7 days,2+ features,0 failed,2024-04
U00753,25-34,Tier 1,Mid,Referral,Android,2024-01-26,2024-01-27 05:12:00,2024-02-15 23:00:00,3.0,3.0,0.0,11895000.0,3965000.0,1,1,1,0,0,0,3,1,False,False,True,1,19.0,After 7 days,2+ features,0 failed,2024-01
U00754,25-34,Tier 2,Mid,Referral,iOS,2024-01-19,,,0.0,0.0,0.0,0.0,0.0,0,0,0,0,0,0,0,0,False,False,True,0,,No transaction,0 features,0 failed,2024-01
U00755,18-24,Tier 3,Low,Branch,Android,2024-01-04,2024-01-05 17:07:00,2024-02-25 07:00:00,1.0,1.0,0.0,1335000.0,1335000.0,0,0,0,0,0,0,0,0,True,False,True,1,50.0,After 7 days,0 features,0 failed,2024-01
U00756,35-44,Tier 1,Mid,Partnership,Android,2024-01-06,,,0.0,0.0,0.0,0.0,0.0,0,0,0,0,0,0,0,0,False,False,True,0,,No transaction,0 features,0 failed,2024-01
U00757,25-34,Tier 2,Low,Paid Ads,Android,2024-02-01,2024-02-02 11:08:00,2024-02-06 12:00:00,9.0,9.0,0.0,6423000.0,713666.6666666666,0,0,1,0,0,1,2,0,False,False,True,1,4.0,Within 7 days,2+ features,0 failed,2024-02
U00758,25-34,Tier 1,Mid,Referral,iOS,2024-03-01,,,0.0,0.0,0.0,0.0,0.0,0,0,0,0,0,0,0,0,False,False,True,0,,No transaction,0 features,0 failed,2024-03
U00759,45-54,Tier 1,Mid,Organic,iOS,2024-03-19,,,0.0,0.0,0.0,0.0,0.0,0,0,0,0,0,0,0,0,False,False,True,0,,No transaction,0 features,0 failed,2024-03
U00760,35-44,Tier 1,Mid,Organic,Android,2024-04-18,,,0.0,0.0,0.0,0.0,0.0,0,0,0,0,0,0,0,0,False,False,True,0,,No transaction,0 features,0 failed,2024-04
U00761,18-24,Tier 2,Low,Organic,Android,2024-04-08,,,0.0,0.0,0.0,0.0,0.0,0,0,0,0,0,0,0,0,False,False,True,0,,No transaction,0 features,0 failed,2024-04
U00762,25-34,Tier 3,Mid,Referral,Android,2024-01-10,,,0.0,0.0,0.0,0.0,0.0,0,0,0,0,0,0,0,0,False,False,True,0,,No transaction,0 features,0 failed,2024-01
U00763,18-24,Tier 3,Mid,Paid Ads,Android,2024-02-28,,,0.0,0.0,0.0,0.0,0.0,0,0,0,0,0,0,0,0,False,False,True,0,,No transaction,0 features,0 failed,2024-02
U00764,35-44,Tier 1,Low,Organic,iOS,2024-02-23,,,0.0,0.0,0.0,0.0,0.0,0,0,0,0,0,0,0,0,False,False,True,0,,No transaction,0 features,0 failed,2024-02
U00765,18-24,Tier 3,Mid,Organic,Android,2024-04-23,,,0.0,0.0,0.0,0.0,0.0,0,0,0,0,0,0,0,0,False,False,True,0,,No transaction,0 features,0 failed,2024-04
U00766,25-34,Tier 2,Mid,Organic,Android,2024-03-21,2024-03-22 17:10:00,,0.0,0.0,0.0,0.0,0.0,0,0,0,1,0,0,1,0,True,False,True,1,,No transaction,1 feature,0 failed,2024-03
U00767,35-44,Tier 1,Mid,Paid Ads,iOS,2024-03-14,,,0.0,0.0,0.0,0.0,0.0,0,0,0,0,0,0,0,0,False,False,True,0,,No transaction,0 features,0 failed,2024-03
U00768,45-54,Tier 1,Mid,Paid Ads,iOS,2024-01-25,,,0.0,0.0,0.0,0.0,0.0,0,0,0,0,0,0,0,0,False,False,True,0,,No transaction,0 features,0 failed,2024-01
U00769,25-34,Tier 1,Mid,Paid Ads,Android,2024-04-01,,,0.0,0.0,0.0,0.0,0.0,0,0,0,0,0,0,0,0,False,False,True,0,,No transaction,0 features,0 failed,2024-04
U00770,35-44,Tier 3,Mid,Referral,Android,2024-03-30,2024-03-31 01:06:00,2024-03-31 15:00:00,8.0,7.0,1.0,39890000.0,4986250.0,0,0,1,0,0,0,1,0,True,True,False,1,0.0,Within 7 days,1 feature,1-2 failed,2024-03
U00771,18-24,Tier 2,Mid,Referral,Android,2024-02-19,,,0.0,0.0,0.0,0.0,0.0,0,0,0,0,0,0,0,0,False,False,True,0,,No transaction,0 features,0 failed,2024-02
U00772,35-44,Tier 2,Mid,Organic,Android,2024-03-04,,,0.0,0.0,0.0,0.0,0.0,0,0,0,0,0,0,0,0,False,False,True,0,,No transaction,0 features,0 failed,2024-03
U00773,18-24,Tier 1,Mid,Organic,Android,2024-02-21,2024-02-22 20:29:00,2024-03-08 23:00:00,5.0,4.0,1.0,25656000.0,5131200.0,1,0,1,0,0,0,2,1,True,False,True,1,15.0,After 7 days,2+ features,1-2 failed,2024-02
U00774,25-34,Tier 2,Low,Partnership,Android,2024-02-01,2024-02-02 10:04:00,2024-02-06 21:00:00,7.0,7.0,0.0,6732000.0,961714.2857142857,0,0,0,1,0,0,1,0,False,False,True,1,4.0,Within 7 days,1 feature,0 failed,2024-02
U00775,35-44,Tier 1,Low,Branch,iOS,2024-01-19,,,0.0,0.0,0.0,0.0,0.0,0,0,0,0,0,0,0,0,False,False,True,0,,No transaction,0 features,0 failed,2024-01
U00776,18-24,Tier 1,Low,Paid Ads,iOS,2024-03-24,,,0.0,0.0,0.0,0.0,0.0,0,0,0,0,0,0,0,0,False,False,True,0,,No transaction,0 features,0 failed,2024-03
U00777,18-24,Tier 2,Mid,Branch,Android,2024-03-29,,,0.0,0.0,0.0,0.0,0.0,0,0,0,0,0,0,0,0,False,False,True,0,,No transaction,0 features,0 failed,2024-03
U00778,35-44,Tier 1,Mid,Paid Ads,Android,2024-01-01,2024-01-02 03:09:00,2024-01-10 13:00:00,6.0,5.0,1.0,27624000.0,4604000.0,1,0,0,0,1,0,2,1,False,False,True,1,8.0,After 7 days,2+ features,1-2 failed,2024-01
U00779,35-44,Tier 3,Mid,Organic,iOS,2024-04-24,2024-04-26 03:18:00,2024-05-02 18:00:00,4.0,4.0,0.0,24188000.0,6047000.0,0,1,0,1,0,0,2,0,True,True,False,1,6.0,Within 7 days,2+ features,0 failed,2024-04
U00780,25-34,Tier 1,Low,Branch,iOS,2024-04-06,,,0.0,0.0,0.0,0.0,0.0,0,0,0,0,0,0,0,0,False,False,True,0,,No transaction,0 features,0 failed,2024-04
U00781,35-44,Tier 2,High,Organic,iOS,2024-04-20,,,0.0,0.0,0.0,0.0,0.0,0,0,0,0,0,0,0,0,False,False,True,0,,No transaction,0 features,0 failed,2024-04
U00782,25-34,Tier 1,Mid,Paid Ads,Android,2024-04-08,2024-04-10 08:21:00,,0.0,0.0,0.0,0.0,0.0,0,0,1,1,1,0,3,1,False,False,True,1,,No transaction,2+ features,0 failed,2024-04
U00783,18-24,Tier 2,High,Referral,Android,2024-04-23,,,0.0,0.0,0.0,0.0,0.0,0,0,0,0,0,0,0,0,False,False,True,0,,No transaction,0 features,0 failed,2024-04
U00784,25-34,Tier 1,Mid,Referral,iOS,2024-01-14,2024-01-16 01:07:00,2024-03-12 06:00:00,2.0,1.0,1.0,6729000.0,3364500.0,0,1,0,1,0,0,2,0,True,True,False,1,56.0,After 7 days,2+ features,1-2 failed,2024-01
U00785,18-24,Tier 1,Mid,Paid Ads,iOS,2024-04-09,,,0.0,0.0,0.0,0.0,0.0,0,0,0,0,0,0,0,0,False,False,True,0,,No transaction,0 features,0 failed,2024-04
U00786,45-54,Tier 3,Low,Referral,Android,2024-02-24,2024-02-25 05:09:00,2024-03-04 12:00:00,17.0,15.0,2.0,17202000.0,1011882.3529411765,1,1,1,1,1,0,5,1,True,True,False,1,8.0,After 7 days,2+ features,1-2 failed,2024-02
U00787,25-34,Tier 1,Low,Referral,Android,2024-01-29,,,0.0,0.0,0.0,0.0,0.0,0,0,0,0,0,0,0,0,False,False,True,0,,No transaction,0 features,0 failed,2024-01
U00788,25-34,Tier 3,Low,Referral,iOS,2024-01-23,,,0.0,0.0,0.0,0.0,0.0,0,0,0,0,0,0,0,0,False,False,True,0,,No transaction,0 features,0 failed,2024-01
U00789,25-34,Tier 3,Mid,Referral,Android,2024-04-12,,,0.0,0.0,0.0,0.0,0.0,0,0,0,0,0,0,0,0,False,False,True,0,,No transaction,0 features,0 failed,2024-04
U00790,45-54,Tier 1,Mid,Branch,iOS,2024-03-30,,,0.0,0.0,0.0,0.0,0.0,0,0,0,0,0,0,0,0,False,False,True,0,,No transaction,0 features,0 failed,2024-03
U00791,18-24,Tier 1,Mid,Partnership,Android,2024-03-07,,,0.0,0.0,0.0,0.0,0.0,0,0,0,0,0,0,0,0,False,False,True,0,,No transaction,0 features,0 failed,2024-03
U00792,25-34,Tier 2,Mid,Paid Ads,iOS,2024-02-29,,,0.0,0.0,0.0,0.0,0.0,0,0,0,0,0,0,0,0,False,False,True,0,,No transaction,0 features,0 failed,2024-02
U00793,25-34,Tier 3,High,Organic,Android,2024-01-07,,,0.0,0.0,0.0,0.0,0.0,0,0,0,0,0,0,0,0,False,False,True,0,,No transaction,0 features,0 failed,2024-01
U00794,25-34,Tier 3,Low,Partnership,Android,2024-03-12,,,0.0,0.0,0.0,0.0,0.0,0,0,0,0,0,0,0,0,False,False,True,0,,No transaction,0 features,0 failed,2024-03
U00795,18-24,Tier 2,Low,Organic,iOS,2024-02-01,,,0.0,0.0,0.0,0.0,0.0,0,0,0,0,0,0,0,0,False,False,True,0,,No transaction,0 features,0 failed,2024-02
U00796,45-54,Tier 2,Mid,Organic,iOS,2024-04-18,2024-04-19 17:23:00,2024-05-01 16:00:00,10.0,10.0,0.0,34881000.0,3488100.0,1,0,1,0,0,0,2,1,True,True,False,1,11.0,After 7 days,2+ features,0 failed,2024-04
U00797,45-54,Tier 1,Mid,Referral,iOS,2024-01-16,,,0.0,0.0,0.0,0.0,0.0,0,0,0,0,0,0,0,0,False,False,True,0,,No transaction,0 features,0 failed,2024-01
U00798,25-34,Tier 3,Mid,Partnership,Android,2024-02-28,,,0.0,0.0,0.0,0.0,0.0,0,0,0,0,0,0,0,0,False,False,True,0,,No transaction,0 features,0 failed,2024-02
U00799,35-44,Tier 3,Mid,Organic,iOS,2024-01-18,,,0.0,0.0,0.0,0.0,0.0,0,0,0,0,0,0,0,0,False,False,True,0,,No transaction,0 features,0 failed,2024-01
U00800,45-54,Tier 1,Low,Organic,Android,2024-04-12,,,0.0,0.0,0.0,0.0,0.0,0,0,0,0,0,0,0,0,False,False,True,0,,No transaction,0 features,0 failed,2024-04
U00801,35-44,Tier 1,Mid,Paid Ads,Android,2024-02-29,,,0.0,0.0,0.0,0.0,0.0,0,0,0,0,0,0,0,0,False,False,True,0,,No transaction,0 features,0 failed,2024-02
U00802,18-24,Tier 1,High,Referral,iOS,2024-03-26,,,0.0,0.0,0.0,0.0,0.0,0,0,0,0,0,0,0,0,False,False,True,0,,No transaction,0 features,0 failed,2024-03
U00803,25-34,Tier 1,Low,Paid Ads,Android,2024-03-08,,,0.0,0.0,0.0,0.0,0.0,0,0,0,0,0,0,0,0,False,False,True,0,,No transaction,0 features,0 failed,2024-03
U00804,25-34,Tier 3,High,Paid Ads,Android,2024-03-12,,,0.0,0.0,0.0,0.0,0.0,0,0,0,0,0,0,0,0,False,False,True,0,,No transaction,0 features,0 failed,2024-03
U00805,25-34,Tier 1,High,Referral,Android,2024-03-17,,,0.0,0.0,0.0,0.0,0.0,0,0,0,0,0,0,0,0,False,False,True,0,,No transaction,0 features,0 failed,2024-03
U00806,35-44,Tier 1,Low,Organic,Android,2024-02-10,,,0.0,0.0,0.0,0.0,0.0,0,0,0,0,0,0,0,0,False,False,True,0,,No transaction,0 features,0 failed,2024-02
U00807,45-54,Tier 1,Low,Organic,iOS,2024-04-06,2024-04-07 06:14:00,2024-05-03 06:00:00,4.0,4.0,0.0,4761000.0,1190250.0,1,0,1,0,1,0,3,1,True,True,False,1,25.0,After 7 days,2+ features,0 failed,2024-04
U00808,45-54,Tier 3,Mid,Partnership,Android,2024-04-24,,,0.0,0.0,0.0,0.0,0.0,0,0,0,0,0,0,0,0,False,False,True,0,,No transaction,0 features,0 failed,2024-04
U00809,25-34,Tier 2,Mid,Partnership,Android,2024-02-26,,,0.0,0.0,0.0,0.0,0.0,0,0,0,0,0,0,0,0,False,False,True,0,,No transaction,0 features,0 failed,2024-02
U00810,18-24,Tier 1,Mid,Organic,iOS,2024-03-19,,,0.0,0.0,0.0,0.0,0.0,0,0,0,0,0,0,0,0,False,False,True,0,,No transaction,0 features,0 failed,2024-03
U00811,55+,Tier 1,Mid,Organic,Android,2024-04-14,2024-04-15 08:20:00,2024-05-12 07:00:00,2.0,2.0,0.0,5442000.0,2721000.0,0,1,0,0,0,0,1,0,False,False,True,1,26.0,After 7 days,1 feature,0 failed,2024-04
U00812,35-44,Tier 3,Mid,Organic,Android,2024-04-02,2024-04-03 08:29:00,2024-04-12 11:00:00,4.0,4.0,0.0,24921000.0,6230250.0,1,1,0,0,0,0,2,1,True,True,False,1,9.0,After 7 days,2+ features,0 failed,2024-04
U00813,18-24,Tier 3,Low,Paid Ads,Android,2024-04-24,,,0.0,0.0,0.0,0.0,0.0,0,0,0,0,0,0,0,0,False,False,True,0,,No transaction,0 features,0 failed,2024-04
U00814,45-54,Tier 1,High,Paid Ads,Android,2024-03-05,,,0.0,0.0,0.0,0.0,0.0,0,0,0,0,0,0,0,0,False,False,True,0,,No transaction,0 features,0 failed,2024-03
U00815,45-54,Tier 1,Mid,Referral,Android,2024-02-24,,,0.0,0.0,0.0,0.0,0.0,0,0,0,0,0,0,0,0,False,False,True,0,,No transaction,0 features,0 failed,2024-02
U00816,25-34,Tier 1,Mid,Paid Ads,iOS,2024-04-16,,,0.0,0.0,0.0,0.0,0.0,0,0,0,0,0,0,0,0,False,False,True,0,,No transaction,0 features,0 failed,2024-04
U00817,25-34,Tier 1,High,Paid Ads,Android,2024-04-26,,,0.0,0.0,0.0,0.0,0.0,0,0,0,0,0,0,0,0,False,False,True,0,,No transaction,0 features,0 failed,2024-04
U00818,25-34,Tier 2,Mid,Branch,Android,2024-03-11,2024-03-12 11:15:00,2024-03-28 01:00:00,7.0,6.0,1.0,44926000.0,6418000.0,1,0,0,0,0,1,2,1,True,False,True,1,15.0,After 7 days,2+ features,1-2 failed,2024-03
U00819,18-24,Tier 3,Low,Organic,Android,2024-02-27,,,0.0,0.0,0.0,0.0,0.0,0,0,0,0,0,0,0,0,False,False,True,0,,No transaction,0 features,0 failed,2024-02
U00820,25-34,Tier 2,Mid,Organic,Android,2024-04-24,,,0.0,0.0,0.0,0.0,0.0,0,0,0,0,0,0,0,0,False,False,True,0,,No transaction,0 features,0 failed,2024-04
U00821,35-44,Tier 3,Mid,Organic,iOS,2024-01-21,2024-01-22 11:14:00,2024-01-24 02:00:00,3.0,3.0,0.0,8999000.0,2999666.6666666665,0,0,0,0,0,1,1,0,True,True,False,1,1.0,Within 7 days,1 feature,0 failed,2024-01
U00822,18-24,Tier 1,Low,Partnership,Android,2024-04-05,2024-04-06 12:01:00,2024-05-04 21:00:00,4.0,3.0,1.0,3467000.0,866750.0,0,0,1,1,0,0,2,0,True,False,True,1,28.0,After 7 days,2+ features,1-2 failed,2024-04
U00823,25-34,Tier 2,High,Partnership,iOS,2024-04-20,2024-04-21 10:18:00,2024-04-26 22:00:00,4.0,3.0,1.0,106678000.0,26669500.0,0,0,0,0,0,1,1,0,True,False,True,1,5.0,Within 7 days,1 feature,1-2 failed,2024-04
U00824,25-34,Tier 2,Low,Paid Ads,Android,2024-03-01,,,0.0,0.0,0.0,0.0,0.0,0,0,0,0,0,0,0,0,False,False,True,0,,No transaction,0 features,0 failed,2024-03
U00825,25-34,Tier 1,Mid,Organic,Android,2024-02-27,2024-02-28 04:15:00,,0.0,0.0,0.0,0.0,0.0,0,0,0,0,0,0,0,0,False,False,True,1,,No transaction,0 features,0 failed,2024-02
U00826,45-54,Tier 1,Mid,Referral,Android,2024-02-03,,,0.0,0.0,0.0,0.0,0.0,0,0,0,0,0,0,0,0,False,False,True,0,,No transaction,0 features,0 failed,2024-02
U00827,25-34,Tier 2,Low,Referral,iOS,2024-04-06,2024-04-07 20:01:00,2024-04-10 07:00:00,3.0,3.0,0.0,4108000.0,1369333.3333333333,0,0,0,0,0,1,1,0,True,False,True,1,2.0,Within 7 days,1 feature,0 failed,2024-04
U00828,25-34,Tier 1,High,Paid Ads,Android,2024-02-01,,,0.0,0.0,0.0,0.0,0.0,0,0,0,0,0,0,0,0,False,False,True,0,,No transaction,0 features,0 failed,2024-02
U00829,35-44,Tier 1,High,Referral,Android,2024-04-17,,,0.0,0.0,0.0,0.0,0.0,0,0,0,0,0,0,0,0,False,False,True,0,,No transaction,0 features,0 failed,2024-04
U00830,25-34,Tier 2,Mid,Organic,iOS,2024-03-22,,,0.0,0.0,0.0,0.0,0.0,0,0,0,0,0,0,0,0,False,False,True,0,,No transaction,0 features,0 failed,2024-03
U00831,18-24,Tier 3,Low,Paid Ads,iOS,2024-02-05,,,0.0,0.0,0.0,0.0,0.0,0,0,0,0,0,0,0,0,False,False,True,0,,No transaction,0 features,0 failed,2024-02
U00832,25-34,Tier 2,Low,Referral,Android,2024-04-08,,,0.0,0.0,0.0,0.0,0.0,0,0,0,0,0,0,0,0,False,False,True,0,,No transaction,0 features,0 failed,2024-04
U00833,18-24,Tier 3,Mid,Paid Ads,iOS,2024-04-09,2024-04-10 09:23:00,2024-04-21 07:00:00,11.0,10.0,1.0,48525000.0,4411363.636363637,0,0,0,1,1,1,3,1,True,True,False,1,10.0,After 7 days,2+ features,1-2 failed,2024-04
U00834,18-24,Tier 1,Low,Organic,iOS,2024-03-07,,,0.0,0.0,0.0,0.0,0.0,0,0,0,0,0,0,0,0,False,False,True,0,,No transaction,0 features,0 failed,2024-03
U00835,25-34,Tier 2,Mid,Partnership,Android,2024-03-03,,,0.0,0.0,0.0,0.0,0.0,0,0,0,0,0,0,0,0,False,False,True,0,,No transaction,0 features,0 failed,2024-03
U00836,25-34,Tier 2,High,Paid Ads,Android,2024-03-21,,,0.0,0.0,0.0,0.0,0.0,0,0,0,0,0,0,0,0,False,False,True,0,,No transaction,0 features,0 failed,2024-03
U00837,45-54,Tier 3,Mid,Branch,Android,2024-01-31,,,0.0,0.0,0.0,0.0,0.0,0,0,0,0,0,0,0,0,False,False,True,0,,No transaction,0 features,0 failed,2024-01
U00838,25-34,Tier 1,High,Paid Ads,Android,2024-02-05,,,0.0,0.0,0.0,0.0,0.0,0,0,0,0,0,0,0,0,False,False,True,0,,No transaction,0 features,0 failed,2024-02
U00839,25-34,Tier 2,Mid,Branch,iOS,2024-02-26,,,0.0,0.0,0.0,0.0,0.0,0,0,0,0,0,0,0,0,False,False,True,0,,No transaction,0 features,0 failed,2024-02
U00840,25-34,Tier 2,Mid,Partnership,Android,2024-01-10,,,0.0,0.0,0.0,0.0,0.0,0,0,0,0,0,0,0,0,False,False,True,0,,No transaction,0 features,0 failed,2024-01
U00841,18-24,Tier 1,High,Paid Ads,Android,2024-04-01,,,0.0,0.0,0.0,0.0,0.0,0,0,0,0,0,0,0,0,False,False,True,0,,No transaction,0 features,0 failed,2024-04
U00842,35-44,Tier 1,Mid,Branch,iOS,2024-02-06,,,0.0,0.0,0.0,0.0,0.0,0,0,0,0,0,0,0,0,False,False,True,0,,No transaction,0 features,0 failed,2024-02
U00843,18-24,Tier 1,High,Referral,Android,2024-01-31,,,0.0,0.0,0.0,0.0,0.0,0,0,0,0,0,0,0,0,False,False,True,0,,No transaction,0 features,0 failed,2024-01
U00844,55+,Tier 1,Low,Referral,iOS,2024-02-04,,,0.0,0.0,0.0,0.0,0.0,0,0,0,0,0,0,0,0,False,False,True,0,,No transaction,0 features,0 failed,2024-02
U00845,18-24,Tier 3,Low,Organic,iOS,2024-02-12,,,0.0,0.0,0.0,0.0,0.0,0,0,0,0,0,0,0,0,False,False,True,0,,No transaction,0 features,0 failed,2024-02
U00846,25-34,Tier 1,High,Paid Ads,iOS,2024-02-10,,,0.0,0.0,0.0,0.0,0.0,0,0,0,0,0,0,0,0,False,False,True,0,,No transaction,0 features,0 failed,2024-02
U00847,18-24,Tier 1,Mid,Paid Ads,iOS,2024-04-24,,,0.0,0.0,0.0,0.0,0.0,0,0,0,0,0,0,0,0,False,False,True,0,,No transaction,0 features,0 failed,2024-04
U00848,55+,Tier 2,High,Partnership,Android,2024-03-10,2024-03-11 13:09:00,2024-03-12 18:00:00,6.0,6.0,0.0,186933000.0,31155500.0,1,0,0,0,1,1,3,1,True,False,True,1,1.0,Within 7 days,2+ features,0 failed,2024-03
U00849,25-34,Tier 1,High,Organic,Android,2024-01-11,2024-01-12 04:28:00,,1.0,0.0,1.0,43579000.0,43579000.0,0,1,0,0,0,0,1,0,True,False,True,1,,No transaction,1 feature,1-2 failed,2024-01
U00850,25-34,Tier 2,Low,Referral,Android,2024-01-18,,,0.0,0.0,0.0,0.0,0.0,0,0,0,0,0,0,0,0,False,False,True,0,,No transaction,0 features,0 failed,2024-01
U00851,18-24,Tier 1,Mid,Organic,Android,2024-01-20,,,0.0,0.0,0.0,0.0,0.0,0,0,0,0,0,0,0,0,False,False,True,0,,No transaction,0 features,0 failed,2024-01
U00852,35-44,Tier 3,Mid,Paid Ads,Android,2024-01-30,,,0.0,0.0,0.0,0.0,0.0,0,0,0,0,0,0,0,0,False,False,True,0,,No transaction,0 features,0 failed,2024-01
U00853,18-24,Tier 3,Mid,Organic,Android,2024-02-19,,,0.0,0.0,0.0,0.0,0.0,0,0,0,0,0,0,0,0,False,False,True,0,,No transaction,0 features,0 failed,2024-02
U00854,45-54,Tier 3,Mid,Branch,iOS,2024-03-29,2024-03-30 14:29:00,2024-04-13 17:00:00,4.0,3.0,1.0,12123000.0,3030750.0,1,0,0,1,0,0,2,1,True,False,True,1,14.0,After 7 days,2+ features,1-2 failed,2024-03
U00855,18-24,Tier 1,Low,Organic,iOS,2024-01-20,,,0.0,0.0,0.0,0.0,0.0,0,0,0,0,0,0,0,0,False,False,True,0,,No transaction,0 features,0 failed,2024-01
U00856,18-24,Tier 2,Mid,Referral,Android,2024-03-31,,,0.0,0.0,0.0,0.0,0.0,0,0,0,0,0,0,0,0,False,False,True,0,,No transaction,0 features,0 failed,2024-03
U00857,18-24,Tier 1,Mid,Partnership,Android,2024-01-28,,,0.0,0.0,0.0,0.0,0.0,0,0,0,0,0,0,0,0,False,False,True,0,,No transaction,0 features,0 failed,2024-01
U00858,25-34,Tier 1,Low,Paid Ads,Android,2024-01-09,2024-01-10 04:23:00,2024-02-17 04:00:00,1.0,1.0,0.0,412000.0,412000.0,0,0,0,0,0,0,0,0,False,False,True,1,37.0,After 7 days,0 features,0 failed,2024-01
U00859,25-34,Tier 1,High,Organic,iOS,2024-02-23,,,0.0,0.0,0.0,0.0,0.0,0,0,0,0,0,0,0,0,False,False,True,0,,No transaction,0 features,0 failed,2024-02
U00860,18-24,Tier 2,Mid,Paid Ads,iOS,2024-02-22,,,0.0,0.0,0.0,0.0,0.0,0,0,0,0,0,0,0,0,False,False,True,0,,No transaction,0 features,0 failed,2024-02
U00861,35-44,Tier 2,High,Organic,Android,2024-02-12,2024-02-13 03:09:00,2024-03-01 02:00:00,4.0,4.0,0.0,85335000.0,21333750.0,0,1,0,0,0,0,1,0,False,False,True,1,16.0,After 7 days,1 feature,0 failed,2024-02
U00862,25-34,Tier 2,Mid,Branch,Android,2024-03-10,2024-03-11 10:05:00,2024-03-13 01:00:00,7.0,7.0,0.0,24346000.0,3478000.0,0,0,0,1,1,1,3,1,True,True,False,1,1.0,Within 7 days,2+ features,0 failed,2024-03
U00863,25-34,Tier 1,Low,Paid Ads,Android,2024-02-29,,,0.0,0.0,0.0,0.0,0.0,0,0,0,0,0,0,0,0,False,False,True,0,,No transaction,0 features,0 failed,2024-02
U00864,25-34,Tier 1,Mid,Referral,iOS,2024-02-23,2024-02-24 18:25:00,2024-03-04 06:00:00,7.0,6.0,1.0,38310000.0,5472857.142857143,0,1,0,0,1,0,2,1,True,True,False,1,8.0,After 7 days,2+ features,1-2 failed,2024-02
U00865,25-34,Tier 2,Low,Paid Ads,Android,2024-01-08,2024-01-09 09:10:00,,0.0,0.0,0.0,0.0,0.0,0,1,0,0,0,0,1,0,True,False,True,1,,No transaction,1 feature,0 failed,2024-01
U00866,25-34,Tier 1,High,Organic,Android,2024-01-27,2024-01-28 12:09:00,2024-01-29 00:00:00,5.0,4.0,1.0,162925000.0,32585000.0,1,0,0,0,0,0,1,1,False,False,True,1,0.0,Within 7 days,1 feature,1-2 failed,2024-01
U00867,18-24,Tier 2,Low,Partnership,iOS,2024-04-16,2024-04-17 11:22:00,2024-04-18 10:00:00,11.0,11.0,0.0,10110000.0,919090.9090909091,1,1,0,1,0,0,3,1,True,True,False,1,0.0,Within 7 days,2+ features,0 failed,2024-04
U00868,18-24,Tier 1,Mid,Branch,iOS,2024-02-23,,,0.0,0.0,0.0,0.0,0.0,0,0,0,0,0,0,0,0,False,False,True,0,,No transaction,0 features,0 failed,2024-02
U00869,45-54,Tier 3,Mid,Partnership,iOS,2024-02-19,,,0.0,0.0,0.0,0.0,0.0,0,0,0,0,0,0,0,0,False,False,True,0,,No transaction,0 features,0 failed,2024-02
U00870,45-54,Tier 2,Mid,Referral,Android,2024-04-25,,,0.0,0.0,0.0,0.0,0.0,0,0,0,0,0,0,0,0,False,False,True,0,,No transaction,0 features,0 failed,2024-04
U00871,25-34,Tier 1,Low,Referral,Android,2024-04-08,,,0.0,0.0,0.0,0.0,0.0,0,0,0,0,0,0,0,0,False,False,True,0,,No transaction,0 features,0 failed,2024-04
U00872,18-24,Tier 1,Mid,Organic,Android,2024-03-15,2024-03-15 19:04:00,,1.0,0.0,1.0,4605000.0,4605000.0,0,0,1,0,0,0,1,0,False,False,True,1,,No transaction,1 feature,1-2 failed,2024-03
U00873,25-34,Tier 2,Mid,Paid Ads,Android,2024-03-30,,,0.0,0.0,0.0,0.0,0.0,0,0,0,0,0,0,0,0,False,False,True,0,,No transaction,0 features,0 failed,2024-03
U00874,25-34,Tier 3,Low,Paid Ads,Android,2024-01-03,,,0.0,0.0,0.0,0.0,0.0,0,0,0,0,0,0,0,0,False,False,True,0,,No transaction,0 features,0 failed,2024-01
U00875,18-24,Tier 1,High,Paid Ads,Android,2024-04-19,,,0.0,0.0,0.0,0.0,0.0,0,0,0,0,0,0,0,0,False,False,True,0,,No transaction,0 features,0 failed,2024-04
U00876,18-24,Tier 1,Mid,Branch,Android,2024-04-22,,,0.0,0.0,0.0,0.0,0.0,0,0,0,0,0,0,0,0,False,False,True,0,,No transaction,0 features,0 failed,2024-04
U00877,35-44,Tier 3,Mid,Organic,iOS,2024-04-07,2024-04-08 23:12:00,,0.0,0.0,0.0,0.0,0.0,0,0,1,0,0,0,1,0,False,False,True,1,,No transaction,1 feature,0 failed,2024-04
U00878,35-44,Tier 2,Mid,Organic,Android,2024-03-14,2024-03-15 11:19:00,2024-03-19 11:00:00,8.0,8.0,0.0,45351000.0,5668875.0,0,0,1,0,1,1,3,1,True,True,False,1,3.0,Within 7 days,2+ features,0 failed,2024-03
U00879,18-24,Tier 1,Low,Organic,iOS,2024-02-18,2024-02-19 14:20:00,2024-03-20 06:00:00,3.0,3.0,0.0,3967000.0,1322333.3333333333,0,0,0,1,0,1,2,0,True,True,False,1,29.0,After 7 days,2+ features,0 failed,2024-02
U00880,18-24,Tier 2,High,Organic,Android,2024-03-02,,,0.0,0.0,0.0,0.0,0.0,0,0,0,0,0,0,0,0,False,False,True,0,,No transaction,0 features,0 failed,2024-03
U00881,18-24,Tier 1,Mid,Organic,Android,2024-01-01,,,0.0,0.0,0.0,0.0,0.0,0,0,0,0,0,0,0,0,False,False,True,0,,No transaction,0 features,0 failed,2024-01
U00882,35-44,Tier 2,Low,Paid Ads,Android,2024-02-15,,,0.0,0.0,0.0,0.0,0.0,0,0,0,0,0,0,0,0,False,False,True,0,,No transaction,0 features,0 failed,2024-02
U00883,18-24,Tier 1,Mid,Referral,iOS,2024-02-08,,,0.0,0.0,0.0,0.0,0.0,0,0,0,0,0,0,0,0,False,False,True,0,,No transaction,0 features,0 failed,2024-02
U00884,18-24,Tier 3,Mid,Organic,Android,2024-04-06,,,0.0,0.0,0.0,0.0,0.0,0,0,0,0,0,0,0,0,False,False,True,0,,No transaction,0 features,0 failed,2024-04
U00885,35-44,Tier 2,Mid,Partnership,iOS,2024-02-19,2024-02-20 04:15:00,2024-03-10 04:00:00,3.0,3.0,0.0,15610000.0,5203333.333333333,0,0,1,0,1,0,2,1,True,True,False,1,18.0,After 7 days,2+ features,0 failed,2024-02
U00886,18-24,Tier 2,Mid,Organic,Android,2024-04-19,,,0.0,0.0,0.0,0.0,0.0,0,0,0,0,0,0,0,0,False,False,True,0,,No transaction,0 features,0 failed,2024-04
U00887,35-44,Tier 2,Low,Paid Ads,iOS,2024-04-24,,,0.0,0.0,0.0,0.0,0.0,0,0,0,0,0,0,0,0,False,False,True,0,,No transaction,0 features,0 failed,2024-04
U00888,18-24,Tier 3,Low,Referral,Android,2024-04-16,,,0.0,0.0,0.0,0.0,0.0,0,0,0,0,0,0,0,0,False,False,True,0,,No transaction,0 features,0 failed,2024-04
U00889,18-24,Tier 3,High,Paid Ads,iOS,2024-02-23,,,0.0,0.0,0.0,0.0,0.0,0,0,0,0,0,0,0,0,False,False,True,0,,No transaction,0 features,0 failed,2024-02
U00890,18-24,Tier 2,Low,Branch,Android,2024-03-09,2024-03-10 13:11:00,2024-03-20 14:00:00,12.0,11.0,1.0,11245000.0,937083.3333333334,1,1,0,1,0,1,4,1,True,True,False,1,10.0,After 7 days,2+ features,1-2 failed,2024-03
U00891,35-44,Tier 2,High,Organic,iOS,2024-04-05,2024-04-06 19:14:00,2024-04-16 17:00:00,5.0,5.0,0.0,115573000.0,23114600.0,0,0,0,0,0,1,1,0,True,True,False,1,9.0,After 7 days,1 feature,0 failed,2024-04
U00892,45-54,Tier 2,Low,Paid Ads,Android,2024-04-04,,,0.0,0.0,0.0,0.0,0.0,0,0,0,0,0,0,0,0,False,False,True,0,,No transaction,0 features,0 failed,2024-04
U00893,35-44,Tier 2,High,Partnership,Android,2024-03-10,2024-03-11 00:05:00,2024-03-11 15:00:00,9.0,9.0,0.0,201325000.0,22369444.444444444,0,1,0,1,1,0,3,1,True,False,True,1,0.0,Within 7 days,2+ features,0 failed,2024-03
U00894,25-34,Tier 1,Mid,Paid Ads,iOS,2024-04-12,2024-04-13 17:29:00,2024-04-16 21:00:00,11.0,11.0,0.0,76096000.0,6917818.181818182,0,1,0,0,0,0,1,0,True,True,False,1,3.0,Within 7 days,1 feature,0 failed,2024-04
U00895,35-44,Tier 2,Mid,Referral,Android,2024-03-18,2024-03-20 01:08:00,2024-03-22 19:00:00,9.0,8.0,1.0,53243000.0,5915888.888888889,0,0,0,0,1,1,2,1,True,False,True,1,2.0,Within 7 days,2+ features,1-2 failed,2024-03
U00896,18-24,Tier 1,Low,Referral,Android,2024-04-24,,,0.0,0.0,0.0,0.0,0.0,0,0,0,0,0,0,0,0,False,False,True,0,,No transaction,0 features,0 failed,2024-04
U00897,18-24,Tier 3,Low,Paid Ads,iOS,2024-01-29,,,0.0,0.0,0.0,0.0,0.0,0,0,0,0,0,0,0,0,False,False,True,0,,No transaction,0 features,0 failed,2024-01
U00898,45-54,Tier 1,Low,Partnership,Android,2024-03-03,,,0.0,0.0,0.0,0.0,0.0,0,0,0,0,0,0,0,0,False,False,True,0,,No transaction,0 features,0 failed,2024-03
U00899,18-24,Tier 3,Low,Organic,Android,2024-01-29,2024-01-30 05:18:00,2024-02-07 21:00:00,14.0,11.0,3.0,11580000.0,827142.8571428572,0,1,0,1,1,1,4,1,False,False,True,1,8.0,After 7 days,2+ features,3+ failed,2024-01
U00900,18-24,Tier 2,Mid,Organic,Android,2024-02-04,,,0.0,0.0,0.0,0.0,0.0,0,0,0,0,0,0,0,0,False,False,True,0,,No transaction,0 features,0 failed,2024-02
U00901,18-24,Tier 2,Mid,Referral,iOS,2024-02-25,,,0.0,0.0,0.0,0.0,0.0,0,0,0,0,0,0,0,0,False,False,True,0,,No transaction,0 features,0 failed,2024-02
U00902,18-24,Tier 2,Mid,Organic,Android,2024-03-03,2024-03-04 15:16:00,2024-03-05 06:00:00,8.0,8.0,0.0,29402000.0,3675250.0,1,1,0,0,0,0,2,1,True,True,False,1,0.0,Within 7 days,2+ features,0 failed,2024-03
U00903,18-24,Tier 1,Mid,Referral,Android,2024-01-04,,,0.0,0.0,0.0,0.0,0.0,0,0,0,0,0,0,0,0,False,False,True,0,,No transaction,0 features,0 failed,2024-01
U00904,25-34,Tier 1,Mid,Organic,iOS,2024-02-19,,,0.0,0.0,0.0,0.0,0.0,0,0,0,0,0,0,0,0,False,False,True,0,,No transaction,0 features,0 failed,2024-02
U00905,25-34,Tier 1,Mid,Organic,iOS,2024-02-13,2024-02-14 14:27:00,2024-02-26 17:00:00,9.0,9.0,0.0,50103000.0,5567000.0,1,0,1,0,1,0,3,1,True,False,True,1,12.0,After 7 days,2+ features,0 failed,2024-02
U00906,45-54,Tier 2,Mid,Organic,iOS,2024-03-26,,,0.0,0.0,0.0,0.0,0.0,0,0,0,0,0,0,0,0,False,False,True,0,,No transaction,0 features,0 failed,2024-03
U00907,35-44,Tier 1,Mid,Branch,iOS,2024-03-27,,,0.0,0.0,0.0,0.0,0.0,0,0,0,0,0,0,0,0,False,False,True,0,,No transaction,0 features,0 failed,2024-03
U00908,25-34,Tier 2,Mid,Organic,Android,2024-04-12,2024-04-13 04:05:00,2024-04-13 21:00:00,10.0,8.0,2.0,45386000.0,4538600.0,1,1,1,0,0,0,3,1,True,True,False,1,0.0,Within 7 days,2+ features,1-2 failed,2024-04
U00909,18-24,Tier 1,High,Organic,Android,2024-02-21,2024-02-21 22:29:00,2024-02-28 18:00:00,3.0,3.0,0.0,68661000.0,22887000.0,0,0,0,0,1,0,1,1,True,True,False,1,6.0,Within 7 days,1 feature,0 failed,2024-02
U00910,25-34,Tier 1,Low,Organic,Android,2024-04-02,,,0.0,0.0,0.0,0.0,0.0,0,0,0,0,0,0,0,0,False,False,True,0,,No transaction,0 features,0 failed,2024-04
U00911,25-34,Tier 1,Low,Branch,iOS,2024-01-22,,,0.0,0.0,0.0,0.0,0.0,0,0,0,0,0,0,0,0,False,False,True,0,,No transaction,0 features,0 failed,2024-01
U00912,18-24,Tier 3,Mid,Partnership,iOS,2024-04-17,,,0.0,0.0,0.0,0.0,0.0,0,0,0,0,0,0,0,0,False,False,True,0,,No transaction,0 features,0 failed,2024-04
U00913,25-34,Tier 2,Low,Partnership,iOS,2024-02-29,,,0.0,0.0,0.0,0.0,0.0,0,0,0,0,0,0,0,0,False,False,True,0,,No transaction,0 features,0 failed,2024-02
U00914,25-34,Tier 1,High,Organic,Android,2024-01-17,,,0.0,0.0,0.0,0.0,0.0,0,0,0,0,0,0,0,0,False,False,True,0,,No transaction,0 features,0 failed,2024-01
U00915,25-34,Tier 2,High,Partnership,Android,2024-03-20,2024-03-21 22:06:00,2024-03-24 05:00:00,12.0,11.0,1.0,203718000.0,16976500.0,1,0,1,0,1,0,3,1,True,True,False,1,2.0,Within 7 days,2+ features,1-2 failed,2024-03
U00916,25-34,Tier 1,Low,Referral,Android,2024-03-09,,,0.0,0.0,0.0,0.0,0.0,0,0,0,0,0,0,0,0,False,False,True,0,,No transaction,0 features,0 failed,2024-03
U00917,18-24,Tier 3,Low,Referral,iOS,2024-01-04,,,0.0,0.0,0.0,0.0,0.0,0,0,0,0,0,0,0,0,False,False,True,0,,No transaction,0 features,0 failed,2024-01
U00918,45-54,Tier 2,Mid,Paid Ads,iOS,2024-04-26,2024-04-27 10:26:00,2024-05-07 10:00:00,11.0,11.0,0.0,49210000.0,4473636.363636363,1,1,1,0,0,1,4,1,True,False,True,1,9.0,After 7 days,2+ features,0 failed,2024-04
U00919,35-44,Tier 1,Mid,Partnership,Android,2024-02-20,2024-02-21 15:25:00,2024-03-01 22:00:00,5.0,4.0,1.0,15391000.0,3078200.0,0,0,1,0,0,1,2,0,True,False,True,1,9.0,After 7 days,2+ features,1-2 failed,2024-02
U00920,18-24,Tier 2,Low,Partnership,Android,2024-03-16,,,0.0,0.0,0.0,0.0,0.0,0,0,0,0,0,0,0,0,False,False,True,0,,No transaction,0 features,0 failed,2024-03
U00921,45-54,Tier 1,Mid,Partnership,iOS,2024-03-13,,,0.0,0.0,0.0,0.0,0.0,0,0,0,0,0,0,0,0,False,False,True,0,,No transaction,0 features,0 failed,2024-03
U00922,25-34,Tier 3,Mid,Branch,iOS,2024-03-25,2024-03-26 16:13:00,2024-04-03 07:00:00,6.0,5.0,1.0,32869000.0,5478166.666666667,1,0,0,0,0,0,1,1,True,False,True,1,7.0,Within 7 days,1 feature,1-2 failed,2024-03
U00923,45-54,Tier 1,Mid,Organic,Android,2024-01-04,,,0.0,0.0,0.0,0.0,0.0,0,0,0,0,0,0,0,0,False,False,True,0,,No transaction,0 features,0 failed,2024-01
U00924,35-44,Tier 2,Low,Referral,Android,2024-01-11,,,0.0,0.0,0.0,0.0,0.0,0,0,0,0,0,0,0,0,False,False,True,0,,No transaction,0 features,0 failed,2024-01
U00925,25-34,Tier 1,Mid,Organic,iOS,2024-03-23,,,0.0,0.0,0.0,0.0,0.0,0,0,0,0,0,0,0,0,False,False,True,0,,No transaction,0 features,0 failed,2024-03
U00926,18-24,Tier 2,Low,Partnership,iOS,2024-02-24,2024-02-24 17:16:00,2024-02-25 04:00:00,1.0,1.0,0.0,431000.0,431000.0,0,0,0,0,1,0,1,1,False,False,True,1,0.0,Within 7 days,1 feature,0 failed,2024-02
U00927,18-24,Tier 2,High,Organic,Android,2024-01-18,,,0.0,0.0,0.0,0.0,0.0,0,0,0,0,0,0,0,0,False,False,True,0,,No transaction,0 features,0 failed,2024-01
U00928,25-34,Tier 2,Mid,Partnership,Android,2024-04-20,,,0.0,0.0,0.0,0.0,0.0,0,0,0,0,0,0,0,0,False,False,True,0,,No transaction,0 features,0 failed,2024-04
U00929,25-34,Tier 2,Mid,Referral,Android,2024-02-29,2024-03-01 09:08:00,,0.0,0.0,0.0,0.0,0.0,0,0,0,0,1,0,1,1,True,False,True,1,,No transaction,1 feature,0 failed,2024-02
U00930,18-24,Tier 3,High,Referral,Android,2024-01-24,,,0.0,0.0,0.0,0.0,0.0,0,0,0,0,0,0,0,0,False,False,True,0,,No transaction,0 features,0 failed,2024-01
U00931,18-24,Tier 1,High,Organic,Android,2024-01-07,2024-01-08 22:19:00,,0.0,0.0,0.0,0.0,0.0,0,0,1,0,0,0,1,0,False,False,True,1,,No transaction,1 feature,0 failed,2024-01
U00932,35-44,Tier 1,Mid,Referral,Android,2024-02-03,,,0.0,0.0,0.0,0.0,0.0,0,0,0,0,0,0,0,0,False,False,True,0,,No transaction,0 features,0 failed,2024-02
U00933,55+,Tier 1,Low,Partnership,Android,2024-02-18,,,0.0,0.0,0.0,0.0,0.0,0,0,0,0,0,0,0,0,False,False,True,0,,No transaction,0 features,0 failed,2024-02
U00934,25-34,Tier 3,Mid,Organic,iOS,2024-02-11,2024-02-12 17:16:00,2024-02-22 10:00:00,8.0,5.0,3.0,41737000.0,5217125.0,0,0,0,0,1,1,2,1,True,True,False,1,9.0,After 7 days,2+ features,3+ failed,2024-02
U00935,18-24,Tier 1,Mid,Referral,Android,2024-01-28,2024-01-28 22:17:00,2024-02-05 07:00:00,8.0,7.0,1.0,60102000.0,7512750.0,0,0,0,0,0,0,0,0,False,False,True,1,7.0,Within 7 days,0 features,1-2 failed,2024-01
U00936,18-24,Tier 2,Low,Organic,Android,2024-02-28,,,0.0,0.0,0.0,0.0,0.0,0,0,0,0,0,0,0,0,False,False,True,0,,No transaction,0 features,0 failed,2024-02
U00937,18-24,Tier 2,High,Referral,Android,2024-02-11,2024-02-12 06:24:00,,0.0,0.0,0.0,0.0,0.0,0,1,0,0,0,0,1,0,False,False,True,1,,No transaction,1 feature,0 failed,2024-02
U00938,45-54,Tier 1,Low,Organic,Android,2024-02-13,,,0.0,0.0,0.0,0.0,0.0,0,0,0,0,0,0,0,0,False,False,True,0,,No transaction,0 features,0 failed,2024-02
U00939,18-24,Tier 1,Low,Referral,Android,2024-04-07,,,0.0,0.0,0.0,0.0,0.0,0,0,0,0,0,0,0,0,False,False,True,0,,No transaction,0 features,0 failed,2024-04
U00940,25-34,Tier 1,Low,Partnership,Android,2024-04-22,,,0.0,0.0,0.0,0.0,0.0,0,0,0,0,0,0,0,0,False,False,True,0,,No transaction,0 features,0 failed,2024-04
U00941,18-24,Tier 1,Mid,Referral,iOS,2024-02-18,2024-02-19 12:13:00,2024-02-20 05:00:00,7.0,5.0,2.0,35421000.0,5060142.857142857,0,1,1,0,0,0,2,0,True,True,False,1,0.0,Within 7 days,2+ features,1-2 failed,2024-02
U00942,25-34,Tier 1,Mid,Referral,iOS,2024-02-05,2024-02-05 20:04:00,2024-02-11 20:00:00,6.0,6.0,0.0,44760000.0,7460000.0,0,0,1,1,0,0,2,0,True,True,False,1,5.0,Within 7 days,2+ features,0 failed,2024-02
U00943,35-44,Tier 1,Mid,Paid Ads,iOS,2024-04-06,2024-04-07 11:09:00,2024-04-16 20:00:00,9.0,9.0,0.0,36184000.0,4020444.4444444445,0,1,0,0,1,0,2,1,True,True,False,1,9.0,After 7 days,2+ features,0 failed,2024-04
U00944,35-44,Tier 3,Mid,Organic,Android,2024-04-16,2024-04-17 16:30:00,2024-04-26 19:00:00,10.0,9.0,1.0,36818000.0,3681800.0,1,0,0,1,1,0,3,1,True,False,True,1,9.0,After 7 days,2+ features,1-2 failed,2024-04
U00945,18-24,Tier 3,Mid,Referral,iOS,2024-02-23,,,0.0,0.0,0.0,0.0,0.0,0,0,0,0,0,0,0,0,False,False,True,0,,No transaction,0 features,0 failed,2024-02
U00946,18-24,Tier 1,Mid,Paid Ads,Android,2024-02-02,,,0.0,0.0,0.0,0.0,0.0,0,0,0,0,0,0,0,0,False,False,True,0,,No transaction,0 features,0 failed,2024-02
U00947,18-24,Tier 1,Low,Organic,iOS,2024-04-16,,,0.0,0.0,0.0,0.0,0.0,0,0,0,0,0,0,0,0,False,False,True,0,,No transaction,0 features,0 failed,2024-04
U00948,45-54,Tier 1,High,Paid Ads,Android,2024-01-11,,,0.0,0.0,0.0,0.0,0.0,0,0,0,0,0,0,0,0,False,False,True,0,,No transaction,0 features,0 failed,2024-01
U00949,45-54,Tier 2,Low,Paid Ads,Android,2024-03-01,2024-03-02 22:29:00,2024-03-11 03:00:00,3.0,3.0,0.0,4009000.0,1336333.3333333333,0,0,0,0,0,0,0,0,True,False,True,1,8.0,After 7 days,0 features,0 failed,2024-03
U00950,25-34,Tier 3,High,Partnership,Android,2024-01-03,2024-01-04 21:24:00,,0.0,0.0,0.0,0.0,0.0,0,0,0,0,0,0,0,0,False,False,True,1,,No transaction,0 features,0 failed,2024-01
U00951,25-34,Tier 1,Low,Branch,iOS,2024-04-05,,,0.0,0.0,0.0,0.0,0.0,0,0,0,0,0,0,0,0,False,False,True,0,,No transaction,0 features,0 failed,2024-04
U00952,35-44,Tier 1,Mid,Organic,iOS,2024-03-10,,,0.0,0.0,0.0,0.0,0.0,0,0,0,0,0,0,0,0,False,False,True,0,,No transaction,0 features,0 failed,2024-03
U00953,18-24,Tier 2,Low,Referral,iOS,2024-01-07,2024-01-08 00:06:00,,0.0,0.0,0.0,0.0,0.0,0,0,0,0,0,0,0,0,True,False,True,1,,No transaction,0 features,0 failed,2024-01
U00954,45-54,Tier 2,Low,Referral,Android,2024-02-14,2024-02-15 05:25:00,2024-03-08 08:00:00,3.0,3.0,0.0,3757000.0,1252333.3333333333,0,0,0,1,1,0,2,1,True,False,True,1,22.0,After 7 days,2+ features,0 failed,2024-02
U00955,25-34,Tier 1,High,Organic,Android,2024-01-29,,,0.0,0.0,0.0,0.0,0.0,0,0,0,0,0,0,0,0,False,False,True,0,,No transaction,0 features,0 failed,2024-01
U00956,25-34,Tier 2,High,Partnership,iOS,2024-03-24,,,0.0,0.0,0.0,0.0,0.0,0,0,0,0,0,0,0,0,False,False,True,0,,No transaction,0 features,0 failed,2024-03
U00957,25-34,Tier 1,Mid,Partnership,iOS,2024-01-09,2024-01-10 15:25:00,,0.0,0.0,0.0,0.0,0.0,0,0,0,0,0,0,0,0,True,False,True,1,,No transaction,0 features,0 failed,2024-01
U00958,18-24,Tier 1,Mid,Paid Ads,iOS,2024-04-09,,,0.0,0.0,0.0,0.0,0.0,0,0,0,0,0,0,0,0,False,False,True,0,,No transaction,0 features,0 failed,2024-04
U00959,18-24,Tier 2,Mid,Paid Ads,Android,2024-03-24,,,0.0,0.0,0.0,0.0,0.0,0,0,0,0,0,0,0,0,False,False,True,0,,No transaction,0 features,0 failed,2024-03
U00960,35-44,Tier 3,High,Organic,Android,2024-01-06,2024-01-07 07:11:00,2024-01-14 10:00:00,10.0,10.0,0.0,279953000.0,27995300.0,1,0,1,0,0,1,3,1,True,False,True,1,7.0,Within 7 days,2+ features,0 failed,2024-01
U00961,18-24,Tier 1,Mid,Paid Ads,iOS,2024-04-06,,,0.0,0.0,0.0,0.0,0.0,0,0,0,0,0,0,0,0,False,False,True,0,,No transaction,0 features,0 failed,2024-04
U00962,25-34,Tier 3,Mid,Partnership,Android,2024-01-04,2024-01-05 08:09:00,2024-02-02 04:00:00,1.0,1.0,0.0,3107000.0,3107000.0,0,0,1,0,0,0,1,0,True,False,True,1,27.0,After 7 days,1 feature,0 failed,2024-01
U00963,18-24,Tier 1,Mid,Paid Ads,iOS,2024-02-01,2024-02-02 15:23:00,2024-02-10 11:00:00,18.0,14.0,4.0,98025000.0,5445833.333333333,1,1,1,1,0,0,4,1,False,False,True,1,7.0,Within 7 days,2+ features,3+ failed,2024-02
U00964,25-34,Tier 2,Mid,Referral,Android,2024-01-26,2024-01-27 10:10:00,2024-01-31 14:00:00,8.0,8.0,0.0,33427000.0,4178375.0,0,0,0,1,1,0,2,1,True,True,False,1,4.0,Within 7 days,2+ features,0 failed,2024-01
U00965,18-24,Tier 2,High,Paid Ads,iOS,2024-04-17,,,0.0,0.0,0.0,0.0,0.0,0,0,0,0,0,0,0,0,False,False,True,0,,No transaction,0 features,0 failed,2024-04
U00966,25-34,Tier 3,Low,Referral,Android,2024-01-03,,,0.0,0.0,0.0,0.0,0.0,0,0,0,0,0,0,0,0,False,False,True,0,,No transaction,0 features,0 failed,2024-01
U00967,35-44,Tier 3,Low,Paid Ads,iOS,2024-03-20,,,0.0,0.0,0.0,0.0,0.0,0,0,0,0,0,0,0,0,False,False,True,0,,No transaction,0 features,0 failed,2024-03
U00968,18-24,Tier 1,Mid,Paid Ads,Android,2024-01-20,,,0.0,0.0,0.0,0.0,0.0,0,0,0,0,0,0,0,0,False,False,True,0,,No transaction,0 features,0 failed,2024-01
U00969,25-34,Tier 3,Mid,Referral,Android,2024-01-31,,,0.0,0.0,0.0,0.0,0.0,0,0,0,0,0,0,0,0,False,False,True,0,,No transaction,0 features,0 failed,2024-01
U00970,25-34,Tier 3,Low,Paid Ads,Android,2024-01-17,2024-01-18 10:15:00,,0.0,0.0,0.0,0.0,0.0,0,1,0,0,0,1,2,0,False,False,True,1,,No transaction,2+ features,0 failed,2024-01
U00971,35-44,Tier 2,Mid,Partnership,iOS,2024-03-01,,,0.0,0.0,0.0,0.0,0.0,0,0,0,0,0,0,0,0,False,False,True,0,,No transaction,0 features,0 failed,2024-03
U00972,45-54,Tier 1,High,Organic,iOS,2024-03-26,,,0.0,0.0,0.0,0.0,0.0,0,0,0,0,0,0,0,0,False,False,True,0,,No transaction,0 features,0 failed,2024-03
U00973,35-44,Tier 3,Low,Branch,Android,2024-01-15,,,0.0,0.0,0.0,0.0,0.0,0,0,0,0,0,0,0,0,False,False,True,0,,No transaction,0 features,0 failed,2024-01
U00974,18-24,Tier 3,Mid,Paid Ads,iOS,2024-03-13,,,0.0,0.0,0.0,0.0,0.0,0,0,0,0,0,0,0,0,False,False,True,0,,No transaction,0 features,0 failed,2024-03
U00975,18-24,Tier 1,Mid,Paid Ads,Android,2024-01-28,,,0.0,0.0,0.0,0.0,0.0,0,0,0,0,0,0,0,0,False,False,True,0,,No transaction,0 features,0 failed,2024-01
U00976,18-24,Tier 3,Mid,Partnership,Android,2024-02-29,,,0.0,0.0,0.0,0.0,0.0,0,0,0,0,0,0,0,0,False,False,True,0,,No transaction,0 features,0 failed,2024-02
U00977,25-34,Tier 1,High,Paid Ads,Android,2024-03-30,2024-03-31 04:25:00,2024-04-01 02:00:00,8.0,7.0,1.0,193129000.0,24141125.0,0,1,1,1,0,0,3,0,True,False,True,1,0.0,Within 7 days,2+ features,1-2 failed,2024-03
U00978,18-24,Tier 1,Mid,Partnership,iOS,2024-02-02,,,0.0,0.0,0.0,0.0,0.0,0,0,0,0,0,0,0,0,False,False,True,0,,No transaction,0 features,0 failed,2024-02
U00979,25-34,Tier 2,Mid,Organic,Android,2024-04-08,2024-04-09 17:26:00,2024-04-15 14:00:00,5.0,5.0,0.0,28975000.0,5795000.0,0,1,1,0,0,1,3,0,True,False,True,1,5.0,Within 7 days,2+ features,0 failed,2024-04
U00980,25-34,Tier 2,Mid,Organic,Android,2024-02-17,2024-02-18 03:24:00,2024-02-21 14:00:00,11.0,10.0,1.0,48316000.0,4392363.636363637,0,0,0,1,0,1,2,0,True,True,False,1,3.0,Within 7 days,2+ features,1-2 failed,2024-02
U00981,25-34,Tier 2,Mid,Paid Ads,iOS,2024-01-22,,,0.0,0.0,0.0,0.0,0.0,0,0,0,0,0,0,0,0,False,False,True,0,,No transaction,0 features,0 failed,2024-01
U00982,35-44,Tier 1,Mid,Partnership,iOS,2024-03-18,,,0.0,0.0,0.0,0.0,0.0,0,0,0,0,0,0,0,0,False,False,True,0,,No transaction,0 features,0 failed,2024-03
U00983,18-24,Tier 3,High,Partnership,Android,2024-03-18,,,0.0,0.0,0.0,0.0,0.0,0,0,0,0,0,0,0,0,False,False,True,0,,No transaction,0 features,0 failed,2024-03
U00984,18-24,Tier 1,Mid,Paid Ads,iOS,2024-04-05,,,0.0,0.0,0.0,0.0,0.0,0,0,0,0,0,0,0,0,False,False,True,0,,No transaction,0 features,0 failed,2024-04
U00985,35-44,Tier 1,Low,Paid Ads,iOS,2024-04-01,,,0.0,0.0,0.0,0.0,0.0,0,0,0,0,0,0,0,0,False,False,True,0,,No transaction,0 features,0 failed,2024-04
U00986,25-34,Tier 1,Low,Referral,Android,2024-01-15,2024-01-16 18:21:00,2024-01-21 02:00:00,5.0,4.0,1.0,4187000.0,837400.0,1,0,1,1,1,0,4,1,True,False,True,1,4.0,Within 7 days,2+ features,1-2 failed,2024-01
U00987,35-44,Tier 2,Low,Branch,iOS,2024-04-09,,,0.0,0.0,0.0,0.0,0.0,0,0,0,0,0,0,0,0,False,False,True,0,,No transaction,0 features,0 failed,2024-04
U00988,25-34,Tier 3,Low,Referral,Android,2024-04-14,2024-04-15 13:22:00,2024-04-18 05:00:00,7.0,7.0,0.0,6127000.0,875285.7142857143,1,0,0,1,0,0,2,1,False,False,True,1,2.0,Within 7 days,2+ features,0 failed,2024-04
U00989,18-24,Tier 2,High,Paid Ads,Android,2024-01-21,2024-01-22 09:25:00,2024-02-25 08:00:00,9.0,8.0,1.0,261944000.0,29104888.888888888,0,1,0,1,1,0,3,1,True,True,False,1,33.0,After 7 days,2+ features,1-2 failed,2024-01
U00990,35-44,Tier 3,Mid,Paid Ads,Android,2024-02-09,,,0.0,0.0,0.0,0.0,0.0,0,0,0,0,0,0,0,0,False,False,True,0,,No transaction,0 features,0 failed,2024-02
U00991,35-44,Tier 1,Mid,Paid Ads,iOS,2024-01-14,,,0.0,0.0,0.0,0.0,0.0,0,0,0,0,0,0,0,0,False,False,True,0,,No transaction,0 features,0 failed,2024-01
U00992,35-44,Tier 2,Mid,Referral,Android,2024-03-15,2024-03-16 02:09:00,2024-03-19 01:00:00,8.0,7.0,1.0,48348000.0,6043500.0,0,0,1,0,0,1,2,0,True,True,False,1,2.0,Within 7 days,2+ features,1-2 failed,2024-03
U00993,18-24,Tier 2,High,Branch,iOS,2024-01-04,2024-01-05 01:27:00,2024-01-06 21:00:00,12.0,10.0,2.0,197083000.0,16423583.333333334,1,1,0,0,1,1,4,1,True,True,False,1,1.0,Within 7 days,2+ features,1-2 failed,2024-01
U00994,25-34,Tier 2,Mid,Paid Ads,Android,2024-02-09,,,0.0,0.0,0.0,0.0,0.0,0,0,0,0,0,0,0,0,False,False,True,0,,No transaction,0 features,0 failed,2024-02
U00995,25-34,Tier 1,High,Branch,Android,2024-03-14,,,0.0,0.0,0.0,0.0,0.0,0,0,0,0,0,0,0,0,False,False,True,0,,No transaction,0 features,0 failed,2024-03
U00996,18-24,Tier 2,Mid,Organic,Android,2024-03-27,,,0.0,0.0,0.0,0.0,0.0,0,0,0,0,0,0,0,0,False,False,True,0,,No transaction,0 features,0 failed,2024-03
U00997,45-54,Tier 2,High,Paid Ads,iOS,2024-04-26,2024-04-27 00:05:00,2024-04-30 20:00:00,9.0,9.0,0.0,275038000.0,30559777.777777776,1,0,0,0,0,0,1,1,True,True,False,1,3.0,Within 7 days,1 feature,0 failed,2024-04
U00998,18-24,Tier 2,Mid,Paid Ads,Android,2024-02-18,2024-02-18 20:14:00,2024-03-07 17:00:00,5.0,5.0,0.0,38352000.0,7670400.0,0,1,0,0,0,0,1,0,True,False,True,1,17.0,After 7 days,1 feature,0 failed,2024-02
U00999,55+,Tier 2,Low,Paid Ads,Android,2024-02-20,,,0.0,0.0,0.0,0.0,0.0,0,0,0,0,0,0,0,0,False,False,True,0,,No transaction,0 features,0 failed,2024-02
U01000,25-34,Tier 1,Mid,Branch,Android,2024-04-01,2024-04-02 01:02:00,2024-04-08 12:00:00,3.0,2.0,1.0,13587000.0,4529000.0,1,1,0,0,1,0,3,1,True,False,True,1,6.0,Within 7 days,2+ features,1-2 failed,2024-04
U01001,18-24,Tier 2,Mid,Organic,iOS,2024-01-26,,,0.0,0.0,0.0,0.0,0.0,0,0,0,0,0,0,0,0,False,False,True,0,,No transaction,0 features,0 failed,2024-01
U01002,25-34,Tier 1,Low,Organic,Android,2024-01-10,,,0.0,0.0,0.0,0.0,0.0,0,0,0,0,0,0,0,0,False,False,True,0,,No transaction,0 features,0 failed,2024-01
U01003,45-54,Tier 3,Mid,Paid Ads,iOS,2024-03-16,,,0.0,0.0,0.0,0.0,0.0,0,0,0,0,0,0,0,0,False,False,True,0,,No transaction,0 features,0 failed,2024-03
U01004,35-44,Tier 2,Mid,Organic,Android,2024-03-29,,,0.0,0.0,0.0,0.0,0.0,0,0,0,0,0,0,0,0,False,False,True,0,,No transaction,0 features,0 failed,2024-03
U01005,35-44,Tier 1,Low,Branch,Android,2024-04-16,2024-04-17 23:22:00,2024-04-24 14:00:00,7.0,6.0,1.0,4928000.0,704000.0,0,0,0,0,1,0,1,1,True,False,True,1,6.0,Within 7 days,1 feature,1-2 failed,2024-04
U01006,35-44,Tier 3,High,Organic,Android,2024-03-21,,,0.0,0.0,0.0,0.0,0.0,0,0,0,0,0,0,0,0,False,False,True,0,,No transaction,0 features,0 failed,2024-03
U01007,35-44,Tier 2,Mid,Paid Ads,iOS,2024-02-01,,,0.0,0.0,0.0,0.0,0.0,0,0,0,0,0,0,0,0,False,False,True,0,,No transaction,0 features,0 failed,2024-02
U01008,35-44,Tier 1,High,Organic,Android,2024-01-14,2024-01-15 08:19:00,2024-03-01 01:00:00,3.0,3.0,0.0,91178000.0,30392666.666666668,1,0,0,0,0,0,1,1,True,True,False,1,45.0,After 7 days,1 feature,0 failed,2024-01
U01009,18-24,Tier 2,Mid,Paid Ads,Android,2024-03-30,,,0.0,0.0,0.0,0.0,0.0,0,0,0,0,0,0,0,0,False,False,True,0,,No transaction,0 features,0 failed,2024-03
U01010,25-34,Tier 1,Mid,Referral,Android,2024-04-08,,,0.0,0.0,0.0,0.0,0.0,0,0,0,0,0,0,0,0,False,False,True,0,,No transaction,0 features,0 failed,2024-04
U01011,18-24,Tier 3,Mid,Organic,Android,2024-02-08,,,0.0,0.0,0.0,0.0,0.0,0,0,0,0,0,0,0,0,False,False,True,0,,No transaction,0 features,0 failed,2024-02
U01012,55+,Tier 3,Mid,Referral,Android,2024-04-18,,,0.0,0.0,0.0,0.0,0.0,0,0,0,0,0,0,0,0,False,False,True,0,,No transaction,0 features,0 failed,2024-04
U01013,45-54,Tier 3,High,Referral,iOS,2024-03-28,,,0.0,0.0,0.0,0.0,0.0,0,0,0,0,0,0,0,0,False,False,True,0,,No transaction,0 features,0 failed,2024-03
U01014,18-24,Tier 2,Low,Branch,Android,2024-03-17,,,0.0,0.0,0.0,0.0,0.0,0,0,0,0,0,0,0,0,False,False,True,0,,No transaction,0 features,0 failed,2024-03
U01015,35-44,Tier 2,High,Organic,Android,2024-04-13,,,0.0,0.0,0.0,0.0,0.0,0,0,0,0,0,0,0,0,False,False,True,0,,No transaction,0 features,0 failed,2024-04
U01016,45-54,Tier 2,High,Paid Ads,Android,2024-01-16,,,0.0,0.0,0.0,0.0,0.0,0,0,0,0,0,0,0,0,False,False,True,0,,No transaction,0 features,0 failed,2024-01
U01017,18-24,Tier 1,Mid,Branch,Android,2024-04-11,,,0.0,0.0,0.0,0.0,0.0,0,0,0,0,0,0,0,0,False,False,True,0,,No transaction,0 features,0 failed,2024-04
U01018,25-34,Tier 2,High,Partnership,iOS,2024-03-13,2024-03-14 13:05:00,2024-03-18 17:00:00,7.0,7.0,0.0,184615000.0,26373571.42857143,0,1,0,0,0,0,1,0,False,False,True,1,4.0,Within 7 days,1 feature,0 failed,2024-03
U01019,45-54,Tier 2,Mid,Branch,Android,2024-04-10,,,0.0,0.0,0.0,0.0,0.0,0,0,0,0,0,0,0,0,False,False,True,0,,No transaction,0 features,0 failed,2024-04
U01020,18-24,Tier 1,High,Branch,iOS,2024-01-06,,,0.0,0.0,0.0,0.0,0.0,0,0,0,0,0,0,0,0,False,False,True,0,,No transaction,0 features,0 failed,2024-01
U01021,35-44,Tier 1,Mid,Paid Ads,Android,2024-02-14,2024-02-15 07:08:00,2024-02-19 09:00:00,8.0,7.0,1.0,48262000.0,6032750.0,0,1,0,0,1,1,3,1,True,True,False,1,4.0,Within 7 days,2+ features,1-2 failed,2024-02
U01022,18-24,Tier 3,Low,Paid Ads,iOS,2024-03-09,,,0.0,0.0,0.0,0.0,0.0,0,0,0,0,0,0,0,0,False,False,True,0,,No transaction,0 features,0 failed,2024-03
U01023,45-54,Tier 3,High,Organic,Android,2024-02-24,,,0.0,0.0,0.0,0.0,0.0,0,0,0,0,0,0,0,0,False,False,True,0,,No transaction,0 features,0 failed,2024-02
U01024,55+,Tier 1,Mid,Referral,Android,2024-03-25,2024-03-26 07:04:00,2024-04-05 06:00:00,8.0,8.0,0.0,48916000.0,6114500.0,1,0,0,1,1,1,4,1,False,False,True,1,9.0,After 7 days,2+ features,0 failed,2024-03
U01025,45-54,Tier 1,Mid,Partnership,iOS,2024-02-17,,,0.0,0.0,0.0,0.0,0.0,0,0,0,0,0,0,0,0,False,False,True,0,,No transaction,0 features,0 failed,2024-02
U01026,25-34,Tier 1,Mid,Paid Ads,iOS,2024-01-09,,,0.0,0.0,0.0,0.0,0.0,0,0,0,0,0,0,0,0,False,False,True,0,,No transaction,0 features,0 failed,2024-01
U01027,45-54,Tier 3,Low,Paid Ads,Android,2024-03-05,2024-03-06 10:29:00,2024-03-11 20:00:00,5.0,4.0,1.0,4658000.0,931600.0,1,1,0,0,1,0,3,1,False,False,True,1,5.0,Within 7 days,2+ features,1-2 failed,2024-03
U01028,35-44,Tier 1,Mid,Paid Ads,Android,2024-03-23,,,0.0,0.0,0.0,0.0,0.0,0,0,0,0,0,0,0,0,False,False,True,0,,No transaction,0 features,0 failed,2024-03
U01029,25-34,Tier 2,High,Referral,Android,2024-02-13,,,0.0,0.0,0.0,0.0,0.0,0,0,0,0,0,0,0,0,False,False,True,0,,No transaction,0 features,0 failed,2024-02
U01030,35-44,Tier 1,Low,Partnership,iOS,2024-01-02,,,0.0,0.0,0.0,0.0,0.0,0,0,0,0,0,0,0,0,False,False,True,0,,No transaction,0 features,0 failed,2024-01
U01031,18-24,Tier 2,Low,Paid Ads,Android,2024-04-18,,,0.0,0.0,0.0,0.0,0.0,0,0,0,0,0,0,0,0,False,False,True,0,,No transaction,0 features,0 failed,2024-04
U01032,25-34,Tier 1,Low,Organic,iOS,2024-02-23,,,0.0,0.0,0.0,0.0,0.0,0,0,0,0,0,0,0,0,False,False,True,0,,No transaction,0 features,0 failed,2024-02
U01033,18-24,Tier 2,Mid,Partnership,Android,2024-04-15,,,0.0,0.0,0.0,0.0,0.0,0,0,0,0,0,0,0,0,False,False,True,0,,No transaction,0 features,0 failed,2024-04
U01034,18-24,Tier 1,Mid,Referral,Android,2024-03-03,,,0.0,0.0,0.0,0.0,0.0,0,0,0,0,0,0,0,0,False,False,True,0,,No transaction,0 features,0 failed,2024-03
U01035,18-24,Tier 2,Mid,Partnership,Android,2024-01-14,,,0.0,0.0,0.0,0.0,0.0,0,0,0,0,0,0,0,0,False,False,True,0,,No transaction,0 features,0 failed,2024-01
U01036,35-44,Tier 1,High,Paid Ads,Android,2024-02-25,,,0.0,0.0,0.0,0.0,0.0,0,0,0,0,0,0,0,0,False,False,True,0,,No transaction,0 features,0 failed,2024-02
U01037,25-34,Tier 2,Mid,Referral,Android,2024-02-16,,,0.0,0.0,0.0,0.0,0.0,0,0,0,0,0,0,0,0,False,False,True,0,,No transaction,0 features,0 failed,2024-02
U01038,35-44,Tier 3,Low,Partnership,Android,2024-03-22,,,0.0,0.0,0.0,0.0,0.0,0,0,0,0,0,0,0,0,False,False,True,0,,No transaction,0 features,0 failed,2024-03
U01039,18-24,Tier 1,High,Paid Ads,iOS,2024-04-24,,,0.0,0.0,0.0,0.0,0.0,0,0,0,0,0,0,0,0,False,False,True,0,,No transaction,0 features,0 failed,2024-04
U01040,25-34,Tier 3,Mid,Referral,Android,2024-04-16,,,0.0,0.0,0.0,0.0,0.0,0,0,0,0,0,0,0,0,False,False,True,0,,No transaction,0 features,0 failed,2024-04
U01041,25-34,Tier 2,Mid,Organic,iOS,2024-02-28,2024-02-29 14:03:00,2024-03-02 06:00:00,12.0,11.0,1.0,64094000.0,5341166.666666667,0,1,1,1,0,0,3,0,True,True,False,1,1.0,Within 7 days,2+ features,1-2 failed,2024-02
U01042,35-44,Tier 1,Mid,Partnership,Android,2024-03-31,,,0.0,0.0,0.0,0.0,0.0,0,0,0,0,0,0,0,0,False,False,True,0,,No transaction,0 features,0 failed,2024-03
U01043,25-34,Tier 1,High,Organic,iOS,2024-01-20,,,0.0,0.0,0.0,0.0,0.0,0,0,0,0,0,0,0,0,False,False,True,0,,No transaction,0 features,0 failed,2024-01
U01044,25-34,Tier 1,Mid,Partnership,iOS,2024-02-25,,,0.0,0.0,0.0,0.0,0.0,0,0,0,0,0,0,0,0,False,False,True,0,,No transaction,0 features,0 failed,2024-02
U01045,45-54,Tier 2,Mid,Referral,iOS,2024-01-23,2024-01-24 12:28:00,2024-01-27 06:00:00,8.0,7.0,1.0,39464000.0,4933000.0,0,0,0,0,1,1,2,1,True,True,False,1,2.0,Within 7 days,2+ features,1-2 failed,2024-01
U01046,25-34,Tier 2,Mid,Paid Ads,iOS,2024-04-03,,,0.0,0.0,0.0,0.0,0.0,0,0,0,0,0,0,0,0,False,False,True,0,,No transaction,0 features,0 failed,2024-04
U01047,18-24,Tier 1,Low,Branch,Android,2024-03-07,,,0.0,0.0,0.0,0.0,0.0,0,0,0,0,0,0,0,0,False,False,True,0,,No transaction,0 features,0 failed,2024-03
U01048,18-24,Tier 2,Mid,Organic,iOS,2024-03-24,2024-03-25 14:07:00,,0.0,0.0,0.0,0.0,0.0,0,0,0,0,0,0,0,0,True,True,False,1,,No transaction,0 features,0 failed,2024-03
U01049,45-54,Tier 3,Mid,Paid Ads,iOS,2024-02-04,,,0.0,0.0,0.0,0.0,0.0,0,0,0,0,0,0,0,0,False,False,True,0,,No transaction,0 features,0 failed,2024-02
U01050,18-24,Tier 3,Low,Partnership,Android,2024-03-19,,,0.0,0.0,0.0,0.0,0.0,0,0,0,0,0,0,0,0,False,False,True,0,,No transaction,0 features,0 failed,2024-03
U01051,45-54,Tier 2,Low,Partnership,Android,2024-04-13,,,0.0,0.0,0.0,0.0,0.0,0,0,0,0,0,0,0,0,False,False,True,0,,No transaction,0 features,0 failed,2024-04
U01052,25-34,Tier 3,Low,Paid Ads,Android,2024-03-09,,,0.0,0.0,0.0,0.0,0.0,0,0,0,0,0,0,0,0,False,False,True,0,,No transaction,0 features,0 failed,2024-03
U01053,45-54,Tier 2,Mid,Paid Ads,Android,2024-04-09,,,0.0,0.0,0.0,0.0,0.0,0,0,0,0,0,0,0,0,False,False,True,0,,No transaction,0 features,0 failed,2024-04
U01054,35-44,Tier 1,High,Partnership,Android,2024-03-02,,,0.0,0.0,0.0,0.0,0.0,0,0,0,0,0,0,0,0,False,False,True,0,,No transaction,0 features,0 failed,2024-03
U01055,55+,Tier 3,High,Partnership,Android,2024-02-29,,,0.0,0.0,0.0,0.0,0.0,0,0,0,0,0,0,0,0,False,False,True,0,,No transaction,0 features,0 failed,2024-02
U01056,25-34,Tier 2,Mid,Partnership,Android,2024-02-25,,,0.0,0.0,0.0,0.0,0.0,0,0,0,0,0,0,0,0,False,False,True,0,,No transaction,0 features,0 failed,2024-02
U01057,35-44,Tier 2,Mid,Referral,iOS,2024-04-15,2024-04-16 08:04:00,,0.0,0.0,0.0,0.0,0.0,1,0,0,0,0,0,1,1,True,False,True,1,,No transaction,1 feature,0 failed,2024-04
U01058,25-34,Tier 2,High,Branch,Android,2024-04-03,2024-04-04 05:27:00,2024-04-11 06:00:00,9.0,9.0,0.0,283733000.0,31525888.888888888,1,0,0,1,0,0,2,1,True,True,False,1,7.0,Within 7 days,2+ features,0 failed,2024-04
U01059,25-34,Tier 3,Low,Referral,iOS,2024-03-16,2024-03-17 13:09:00,,0.0,0.0,0.0,0.0,0.0,0,0,0,0,1,0,1,1,False,False,True,1,,No transaction,1 feature,0 failed,2024-03
U01060,25-34,Tier 3,Mid,Organic,Android,2024-02-04,2024-02-04 16:12:00,2024-02-06 00:00:00,9.0,9.0,0.0,51043000.0,5671444.444444444,0,0,0,1,0,0,1,0,True,True,False,1,1.0,Within 7 days,1 feature,0 failed,2024-02
U01061,45-54,Tier 1,Mid,Referral,Android,2024-02-11,,,0.0,0.0,0.0,0.0,0.0,0,0,0,0,0,0,0,0,False,False,True,0,,No transaction,0 features,0 failed,2024-02
U01062,55+,Tier 1,Low,Organic,Android,2024-04-19,2024-04-20 11:04:00,2024-06-15 23:00:00,1.0,1.0,0.0,1518000.0,1518000.0,1,1,0,0,0,0,2,1,True,False,True,1,56.0,After 7 days,2+ features,0 failed,2024-04
U01063,35-44,Tier 2,High,Organic,Android,2024-02-01,,,0.0,0.0,0.0,0.0,0.0,0,0,0,0,0,0,0,0,False,False,True,0,,No transaction,0 features,0 failed,2024-02
U01064,25-34,Tier 2,High,Referral,Android,2024-04-16,2024-04-17 00:18:00,2024-04-23 23:00:00,9.0,8.0,1.0,317270000.0,35252222.222222224,0,1,0,0,1,1,3,1,True,True,False,1,6.0,Within 7 days,2+ features,1-2 failed,2024-04
U01065,25-34,Tier 1,Low,Organic,Android,2024-01-12,,,0.0,0.0,0.0,0.0,0.0,0,0,0,0,0,0,0,0,False,False,True,0,,No transaction,0 features,0 failed,2024-01
U01066,35-44,Tier 2,Low,Paid Ads,Android,2024-02-05,,,0.0,0.0,0.0,0.0,0.0,0,0,0,0,0,0,0,0,False,False,True,0,,No transaction,0 features,0 failed,2024-02
U01067,18-24,Tier 2,Low,Organic,Android,2024-04-22,2024-04-23 12:15:00,2024-04-29 12:00:00,6.0,6.0,0.0,7211000.0,1201833.3333333333,0,0,1,0,1,0,2,1,True,False,True,1,5.0,Within 7 days,2+ features,0 failed,2024-04
U01068,18-24,Tier 1,Mid,Organic,Android,2024-02-27,,,0.0,0.0,0.0,0.0,0.0,0,0,0,0,0,0,0,0,False,False,True,0,,No transaction,0 features,0 failed,2024-02
U01069,25-34,Tier 1,Mid,Organic,Android,2024-02-01,2024-02-01 17:04:00,2024-02-12 09:00:00,10.0,8.0,2.0,50276000.0,5027600.0,1,1,0,0,0,1,3,1,True,True,False,1,10.0,After 7 days,2+ features,1-2 failed,2024-02
U01070,18-24,Tier 1,Mid,Organic,Android,2024-04-06,,,0.0,0.0,0.0,0.0,0.0,0,0,0,0,0,0,0,0,False,False,True,0,,No transaction,0 features,0 failed,2024-04
U01071,18-24,Tier 3,Low,Referral,Android,2024-02-29,2024-03-01 08:19:00,2024-03-03 09:00:00,9.0,7.0,2.0,9050000.0,1005555.5555555555,0,1,1,0,1,0,3,1,False,False,True,1,2.0,Within 7 days,2+ features,1-2 failed,2024-02
U01072,18-24,Tier 1,High,Paid Ads,Android,2024-03-13,,,0.0,0.0,0.0,0.0,0.0,0,0,0,0,0,0,0,0,False,False,True,0,,No transaction,0 features,0 failed,2024-03
U01073,18-24,Tier 1,Mid,Branch,Android,2024-03-19,2024-03-20 17:10:00,2024-03-30 21:00:00,9.0,9.0,0.0,44837000.0,4981888.888888889,0,1,0,0,1,1,3,1,True,True,False,1,10.0,After 7 days,2+ features,0 failed,2024-03
U01074,18-24,Tier 2,Low,Partnership,Android,2024-03-26,,,0.0,0.0,0.0,0.0,0.0,0,0,0,0,0,0,0,0,False,False,True,0,,No transaction,0 features,0 failed,2024-03
U01075,55+,Tier 1,Mid,Partnership,Android,2024-02-18,,,0.0,0.0,0.0,0.0,0.0,0,0,0,0,0,0,0,0,False,False,True,0,,No transaction,0 features,0 failed,2024-02
U01076,25-34,Tier 1,Mid,Organic,Android,2024-02-13,2024-02-14 10:18:00,2024-02-23 17:00:00,13.0,11.0,2.0,61884000.0,4760307.692307692,1,1,1,0,1,1,5,1,True,False,True,1,9.0,After 7 days,2+ features,1-2 failed,2024-02
U01077,25-34,Tier 1,Mid,Referral,Android,2024-01-04,2024-01-04 23:16:00,2024-02-18 21:00:00,2.0,2.0,0.0,5496000.0,2748000.0,0,0,0,0,0,1,1,0,True,True,False,1,44.0,After 7 days,1 feature,0 failed,2024-01
U01078,35-44,Tier 2,Low,Organic,Android,2024-03-04,,,0.0,0.0,0.0,0.0,0.0,0,0,0,0,0,0,0,0,False,False,True,0,,No transaction,0 features,0 failed,2024-03
U01079,18-24,Tier 2,Low,Partnership,Android,2024-04-18,,,0.0,0.0,0.0,0.0,0.0,0,0,0,0,0,0,0,0,False,False,True,0,,No transaction,0 features,0 failed,2024-04
U01080,45-54,Tier 1,High,Organic,Android,2024-02-11,,,0.0,0.0,0.0,0.0,0.0,0,0,0,0,0,0,0,0,False,False,True,0,,No transaction,0 features,0 failed,2024-02
U01081,35-44,Tier 1,High,Paid Ads,iOS,2024-01-24,,,0.0,0.0,0.0,0.0,0.0,0,0,0,0,0,0,0,0,False,False,True,0,,No transaction,0 features,0 failed,2024-01
U01082,18-24,Tier 3,Mid,Organic,iOS,2024-03-03,,,0.0,0.0,0.0,0.0,0.0,0,0,0,0,0,0,0,0,False,False,True,0,,No transaction,0 features,0 failed,2024-03
U01083,25-34,Tier 1,Mid,Organic,Android,2024-01-28,2024-01-29 21:18:00,2024-02-19 00:00:00,7.0,6.0,1.0,39714000.0,5673428.571428572,0,0,0,1,1,1,3,1,True,False,True,1,20.0,After 7 days,2+ features,1-2 failed,2024-01
U01084,45-54,Tier 1,Mid,Branch,iOS,2024-02-15,,,0.0,0.0,0.0,0.0,0.0,0,0,0,0,0,0,0,0,False,False,True,0,,No transaction,0 features,0 failed,2024-02
U01085,45-54,Tier 1,Mid,Partnership,Android,2024-04-12,,,0.0,0.0,0.0,0.0,0.0,0,0,0,0,0,0,0,0,False,False,True,0,,No transaction,0 features,0 failed,2024-04
U01086,25-34,Tier 2,Mid,Partnership,Android,2024-02-03,,,0.0,0.0,0.0,0.0,0.0,0,0,0,0,0,0,0,0,False,False,True,0,,No transaction,0 features,0 failed,2024-02
U01087,25-34,Tier 2,High,Paid Ads,iOS,2024-02-13,,,0.0,0.0,0.0,0.0,0.0,0,0,0,0,0,0,0,0,False,False,True,0,,No transaction,0 features,0 failed,2024-02
U01088,18-24,Tier 1,Mid,Partnership,iOS,2024-02-05,,,0.0,0.0,0.0,0.0,0.0,0,0,0,0,0,0,0,0,False,False,True,0,,No transaction,0 features,0 failed,2024-02
U01089,55+,Tier 2,Mid,Paid Ads,Android,2024-04-22,,,0.0,0.0,0.0,0.0,0.0,0,0,0,0,0,0,0,0,False,False,True,0,,No transaction,0 features,0 failed,2024-04
U01090,18-24,Tier 1,Mid,Branch,Android,2024-03-17,,,0.0,0.0,0.0,0.0,0.0,0,0,0,0,0,0,0,0,False,False,True,0,,No transaction,0 features,0 failed,2024-03
U01091,45-54,Tier 1,High,Referral,Android,2024-03-30,2024-03-31 13:18:00,2024-04-06 09:00:00,12.0,11.0,1.0,226478000.0,18873166.666666668,1,1,1,0,1,0,4,1,True,True,False,1,5.0,Within 7 days,2+ features,1-2 failed,2024-03
U01092,25-34,Tier 2,Mid,Paid Ads,Android,2024-04-22,,,0.0,0.0,0.0,0.0,0.0,0,0,0,0,0,0,0,0,False,False,True,0,,No transaction,0 features,0 failed,2024-04
U01093,25-34,Tier 1,Low,Paid Ads,Android,2024-02-05,,,0.0,0.0,0.0,0.0,0.0,0,0,0,0,0,0,0,0,False,False,True,0,,No transaction,0 features,0 failed,2024-02
U01094,25-34,Tier 2,Mid,Referral,Android,2024-03-12,2024-03-13 22:19:00,,0.0,0.0,0.0,0.0,0.0,1,0,0,1,0,0,2,1,True,True,False,1,,No transaction,2+ features,0 failed,2024-03
U01095,18-24,Tier 1,Mid,Partnership,iOS,2024-01-02,,,0.0,0.0,0.0,0.0,0.0,0,0,0,0,0,0,0,0,False,False,True,0,,No transaction,0 features,0 failed,2024-01
U01096,18-24,Tier 2,Mid,Branch,Android,2024-03-07,2024-03-08 00:01:00,2024-03-14 04:00:00,9.0,8.0,1.0,59100000.0,6566666.666666667,1,1,0,0,1,0,3,1,True,False,True,1,6.0,Within 7 days,2+ features,1-2 failed,2024-03
U01097,18-24,Tier 1,Mid,Paid Ads,iOS,2024-01-25,,,0.0,0.0,0.0,0.0,0.0,0,0,0,0,0,0,0,0,False,False,True,0,,No transaction,0 features,0 failed,2024-01
U01098,18-24,Tier 3,High,Referral,Android,2024-01-11,2024-01-12 06:25:00,2024-01-17 20:00:00,5.0,4.0,1.0,195529000.0,39105800.0,0,0,1,0,1,0,2,1,True,False,True,1,5.0,Within 7 days,2+ features,1-2 failed,2024-01
U01099,35-44,Tier 1,Mid,Paid Ads,Android,2024-01-31,,,0.0,0.0,0.0,0.0,0.0,0,0,0,0,0,0,0,0,False,False,True,0,,No transaction,0 features,0 failed,2024-01
U01100,25-34,Tier 3,High,Partnership,Android,2024-04-02,,,0.0,0.0,0.0,0.0,0.0,0,0,0,0,0,0,0,0,False,False,True,0,,No transaction,0 features,0 failed,2024-04
U01101,18-24,Tier 1,Low,Paid Ads,iOS,2024-02-22,,,0.0,0.0,0.0,0.0,0.0,0,0,0,0,0,0,0,0,False,False,True,0,,No transaction,0 features,0 failed,2024-02
U01102,55+,Tier 2,High,Organic,Android,2024-03-03,,,0.0,0.0,0.0,0.0,0.0,0,0,0,0,0,0,0,0,False,False,True,0,,No transaction,0 features,0 failed,2024-03
U01103,45-54,Tier 1,Mid,Paid Ads,Android,2024-03-12,2024-03-12 21:25:00,2024-03-19 00:00:00,8.0,8.0,0.0,43727000.0,5465875.0,1,0,0,1,0,0,2,1,True,False,True,1,6.0,Within 7 days,2+ features,0 failed,2024-03
U01104,45-54,Tier 3,Mid,Organic,Android,2024-04-07,,,0.0,0.0,0.0,0.0,0.0,0,0,0,0,0,0,0,0,False,False,True,0,,No transaction,0 features,0 failed,2024-04
U01105,55+,Tier 1,Mid,Partnership,Android,2024-01-31,2024-02-01 01:22:00,,0.0,0.0,0.0,0.0,0.0,0,0,0,0,0,0,0,0,False,False,True,1,,No transaction,0 features,0 failed,2024-01
U01106,18-24,Tier 1,Low,Referral,Android,2024-03-29,,,0.0,0.0,0.0,0.0,0.0,0,0,0,0,0,0,0,0,False,False,True,0,,No transaction,0 features,0 failed,2024-03
U01107,25-34,Tier 2,Mid,Paid Ads,Android,2024-03-01,,,0.0,0.0,0.0,0.0,0.0,0,0,0,0,0,0,0,0,False,False,True,0,,No transaction,0 features,0 failed,2024-03
U01108,35-44,Tier 1,Mid,Partnership,Android,2024-03-23,2024-03-24 17:22:00,2024-03-28 12:00:00,16.0,16.0,0.0,56274000.0,3517125.0,1,1,1,0,1,1,5,1,True,True,False,1,3.0,Within 7 days,2+ features,0 failed,2024-03
U01109,35-44,Tier 1,Low,Organic,Android,2024-04-01,,,0.0,0.0,0.0,0.0,0.0,0,0,0,0,0,0,0,0,False,False,True,0,,No transaction,0 features,0 failed,2024-04
U01110,18-24,Tier 3,Mid,Organic,Android,2024-03-03,2024-03-04 03:03:00,2024-03-11 18:00:00,10.0,10.0,0.0,58790000.0,5879000.0,1,0,1,1,0,0,3,1,True,False,True,1,7.0,Within 7 days,2+ features,0 failed,2024-03
U01111,35-44,Tier 3,Mid,Referral,iOS,2024-02-27,,,0.0,0.0,0.0,0.0,0.0,0,0,0,0,0,0,0,0,False,False,True,0,,No transaction,0 features,0 failed,2024-02
U01112,18-24,Tier 1,Low,Organic,Android,2024-04-11,2024-04-13 02:26:00,2024-04-18 06:00:00,11.0,11.0,0.0,10092000.0,917454.5454545454,1,1,1,0,1,0,4,1,True,True,False,1,5.0,Within 7 days,2+ features,0 failed,2024-04
U01113,18-24,Tier 3,Low,Referral,Android,2024-01-03,,,0.0,0.0,0.0,0.0,0.0,0,0,0,0,0,0,0,0,False,False,True,0,,No transaction,0 features,0 failed,2024-01
U01114,25-34,Tier 2,Mid,Branch,Android,2024-01-12,,,0.0,0.0,0.0,0.0,0.0,0,0,0,0,0,0,0,0,False,False,True,0,,No transaction,0 features,0 failed,2024-01
U01115,25-34,Tier 1,Mid,Partnership,Android,2024-02-07,,,0.0,0.0,0.0,0.0,0.0,0,0,0,0,0,0,0,0,False,False,True,0,,No transaction,0 features,0 failed,2024-02
U01116,25-34,Tier 2,High,Partnership,Android,2024-01-29,,,0.0,0.0,0.0,0.0,0.0,0,0,0,0,0,0,0,0,False,False,True,0,,No transaction,0 features,0 failed,2024-01
U01117,18-24,Tier 2,High,Branch,Android,2024-02-21,2024-02-21 21:30:00,2024-03-08 08:00:00,10.0,9.0,1.0,180163000.0,18016300.0,0,1,1,0,1,0,3,1,True,True,False,1,15.0,After 7 days,2+ features,1-2 failed,2024-02
U01118,45-54,Tier 3,Mid,Referral,iOS,2024-03-29,,,0.0,0.0,0.0,0.0,0.0,0,0,0,0,0,0,0,0,False,False,True,0,,No transaction,0 features,0 failed,2024-03
U01119,18-24,Tier 1,Mid,Referral,Android,2024-02-01,2024-02-02 19:22:00,,0.0,0.0,0.0,0.0,0.0,0,0,0,0,0,1,1,0,False,False,True,1,,No transaction,1 feature,0 failed,2024-02
U01120,18-24,Tier 2,Mid,Organic,Android,2024-02-09,,,0.0,0.0,0.0,0.0,0.0,0,0,0,0,0,0,0,0,False,False,True,0,,No transaction,0 features,0 failed,2024-02
U01121,45-54,Tier 1,Mid,Partnership,Android,2024-03-25,2024-03-26 16:12:00,2024-04-13 10:00:00,4.0,4.0,0.0,24336000.0,6084000.0,0,0,0,0,0,0,0,0,True,True,False,1,17.0,After 7 days,0 features,0 failed,2024-03
U01122,55+,Tier 1,Low,Paid Ads,Android,2024-03-15,,,0.0,0.0,0.0,0.0,0.0,0,0,0,0,0,0,0,0,False,False,True,0,,No transaction,0 features,0 failed,2024-03
U01123,45-54,Tier 1,Mid,Organic,Android,2024-02-17,2024-02-18 07:18:00,2024-02-20 22:00:00,10.0,9.0,1.0,56456000.0,5645600.0,1,1,0,1,1,0,4,1,True,True,False,1,2.0,Within 7 days,2+ features,1-2 failed,2024-02
U01124,35-44,Tier 3,Mid,Referral,iOS,2024-03-01,,,0.0,0.0,0.0,0.0,0.0,0,0,0,0,0,0,0,0,False,False,True,0,,No transaction,0 features,0 failed,2024-03
U01125,35-44,Tier 3,Low,Paid Ads,iOS,2024-03-11,,,0.0,0.0,0.0,0.0,0.0,0,0,0,0,0,0,0,0,False,False,True,0,,No transaction,0 features,0 failed,2024-03
U01126,25-34,Tier 2,Mid,Paid Ads,iOS,2024-03-08,,,0.0,0.0,0.0,0.0,0.0,0,0,0,0,0,0,0,0,False,False,True,0,,No transaction,0 features,0 failed,2024-03
U01127,18-24,Tier 2,High,Partnership,Android,2024-02-14,2024-02-15 07:05:00,2024-02-25 00:00:00,5.0,5.0,0.0,100248000.0,20049600.0,1,0,0,0,1,0,2,1,True,True,False,1,9.0,After 7 days,2+ features,0 failed,2024-02
U01128,25-34,Tier 1,Mid,Referral,iOS,2024-02-24,2024-02-25 15:09:00,,0.0,0.0,0.0,0.0,0.0,0,1,0,0,0,0,1,0,True,False,True,1,,No transaction,1 feature,0 failed,2024-02
U01129,25-34,Tier 1,Mid,Branch,Android,2024-04-05,,,0.0,0.0,0.0,0.0,0.0,0,0,0,0,0,0,0,0,False,False,True,0,,No transaction,0 features,0 failed,2024-04
U01130,18-24,Tier 1,High,Referral,iOS,2024-03-11,2024-03-12 12:28:00,2024-04-07 00:00:00,3.0,3.0,0.0,61979000.0,20659666.666666668,0,0,0,0,1,1,2,1,False,False,True,1,25.0,After 7 days,2+ features,0 failed,2024-03
U01131,35-44,Tier 1,Mid,Paid Ads,iOS,2024-02-12,,,0.0,0.0,0.0,0.0,0.0,0,0,0,0,0,0,0,0,False,False,True,0,,No transaction,0 features,0 failed,2024-02
U01132,25-34,Tier 2,Low,Branch,Android,2024-02-15,,,0.0,0.0,0.0,0.0,0.0,0,0,0,0,0,0,0,0,False,False,True,0,,No transaction,0 features,0 failed,2024-02
U01133,18-24,Tier 2,Mid,Branch,Android,2024-03-30,2024-03-31 03:30:00,2024-04-21 20:00:00,10.0,8.0,2.0,51172000.0,5117200.0,1,0,0,0,0,1,2,1,True,True,False,1,21.0,After 7 days,2+ features,1-2 failed,2024-03
U01134,18-24,Tier 1,Mid,Organic,Android,2024-02-28,,,0.0,0.0,0.0,0.0,0.0,0,0,0,0,0,0,0,0,False,False,True,0,,No transaction,0 features,0 failed,2024-02
U01135,35-44,Tier 1,Mid,Organic,iOS,2024-02-04,,,0.0,0.0,0.0,0.0,0.0,0,0,0,0,0,0,0,0,False,False,True,0,,No transaction,0 features,0 failed,2024-02
U01136,18-24,Tier 1,Low,Paid Ads,Android,2024-02-09,2024-02-10 09:14:00,2024-02-19 03:00:00,9.0,8.0,1.0,9567000.0,1063000.0,1,1,0,0,0,1,3,1,False,False,True,1,8.0,After 7 days,2+ features,1-2 failed,2024-02
U01137,45-54,Tier 1,Mid,Referral,iOS,2024-02-02,2024-02-03 21:20:00,2024-02-11 11:00:00,5.0,5.0,0.0,25797000.0,5159400.0,1,0,0,0,1,0,2,1,True,True,False,1,7.0,Within 7 days,2+ features,0 failed,2024-02
U01138,25-34,Tier 3,High,Paid Ads,Android,2024-01-30,,,0.0,0.0,0.0,0.0,0.0,0,0,0,0,0,0,0,0,False,False,True,0,,No transaction,0 features,0 failed,2024-01
U01139,25-34,Tier 2,Mid,Branch,Android,2024-01-16,,,0.0,0.0,0.0,0.0,0.0,0,0,0,0,0,0,0,0,False,False,True,0,,No transaction,0 features,0 failed,2024-01
U01140,25-34,Tier 3,High,Organic,Android,2024-04-02,,,0.0,0.0,0.0,0.0,0.0,0,0,0,0,0,0,0,0,False,False,True,0,,No transaction,0 features,0 failed,2024-04
U01141,35-44,Tier 2,Mid,Paid Ads,iOS,2024-01-25,,,0.0,0.0,0.0,0.0,0.0,0,0,0,0,0,0,0,0,False,False,True,0,,No transaction,0 features,0 failed,2024-01
U01142,25-34,Tier 1,High,Organic,Android,2024-02-10,,,0.0,0.0,0.0,0.0,0.0,0,0,0,0,0,0,0,0,False,False,True,0,,No transaction,0 features,0 failed,2024-02
U01143,35-44,Tier 1,Low,Partnership,Android,2024-01-16,2024-01-17 03:13:00,2024-01-27 00:00:00,8.0,8.0,0.0,9136000.0,1142000.0,0,1,1,1,0,0,3,0,True,False,True,1,9.0,After 7 days,2+ features,0 failed,2024-01
U01144,25-34,Tier 3,Mid,Branch,Android,2024-04-05,,,0.0,0.0,0.0,0.0,0.0,0,0,0,0,0,0,0,0,False,False,True,0,,No transaction,0 features,0 failed,2024-04
U01145,18-24,Tier 2,Low,Paid Ads,Android,2024-03-09,,,0.0,0.0,0.0,0.0,0.0,0,0,0,0,0,0,0,0,False,False,True,0,,No transaction,0 features,0 failed,2024-03
U01146,45-54,Tier 1,Mid,Organic,iOS,2024-04-07,,,0.0,0.0,0.0,0.0,0.0,0,0,0,0,0,0,0,0,False,False,True,0,,No transaction,0 features,0 failed,2024-04
U01147,35-44,Tier 2,Mid,Partnership,Android,2024-03-29,,,0.0,0.0,0.0,0.0,0.0,0,0,0,0,0,0,0,0,False,False,True,0,,No transaction,0 features,0 failed,2024-03
U01148,35-44,Tier 2,Mid,Paid Ads,iOS,2024-01-24,,,0.0,0.0,0.0,0.0,0.0,0,0,0,0,0,0,0,0,False,False,True,0,,No transaction,0 features,0 failed,2024-01
U01149,45-54,Tier 2,High,Referral,iOS,2024-01-25,,,0.0,0.0,0.0,0.0,0.0,0,0,0,0,0,0,0,0,False,False,True,0,,No transaction,0 features,0 failed,2024-01
U01150,45-54,Tier 3,High,Partnership,Android,2024-01-28,,,0.0,0.0,0.0,0.0,0.0,0,0,0,0,0,0,0,0,False,False,True,0,,No transaction,0 features,0 failed,2024-01
U01151,35-44,Tier 2,Low,Branch,iOS,2024-04-04,2024-04-05 11:27:00,2024-04-06 10:00:00,12.0,12.0,0.0,14270000.0,1189166.6666666667,0,0,1,1,1,1,4,1,True,True,False,1,0.0,Within 7 days,2+ features,0 failed,2024-04
U01152,35-44,Tier 2,Mid,Paid Ads,iOS,2024-03-02,,,0.0,0.0,0.0,0.0,0.0,0,0,0,0,0,0,0,0,False,False,True,0,,No transaction,0 features,0 failed,2024-03
U01153,35-44,Tier 1,Mid,Paid Ads,iOS,2024-02-05,,,0.0,0.0,0.0,0.0,0.0,0,0,0,0,0,0,0,0,False,False,True,0,,No transaction,0 features,0 failed,2024-02
U01154,35-44,Tier 1,Mid,Referral,iOS,2024-04-02,,,0.0,0.0,0.0,0.0,0.0,0,0,0,0,0,0,0,0,False,False,True,0,,No transaction,0 features,0 failed,2024-04
U01155,25-34,Tier 1,High,Paid Ads,Android,2024-03-16,,,0.0,0.0,0.0,0.0,0.0,0,0,0,0,0,0,0,0,False,False,True,0,,No transaction,0 features,0 failed,2024-03
U01156,35-44,Tier 1,Mid,Referral,Android,2024-04-07,,,0.0,0.0,0.0,0.0,0.0,0,0,0,0,0,0,0,0,False,False,True,0,,No transaction,0 features,0 failed,2024-04
U01157,18-24,Tier 2,High,Referral,Android,2024-03-08,,,0.0,0.0,0.0,0.0,0.0,0,0,0,0,0,0,0,0,False,False,True,0,,No transaction,0 features,0 failed,2024-03
U01158,45-54,Tier 2,Low,Organic,iOS,2024-03-17,2024-03-17 22:05:00,2024-03-18 11:00:00,5.0,5.0,0.0,4080000.0,816000.0,0,0,0,1,0,0,1,0,True,False,True,1,0.0,Within 7 days,1 feature,0 failed,2024-03
U01159,45-54,Tier 1,Mid,Referral,iOS,2024-02-06,,,0.0,0.0,0.0,0.0,0.0,0,0,0,0,0,0,0,0,False,False,True,0,,No transaction,0 features,0 failed,2024-02
U01160,18-24,Tier 3,Mid,Organic,Android,2024-01-13,,,0.0,0.0,0.0,0.0,0.0,0,0,0,0,0,0,0,0,False,False,True,0,,No transaction,0 features,0 failed,2024-01
U01161,35-44,Tier 1,Low,Paid Ads,Android,2024-04-16,,,0.0,0.0,0.0,0.0,0.0,0,0,0,0,0,0,0,0,False,False,True,0,,No transaction,0 features,0 failed,2024-04
U01162,18-24,Tier 1,Mid,Paid Ads,Android,2024-01-25,,,0.0,0.0,0.0,0.0,0.0,0,0,0,0,0,0,0,0,False,False,True,0,,No transaction,0 features,0 failed,2024-01
U01163,25-34,Tier 1,High,Paid Ads,iOS,2024-02-07,,,0.0,0.0,0.0,0.0,0.0,0,0,0,0,0,0,0,0,False,False,True,0,,No transaction,0 features,0 failed,2024-02
U01164,35-44,Tier 1,Mid,Referral,Android,2024-01-30,,,0.0,0.0,0.0,0.0,0.0,0,0,0,0,0,0,0,0,False,False,True,0,,No transaction,0 features,0 failed,2024-01
U01165,18-24,Tier 1,Mid,Referral,Android,2024-02-16,2024-02-17 04:05:00,2024-02-18 02:00:00,3.0,3.0,0.0,19804000.0,6601333.333333333,0,0,0,0,1,0,1,1,True,True,False,1,0.0,Within 7 days,1 feature,0 failed,2024-02
U01166,35-44,Tier 2,Mid,Partnership,Android,2024-01-23,,,0.0,0.0,0.0,0.0,0.0,0,0,0,0,0,0,0,0,False,False,True,0,,No transaction,0 features,0 failed,2024-01
U01167,35-44,Tier 1,Low,Paid Ads,Android,2024-02-08,,,0.0,0.0,0.0,0.0,0.0,0,0,0,0,0,0,0,0,False,False,True,0,,No transaction,0 features,0 failed,2024-02
U01168,25-34,Tier 3,Low,Branch,Android,2024-01-02,2024-01-03 04:15:00,2024-01-14 01:00:00,6.0,6.0,0.0,5668000.0,944666.6666666666,0,0,0,1,1,0,2,1,True,False,True,1,10.0,After 7 days,2+ features,0 failed,2024-01
U01169,18-24,Tier 1,Mid,Referral,iOS,2024-03-31,,,0.0,0.0,0.0,0.0,0.0,0,0,0,0,0,0,0,0,False,False,True,0,,No transaction,0 features,0 failed,2024-03
U01170,18-24,Tier 1,Low,Paid Ads,Android,2024-03-09,,,0.0,0.0,0.0,0.0,0.0,0,0,0,0,0,0,0,0,False,False,True,0,,No transaction,0 features,0 failed,2024-03
U01171,25-34,Tier 1,High,Organic,iOS,2024-01-17,2024-01-18 02:09:00,2024-01-24 22:00:00,12.0,10.0,2.0,253351000.0,21112583.333333332,1,1,0,1,1,1,5,1,True,True,False,1,6.0,Within 7 days,2+ features,1-2 failed,2024-01
U01172,55+,Tier 2,Mid,Paid Ads,Android,2024-02-05,,,0.0,0.0,0.0,0.0,0.0,0,0,0,0,0,0,0,0,False,False,True,0,,No transaction,0 features,0 failed,2024-02
U01173,25-34,Tier 1,High,Partnership,Android,2024-01-06,,,0.0,0.0,0.0,0.0,0.0,0,0,0,0,0,0,0,0,False,False,True,0,,No transaction,0 features,0 failed,2024-01
U01174,18-24,Tier 3,Mid,Branch,Android,2024-01-07,,,0.0,0.0,0.0,0.0,0.0,0,0,0,0,0,0,0,0,False,False,True,0,,No transaction,0 features,0 failed,2024-01
U01175,25-34,Tier 2,High,Branch,iOS,2024-03-11,,,0.0,0.0,0.0,0.0,0.0,0,0,0,0,0,0,0,0,False,False,True,0,,No transaction,0 features,0 failed,2024-03
U01176,25-34,Tier 2,Mid,Referral,iOS,2024-02-07,,,0.0,0.0,0.0,0.0,0.0,0,0,0,0,0,0,0,0,False,False,True,0,,No transaction,0 features,0 failed,2024-02
U01177,35-44,Tier 2,Mid,Paid Ads,Android,2024-03-30,2024-03-31 14:09:00,2024-04-06 03:00:00,5.0,4.0,1.0,35955000.0,7191000.0,0,1,0,0,1,0,2,1,True,True,False,1,5.0,Within 7 days,2+ features,1-2 failed,2024-03
U01178,18-24,Tier 1,High,Paid Ads,iOS,2024-01-17,,,0.0,0.0,0.0,0.0,0.0,0,0,0,0,0,0,0,0,False,False,True,0,,No transaction,0 features,0 failed,2024-01
U01179,35-44,Tier 1,Mid,Paid Ads,Android,2024-03-22,,,0.0,0.0,0.0,0.0,0.0,0,0,0,0,0,0,0,0,False,False,True,0,,No transaction,0 features,0 failed,2024-03
U01180,25-34,Tier 1,Low,Organic,Android,2024-04-21,,,0.0,0.0,0.0,0.0,0.0,0,0,0,0,0,0,0,0,False,False,True,0,,No transaction,0 features,0 failed,2024-04
U01181,55+,Tier 2,Mid,Partnership,Android,2024-04-06,2024-04-07 09:14:00,2024-04-16 02:00:00,6.0,6.0,0.0,26040000.0,4340000.0,1,0,0,0,0,1,2,1,True,False,True,1,8.0,After 7 days,2+ features,0 failed,2024-04
U01182,25-34,Tier 1,High,Branch,iOS,2024-03-03,,,0.0,0.0,0.0,0.0,0.0,0,0,0,0,0,0,0,0,False,False,True,0,,No transaction,0 features,0 failed,2024-03
U01183,25-34,Tier 1,Mid,Referral,Android,2024-01-14,,,0.0,0.0,0.0,0.0,0.0,0,0,0,0,0,0,0,0,False,False,True,0,,No transaction,0 features,0 failed,2024-01
U01184,45-54,Tier 3,Mid,Referral,Android,2024-04-21,2024-04-22 21:11:00,2024-05-05 13:00:00,8.0,8.0,0.0,53936000.0,6742000.0,1,0,0,1,1,0,3,1,True,False,True,1,12.0,After 7 days,2+ features,0 failed,2024-04
U01185,18-24,Tier 1,Mid,Organic,Android,2024-01-02,,,0.0,0.0,0.0,0.0,0.0,0,0,0,0,0,0,0,0,False,False,True,0,,No transaction,0 features,0 failed,2024-01
U01186,45-54,Tier 3,High,Paid Ads,Android,2024-03-14,2024-03-15 19:23:00,2024-03-26 19:00:00,4.0,4.0,0.0,104961000.0,26240250.0,1,0,1,0,0,0,2,1,True,True,False,1,10.0,After 7 days,2+ features,0 failed,2024-03
U01187,35-44,Tier 2,Low,Referral,Android,2024-02-06,,,0.0,0.0,0.0,0.0,0.0,0,0,0,0,0,0,0,0,False,False,True,0,,No transaction,0 features,0 failed,2024-02
U01188,18-24,Tier 1,Mid,Branch,Android,2024-03-01,,,0.0,0.0,0.0,0.0,0.0,0,0,0,0,0,0,0,0,False,False,True,0,,No transaction,0 features,0 failed,2024-03
U01189,25-34,Tier 1,Low,Paid Ads,Android,2024-03-02,,,0.0,0.0,0.0,0.0,0.0,0,0,0,0,0,0,0,0,False,False,True,0,,No transaction,0 features,0 failed,2024-03
U01190,35-44,Tier 1,Mid,Paid Ads,iOS,2024-02-26,2024-02-27 12:10:00,2024-03-04 09:00:00,13.0,12.0,1.0,60574000.0,4659538.461538462,0,1,1,1,1,1,5,1,True,False,True,1,5.0,Within 7 days,2+ features,1-2 failed,2024-02
U01191,18-24,Tier 2,Mid,Paid Ads,Android,2024-02-13,,,0.0,0.0,0.0,0.0,0.0,0,0,0,0,0,0,0,0,False,False,True,0,,No transaction,0 features,0 failed,2024-02
U01192,25-34,Tier 2,Low,Organic,Android,2024-01-24,,,0.0,0.0,0.0,0.0,0.0,0,0,0,0,0,0,0,0,False,False,True,0,,No transaction,0 features,0 failed,2024-01
U01193,25-34,Tier 2,Low,Branch,Android,2024-01-07,,,0.0,0.0,0.0,0.0,0.0,0,0,0,0,0,0,0,0,False,False,True,0,,No transaction,0 features,0 failed,2024-01
U01194,25-34,Tier 3,Mid,Paid Ads,Android,2024-02-02,,,0.0,0.0,0.0,0.0,0.0,0,0,0,0,0,0,0,0,False,False,True,0,,No transaction,0 features,0 failed,2024-02
U01195,18-24,Tier 2,Low,Branch,iOS,2024-04-20,,,0.0,0.0,0.0,0.0,0.0,0,0,0,0,0,0,0,0,False,False,True,0,,No transaction,0 features,0 failed,2024-04
U01196,45-54,Tier 1,Low,Paid Ads,Android,2024-03-02,2024-03-03 07:15:00,2024-03-04 03:00:00,13.0,13.0,0.0,11467000.0,882076.9230769231,1,1,1,0,0,1,4,1,True,True,False,1,0.0,Within 7 days,2+ features,0 failed,2024-03
U01197,55+,Tier 1,High,Paid Ads,iOS,2024-01-15,,,0.0,0.0,0.0,0.0,0.0,0,0,0,0,0,0,0,0,False,False,True,0,,No transaction,0 features,0 failed,2024-01
U01198,55+,Tier 3,Mid,Organic,iOS,2024-04-15,,,0.0,0.0,0.0,0.0,0.0,0,0,0,0,0,0,0,0,False,False,True,0,,No transaction,0 features,0 failed,2024-04
U01199,35-44,Tier 1,Mid,Paid Ads,iOS,2024-01-09,,,0.0,0.0,0.0,0.0,0.0,0,0,0,0,0,0,0,0,False,False,True,0,,No transaction,0 features,0 failed,2024-01
U01200,18-24,Tier 1,High,Partnership,Android,2024-02-21,,,0.0,0.0,0.0,0.0,0.0,0,0,0,0,0,0,0,0,False,False,True,0,,No transaction,0 features,0 failed,2024-02
U01201,35-44,Tier 2,Low,Partnership,Android,2024-03-03,,,0.0,0.0,0.0,0.0,0.0,0,0,0,0,0,0,0,0,False,False,True,0,,No transaction,0 features,0 failed,2024-03
U01202,18-24,Tier 1,Mid,Partnership,Android,2024-01-10,,,0.0,0.0,0.0,0.0,0.0,0,0,0,0,0,0,0,0,False,False,True,0,,No transaction,0 features,0 failed,2024-01
U01203,18-24,Tier 3,Mid,Organic,iOS,2024-03-14,2024-03-14 15:13:00,2024-03-15 15:00:00,7.0,7.0,0.0,42028000.0,6004000.0,0,0,0,0,1,1,2,1,True,True,False,1,0.0,Within 7 days,2+ features,0 failed,2024-03
U01204,25-34,Tier 2,Mid,Branch,Android,2024-03-21,2024-03-22 16:28:00,2024-03-25 09:00:00,11.0,8.0,3.0,57387000.0,5217000.0,1,0,1,0,1,0,3,1,False,False,True,1,2.0,Within 7 days,2+ features,3+ failed,2024-03
U01205,25-34,Tier 1,High,Branch,Android,2024-03-28,,,0.0,0.0,0.0,0.0,0.0,0,0,0,0,0,0,0,0,False,False,True,0,,No transaction,0 features,0 failed,2024-03
U01206,35-44,Tier 3,High,Organic,Android,2024-01-07,,,0.0,0.0,0.0,0.0,0.0,0,0,0,0,0,0,0,0,False,False,True,0,,No transaction,0 features,0 failed,2024-01
U01207,35-44,Tier 1,Mid,Branch,iOS,2024-01-20,,,0.0,0.0,0.0,0.0,0.0,0,0,0,0,0,0,0,0,False,False,True,0,,No transaction,0 features,0 failed,2024-01
U01208,25-34,Tier 1,Low,Referral,iOS,2024-01-20,2024-01-21 07:16:00,,0.0,0.0,0.0,0.0,0.0,0,0,0,0,0,0,0,0,False,False,True,1,,No transaction,0 features,0 failed,2024-01
U01209,18-24,Tier 1,Low,Paid Ads,Android,2024-04-13,,,0.0,0.0,0.0,0.0,0.0,0,0,0,0,0,0,0,0,False,False,True,0,,No transaction,0 features,0 failed,2024-04
U01210,55+,Tier 1,Mid,Referral,Android,2024-03-13,,,0.0,0.0,0.0,0.0,0.0,0,0,0,0,0,0,0,0,False,False,True,0,,No transaction,0 features,0 failed,2024-03
U01211,25-34,Tier 2,Low,Branch,Android,2024-02-08,,,0.0,0.0,0.0,0.0,0.0,0,0,0,0,0,0,0,0,False,False,True,0,,No transaction,0 features,0 failed,2024-02
U01212,25-34,Tier 1,Mid,Organic,Android,2024-01-11,2024-01-12 12:24:00,2024-01-23 06:00:00,2.0,2.0,0.0,7631000.0,3815500.0,1,1,0,1,0,0,3,1,True,True,False,1,10.0,After 7 days,2+ features,0 failed,2024-01
U01213,18-24,Tier 1,Mid,Paid Ads,iOS,2024-02-01,,,0.0,0.0,0.0,0.0,0.0,0,0,0,0,0,0,0,0,False,False,True,0,,No transaction,0 features,0 failed,2024-02
U01214,35-44,Tier 1,Low,Referral,iOS,2024-01-16,,,0.0,0.0,0.0,0.0,0.0,0,0,0,0,0,0,0,0,False,False,True,0,,No transaction,0 features,0 failed,2024-01
U01215,35-44,Tier 2,High,Referral,Android,2024-03-12,,,0.0,0.0,0.0,0.0,0.0,0,0,0,0,0,0,0,0,False,False,True,0,,No transaction,0 features,0 failed,2024-03
U01216,18-24,Tier 3,Low,Paid Ads,Android,2024-04-07,,,0.0,0.0,0.0,0.0,0.0,0,0,0,0,0,0,0,0,False,False,True,0,,No transaction,0 features,0 failed,2024-04
U01217,18-24,Tier 1,Mid,Organic,iOS,2024-02-23,,,0.0,0.0,0.0,0.0,0.0,0,0,0,0,0,0,0,0,False,False,True,0,,No transaction,0 features,0 failed,2024-02
U01218,35-44,Tier 1,Mid,Paid Ads,iOS,2024-03-18,,,0.0,0.0,0.0,0.0,0.0,0,0,0,0,0,0,0,0,False,False,True,0,,No transaction,0 features,0 failed,2024-03
U01219,35-44,Tier 1,Mid,Branch,iOS,2024-03-17,,,0.0,0.0,0.0,0.0,0.0,0,0,0,0,0,0,0,0,False,False,True,0,,No transaction,0 features,0 failed,2024-03
U01220,18-24,Tier 1,Mid,Partnership,iOS,2024-04-11,,,0.0,0.0,0.0,0.0,0.0,0,0,0,0,0,0,0,0,False,False,True,0,,No transaction,0 features,0 failed,2024-04
U01221,55+,Tier 2,Low,Partnership,Android,2024-03-20,2024-03-21 07:25:00,2024-03-25 05:00:00,16.0,15.0,1.0,15869000.0,991812.5,1,0,1,0,1,0,3,1,True,True,False,1,3.0,Within 7 days,2+ features,1-2 failed,2024-03
U01222,18-24,Tier 2,Mid,Referral,iOS,2024-01-29,,,0.0,0.0,0.0,0.0,0.0,0,0,0,0,0,0,0,0,False,False,True,0,,No transaction,0 features,0 failed,2024-01
U01223,25-34,Tier 1,Mid,Referral,iOS,2024-04-09,,,0.0,0.0,0.0,0.0,0.0,0,0,0,0,0,0,0,0,False,False,True,0,,No transaction,0 features,0 failed,2024-04
U01224,45-54,Tier 1,High,Paid Ads,Android,2024-03-07,2024-03-08 15:15:00,2024-03-23 22:00:00,5.0,5.0,0.0,161930000.0,32386000.0,0,0,0,1,0,1,2,0,True,False,True,1,15.0,After 7 days,2+ features,0 failed,2024-03
U01225,25-34,Tier 1,Mid,Organic,Android,2024-02-18,,,0.0,0.0,0.0,0.0,0.0,0,0,0,0,0,0,0,0,False,False,True,0,,No transaction,0 features,0 failed,2024-02
U01226,25-34,Tier 2,Mid,Branch,iOS,2024-02-27,,,0.0,0.0,0.0,0.0,0.0,0,0,0,0,0,0,0,0,False,False,True,0,,No transaction,0 features,0 failed,2024-02
U01227,25-34,Tier 1,Mid,Organic,Android,2024-04-26,,,0.0,0.0,0.0,0.0,0.0,0,0,0,0,0,0,0,0,False,False,True,0,,No transaction,0 features,0 failed,2024-04
U01228,18-24,Tier 3,High,Branch,Android,2024-02-26,,,0.0,0.0,0.0,0.0,0.0,0,0,0,0,0,0,0,0,False,False,True,0,,No transaction,0 features,0 failed,2024-02
U01229,55+,Tier 2,Low,Organic,Android,2024-02-08,2024-02-09 09:17:00,2024-04-02 13:00:00,1.0,1.0,0.0,815000.0,815000.0,0,0,0,1,0,0,1,0,True,True,False,1,53.0,After 7 days,1 feature,0 failed,2024-02
U01230,25-34,Tier 1,Mid,Partnership,Android,2024-04-20,,,0.0,0.0,0.0,0.0,0.0,0,0,0,0,0,0,0,0,False,False,True,0,,No transaction,0 features,0 failed,2024-04
U01231,45-54,Tier 2,Mid,Organic,Android,2024-03-16,2024-03-18 00:14:00,2024-03-20 13:00:00,11.0,11.0,0.0,64726000.0,5884181.818181818,1,0,0,1,1,1,4,1,True,False,True,1,2.0,Within 7 days,2+ features,0 failed,2024-03
U01232,18-24,Tier 3,Mid,Organic,Android,2024-02-24,2024-02-25 01:28:00,2024-03-03 16:00:00,4.0,4.0,0.0,16231000.0,4057750.0,1,0,0,0,1,0,2,1,False,False,True,1,7.0,Within 7 days,2+ features,0 failed,2024-02
U01233,18-24,Tier 2,Low,Paid Ads,iOS,2024-02-09,,,0.0,0.0,0.0,0.0,0.0,0,0,0,0,0,0,0,0,False,False,True,0,,No transaction,0 features,0 failed,2024-02
U01234,18-24,Tier 1,Mid,Referral,iOS,2024-03-13,2024-03-14 10:29:00,2024-03-19 20:00:00,6.0,6.0,0.0,26617000.0,4436166.666666667,1,1,0,1,0,0,3,1,True,True,False,1,5.0,Within 7 days,2+ features,0 failed,2024-03
U01235,35-44,Tier 1,Low,Paid Ads,iOS,2024-03-20,,,0.0,0.0,0.0,0.0,0.0,0,0,0,0,0,0,0,0,False,False,True,0,,No transaction,0 features,0 failed,2024-03
U01236,25-34,Tier 3,Mid,Paid Ads,Android,2024-01-08,,,0.0,0.0,0.0,0.0,0.0,0,0,0,0,0,0,0,0,False,False,True,0,,No transaction,0 features,0 failed,2024-01
U01237,45-54,Tier 2,Mid,Organic,iOS,2024-03-19,,,0.0,0.0,0.0,0.0,0.0,0,0,0,0,0,0,0,0,False,False,True,0,,No transaction,0 features,0 failed,2024-03
U01238,25-34,Tier 2,High,Branch,Android,2024-04-04,,,0.0,0.0,0.0,0.0,0.0,0,0,0,0,0,0,0,0,False,False,True,0,,No transaction,0 features,0 failed,2024-04
U01239,55+,Tier 3,Mid,Paid Ads,Android,2024-01-13,,,0.0,0.0,0.0,0.0,0.0,0,0,0,0,0,0,0,0,False,False,True,0,,No transaction,0 features,0 failed,2024-01
U01240,18-24,Tier 3,Low,Paid Ads,Android,2024-04-07,2024-04-07 18:23:00,2024-05-06 09:00:00,1.0,1.0,0.0,162000.0,162000.0,0,0,0,0,0,0,0,0,True,False,True,1,28.0,After 7 days,0 features,0 failed,2024-04
U01241,45-54,Tier 3,Low,Paid Ads,iOS,2024-01-27,2024-01-28 06:24:00,2024-02-04 04:00:00,5.0,5.0,0.0,6017000.0,1203400.0,1,0,0,1,0,0,2,1,False,False,True,1,6.0,Within 7 days,2+ features,0 failed,2024-01
U01242,35-44,Tier 1,High,Paid Ads,Android,2024-03-21,,,0.0,0.0,0.0,0.0,0.0,0,0,0,0,0,0,0,0,False,False,True,0,,No transaction,0 features,0 failed,2024-03
U01243,35-44,Tier 2,Low,Referral,Android,2024-01-28,,,0.0,0.0,0.0,0.0,0.0,0,0,0,0,0,0,0,0,False,False,True,0,,No transaction,0 features,0 failed,2024-01
U01244,35-44,Tier 2,Mid,Organic,Android,2024-02-03,,,0.0,0.0,0.0,0.0,0.0,0,0,0,0,0,0,0,0,False,False,True,0,,No transaction,0 features,0 failed,2024-02
U01245,35-44,Tier 2,Low,Paid Ads,Android,2024-03-25,,,0.0,0.0,0.0,0.0,0.0,0,0,0,0,0,0,0,0,False,False,True,0,,No transaction,0 features,0 failed,2024-03
U01246,25-34,Tier 2,Mid,Referral,iOS,2024-01-11,,,0.0,0.0,0.0,0.0,0.0,0,0,0,0,0,0,0,0,False,False,True,0,,No transaction,0 features,0 failed,2024-01
U01247,18-24,Tier 1,Mid,Referral,iOS,2024-01-21,2024-01-22 11:21:00,2024-01-28 21:00:00,8.0,7.0,1.0,34435000.0,4304375.0,0,1,0,0,1,1,3,1,True,True,False,1,6.0,Within 7 days,2+ features,1-2 failed,2024-01
U01248,18-24,Tier 2,Mid,Paid Ads,Android,2024-01-31,2024-02-01 11:02:00,,0.0,0.0,0.0,0.0,0.0,0,1,0,1,0,0,2,0,True,True,False,1,,No transaction,2+ features,0 failed,2024-01
U01249,45-54,Tier 2,Mid,Paid Ads,Android,2024-01-23,,,0.0,0.0,0.0,0.0,0.0,0,0,0,0,0,0,0,0,False,False,True,0,,No transaction,0 features,0 failed,2024-01
U01250,25-34,Tier 1,High,Organic,Android,2024-03-11,2024-03-11 22:04:00,2024-03-14 03:00:00,5.0,5.0,0.0,125658000.0,25131600.0,0,0,0,1,1,0,2,1,True,True,False,1,2.0,Within 7 days,2+ features,0 failed,2024-03
U01251,35-44,Tier 2,Mid,Referral,iOS,2024-01-10,2024-01-11 04:27:00,,0.0,0.0,0.0,0.0,0.0,0,0,0,0,1,0,1,1,True,True,False,1,,No transaction,1 feature,0 failed,2024-01
U01252,25-34,Tier 1,Mid,Referral,Android,2024-01-21,2024-01-22 15:11:00,2024-02-04 17:00:00,4.0,4.0,0.0,28636000.0,7159000.0,0,0,1,0,1,0,2,1,True,True,False,1,13.0,After 7 days,2+ features,0 failed,2024-01
U01253,18-24,Tier 1,High,Organic,Android,2024-01-01,2024-01-02 12:12:00,2024-01-08 15:00:00,12.0,12.0,0.0,331785000.0,27648750.0,0,1,0,1,1,1,4,1,True,True,False,1,6.0,Within 7 days,2+ features,0 failed,2024-01
U01254,18-24,Tier 1,High,Organic,Android,2024-02-22,2024-02-23 11:13:00,2024-03-02 01:00:00,4.0,4.0,0.0,104562000.0,26140500.0,0,0,0,1,1,0,2,1,True,True,False,1,7.0,Within 7 days,2+ features,0 failed,2024-02
U01255,35-44,Tier 1,Mid,Organic,Android,2024-02-27,2024-02-28 15:04:00,2024-03-06 01:00:00,10.0,8.0,2.0,54306000.0,5430600.0,1,0,1,1,0,1,4,1,True,True,False,1,6.0,Within 7 days,2+ features,1-2 failed,2024-02
U01256,25-34,Tier 2,High,Branch,Android,2024-03-29,,,0.0,0.0,0.0,0.0,0.0,0,0,0,0,0,0,0,0,False,False,True,0,,No transaction,0 features,0 failed,2024-03
U01257,18-24,Tier 2,Low,Paid Ads,Android,2024-03-17,,,0.0,0.0,0.0,0.0,0.0,0,0,0,0,0,0,0,0,False,False,True,0,,No transaction,0 features,0 failed,2024-03
U01258,25-34,Tier 2,Mid,Organic,Android,2024-03-01,2024-03-01 21:17:00,2024-03-05 18:00:00,12.0,12.0,0.0,57619000.0,4801583.333333333,0,1,1,0,1,1,4,1,True,True,False,1,3.0,Within 7 days,2+ features,0 failed,2024-03
U01259,18-24,Tier 3,High,Organic,Android,2024-02-07,2024-02-08 18:07:00,2024-02-10 11:00:00,10.0,10.0,0.0,272079000.0,27207900.0,1,0,1,0,1,1,4,1,False,False,True,1,1.0,Within 7 days,2+ features,0 failed,2024-02
U01260,25-34,Tier 1,Low,Paid Ads,iOS,2024-01-05,,,0.0,0.0,0.0,0.0,0.0,0,0,0,0,0,0,0,0,False,False,True,0,,No transaction,0 features,0 failed,2024-01
U01261,18-24,Tier 1,Low,Referral,Android,2024-01-30,,,0.0,0.0,0.0,0.0,0.0,0,0,0,0,0,0,0,0,False,False,True,0,,No transaction,0 features,0 failed,2024-01
U01262,35-44,Tier 3,Mid,Partnership,Android,2024-02-06,,,0.0,0.0,0.0,0.0,0.0,0,0,0,0,0,0,0,0,False,False,True,0,,No transaction,0 features,0 failed,2024-02
U01263,25-34,Tier 1,Mid,Branch,iOS,2024-03-31,,,0.0,0.0,0.0,0.0,0.0,0,0,0,0,0,0,0,0,False,False,True,0,,No transaction,0 features,0 failed,2024-03
U01264,25-34,Tier 3,Mid,Paid Ads,iOS,2024-02-06,2024-02-07 14:14:00,2024-02-08 11:00:00,8.0,8.0,0.0,40133000.0,5016625.0,0,0,1,1,1,1,4,1,True,False,True,1,0.0,Within 7 days,2+ features,0 failed,2024-02
U01265,18-24,Tier 3,Mid,Organic,Android,2024-03-30,,,0.0,0.0,0.0,0.0,0.0,0,0,0,0,0,0,0,0,False,False,True,0,,No transaction,0 features,0 failed,2024-03
U01266,18-24,Tier 2,High,Partnership,iOS,2024-04-20,,,0.0,0.0,0.0,0.0,0.0,0,0,0,0,0,0,0,0,False,False,True,0,,No transaction,0 features,0 failed,2024-04
U01267,25-34,Tier 3,Mid,Branch,Android,2024-02-28,,,0.0,0.0,0.0,0.0,0.0,0,0,0,0,0,0,0,0,False,False,True,0,,No transaction,0 features,0 failed,2024-02
U01268,25-34,Tier 1,Low,Paid Ads,iOS,2024-01-10,,,0.0,0.0,0.0,0.0,0.0,0,0,0,0,0,0,0,0,False,False,True,0,,No transaction,0 features,0 failed,2024-01
U01269,25-34,Tier 1,High,Paid Ads,iOS,2024-03-28,2024-03-29 10:28:00,,0.0,0.0,0.0,0.0,0.0,0,0,0,0,0,0,0,0,False,False,True,1,,No transaction,0 features,0 failed,2024-03
U01270,18-24,Tier 2,Low,Referral,Android,2024-01-30,,,0.0,0.0,0.0,0.0,0.0,0,0,0,0,0,0,0,0,False,False,True,0,,No transaction,0 features,0 failed,2024-01
U01271,35-44,Tier 1,Low,Referral,Android,2024-02-03,2024-02-04 05:01:00,2024-02-04 23:00:00,13.0,12.0,1.0,7966000.0,612769.2307692308,0,1,1,1,1,0,4,1,True,True,False,1,0.0,Within 7 days,2+ features,1-2 failed,2024-02
U01272,45-54,Tier 3,Low,Paid Ads,Android,2024-04-10,,,0.0,0.0,0.0,0.0,0.0,0,0,0,0,0,0,0,0,False,False,True,0,,No transaction,0 features,0 failed,2024-04
U01273,35-44,Tier 1,Mid,Branch,Android,2024-04-11,2024-04-11 22:19:00,2024-05-12 15:00:00,1.0,1.0,0.0,5341000.0,5341000.0,0,0,0,0,1,0,1,1,True,True,False,1,30.0,After 7 days,1 feature,0 failed,2024-04
U01274,18-24,Tier 2,Low,Paid Ads,Android,2024-03-21,,,0.0,0.0,0.0,0.0,0.0,0,0,0,0,0,0,0,0,False,False,True,0,,No transaction,0 features,0 failed,2024-03
U01275,25-34,Tier 2,Low,Partnership,Android,2024-03-16,,,0.0,0.0,0.0,0.0,0.0,0,0,0,0,0,0,0,0,False,False,True,0,,No transaction,0 features,0 failed,2024-03
U01276,18-24,Tier 2,Mid,Organic,Android,2024-03-25,2024-03-26 10:17:00,,0.0,0.0,0.0,0.0,0.0,0,0,0,0,0,0,0,0,False,False,True,1,,No transaction,0 features,0 failed,2024-03
U01277,18-24,Tier 1,Low,Organic,Android,2024-04-12,,,0.0,0.0,0.0,0.0,0.0,0,0,0,0,0,0,0,0,False,False,True,0,,No transaction,0 features,0 failed,2024-04
U01278,55+,Tier 1,Mid,Paid Ads,Android,2024-01-26,,,0.0,0.0,0.0,0.0,0.0,0,0,0,0,0,0,0,0,False,False,True,0,,No transaction,0 features,0 failed,2024-01
U01279,18-24,Tier 3,High,Organic,Android,2024-02-24,,,0.0,0.0,0.0,0.0,0.0,0,0,0,0,0,0,0,0,False,False,True,0,,No transaction,0 features,0 failed,2024-02
U01280,25-34,Tier 1,Mid,Paid Ads,Android,2024-01-15,,,0.0,0.0,0.0,0.0,0.0,0,0,0,0,0,0,0,0,False,False,True,0,,No transaction,0 features,0 failed,2024-01
U01281,25-34,Tier 3,Low,Referral,Android,2024-03-10,,,0.0,0.0,0.0,0.0,0.0,0,0,0,0,0,0,0,0,False,False,True,0,,No transaction,0 features,0 failed,2024-03
U01282,35-44,Tier 2,Low,Partnership,iOS,2024-01-29,,,0.0,0.0,0.0,0.0,0.0,0,0,0,0,0,0,0,0,False,False,True,0,,No transaction,0 features,0 failed,2024-01
U01283,25-34,Tier 2,High,Partnership,Android,2024-03-23,,,0.0,0.0,0.0,0.0,0.0,0,0,0,0,0,0,0,0,False,False,True,0,,No transaction,0 features,0 failed,2024-03
U01284,18-24,Tier 2,Low,Paid Ads,iOS,2024-01-20,,,0.0,0.0,0.0,0.0,0.0,0,0,0,0,0,0,0,0,False,False,True,0,,No transaction,0 features,0 failed,2024-01
U01285,25-34,Tier 1,High,Organic,Android,2024-04-26,,,0.0,0.0,0.0,0.0,0.0,0,0,0,0,0,0,0,0,False,False,True,0,,No transaction,0 features,0 failed,2024-04
U01286,25-34,Tier 2,Low,Paid Ads,iOS,2024-02-04,,,0.0,0.0,0.0,0.0,0.0,0,0,0,0,0,0,0,0,False,False,True,0,,No transaction,0 features,0 failed,2024-02
U01287,18-24,Tier 3,High,Branch,iOS,2024-04-15,2024-04-16 16:10:00,2024-04-20 13:00:00,3.0,3.0,0.0,55017000.0,18339000.0,0,0,0,0,0,0,0,0,True,True,False,1,3.0,Within 7 days,0 features,0 failed,2024-04
U01288,25-34,Tier 1,Mid,Paid Ads,Android,2024-01-19,2024-01-19 21:24:00,2024-01-29 22:00:00,4.0,3.0,1.0,19422000.0,4855500.0,0,0,0,1,0,0,1,0,False,False,True,1,10.0,After 7 days,1 feature,1-2 failed,2024-01
U01289,18-24,Tier 3,Mid,Organic,Android,2024-01-10,,,0.0,0.0,0.0,0.0,0.0,0,0,0,0,0,0,0,0,False,False,True,0,,No transaction,0 features,0 failed,2024-01
U01290,18-24,Tier 2,Mid,Organic,Android,2024-01-08,2024-01-09 20:12:00,2024-02-22 15:00:00,2.0,2.0,0.0,10684000.0,5342000.0,1,0,1,0,0,0,2,1,True,False,True,1,43.0,After 7 days,2+ features,0 failed,2024-01
U01291,25-34,Tier 1,Mid,Referral,iOS,2024-01-22,,,0.0,0.0,0.0,0.0,0.0,0,0,0,0,0,0,0,0,False,False,True,0,,No transaction,0 features,0 failed,2024-01
U01292,18-24,Tier 1,Mid,Organic,Android,2024-04-11,,,0.0,0.0,0.0,0.0,0.0,0,0,0,0,0,0,0,0,False,False,True,0,,No transaction,0 features,0 failed,2024-04
U01293,25-34,Tier 3,Mid,Partnership,Android,2024-02-09,2024-02-10 09:17:00,2024-02-17 07:00:00,3.0,3.0,0.0,9043000.0,3014333.3333333335,1,0,1,0,0,0,2,1,True,True,False,1,6.0,Within 7 days,2+ features,0 failed,2024-02
U01294,35-44,Tier 1,Mid,Partnership,Android,2024-03-17,2024-03-18 09:17:00,2024-03-31 05:00:00,3.0,3.0,0.0,14495000.0,4831666.666666667,0,0,0,0,0,0,0,0,True,False,True,1,12.0,After 7 days,0 features,0 failed,2024-03
U01295,35-44,Tier 3,Low,Referral,iOS,2024-04-05,2024-04-06 05:18:00,2024-04-16 21:00:00,5.0,5.0,0.0,6040000.0,1208000.0,1,0,0,1,0,0,2,1,True,True,False,1,10.0,After 7 days,2+ features,0 failed,2024-04
U01296,18-24,Tier 3,Low,Referral,Android,2024-04-15,,,0.0,0.0,0.0,0.0,0.0,0,0,0,0,0,0,0,0,False,False,True,0,,No transaction,0 features,0 failed,2024-04
U01297,18-24,Tier 1,Mid,Organic,Android,2024-03-13,,,0.0,0.0,0.0,0.0,0.0,0,0,0,0,0,0,0,0,False,False,True,0,,No transaction,0 features,0 failed,2024-03
U01298,18-24,Tier 1,Low,Branch,Android,2024-02-06,,,0.0,0.0,0.0,0.0,0.0,0,0,0,0,0,0,0,0,False,False,True,0,,No transaction,0 features,0 failed,2024-02
U01299,25-34,Tier 2,Mid,Paid Ads,Android,2024-02-26,,,0.0,0.0,0.0,0.0,0.0,0,0,0,0,0,0,0,0,False,False,True,0,,No transaction,0 features,0 failed,2024-02
U01300,35-44,Tier 1,Low,Paid Ads,Android,2024-01-16,,,0.0,0.0,0.0,0.0,0.0,0,0,0,0,0,0,0,0,False,False,True,0,,No transaction,0 features,0 failed,2024-01
U01301,18-24,Tier 2,Mid,Referral,Android,2024-02-29,,,0.0,0.0,0.0,0.0,0.0,0,0,0,0,0,0,0,0,False,False,True,0,,No transaction,0 features,0 failed,2024-02
U01302,45-54,Tier 1,Low,Paid Ads,iOS,2024-03-29,,,0.0,0.0,0.0,0.0,0.0,0,0,0,0,0,0,0,0,False,False,True,0,,No transaction,0 features,0 failed,2024-03
U01303,18-24,Tier 2,Mid,Referral,iOS,2024-02-08,,,0.0,0.0,0.0,0.0,0.0,0,0,0,0,0,0,0,0,False,False,True,0,,No transaction,0 features,0 failed,2024-02
U01304,25-34,Tier 2,Low,Referral,iOS,2024-03-30,,,0.0,0.0,0.0,0.0,0.0,0,0,0,0,0,0,0,0,False,False,True,0,,No transaction,0 features,0 failed,2024-03
U01305,35-44,Tier 1,Low,Paid Ads,Android,2024-02-21,,,0.0,0.0,0.0,0.0,0.0,0,0,0,0,0,0,0,0,False,False,True,0,,No transaction,0 features,0 failed,2024-02
U01306,45-54,Tier 1,Low,Paid Ads,iOS,2024-02-04,,,0.0,0.0,0.0,0.0,0.0,0,0,0,0,0,0,0,0,False,False,True,0,,No transaction,0 features,0 failed,2024-02
U01307,35-44,Tier 1,High,Referral,Android,2024-03-05,,,0.0,0.0,0.0,0.0,0.0,0,0,0,0,0,0,0,0,False,False,True,0,,No transaction,0 features,0 failed,2024-03
U01308,35-44,Tier 1,Low,Organic,Android,2024-03-10,2024-03-11 13:01:00,2024-03-28 14:00:00,4.0,3.0,1.0,3835000.0,958750.0,0,1,1,0,0,0,2,0,True,True,False,1,17.0,After 7 days,2+ features,1-2 failed,2024-03
U01309,25-34,Tier 2,Mid,Referral,iOS,2024-03-04,,,0.0,0.0,0.0,0.0,0.0,0,0,0,0,0,0,0,0,False,False,True,0,,No transaction,0 features,0 failed,2024-03
U01310,35-44,Tier 3,Low,Referral,iOS,2024-02-26,,,0.0,0.0,0.0,0.0,0.0,0,0,0,0,0,0,0,0,False,False,True,0,,No transaction,0 features,0 failed,2024-02
U01311,18-24,Tier 1,Low,Paid Ads,Android,2024-01-11,,,0.0,0.0,0.0,0.0,0.0,0,0,0,0,0,0,0,0,False,False,True,0,,No transaction,0 features,0 failed,2024-01
U01312,45-54,Tier 2,Mid,Branch,iOS,2024-03-17,2024-03-18 15:22:00,2024-03-21 07:00:00,11.0,11.0,0.0,54843000.0,4985727.2727272725,0,0,1,1,1,0,3,1,True,True,False,1,2.0,Within 7 days,2+ features,0 failed,2024-03
U01313,25-34,Tier 2,Mid,Organic,iOS,2024-01-06,2024-01-07 14:11:00,2024-01-21 15:00:00,2.0,2.0,0.0,5510000.0,2755000.0,0,0,0,0,0,1,1,0,True,True,False,1,14.0,After 7 days,1 feature,0 failed,2024-01
U01314,35-44,Tier 1,High,Organic,Android,2024-04-23,,,0.0,0.0,0.0,0.0,0.0,0,0,0,0,0,0,0,0,False,False,True,0,,No transaction,0 features,0 failed,2024-04
U01315,25-34,Tier 1,High,Organic,Android,2024-02-25,2024-02-26 09:02:00,2024-03-10 11:00:00,6.0,6.0,0.0,147509000.0,24584833.333333332,0,0,0,0,0,1,1,0,True,False,True,1,13.0,After 7 days,1 feature,0 failed,2024-02
U01316,25-34,Tier 3,Mid,Paid Ads,iOS,2024-04-04,,,0.0,0.0,0.0,0.0,0.0,0,0,0,0,0,0,0,0,False,False,True,0,,No transaction,0 features,0 failed,2024-04
U01317,25-34,Tier 2,Mid,Referral,Android,2024-02-11,,,0.0,0.0,0.0,0.0,0.0,0,0,0,0,0,0,0,0,False,False,True,0,,No transaction,0 features,0 failed,2024-02
U01318,35-44,Tier 2,Mid,Paid Ads,Android,2024-03-18,,,0.0,0.0,0.0,0.0,0.0,0,0,0,0,0,0,0,0,False,False,True,0,,No transaction,0 features,0 failed,2024-03
U01319,18-24,Tier 2,Mid,Organic,iOS,2024-02-02,,,0.0,0.0,0.0,0.0,0.0,0,0,0,0,0,0,0,0,False,False,True,0,,No transaction,0 features,0 failed,2024-02
U01320,18-24,Tier 1,High,Paid Ads,Android,2024-01-04,,,0.0,0.0,0.0,0.0,0.0,0,0,0,0,0,0,0,0,False,False,True,0,,No transaction,0 features,0 failed,2024-01
U01321,18-24,Tier 2,Mid,Partnership,Android,2024-01-12,,,0.0,0.0,0.0,0.0,0.0,0,0,0,0,0,0,0,0,False,False,True,0,,No transaction,0 features,0 failed,2024-01
U01322,18-24,Tier 2,Mid,Branch,Android,2024-01-30,2024-01-31 08:13:00,2024-03-01 06:00:00,1.0,1.0,0.0,4582000.0,4582000.0,0,0,1,0,0,0,1,0,True,False,True,1,29.0,After 7 days,1 feature,0 failed,2024-01
U01323,45-54,Tier 2,Low,Branch,Android,2024-03-27,,,0.0,0.0,0.0,0.0,0.0,0,0,0,0,0,0,0,0,False,False,True,0,,No transaction,0 features,0 failed,2024-03
U01324,18-24,Tier 1,Low,Partnership,iOS,2024-04-17,,,0.0,0.0,0.0,0.0,0.0,0,0,0,0,0,0,0,0,False,False,True,0,,No transaction,0 features,0 failed,2024-04
U01325,55+,Tier 1,High,Branch,iOS,2024-04-20,,,0.0,0.0,0.0,0.0,0.0,0,0,0,0,0,0,0,0,False,False,True,0,,No transaction,0 features,0 failed,2024-04
U01326,25-34,Tier 1,Mid,Organic,Android,2024-03-14,2024-03-15 03:21:00,,1.0,0.0,1.0,5279000.0,5279000.0,1,0,0,0,0,0,1,1,False,False,True,1,,No transaction,1 feature,1-2 failed,2024-03
U01327,18-24,Tier 3,Mid,Organic,iOS,2024-03-16,2024-03-16 19:27:00,2024-03-31 02:00:00,6.0,6.0,0.0,23241000.0,3873500.0,0,0,0,0,1,1,2,1,True,True,False,1,14.0,After 7 days,2+ features,0 failed,2024-03
U01328,35-44,Tier 1,Low,Organic,iOS,2024-01-03,,,0.0,0.0,0.0,0.0,0.0,0,0,0,0,0,0,0,0,False,False,True,0,,No transaction,0 features,0 failed,2024-01
U01329,35-44,Tier 2,High,Paid Ads,Android,2024-04-07,2024-04-08 01:02:00,2024-04-11 03:00:00,8.0,7.0,1.0,305258000.0,38157250.0,0,0,1,0,1,0,2,1,True,False,True,1,3.0,Within 7 days,2+ features,1-2 failed,2024-04
U01330,25-34,Tier 1,Low,Branch,iOS,2024-03-27,,,0.0,0.0,0.0,0.0,0.0,0,0,0,0,0,0,0,0,False,False,True,0,,No transaction,0 features,0 failed,2024-03
U01331,25-34,Tier 1,High,Organic,Android,2024-04-15,,,0.0,0.0,0.0,0.0,0.0,0,0,0,0,0,0,0,0,False,False,True,0,,No transaction,0 features,0 failed,2024-04
U01332,35-44,Tier 2,Low,Paid Ads,Android,2024-02-04,,,0.0,0.0,0.0,0.0,0.0,0,0,0,0,0,0,0,0,False,False,True,0,,No transaction,0 features,0 failed,2024-02
U01333,18-24,Tier 2,High,Paid Ads,Android,2024-03-14,,,0.0,0.0,0.0,0.0,0.0,0,0,0,0,0,0,0,0,False,False,True,0,,No transaction,0 features,0 failed,2024-03
U01334,55+,Tier 2,Mid,Branch,Android,2024-01-06,2024-01-07 03:13:00,2024-02-11 22:00:00,3.0,3.0,0.0,15788000.0,5262666.666666667,0,0,1,0,0,0,1,0,True,False,True,1,35.0,After 7 days,1 feature,0 failed,2024-01
U01335,55+,Tier 1,Low,Paid Ads,Android,2024-04-07,2024-04-08 07:01:00,2024-04-11 06:00:00,6.0,6.0,0.0,8602000.0,1433666.6666666667,0,0,1,0,1,0,2,1,True,True,False,1,2.0,Within 7 days,2+ features,0 failed,2024-04
U01336,35-44,Tier 2,Mid,Branch,Android,2024-04-06,,,0.0,0.0,0.0,0.0,0.0,0,0,0,0,0,0,0,0,False,False,True,0,,No transaction,0 features,0 failed,2024-04
U01337,18-24,Tier 1,Mid,Referral,iOS,2024-01-23,2024-01-24 04:24:00,2024-01-28 20:00:00,3.0,3.0,0.0,16577000.0,5525666.666666667,0,0,0,0,1,1,2,1,True,False,True,1,4.0,Within 7 days,2+ features,0 failed,2024-01
U01338,35-44,Tier 1,Low,Referral,Android,2024-03-01,2024-03-02 04:01:00,2024-03-02 22:00:00,12.0,12.0,0.0,10951000.0,912583.3333333334,1,0,1,1,1,1,5,1,True,True,False,1,0.0,Within 7 days,2+ features,0 failed,2024-03
U01339,18-24,Tier 2,High,Paid Ads,Android,2024-03-07,,,0.0,0.0,0.0,0.0,0.0,0,0,0,0,0,0,0,0,False,False,True,0,,No transaction,0 features,0 failed,2024-03
U01340,18-24,Tier 1,Mid,Referral,Android,2024-03-24,,,0.0,0.0,0.0,0.0,0.0,0,0,0,0,0,0,0,0,False,False,True,0,,No transaction,0 features,0 failed,2024-03
U01341,18-24,Tier 1,Mid,Organic,Android,2024-02-26,2024-02-27 06:01:00,2024-03-23 05:00:00,5.0,4.0,1.0,32863000.0,6572600.0,0,0,0,1,0,0,1,0,False,False,True,1,24.0,After 7 days,1 feature,1-2 failed,2024-02
U01342,25-34,Tier 2,Low,Paid Ads,Android,2024-02-05,,,0.0,0.0,0.0,0.0,0.0,0,0,0,0,0,0,0,0,False,False,True,0,,No transaction,0 features,0 failed,2024-02
U01343,45-54,Tier 2,Mid,Partnership,Android,2024-01-24,2024-01-25 23:05:00,2024-01-27 01:00:00,12.0,12.0,0.0,60669000.0,5055750.0,0,0,1,0,1,1,3,1,True,True,False,1,1.0,Within 7 days,2+ features,0 failed,2024-01
U01344,35-44,Tier 3,High,Paid Ads,Android,2024-03-15,,,0.0,0.0,0.0,0.0,0.0,0,0,0,0,0,0,0,0,False,False,True,0,,No transaction,0 features,0 failed,2024-03
U01345,35-44,Tier 1,Mid,Referral,Android,2024-02-25,2024-02-26 01:24:00,2024-03-03 03:00:00,12.0,11.0,1.0,45270000.0,3772500.0,1,0,1,1,0,0,3,1,True,True,False,1,6.0,Within 7 days,2+ features,1-2 failed,2024-02
U01346,25-34,Tier 1,High,Paid Ads,Android,2024-03-22,,,0.0,0.0,0.0,0.0,0.0,0,0,0,0,0,0,0,0,False,False,True,0,,No transaction,0 features,0 failed,2024-03
U01347,25-34,Tier 1,High,Referral,iOS,2024-04-14,,,0.0,0.0,0.0,0.0,0.0,0,0,0,0,0,0,0,0,False,False,True,0,,No transaction,0 features,0 failed,2024-04
U01348,25-34,Tier 3,Low,Organic,iOS,2024-03-03,,,0.0,0.0,0.0,0.0,0.0,0,0,0,0,0,0,0,0,False,False,True,0,,No transaction,0 features,0 failed,2024-03
U01349,55+,Tier 2,Low,Paid Ads,iOS,2024-01-12,,,0.0,0.0,0.0,0.0,0.0,0,0,0,0,0,0,0,0,False,False,True,0,,No transaction,0 features,0 failed,2024-01
U01350,18-24,Tier 2,High,Organic,Android,2024-03-01,,,0.0,0.0,0.0,0.0,0.0,0,0,0,0,0,0,0,0,False,False,True,0,,No transaction,0 features,0 failed,2024-03
U01351,45-54,Tier 1,Mid,Organic,Android,2024-02-14,,,0.0,0.0,0.0,0.0,0.0,0,0,0,0,0,0,0,0,False,False,True,0,,No transaction,0 features,0 failed,2024-02
U01352,25-34,Tier 2,Low,Partnership,iOS,2024-02-22,,,0.0,0.0,0.0,0.0,0.0,0,0,0,0,0,0,0,0,False,False,True,0,,No transaction,0 features,0 failed,2024-02
U01353,25-34,Tier 1,Low,Organic,iOS,2024-02-12,,,0.0,0.0,0.0,0.0,0.0,0,0,0,0,0,0,0,0,False,False,True,0,,No transaction,0 features,0 failed,2024-02
U01354,35-44,Tier 2,Mid,Branch,Android,2024-02-11,,,0.0,0.0,0.0,0.0,0.0,0,0,0,0,0,0,0,0,False,False,True,0,,No transaction,0 features,0 failed,2024-02
U01355,25-34,Tier 3,Mid,Paid Ads,Android,2024-03-26,2024-03-27 15:19:00,2024-04-21 13:00:00,2.0,2.0,0.0,10042000.0,5021000.0,0,0,0,0,0,0,0,0,True,False,True,1,24.0,After 7 days,0 features,0 failed,2024-03
U01356,45-54,Tier 3,Low,Branch,Android,2024-01-14,2024-01-15 13:05:00,2024-01-23 08:00:00,16.0,14.0,2.0,18832000.0,1177000.0,1,1,1,1,0,1,5,1,True,True,False,1,7.0,Within 7 days,2+ features,1-2 failed,2024-01
U01357,45-54,Tier 2,Low,Organic,iOS,2024-04-19,2024-04-20 05:15:00,2024-05-10 12:00:00,10.0,9.0,1.0,10786000.0,1078600.0,1,0,1,0,0,1,3,1,True,True,False,1,20.0,After 7 days,2+ features,1-2 failed,2024-04
U01358,25-34,Tier 2,High,Paid Ads,Android,2024-01-21,,,0.0,0.0,0.0,0.0,0.0,0,0,0,0,0,0,0,0,False,False,True,0,,No transaction,0 features,0 failed,2024-01
U01359,18-24,Tier 3,Mid,Referral,Android,2024-02-12,2024-02-12 19:01:00,2024-02-16 09:00:00,9.0,8.0,1.0,44067000.0,4896333.333333333,0,1,1,1,0,0,3,0,True,True,False,1,3.0,Within 7 days,2+ features,1-2 failed,2024-02
U01360,25-34,Tier 2,Mid,Partnership,iOS,2024-02-22,,,0.0,0.0,0.0,0.0,0.0,0,0,0,0,0,0,0,0,False,False,True,0,,No transaction,0 features,0 failed,2024-02
U01361,45-54,Tier 1,Mid,Referral,Android,2024-03-29,,,0.0,0.0,0.0,0.0,0.0,0,0,0,0,0,0,0,0,False,False,True,0,,No transaction,0 features,0 failed,2024-03
U01362,18-24,Tier 2,Mid,Referral,Android,2024-03-04,,,0.0,0.0,0.0,0.0,0.0,0,0,0,0,0,0,0,0,False,False,True,0,,No transaction,0 features,0 failed,2024-03
U01363,25-34,Tier 1,Mid,Partnership,Android,2024-02-06,2024-02-07 12:26:00,2024-02-17 05:00:00,7.0,7.0,0.0,29766000.0,4252285.714285715,1,0,0,1,0,0,2,1,True,True,False,1,9.0,After 7 days,2+ features,0 failed,2024-02
U01364,25-34,Tier 2,Mid,Referral,Android,2024-03-25,2024-03-26 05:01:00,2024-04-05 11:00:00,5.0,5.0,0.0,19687000.0,3937400.0,0,0,1,0,1,0,2,1,False,False,True,1,10.0,After 7 days,2+ features,0 failed,2024-03
U01365,35-44,Tier 2,Low,Organic,Android,2024-02-21,,,0.0,0.0,0.0,0.0,0.0,0,0,0,0,0,0,0,0,False,False,True,0,,No transaction,0 features,0 failed,2024-02
U01366,18-24,Tier 2,Mid,Referral,Android,2024-04-14,2024-04-15 21:01:00,2024-04-23 11:00:00,4.0,4.0,0.0,15867000.0,3966750.0,0,0,0,0,1,0,1,1,True,True,False,1,7.0,Within 7 days,1 feature,0 failed,2024-04
U01367,35-44,Tier 1,Mid,Paid Ads,Android,2024-04-07,,,0.0,0.0,0.0,0.0,0.0,0,0,0,0,0,0,0,0,False,False,True,0,,No transaction,0 features,0 failed,2024-04
U01368,45-54,Tier 1,High,Referral,iOS,2024-03-11,2024-03-12 13:09:00,2024-03-23 15:00:00,2.0,2.0,0.0,40127000.0,20063500.0,0,0,0,0,0,0,0,0,False,False,True,1,11.0,After 7 days,0 features,0 failed,2024-03
U01369,18-24,Tier 2,Mid,Referral,Android,2024-01-05,2024-01-06 05:23:00,2024-01-09 13:00:00,8.0,7.0,1.0,37461000.0,4682625.0,1,0,0,1,1,1,4,1,True,True,False,1,3.0,Within 7 days,2+ features,1-2 failed,2024-01
U01370,18-24,Tier 3,High,Organic,Android,2024-02-28,,,0.0,0.0,0.0,0.0,0.0,0,0,0,0,0,0,0,0,False,False,True,0,,No transaction,0 features,0 failed,2024-02
U01371,55+,Tier 2,High,Paid Ads,Android,2024-01-12,,,0.0,0.0,0.0,0.0,0.0,0,0,0,0,0,0,0,0,False,False,True,0,,No transaction,0 features,0 failed,2024-01
U01372,18-24,Tier 1,Low,Partnership,iOS,2024-02-10,2024-02-11 08:24:00,2024-02-14 04:00:00,15.0,15.0,0.0,12362000.0,824133.3333333334,0,0,1,1,1,1,4,1,True,True,False,1,2.0,Within 7 days,2+ features,0 failed,2024-02
U01373,45-54,Tier 3,Mid,Referral,Android,2024-02-02,,,0.0,0.0,0.0,0.0,0.0,0,0,0,0,0,0,0,0,False,False,True,0,,No transaction,0 features,0 failed,2024-02
U01374,25-34,Tier 3,Mid,Referral,Android,2024-02-11,,,0.0,0.0,0.0,0.0,0.0,0,0,0,0,0,0,0,0,False,False,True,0,,No transaction,0 features,0 failed,2024-02
U01375,18-24,Tier 1,High,Organic,Android,2024-01-15,2024-01-17 00:21:00,2024-02-01 21:00:00,2.0,1.0,1.0,53734000.0,26867000.0,0,0,0,1,0,0,1,0,True,True,False,1,15.0,After 7 days,1 feature,1-2 failed,2024-01
U01376,45-54,Tier 1,Mid,Organic,Android,2024-04-08,,,0.0,0.0,0.0,0.0,0.0,0,0,0,0,0,0,0,0,False,False,True,0,,No transaction,0 features,0 failed,2024-04
U01377,25-34,Tier 2,Mid,Organic,Android,2024-02-21,,,0.0,0.0,0.0,0.0,0.0,0,0,0,0,0,0,0,0,False,False,True,0,,No transaction,0 features,0 failed,2024-02
U01378,25-34,Tier 3,Mid,Paid Ads,iOS,2024-04-20,,,0.0,0.0,0.0,0.0,0.0,0,0,0,0,0,0,0,0,False,False,True,0,,No transaction,0 features,0 failed,2024-04
U01379,25-34,Tier 3,Low,Paid Ads,Android,2024-03-06,2024-03-07 14:25:00,2024-03-09 16:00:00,13.0,13.0,0.0,10795000.0,830384.6153846154,1,0,1,0,1,0,3,1,False,False,True,1,2.0,Within 7 days,2+ features,0 failed,2024-03
U01380,25-34,Tier 3,Low,Branch,iOS,2024-04-15,,,0.0,0.0,0.0,0.0,0.0,0,0,0,0,0,0,0,0,False,False,True,0,,No transaction,0 features,0 failed,2024-04
U01381,18-24,Tier 2,Mid,Organic,Android,2024-01-01,2024-01-02 00:10:00,2024-01-05 02:00:00,12.0,11.0,1.0,68502000.0,5708500.0,0,0,1,1,1,0,3,1,True,True,False,1,3.0,Within 7 days,2+ features,1-2 failed,2024-01
U01382,25-34,Tier 2,Mid,Paid Ads,iOS,2024-03-25,,,0.0,0.0,0.0,0.0,0.0,0,0,0,0,0,0,0,0,False,False,True,0,,No transaction,0 features,0 failed,2024-03
U01383,55+,Tier 1,Mid,Paid Ads,Android,2024-04-21,,,0.0,0.0,0.0,0.0,0.0,0,0,0,0,0,0,0,0,False,False,True,0,,No transaction,0 features,0 failed,2024-04
U01384,18-24,Tier 1,Mid,Paid Ads,Android,2024-03-10,,,0.0,0.0,0.0,0.0,0.0,0,0,0,0,0,0,0,0,False,False,True,0,,No transaction,0 features,0 failed,2024-03
U01385,35-44,Tier 2,Low,Partnership,Android,2024-02-29,2024-03-01 18:08:00,,0.0,0.0,0.0,0.0,0.0,0,0,0,0,0,1,1,0,False,False,True,1,,No transaction,1 feature,0 failed,2024-02
U01386,25-34,Tier 2,Mid,Organic,Android,2024-02-22,,,0.0,0.0,0.0,0.0,0.0,0,0,0,0,0,0,0,0,False,False,True,0,,No transaction,0 features,0 failed,2024-02
U01387,35-44,Tier 2,Low,Organic,iOS,2024-01-07,,,0.0,0.0,0.0,0.0,0.0,0,0,0,0,0,0,0,0,False,False,True,0,,No transaction,0 features,0 failed,2024-01
U01388,18-24,Tier 2,High,Paid Ads,Android,2024-01-25,,,0.0,0.0,0.0,0.0,0.0,0,0,0,0,0,0,0,0,False,False,True,0,,No transaction,0 features,0 failed,2024-01
U01389,55+,Tier 1,High,Referral,Android,2024-03-07,2024-03-08 03:25:00,2024-03-10 22:00:00,6.0,5.0,1.0,220153000.0,36692166.666666664,0,0,1,0,1,0,2,1,True,True,False,1,2.0,Within 7 days,2+ features,1-2 failed,2024-03
U01390,25-34,Tier 2,Mid,Organic,Android,2024-02-16,2024-02-18 01:05:00,,0.0,0.0,0.0,0.0,0.0,1,0,0,0,1,0,2,1,True,True,False,1,,No transaction,2+ features,0 failed,2024-02
U01391,18-24,Tier 1,Low,Referral,iOS,2024-03-20,,,0.0,0.0,0.0,0.0,0.0,0,0,0,0,0,0,0,0,False,False,True,0,,No transaction,0 features,0 failed,2024-03
U01392,18-24,Tier 1,Low,Referral,Android,2024-04-06,2024-04-07 06:03:00,2024-04-21 02:00:00,7.0,6.0,1.0,6347000.0,906714.2857142857,1,1,0,0,1,0,3,1,True,True,False,1,13.0,After 7 days,2+ features,1-2 failed,2024-04
U01393,18-24,Tier 2,Mid,Paid Ads,iOS,2024-03-04,,,0.0,0.0,0.0,0.0,0.0,0,0,0,0,0,0,0,0,False,False,True,0,,No transaction,0 features,0 failed,2024-03
U01394,25-34,Tier 2,Mid,Organic,iOS,2024-03-21,2024-03-22 11:11:00,2024-03-24 00:00:00,13.0,13.0,0.0,68747000.0,5288230.769230769,0,1,1,1,1,0,4,1,True,True,False,1,1.0,Within 7 days,2+ features,0 failed,2024-03
U01395,25-34,Tier 3,Mid,Referral,iOS,2024-02-26,,,0.0,0.0,0.0,0.0,0.0,0,0,0,0,0,0,0,0,False,False,True,0,,No transaction,0 features,0 failed,2024-02
U01396,35-44,Tier 1,Low,Paid Ads,Android,2024-04-07,,,0.0,0.0,0.0,0.0,0.0,0,0,0,0,0,0,0,0,False,False,True,0,,No transaction,0 features,0 failed,2024-04
U01397,25-34,Tier 2,Mid,Paid Ads,Android,2024-01-07,,,0.0,0.0,0.0,0.0,0.0,0,0,0,0,0,0,0,0,False,False,True,0,,No transaction,0 features,0 failed,2024-01
U01398,18-24,Tier 1,Mid,Branch,Android,2024-01-27,2024-01-28 13:11:00,2024-02-09 11:00:00,2.0,1.0,1.0,3893000.0,1946500.0,0,0,0,0,0,0,0,0,False,False,True,1,11.0,After 7 days,0 features,1-2 failed,2024-01
U01399,25-34,Tier 1,Mid,Organic,iOS,2024-02-04,2024-02-04 23:05:00,2024-02-25 18:00:00,6.0,5.0,1.0,27901000.0,4650166.666666667,0,0,1,1,0,0,2,0,True,False,True,1,20.0,After 7 days,2+ features,1-2 failed,2024-02
U01400,35-44,Tier 3,Mid,Branch,iOS,2024-03-11,2024-03-12 05:06:00,2024-03-13 02:00:00,10.0,10.0,0.0,52633000.0,5263300.0,1,1,0,0,0,1,3,1,True,True,False,1,0.0,Within 7 days,2+ features,0 failed,2024-03
U01401,18-24,Tier 2,Low,Paid Ads,Android,2024-01-17,,,0.0,0.0,0.0,0.0,0.0,0,0,0,0,0,0,0,0,False,False,True,0,,No transaction,0 features,0 failed,2024-01
U01402,18-24,Tier 3,Mid,Partnership,iOS,2024-02-06,,,0.0,0.0,0.0,0.0,0.0,0,0,0,0,0,0,0,0,False,False,True,0,,No transaction,0 features,0 failed,2024-02
U01403,18-24,Tier 1,High,Referral,Android,2024-02-26,2024-02-27 01:09:00,2024-03-02 02:00:00,6.0,6.0,0.0,147420000.0,24570000.0,0,1,0,1,0,1,3,0,True,True,False,1,4.0,Within 7 days,2+ features,0 failed,2024-02
U01404,35-44,Tier 3,Mid,Paid Ads,Android,2024-04-22,,,0.0,0.0,0.0,0.0,0.0,0,0,0,0,0,0,0,0,False,False,True,0,,No transaction,0 features,0 failed,2024-04
U01405,35-44,Tier 1,High,Partnership,Android,2024-03-30,,,0.0,0.0,0.0,0.0,0.0,0,0,0,0,0,0,0,0,False,False,True,0,,No transaction,0 features,0 failed,2024-03
U01406,25-34,Tier 3,Mid,Partnership,iOS,2024-03-03,,,0.0,0.0,0.0,0.0,0.0,0,0,0,0,0,0,0,0,False,False,True,0,,No transaction,0 features,0 failed,2024-03
U01407,35-44,Tier 1,Low,Organic,iOS,2024-01-16,,,0.0,0.0,0.0,0.0,0.0,0,0,0,0,0,0,0,0,False,False,True,0,,No transaction,0 features,0 failed,2024-01
U01408,35-44,Tier 1,Mid,Organic,iOS,2024-01-04,2024-01-05 12:28:00,2024-02-09 23:00:00,2.0,2.0,0.0,7631000.0,3815500.0,0,0,0,1,0,0,1,0,False,False,True,1,35.0,After 7 days,1 feature,0 failed,2024-01
U01409,25-34,Tier 2,Mid,Paid Ads,iOS,2024-03-21,,,0.0,0.0,0.0,0.0,0.0,0,0,0,0,0,0,0,0,False,False,True,0,,No transaction,0 features,0 failed,2024-03
U01410,45-54,Tier 3,Mid,Branch,Android,2024-03-18,2024-03-18 16:03:00,2024-04-18 13:00:00,4.0,3.0,1.0,13856000.0,3464000.0,1,0,0,1,0,0,2,1,True,False,True,1,30.0,After 7 days,2+ features,1-2 failed,2024-03
U01411,18-24,Tier 1,Low,Referral,iOS,2024-04-12,,,0.0,0.0,0.0,0.0,0.0,0,0,0,0,0,0,0,0,False,False,True,0,,No transaction,0 features,0 failed,2024-04
U01412,18-24,Tier 1,Mid,Paid Ads,Android,2024-01-31,,,0.0,0.0,0.0,0.0,0.0,0,0,0,0,0,0,0,0,False,False,True,0,,No transaction,0 features,0 failed,2024-01
U01413,18-24,Tier 3,Low,Paid Ads,iOS,2024-03-31,,,0.0,0.0,0.0,0.0,0.0,0,0,0,0,0,0,0,0,False,False,True,0,,No transaction,0 features,0 failed,2024-03
U01414,18-24,Tier 1,Low,Partnership,iOS,2024-01-21,,,0.0,0.0,0.0,0.0,0.0,0,0,0,0,0,0,0,0,False,False,True,0,,No transaction,0 features,0 failed,2024-01
U01415,25-34,Tier 1,Mid,Paid Ads,Android,2024-02-09,2024-02-10 11:03:00,2024-02-11 07:00:00,12.0,12.0,0.0,48468000.0,4039000.0,1,0,1,1,1,0,4,1,True,True,False,1,0.0,Within 7 days,2+ features,0 failed,2024-02
U01416,45-54,Tier 1,Mid,Referral,Android,2024-03-11,,,0.0,0.0,0.0,0.0,0.0,0,0,0,0,0,0,0,0,False,False,True,0,,No transaction,0 features,0 failed,2024-03
U01417,18-24,Tier 1,High,Branch,Android,2024-01-02,,,0.0,0.0,0.0,0.0,0.0,0,0,0,0,0,0,0,0,False,False,True,0,,No transaction,0 features,0 failed,2024-01
U01418,18-24,Tier 3,Mid,Paid Ads,iOS,2024-03-11,2024-03-11 20:21:00,2024-03-21 16:00:00,7.0,7.0,0.0,54850000.0,7835714.285714285,1,0,0,0,0,0,1,1,True,False,True,1,9.0,After 7 days,1 feature,0 failed,2024-03
U01419,25-34,Tier 2,Mid,Paid Ads,Android,2024-02-22,,,0.0,0.0,0.0,0.0,0.0,0,0,0,0,0,0,0,0,False,False,True,0,,No transaction,0 features,0 failed,2024-02
U01420,45-54,Tier 2,Mid,Referral,Android,2024-01-12,2024-01-13 03:24:00,2024-01-20 21:00:00,5.0,5.0,0.0,22233000.0,4446600.0,1,1,0,0,0,0,2,1,True,True,False,1,7.0,Within 7 days,2+ features,0 failed,2024-01
U01421,25-34,Tier 3,Mid,Paid Ads,iOS,2024-01-29,,,0.0,0.0,0.0,0.0,0.0,0,0,0,0,0,0,0,0,False,False,True,0,,No transaction,0 features,0 failed,2024-01
U01422,25-34,Tier 2,Low,Referral,Android,2024-04-17,,,0.0,0.0,0.0,0.0,0.0,0,0,0,0,0,0,0,0,False,False,True,0,,No transaction,0 features,0 failed,2024-04
U01423,18-24,Tier 1,High,Organic,Android,2024-04-26,,,0.0,0.0,0.0,0.0,0.0,0,0,0,0,0,0,0,0,False,False,True,0,,No transaction,0 features,0 failed,2024-04
U01424,18-24,Tier 1,Mid,Paid Ads,Android,2024-01-15,,,0.0,0.0,0.0,0.0,0.0,0,0,0,0,0,0,0,0,False,False,True,0,,No transaction,0 features,0 failed,2024-01
U01425,55+,Tier 1,High,Paid Ads,Android,2024-02-29,,,0.0,0.0,0.0,0.0,0.0,0,0,0,0,0,0,0,0,False,False,True,0,,No transaction,0 features,0 failed,2024-02
U01426,55+,Tier 1,Mid,Paid Ads,iOS,2024-01-16,,,0.0,0.0,0.0,0.0,0.0,0,0,0,0,0,0,0,0,False,False,True,0,,No transaction,0 features,0 failed,2024-01
U01427,18-24,Tier 3,Low,Referral,Android,2024-03-23,,,0.0,0.0,0.0,0.0,0.0,0,0,0,0,0,0,0,0,False,False,True,0,,No transaction,0 features,0 failed,2024-03
U01428,55+,Tier 2,Mid,Paid Ads,Android,2024-04-16,,,0.0,0.0,0.0,0.0,0.0,0,0,0,0,0,0,0,0,False,False,True,0,,No transaction,0 features,0 failed,2024-04
U01429,25-34,Tier 1,Low,Referral,Android,2024-01-20,2024-01-21 14:09:00,2024-02-03 04:00:00,4.0,4.0,0.0,5861000.0,1465250.0,1,1,0,0,0,1,3,1,True,True,False,1,12.0,After 7 days,2+ features,0 failed,2024-01
U01430,45-54,Tier 2,Mid,Paid Ads,Android,2024-03-04,2024-03-05 05:27:00,,0.0,0.0,0.0,0.0,0.0,0,0,0,0,0,0,0,0,False,False,True,1,,No transaction,0 features,0 failed,2024-03
U01431,25-34,Tier 2,Low,Referral,iOS,2024-04-01,2024-04-02 17:30:00,2024-04-07 00:00:00,14.0,12.0,2.0,15728000.0,1123428.5714285714,0,0,1,1,1,1,4,1,True,True,False,1,4.0,Within 7 days,2+ features,1-2 failed,2024-04
U01432,25-34,Tier 3,Mid,Paid Ads,iOS,2024-02-07,,,0.0,0.0,0.0,0.0,0.0,0,0,0,0,0,0,0,0,False,False,True,0,,No transaction,0 features,0 failed,2024-02
U01433,25-34,Tier 3,High,Partnership,Android,2024-03-06,,,0.0,0.0,0.0,0.0,0.0,0,0,0,0,0,0,0,0,False,False,True,0,,No transaction,0 features,0 failed,2024-03
U01434,35-44,Tier 2,Mid,Referral,Android,2024-03-31,2024-04-01 04:14:00,,0.0,0.0,0.0,0.0,0.0,0,0,0,0,1,0,1,1,False,False,True,1,,No transaction,1 feature,0 failed,2024-03
U01435,18-24,Tier 2,High,Referral,Android,2024-02-04,,,0.0,0.0,0.0,0.0,0.0,0,0,0,0,0,0,0,0,False,False,True,0,,No transaction,0 features,0 failed,2024-02
U01436,18-24,Tier 2,Mid,Paid Ads,Android,2024-02-23,,,0.0,0.0,0.0,0.0,0.0,0,0,0,0,0,0,0,0,False,False,True,0,,No transaction,0 features,0 failed,2024-02
U01437,25-34,Tier 2,Mid,Paid Ads,Android,2024-04-16,,,0.0,0.0,0.0,0.0,0.0,0,0,0,0,0,0,0,0,False,False,True,0,,No transaction,0 features,0 failed,2024-04
U01438,35-44,Tier 1,High,Paid Ads,iOS,2024-03-02,2024-03-03 11:08:00,2024-03-22 03:00:00,3.0,3.0,0.0,101778000.0,33926000.0,0,0,0,0,0,0,0,0,False,False,True,1,18.0,After 7 days,0 features,0 failed,2024-03
U01439,18-24,Tier 1,High,Paid Ads,Android,2024-03-01,2024-03-02 13:17:00,2024-03-09 04:00:00,1.0,1.0,0.0,47935000.0,47935000.0,0,0,1,0,0,0,1,0,True,True,False,1,6.0,Within 7 days,1 feature,0 failed,2024-03
U01440,35-44,Tier 2,Mid,Referral,Android,2024-02-01,2024-02-02 03:09:00,,0.0,0.0,0.0,0.0,0.0,0,0,0,0,0,0,0,0,False,False,True,1,,No transaction,0 features,0 failed,2024-02
U01441,55+,Tier 1,Low,Referral,Android,2024-02-28,,,0.0,0.0,0.0,0.0,0.0,0,0,0,0,0,0,0,0,False,False,True,0,,No transaction,0 features,0 failed,2024-02
U01442,18-24,Tier 1,Mid,Referral,Android,2024-03-11,,,0.0,0.0,0.0,0.0,0.0,0,0,0,0,0,0,0,0,False,False,True,0,,No transaction,0 features,0 failed,2024-03
U01443,35-44,Tier 2,Low,Organic,iOS,2024-01-19,,,0.0,0.0,0.0,0.0,0.0,0,0,0,0,0,0,0,0,False,False,True,0,,No transaction,0 features,0 failed,2024-01
U01444,25-34,Tier 1,Mid,Paid Ads,Android,2024-02-19,,,0.0,0.0,0.0,0.0,0.0,0,0,0,0,0,0,0,0,False,False,True,0,,No transaction,0 features,0 failed,2024-02
U01445,45-54,Tier 2,Mid,Organic,Android,2024-01-25,,,0.0,0.0,0.0,0.0,0.0,0,0,0,0,0,0,0,0,False,False,True,0,,No transaction,0 features,0 failed,2024-01
U01446,18-24,Tier 2,High,Branch,Android,2024-03-17,2024-03-18 09:07:00,,0.0,0.0,0.0,0.0,0.0,0,0,0,0,0,0,0,0,False,False,True,1,,No transaction,0 features,0 failed,2024-03
U01447,35-44,Tier 3,High,Partnership,iOS,2024-03-06,,,0.0,0.0,0.0,0.0,0.0,0,0,0,0,0,0,0,0,False,False,True,0,,No transaction,0 features,0 failed,2024-03
U01448,35-44,Tier 2,Mid,Partnership,Android,2024-04-05,,,0.0,0.0,0.0,0.0,0.0,0,0,0,0,0,0,0,0,False,False,True,0,,No transaction,0 features,0 failed,2024-04
U01449,45-54,Tier 1,Low,Branch,iOS,2024-04-22,2024-04-24 00:13:00,2024-04-25 23:00:00,9.0,9.0,0.0,8841000.0,982333.3333333334,1,1,1,0,0,0,3,1,False,False,True,1,1.0,Within 7 days,2+ features,0 failed,2024-04
U01450,35-44,Tier 2,High,Referral,Android,2024-01-18,2024-01-19 13:06:00,2024-02-05 21:00:00,8.0,5.0,3.0,170319000.0,21289875.0,0,0,0,0,0,1,1,0,True,False,True,1,17.0,After 7 days,1 feature,3+ failed,2024-01
U01451,25-34,Tier 3,Low,Partnership,iOS,2024-04-20,,,0.0,0.0,0.0,0.0,0.0,0,0,0,0,0,0,0,0,False,False,True,0,,No transaction,0 features,0 failed,2024-04
U01452,25-34,Tier 3,Mid,Organic,iOS,2024-01-09,2024-01-10 05:27:00,2024-01-14 19:00:00,13.0,12.0,1.0,70739000.0,5441461.538461538,1,1,0,1,1,0,4,1,True,True,False,1,4.0,Within 7 days,2+ features,1-2 failed,2024-01
U01453,45-54,Tier 1,Low,Organic,Android,2024-02-05,,,0.0,0.0,0.0,0.0,0.0,0,0,0,0,0,0,0,0,False,False,True,0,,No transaction,0 features,0 failed,2024-02
U01454,25-34,Tier 1,Mid,Partnership,iOS,2024-04-08,,,0.0,0.0,0.0,0.0,0.0,0,0,0,0,0,0,0,0,False,False,True,0,,No transaction,0 features,0 failed,2024-04
U01455,18-24,Tier 3,High,Organic,iOS,2024-04-11,2024-04-12 07:17:00,2024-04-28 13:00:00,3.0,3.0,0.0,97213000.0,32404333.333333332,1,0,0,1,0,0,2,1,True,True,False,1,16.0,After 7 days,2+ features,0 failed,2024-04
U01456,45-54,Tier 1,Low,Branch,Android,2024-04-19,2024-04-20 16:29:00,2024-04-23 13:00:00,7.0,6.0,1.0,5754000.0,822000.0,0,1,1,0,0,0,2,0,True,False,True,1,2.0,Within 7 days,2+ features,1-2 failed,2024-04
U01457,35-44,Tier 2,Mid,Paid Ads,Android,2024-02-23,,,0.0,0.0,0.0,0.0,0.0,0,0,0,0,0,0,0,0,False,False,True,0,,No transaction,0 features,0 failed,2024-02
U01458,35-44,Tier 1,Mid,Partnership,Android,2024-02-13,2024-02-14 06:20:00,2024-02-26 21:00:00,8.0,7.0,1.0,35322000.0,4415250.0,0,1,0,1,0,0,2,0,True,True,False,1,12.0,After 7 days,2+ features,1-2 failed,2024-02
U01459,18-24,Tier 1,High,Organic,Android,2024-04-10,,,0.0,0.0,0.0,0.0,0.0,0,0,0,0,0,0,0,0,False,False,True,0,,No transaction,0 features,0 failed,2024-04
U01460,35-44,Tier 1,High,Paid Ads,iOS,2024-03-05,,,0.0,0.0,0.0,0.0,0.0,0,0,0,0,0,0,0,0,False,False,True,0,,No transaction,0 features,0 failed,2024-03
U01461,25-34,Tier 1,Low,Organic,iOS,2024-02-04,,,0.0,0.0,0.0,0.0,0.0,0,0,0,0,0,0,0,0,False,False,True,0,,No transaction,0 features,0 failed,2024-02
U01462,35-44,Tier 2,Low,Partnership,Android,2024-04-15,,,0.0,0.0,0.0,0.0,0.0,0,0,0,0,0,0,0,0,False,False,True,0,,No transaction,0 features,0 failed,2024-04
U01463,18-24,Tier 3,Mid,Organic,iOS,2024-01-01,,,0.0,0.0,0.0,0.0,0.0,0,0,0,0,0,0,0,0,False,False,True,0,,No transaction,0 features,0 failed,2024-01
U01464,35-44,Tier 1,Mid,Paid Ads,Android,2024-02-06,,,0.0,0.0,0.0,0.0,0.0,0,0,0,0,0,0,0,0,False,False,True,0,,No transaction,0 features,0 failed,2024-02
U01465,55+,Tier 3,Mid,Organic,Android,2024-04-02,2024-04-03 14:25:00,2024-04-05 13:00:00,12.0,11.0,1.0,71131000.0,5927583.333333333,1,0,0,1,1,0,3,1,True,True,False,1,1.0,Within 7 days,2+ features,1-2 failed,2024-04
U01466,18-24,Tier 1,Low,Organic,iOS,2024-02-08,,,0.0,0.0,0.0,0.0,0.0,0,0,0,0,0,0,0,0,False,False,True,0,,No transaction,0 features,0 failed,2024-02
U01467,55+,Tier 2,Low,Paid Ads,Android,2024-04-17,,,0.0,0.0,0.0,0.0,0.0,0,0,0,0,0,0,0,0,False,False,True,0,,No transaction,0 features,0 failed,2024-04
U01468,25-34,Tier 1,Mid,Organic,Android,2024-03-16,,,0.0,0.0,0.0,0.0,0.0,0,0,0,0,0,0,0,0,False,False,True,0,,No transaction,0 features,0 failed,2024-03
U01469,45-54,Tier 3,Low,Paid Ads,iOS,2024-03-15,,,0.0,0.0,0.0,0.0,0.0,0,0,0,0,0,0,0,0,False,False,True,0,,No transaction,0 features,0 failed,2024-03
U01470,35-44,Tier 2,High,Organic,Android,2024-03-25,,,0.0,0.0,0.0,0.0,0.0,0,0,0,0,0,0,0,0,False,False,True,0,,No transaction,0 features,0 failed,2024-03
U01471,25-34,Tier 2,Low,Referral,Android,2024-03-03,,,0.0,0.0,0.0,0.0,0.0,0,0,0,0,0,0,0,0,False,False,True,0,,No transaction,0 features,0 failed,2024-03
U01472,35-44,Tier 3,Low,Paid Ads,Android,2024-04-20,,,0.0,0.0,0.0,0.0,0.0,0,0,0,0,0,0,0,0,False,False,True,0,,No transaction,0 features,0 failed,2024-04
U01473,45-54,Tier 2,High,Referral,Android,2024-01-20,,,0.0,0.0,0.0,0.0,0.0,0,0,0,0,0,0,0,0,False,False,True,0,,No transaction,0 features,0 failed,2024-01
U01474,25-34,Tier 3,Mid,Referral,iOS,2024-02-27,,,0.0,0.0,0.0,0.0,0.0,0,0,0,0,0,0,0,0,False,False,True,0,,No transaction,0 features,0 failed,2024-02
U01475,25-34,Tier 2,Mid,Partnership,Android,2024-03-09,2024-03-10 10:02:00,2024-03-12 05:00:00,2.0,2.0,0.0,9724000.0,4862000.0,0,0,1,0,1,0,2,1,True,True,False,1,1.0,Within 7 days,2+ features,0 failed,2024-03
U01476,35-44,Tier 3,Low,Organic,Android,2024-03-02,,,0.0,0.0,0.0,0.0,0.0,0,0,0,0,0,0,0,0,False,False,True,0,,No transaction,0 features,0 failed,2024-03
U01477,35-44,Tier 2,Mid,Organic,Android,2024-02-14,,,0.0,0.0,0.0,0.0,0.0,0,0,0,0,0,0,0,0,False,False,True,0,,No transaction,0 features,0 failed,2024-02
U01478,35-44,Tier 1,Mid,Referral,Android,2024-02-12,2024-02-13 17:23:00,2024-02-17 11:00:00,7.0,7.0,0.0,42197000.0,6028142.857142857,0,0,0,1,0,0,1,0,False,False,True,1,3.0,Within 7 days,1 feature,0 failed,2024-02
U01479,35-44,Tier 2,Mid,Referral,Android,2024-03-11,,,0.0,0.0,0.0,0.0,0.0,0,0,0,0,0,0,0,0,False,False,True,0,,No transaction,0 features,0 failed,2024-03
U01480,25-34,Tier 1,High,Paid Ads,Android,2024-04-07,,,0.0,0.0,0.0,0.0,0.0,0,0,0,0,0,0,0,0,False,False,True,0,,No transaction,0 features,0 failed,2024-04
U01481,35-44,Tier 2,Mid,Referral,Android,2024-03-10,,,0.0,0.0,0.0,0.0,0.0,0,0,0,0,0,0,0,0,False,False,True,0,,No transaction,0 features,0 failed,2024-03
U01482,18-24,Tier 2,Mid,Partnership,Android,2024-02-18,2024-02-18 17:14:00,2024-02-24 13:00:00,12.0,12.0,0.0,47609000.0,3967416.6666666665,1,1,0,0,1,1,4,1,True,True,False,1,5.0,Within 7 days,2+ features,0 failed,2024-02
U01483,25-34,Tier 2,Mid,Organic,Android,2024-02-28,2024-02-29 10:16:00,2024-03-04 04:00:00,11.0,10.0,1.0,73578000.0,6688909.090909091,0,0,0,1,1,0,2,1,True,True,False,1,3.0,Within 7 days,2+ features,1-2 failed,2024-02
U01484,18-24,Tier 1,Mid,Referral,iOS,2024-02-11,2024-02-12 13:19:00,,0.0,0.0,0.0,0.0,0.0,0,0,0,0,0,0,0,0,False,False,True,1,,No transaction,0 features,0 failed,2024-02
U01485,25-34,Tier 1,Low,Referral,iOS,2024-04-21,2024-04-22 13:01:00,2024-04-27 11:00:00,7.0,6.0,1.0,8850000.0,1264285.7142857143,0,1,1,0,0,0,2,0,True,True,False,1,4.0,Within 7 days,2+ features,1-2 failed,2024-04
U01486,25-34,Tier 2,Mid,Paid Ads,iOS,2024-01-25,2024-01-26 17:25:00,2024-02-10 07:00:00,6.0,4.0,2.0,19659000.0,3276500.0,0,0,0,1,1,1,3,1,True,False,True,1,14.0,After 7 days,2+ features,1-2 failed,2024-01
U01487,25-34,Tier 3,Mid,Branch,Android,2024-03-30,,,0.0,0.0,0.0,0.0,0.0,0,0,0,0,0,0,0,0,False,False,True,0,,No transaction,0 features,0 failed,2024-03
U01488,35-44,Tier 1,Mid,Paid Ads,Android,2024-01-31,2024-02-01 15:10:00,2024-02-08 04:00:00,5.0,4.0,1.0,32601000.0,6520200.0,0,1,0,0,0,0,1,0,True,True,False,1,6.0,Within 7 days,1 feature,1-2 failed,2024-01
U01489,25-34,Tier 1,Mid,Branch,iOS,2024-03-14,,,0.0,0.0,0.0,0.0,0.0,0,0,0,0,0,0,0,0,False,False,True,0,,No transaction,0 features,0 failed,2024-03
U01490,25-34,Tier 2,Mid,Referral,Android,2024-02-19,2024-02-20 21:17:00,2024-03-02 00:00:00,5.0,5.0,0.0,27143000.0,5428600.0,0,1,1,0,1,0,3,1,True,True,False,1,10.0,After 7 days,2+ features,0 failed,2024-02
U01491,18-24,Tier 2,High,Organic,Android,2024-01-30,2024-01-31 13:11:00,2024-02-01 13:00:00,9.0,7.0,2.0,187111000.0,20790111.111111112,0,1,0,1,1,0,3,1,True,True,False,1,0.0,Within 7 days,2+ features,1-2 failed,2024-01
U01492,25-34,Tier 1,Low,Organic,iOS,2024-04-19,,,0.0,0.0,0.0,0.0,0.0,0,0,0,0,0,0,0,0,False,False,True,0,,No transaction,0 features,0 failed,2024-04
U01493,18-24,Tier 1,Mid,Referral,iOS,2024-04-09,,,0.0,0.0,0.0,0.0,0.0,0,0,0,0,0,0,0,0,False,False,True,0,,No transaction,0 features,0 failed,2024-04
U01494,18-24,Tier 1,Mid,Referral,iOS,2024-02-22,2024-02-22 14:26:00,2024-02-26 05:00:00,7.0,6.0,1.0,34655000.0,4950714.285714285,0,0,1,1,0,1,3,0,True,True,False,1,3.0,Within 7 days,2+ features,1-2 failed,2024-02
U01495,25-34,Tier 3,Mid,Organic,iOS,2024-01-06,2024-01-07 05:23:00,2024-01-15 15:00:00,5.0,5.0,0.0,26210000.0,5242000.0,0,1,0,1,0,0,2,0,False,False,True,1,8.0,After 7 days,2+ features,0 failed,2024-01
U01496,35-44,Tier 1,Mid,Referral,iOS,2024-02-10,,,0.0,0.0,0.0,0.0,0.0,0,0,0,0,0,0,0,0,False,False,True,0,,No transaction,0 features,0 failed,2024-02
U01497,25-34,Tier 1,Low,Referral,Android,2024-04-05,2024-04-06 11:01:00,2024-04-07 21:00:00,18.0,17.0,1.0,16131000.0,896166.6666666666,1,1,1,0,1,1,5,1,True,True,False,1,1.0,Within 7 days,2+ features,1-2 failed,2024-04
U01498,25-34,Tier 1,Mid,Organic,iOS,2024-03-01,,,0.0,0.0,0.0,0.0,0.0,0,0,0,0,0,0,0,0,False,False,True,0,,No transaction,0 features,0 failed,2024-03
U01499,25-34,Tier 1,Low,Referral,Android,2024-03-31,,,0.0,0.0,0.0,0.0,0.0,0,0,0,0,0,0,0,0,False,False,True,0,,No transaction,0 features,0 failed,2024-03
U01500,45-54,Tier 2,High,Partnership,iOS,2024-04-26,2024-04-27 19:28:00,2024-06-07 16:00:00,1.0,1.0,0.0,37426000.0,37426000.0,0,1,0,0,0,0,1,0,True,False,True,1,40.0,After 7 days,1 feature,0 failed,2024-04
U01501,25-34,Tier 1,Mid,Referral,Android,2024-04-13,,,0.0,0.0,0.0,0.0,0.0,0,0,0,0,0,0,0,0,False,False,True,0,,No transaction,0 features,0 failed,2024-04
U01502,25-34,Tier 1,High,Paid Ads,Android,2024-02-18,,,0.0,0.0,0.0,0.0,0.0,0,0,0,0,0,0,0,0,False,False,True,0,,No transaction,0 features,0 failed,2024-02
U01503,18-24,Tier 2,Mid,Paid Ads,iOS,2024-02-19,,,0.0,0.0,0.0,0.0,0.0,0,0,0,0,0,0,0,0,False,False,True,0,,No transaction,0 features,0 failed,2024-02
U01504,25-34,Tier 1,Mid,Referral,Android,2024-03-25,2024-03-26 16:12:00,2024-04-11 09:00:00,9.0,9.0,0.0,50494000.0,5610444.444444444,0,0,0,0,1,1,2,1,True,True,False,1,15.0,After 7 days,2+ features,0 failed,2024-03
U01505,25-34,Tier 1,Mid,Organic,iOS,2024-04-11,,,0.0,0.0,0.0,0.0,0.0,0,0,0,0,0,0,0,0,False,False,True,0,,No transaction,0 features,0 failed,2024-04
U01506,25-34,Tier 3,High,Referral,Android,2024-04-15,,,0.0,0.0,0.0,0.0,0.0,0,0,0,0,0,0,0,0,False,False,True,0,,No transaction,0 features,0 failed,2024-04
U01507,25-34,Tier 2,High,Paid Ads,iOS,2024-03-24,,,0.0,0.0,0.0,0.0,0.0,0,0,0,0,0,0,0,0,False,False,True,0,,No transaction,0 features,0 failed,2024-03
U01508,25-34,Tier 3,Low,Referral,iOS,2024-01-20,2024-01-20 18:10:00,2024-03-14 12:00:00,1.0,1.0,0.0,1614000.0,1614000.0,0,1,0,0,0,0,1,0,True,False,True,1,53.0,After 7 days,1 feature,0 failed,2024-01
U01509,25-34,Tier 3,Mid,Organic,Android,2024-03-04,,,0.0,0.0,0.0,0.0,0.0,0,0,0,0,0,0,0,0,False,False,True,0,,No transaction,0 features,0 failed,2024-03
U01510,35-44,Tier 2,Mid,Organic,Android,2024-01-05,,,0.0,0.0,0.0,0.0,0.0,0,0,0,0,0,0,0,0,False,False,True,0,,No transaction,0 features,0 failed,2024-01
U01511,35-44,Tier 1,Low,Partnership,Android,2024-01-17,,,0.0,0.0,0.0,0.0,0.0,0,0,0,0,0,0,0,0,False,False,True,0,,No transaction,0 features,0 failed,2024-01
U01512,35-44,Tier 2,Mid,Referral,iOS,2024-03-05,,,0.0,0.0,0.0,0.0,0.0,0,0,0,0,0,0,0,0,False,False,True,0,,No transaction,0 features,0 failed,2024-03
U01513,55+,Tier 3,High,Paid Ads,Android,2024-03-16,,,0.0,0.0,0.0,0.0,0.0,0,0,0,0,0,0,0,0,False,False,True,0,,No transaction,0 features,0 failed,2024-03
U01514,18-24,Tier 2,Mid,Paid Ads,Android,2024-02-12,,,0.0,0.0,0.0,0.0,0.0,0,0,0,0,0,0,0,0,False,False,True,0,,No transaction,0 features,0 failed,2024-02
U01515,18-24,Tier 2,Mid,Partnership,Android,2024-04-21,,,0.0,0.0,0.0,0.0,0.0,0,0,0,0,0,0,0,0,False,False,True,0,,No transaction,0 features,0 failed,2024-04
U01516,18-24,Tier 1,Mid,Paid Ads,Android,2024-01-13,,,0.0,0.0,0.0,0.0,0.0,0,0,0,0,0,0,0,0,False,False,True,0,,No transaction,0 features,0 failed,2024-01
U01517,25-34,Tier 3,Mid,Paid Ads,Android,2024-04-21,,,0.0,0.0,0.0,0.0,0.0,0,0,0,0,0,0,0,0,False,False,True,0,,No transaction,0 features,0 failed,2024-04
U01518,45-54,Tier 2,Low,Branch,Android,2024-04-18,2024-04-19 11:22:00,2024-04-23 05:00:00,9.0,9.0,0.0,8721000.0,969000.0,1,0,1,0,0,1,3,1,True,True,False,1,3.0,Within 7 days,2+ features,0 failed,2024-04
U01519,18-24,Tier 3,Mid,Paid Ads,Android,2024-02-26,,,0.0,0.0,0.0,0.0,0.0,0,0,0,0,0,0,0,0,False,False,True,0,,No transaction,0 features,0 failed,2024-02
U01520,45-54,Tier 1,High,Organic,iOS,2024-01-13,,,0.0,0.0,0.0,0.0,0.0,0,0,0,0,0,0,0,0,False,False,True,0,,No transaction,0 features,0 failed,2024-01
U01521,18-24,Tier 1,Mid,Organic,Android,2024-03-08,,,0.0,0.0,0.0,0.0,0.0,0,0,0,0,0,0,0,0,False,False,True,0,,No transaction,0 features,0 failed,2024-03
U01522,45-54,Tier 1,Low,Partnership,iOS,2024-04-26,2024-04-27 12:11:00,2024-05-08 22:00:00,6.0,5.0,1.0,6164000.0,1027333.3333333334,0,0,0,0,0,0,0,0,False,False,True,1,11.0,After 7 days,0 features,1-2 failed,2024-04
U01523,25-34,Tier 2,Low,Partnership,Android,2024-02-28,2024-02-29 21:22:00,,0.0,0.0,0.0,0.0,0.0,0,0,0,0,0,0,0,0,False,False,True,1,,No transaction,0 features,0 failed,2024-02
U01524,18-24,Tier 1,Low,Paid Ads,Android,2024-01-02,,,0.0,0.0,0.0,0.0,0.0,0,0,0,0,0,0,0,0,False,False,True,0,,No transaction,0 features,0 failed,2024-01
U01525,25-34,Tier 1,Mid,Paid Ads,Android,2024-04-02,,,0.0,0.0,0.0,0.0,0.0,0,0,0,0,0,0,0,0,False,False,True,0,,No transaction,0 features,0 failed,2024-04
U01526,18-24,Tier 3,Mid,Paid Ads,Android,2024-01-19,,,0.0,0.0,0.0,0.0,0.0,0,0,0,0,0,0,0,0,False,False,True,0,,No transaction,0 features,0 failed,2024-01
U01527,18-24,Tier 1,Low,Referral,Android,2024-02-22,,,0.0,0.0,0.0,0.0,0.0,0,0,0,0,0,0,0,0,False,False,True,0,,No transaction,0 features,0 failed,2024-02
U01528,25-34,Tier 3,High,Paid Ads,iOS,2024-04-21,2024-04-22 14:05:00,2024-05-01 10:00:00,8.0,8.0,0.0,247481000.0,30935125.0,1,0,1,1,0,0,3,1,False,False,True,1,8.0,After 7 days,2+ features,0 failed,2024-04
U01529,35-44,Tier 1,Mid,Organic,Android,2024-03-24,,,0.0,0.0,0.0,0.0,0.0,0,0,0,0,0,0,0,0,False,False,True,0,,No transaction,0 features,0 failed,2024-03
U01530,25-34,Tier 3,Mid,Branch,iOS,2024-01-20,,,0.0,0.0,0.0,0.0,0.0,0,0,0,0,0,0,0,0,False,False,True,0,,No transaction,0 features,0 failed,2024-01
U01531,25-34,Tier 2,High,Partnership,Android,2024-01-10,,,0.0,0.0,0.0,0.0,0.0,0,0,0,0,0,0,0,0,False,False,True,0,,No transaction,0 features,0 failed,2024-01
U01532,25-34,Tier 3,Low,Paid Ads,Android,2024-03-01,,,0.0,0.0,0.0,0.0,0.0,0,0,0,0,0,0,0,0,False,False,True,0,,No transaction,0 features,0 failed,2024-03
U01533,35-44,Tier 3,High,Referral,Android,2024-04-10,2024-04-11 01:03:00,2024-05-10 02:00:00,6.0,6.0,0.0,137719000.0,22953166.666666668,1,0,0,1,0,0,2,1,True,True,False,1,29.0,After 7 days,2+ features,0 failed,2024-04
U01534,18-24,Tier 1,Low,Organic,iOS,2024-02-03,2024-02-05 00:13:00,2024-02-17 13:00:00,2.0,2.0,0.0,502000.0,251000.0,0,0,1,0,0,0,1,0,False,False,True,1,12.0,After 7 days,1 feature,0 failed,2024-02
U01535,25-34,Tier 1,Mid,Referral,Android,2024-02-13,2024-02-13 21:14:00,2024-02-23 17:00:00,2.0,2.0,0.0,6178000.0,3089000.0,1,0,1,0,0,0,2,1,True,True,False,1,9.0,After 7 days,2+ features,0 failed,2024-02
U01536,18-24,Tier 1,High,Paid Ads,iOS,2024-03-20,,,0.0,0.0,0.0,0.0,0.0,0,0,0,0,0,0,0,0,False,False,True,0,,No transaction,0 features,0 failed,2024-03
U01537,18-24,Tier 2,High,Paid Ads,Android,2024-03-29,,,0.0,0.0,0.0,0.0,0.0,0,0,0,0,0,0,0,0,False,False,True,0,,No transaction,0 features,0 failed,2024-03
U01538,35-44,Tier 3,Mid,Referral,Android,2024-02-20,2024-02-21 05:16:00,2024-02-27 21:00:00,15.0,13.0,2.0,67230000.0,4482000.0,0,1,0,1,0,1,3,0,False,False,True,1,6.0,Within 7 days,2+ features,1-2 failed,2024-02
U01539,18-24,Tier 2,Mid,Paid Ads,Android,2024-03-24,,,0.0,0.0,0.0,0.0,0.0,0,0,0,0,0,0,0,0,False,False,True,0,,No transaction,0 features,0 failed,2024-03
U01540,25-34,Tier 2,Mid,Partnership,iOS,2024-01-11,,,0.0,0.0,0.0,0.0,0.0,0,0,0,0,0,0,0,0,False,False,True,0,,No transaction,0 features,0 failed,2024-01
U01541,35-44,Tier 1,High,Organic,iOS,2024-04-19,,,0.0,0.0,0.0,0.0,0.0,0,0,0,0,0,0,0,0,False,False,True,0,,No transaction,0 features,0 failed,2024-04
U01542,18-24,Tier 3,Low,Paid Ads,Android,2024-02-12,,,0.0,0.0,0.0,0.0,0.0,0,0,0,0,0,0,0,0,False,False,True,0,,No transaction,0 features,0 failed,2024-02
U01543,25-34,Tier 3,High,Partnership,iOS,2024-04-19,,,0.0,0.0,0.0,0.0,0.0,0,0,0,0,0,0,0,0,False,False,True,0,,No transaction,0 features,0 failed,2024-04
U01544,18-24,Tier 1,Mid,Paid Ads,Android,2024-03-27,,,0.0,0.0,0.0,0.0,0.0,0,0,0,0,0,0,0,0,False,False,True,0,,No transaction,0 features,0 failed,2024-03
U01545,55+,Tier 2,Mid,Paid Ads,iOS,2024-04-19,,,0.0,0.0,0.0,0.0,0.0,0,0,0,0,0,0,0,0,False,False,True,0,,No transaction,0 features,0 failed,2024-04
U01546,25-34,Tier 1,Mid,Paid Ads,iOS,2024-03-09,2024-03-10 06:04:00,2024-04-10 05:00:00,1.0,1.0,0.0,5332000.0,5332000.0,0,0,1,0,0,0,1,0,True,False,True,1,30.0,After 7 days,1 feature,0 failed,2024-03
U01547,35-44,Tier 2,Mid,Branch,iOS,2024-02-18,,,0.0,0.0,0.0,0.0,0.0,0,0,0,0,0,0,0,0,False,False,True,0,,No transaction,0 features,0 failed,2024-02
U01548,25-34,Tier 2,High,Organic,iOS,2024-02-10,2024-02-11 18:17:00,,0.0,0.0,0.0,0.0,0.0,0,0,1,0,0,0,1,0,True,False,True,1,,No transaction,1 feature,0 failed,2024-02
U01549,18-24,Tier 1,Mid,Paid Ads,Android,2024-03-21,,,0.0,0.0,0.0,0.0,0.0,0,0,0,0,0,0,0,0,False,False,True,0,,No transaction,0 features,0 failed,2024-03
U01550,25-34,Tier 1,High,Organic,Android,2024-04-01,,,0.0,0.0,0.0,0.0,0.0,0,0,0,0,0,0,0,0,False,False,True,0,,No transaction,0 features,0 failed,2024-04
U01551,55+,Tier 1,Low,Organic,Android,2024-04-23,,,0.0,0.0,0.0,0.0,0.0,0,0,0,0,0,0,0,0,False,False,True,0,,No transaction,0 features,0 failed,2024-04
U01552,25-34,Tier 2,Mid,Referral,Android,2024-04-07,,,0.0,0.0,0.0,0.0,0.0,0,0,0,0,0,0,0,0,False,False,True,0,,No transaction,0 features,0 failed,2024-04
U01553,35-44,Tier 2,High,Organic,Android,2024-03-03,,,0.0,0.0,0.0,0.0,0.0,0,0,0,0,0,0,0,0,False,False,True,0,,No transaction,0 features,0 failed,2024-03
U01554,45-54,Tier 1,Mid,Branch,Android,2024-04-21,2024-04-22 12:29:00,2024-04-24 06:00:00,14.0,11.0,3.0,80833000.0,5773785.714285715,1,1,1,1,1,0,5,1,False,False,True,1,1.0,Within 7 days,2+ features,3+ failed,2024-04
U01555,18-24,Tier 2,Mid,Branch,Android,2024-03-10,2024-03-11 06:18:00,2024-03-14 14:00:00,7.0,7.0,0.0,34750000.0,4964285.714285715,1,0,1,0,0,0,2,1,True,True,False,1,3.0,Within 7 days,2+ features,0 failed,2024-03
U01556,18-24,Tier 2,Mid,Referral,Android,2024-01-05,2024-01-06 01:19:00,2024-01-07 06:00:00,5.0,5.0,0.0,21461000.0,4292200.0,0,0,1,0,0,1,2,0,True,False,True,1,1.0,Within 7 days,2+ features,0 failed,2024-01
U01557,25-34,Tier 1,High,Paid Ads,Android,2024-03-20,,,0.0,0.0,0.0,0.0,0.0,0,0,0,0,0,0,0,0,False,False,True,0,,No transaction,0 features,0 failed,2024-03
U01558,25-34,Tier 1,High,Paid Ads,Android,2024-01-09,,,0.0,0.0,0.0,0.0,0.0,0,0,0,0,0,0,0,0,False,False,True,0,,No transaction,0 features,0 failed,2024-01
U01559,35-44,Tier 2,Low,Partnership,iOS,2024-01-31,,,0.0,0.0,0.0,0.0,0.0,0,0,0,0,0,0,0,0,False,False,True,0,,No transaction,0 features,0 failed,2024-01
U01560,45-54,Tier 3,High,Paid Ads,Android,2024-03-21,,,0.0,0.0,0.0,0.0,0.0,0,0,0,0,0,0,0,0,False,False,True,0,,No transaction,0 features,0 failed,2024-03
U01561,25-34,Tier 1,Mid,Organic,iOS,2024-03-28,,,0.0,0.0,0.0,0.0,0.0,0,0,0,0,0,0,0,0,False,False,True,0,,No transaction,0 features,0 failed,2024-03
U01562,18-24,Tier 1,Low,Partnership,Android,2024-02-06,,,0.0,0.0,0.0,0.0,0.0,0,0,0,0,0,0,0,0,False,False,True,0,,No transaction,0 features,0 failed,2024-02
U01563,35-44,Tier 1,High,Paid Ads,Android,2024-01-30,2024-01-30 20:21:00,2024-02-09 18:00:00,8.0,8.0,0.0,171392000.0,21424000.0,0,1,0,1,1,0,3,1,True,True,False,1,9.0,After 7 days,2+ features,0 failed,2024-01
U01564,18-24,Tier 2,Mid,Paid Ads,Android,2024-04-05,,,0.0,0.0,0.0,0.0,0.0,0,0,0,0,0,0,0,0,False,False,True,0,,No transaction,0 features,0 failed,2024-04
U01565,35-44,Tier 1,High,Branch,Android,2024-01-12,,,0.0,0.0,0.0,0.0,0.0,0,0,0,0,0,0,0,0,False,False,True,0,,No transaction,0 features,0 failed,2024-01
U01566,25-34,Tier 1,Low,Branch,Android,2024-02-25,2024-02-26 03:15:00,2024-03-21 07:00:00,5.0,5.0,0.0,5404000.0,1080800.0,0,1,0,0,1,0,2,1,True,False,True,1,24.0,After 7 days,2+ features,0 failed,2024-02
U01567,35-44,Tier 2,Low,Paid Ads,Android,2024-01-13,,,0.0,0.0,0.0,0.0,0.0,0,0,0,0,0,0,0,0,False,False,True,0,,No transaction,0 features,0 failed,2024-01
U01568,18-24,Tier 2,Mid,Paid Ads,Android,2024-04-07,2024-04-08 09:16:00,2024-04-16 23:00:00,4.0,4.0,0.0,16121000.0,4030250.0,0,0,0,0,1,0,1,1,True,True,False,1,8.0,After 7 days,1 feature,0 failed,2024-04
U01569,25-34,Tier 1,Low,Branch,Android,2024-03-22,,,0.0,0.0,0.0,0.0,0.0,0,0,0,0,0,0,0,0,False,False,True,0,,No transaction,0 features,0 failed,2024-03
U01570,25-34,Tier 1,Mid,Referral,iOS,2024-03-31,,,0.0,0.0,0.0,0.0,0.0,0,0,0,0,0,0,0,0,False,False,True,0,,No transaction,0 features,0 failed,2024-03
U01571,25-34,Tier 2,Low,Referral,Android,2024-04-21,2024-04-22 11:15:00,2024-05-02 10:00:00,5.0,5.0,0.0,7287000.0,1457400.0,1,0,0,0,0,0,1,1,True,True,False,1,9.0,After 7 days,1 feature,0 failed,2024-04
U01572,18-24,Tier 1,Mid,Organic,Android,2024-01-13,2024-01-14 22:03:00,2024-01-23 14:00:00,5.0,5.0,0.0,20550000.0,4110000.0,1,0,0,0,0,1,2,1,False,False,True,1,8.0,After 7 days,2+ features,0 failed,2024-01
U01573,35-44,Tier 1,Low,Partnership,Android,2024-02-26,,,0.0,0.0,0.0,0.0,0.0,0,0,0,0,0,0,0,0,False,False,True,0,,No transaction,0 features,0 failed,2024-02
U01574,45-54,Tier 3,Low,Paid Ads,Android,2024-01-22,,,0.0,0.0,0.0,0.0,0.0,0,0,0,0,0,0,0,0,False,False,True,0,,No transaction,0 features,0 failed,2024-01
U01575,18-24,Tier 1,Mid,Organic,iOS,2024-03-29,2024-03-30 07:08:00,2024-04-03 01:00:00,19.0,18.0,1.0,80282000.0,4225368.421052632,1,0,0,1,1,1,4,1,True,True,False,1,3.0,Within 7 days,2+ features,1-2 failed,2024-03
U01576,18-24,Tier 2,Low,Branch,Android,2024-02-08,,,0.0,0.0,0.0,0.0,0.0,0,0,0,0,0,0,0,0,False,False,True,0,,No transaction,0 features,0 failed,2024-02
U01577,18-24,Tier 3,Mid,Paid Ads,Android,2024-04-25,,,0.0,0.0,0.0,0.0,0.0,0,0,0,0,0,0,0,0,False,False,True,0,,No transaction,0 features,0 failed,2024-04
U01578,25-34,Tier 1,High,Partnership,Android,2024-01-04,2024-01-04 21:29:00,2024-01-31 11:00:00,3.0,3.0,0.0,124336000.0,41445333.333333336,0,0,0,0,0,0,0,0,True,True,False,1,26.0,After 7 days,0 features,0 failed,2024-01
U01579,25-34,Tier 1,Mid,Organic,Android,2024-01-06,2024-01-07 07:09:00,2024-02-09 10:00:00,2.0,2.0,0.0,9162000.0,4581000.0,0,0,0,0,0,1,1,0,True,True,False,1,33.0,After 7 days,1 feature,0 failed,2024-01
U01580,25-34,Tier 2,High,Paid Ads,Android,2024-02-11,,,0.0,0.0,0.0,0.0,0.0,0,0,0,0,0,0,0,0,False,False,True,0,,No transaction,0 features,0 failed,2024-02
U01581,18-24,Tier 3,Low,Paid Ads,iOS,2024-04-11,,,0.0,0.0,0.0,0.0,0.0,0,0,0,0,0,0,0,0,False,False,True,0,,No transaction,0 features,0 failed,2024-04
U01582,25-34,Tier 3,Low,Paid Ads,Android,2024-01-08,,,0.0,0.0,0.0,0.0,0.0,0,0,0,0,0,0,0,0,False,False,True,0,,No transaction,0 features,0 failed,2024-01
U01583,25-34,Tier 2,High,Paid Ads,Android,2024-02-07,,,0.0,0.0,0.0,0.0,0.0,0,0,0,0,0,0,0,0,False,False,True,0,,No transaction,0 features,0 failed,2024-02
U01584,25-34,Tier 1,Mid,Partnership,Android,2024-02-15,,,0.0,0.0,0.0,0.0,0.0,0,0,0,0,0,0,0,0,False,False,True,0,,No transaction,0 features,0 failed,2024-02
U01585,55+,Tier 2,Mid,Referral,Android,2024-02-17,,,0.0,0.0,0.0,0.0,0.0,0,0,0,0,0,0,0,0,False,False,True,0,,No transaction,0 features,0 failed,2024-02
U01586,18-24,Tier 1,Mid,Partnership,Android,2024-02-25,2024-02-25 23:19:00,2024-02-26 16:00:00,8.0,6.0,2.0,51157000.0,6394625.0,1,1,1,0,1,0,4,1,True,True,False,1,0.0,Within 7 days,2+ features,1-2 failed,2024-02
U01587,35-44,Tier 2,Mid,Organic,Android,2024-01-19,2024-01-20 02:18:00,2024-02-10 07:00:00,3.0,3.0,0.0,17867000.0,5955666.666666667,0,0,0,1,0,0,1,0,True,True,False,1,21.0,After 7 days,1 feature,0 failed,2024-01
U01588,25-34,Tier 1,Low,Referral,Android,2024-02-01,,,0.0,0.0,0.0,0.0,0.0,0,0,0,0,0,0,0,0,False,False,True,0,,No transaction,0 features,0 failed,2024-02
U01589,25-34,Tier 1,Mid,Organic,Android,2024-03-08,2024-03-08 22:14:00,2024-03-25 10:00:00,8.0,8.0,0.0,31267000.0,3908375.0,1,0,0,1,0,0,2,1,True,True,False,1,16.0,After 7 days,2+ features,0 failed,2024-03
U01590,35-44,Tier 2,Mid,Referral,Android,2024-02-22,2024-02-23 07:02:00,2024-03-01 00:00:00,5.0,5.0,0.0,23291000.0,4658200.0,0,0,0,1,0,0,1,0,False,False,True,1,6.0,Within 7 days,1 feature,0 failed,2024-02
U01591,35-44,Tier 2,Mid,Referral,Android,2024-03-13,2024-03-14 09:14:00,,0.0,0.0,0.0,0.0,0.0,0,0,1,0,0,1,2,0,True,False,True,1,,No transaction,2+ features,0 failed,2024-03
U01592,55+,Tier 1,High,Partnership,Android,2024-03-28,2024-03-28 20:02:00,2024-04-06 10:00:00,6.0,6.0,0.0,164236000.0,27372666.666666668,0,1,0,1,0,0,2,0,False,False,True,1,8.0,After 7 days,2+ features,0 failed,2024-03
U01593,18-24,Tier 1,Mid,Paid Ads,Android,2024-04-11,2024-04-12 10:07:00,2024-05-29 09:00:00,1.0,1.0,0.0,7114000.0,7114000.0,0,0,1,0,0,0,1,0,False,False,True,1,46.0,After 7 days,1 feature,0 failed,2024-04
U01594,18-24,Tier 3,Low,Referral,Android,2024-01-24,2024-01-25 09:25:00,2024-01-29 04:00:00,10.0,10.0,0.0,10357000.0,1035700.0,0,1,0,0,1,0,2,1,True,True,False,1,3.0,Within 7 days,2+ features,0 failed,2024-01
U01595,35-44,Tier 2,High,Paid Ads,Android,2024-01-22,,,0.0,0.0,0.0,0.0,0.0,0,0,0,0,0,0,0,0,False,False,True,0,,No transaction,0 features,0 failed,2024-01
U01596,25-34,Tier 1,Mid,Organic,iOS,2024-01-23,2024-01-24 00:06:00,2024-01-27 17:00:00,9.0,8.0,1.0,48727000.0,5414111.111111111,1,1,0,0,1,0,3,1,True,False,True,1,3.0,Within 7 days,2+ features,1-2 failed,2024-01
U01597,18-24,Tier 1,Mid,Organic,iOS,2024-01-11,2024-01-12 14:06:00,2024-01-30 06:00:00,2.0,2.0,0.0,1619000.0,809500.0,1,0,1,0,1,0,3,1,False,False,True,1,17.0,After 7 days,2+ features,0 failed,2024-01
U01598,18-24,Tier 1,Low,Paid Ads,iOS,2024-03-19,,,0.0,0.0,0.0,0.0,0.0,0,0,0,0,0,0,0,0,False,False,True,0,,No transaction,0 features,0 failed,2024-03
U01599,18-24,Tier 3,Low,Paid Ads,iOS,2024-04-21,,,0.0,0.0,0.0,0.0,0.0,0,0,0,0,0,0,0,0,False,False,True,0,,No transaction,0 features,0 failed,2024-04
U01600,45-54,Tier 2,Mid,Partnership,iOS,2024-02-18,2024-02-19 11:18:00,2024-02-29 05:00:00,10.0,9.0,1.0,69480000.0,6948000.0,1,1,0,0,1,0,3,1,True,True,False,1,9.0,After 7 days,2+ features,1-2 failed,2024-02
U01601,18-24,Tier 2,Mid,Referral,iOS,2024-03-20,2024-03-21 11:07:00,,0.0,0.0,0.0,0.0,0.0,0,0,0,1,1,0,2,1,True,False,True,1,,No transaction,2+ features,0 failed,2024-03
U01602,25-34,Tier 2,High,Paid Ads,iOS,2024-03-28,,,0.0,0.0,0.0,0.0,0.0,0,0,0,0,0,0,0,0,False,False,True,0,,No transaction,0 features,0 failed,2024-03
U01603,18-24,Tier 1,High,Paid Ads,iOS,2024-01-31,,,0.0,0.0,0.0,0.0,0.0,0,0,0,0,0,0,0,0,False,False,True,0,,No transaction,0 features,0 failed,2024-01
U01604,25-34,Tier 3,High,Branch,Android,2024-03-04,2024-03-06 06:25:00,2024-03-17 02:00:00,7.0,7.0,0.0,95178000.0,13596857.142857144,0,0,1,1,0,0,2,0,True,True,False,1,10.0,After 7 days,2+ features,0 failed,2024-03
U01605,18-24,Tier 2,Mid,Organic,Android,2024-04-26,2024-04-27 12:14:00,2024-05-07 14:00:00,16.0,16.0,0.0,66391000.0,4149437.5,1,0,1,0,1,0,3,1,True,True,False,1,10.0,After 7 days,2+ features,0 failed,2024-04
U01606,25-34,Tier 1,Mid,Paid Ads,iOS,2024-03-15,2024-03-16 20:20:00,2024-03-27 16:00:00,13.0,13.0,0.0,64445000.0,4957307.692307692,0,1,1,0,0,1,3,0,False,False,True,1,10.0,After 7 days,2+ features,0 failed,2024-03
U01607,18-24,Tier 1,Mid,Paid Ads,Android,2024-01-19,,,0.0,0.0,0.0,0.0,0.0,0,0,0,0,0,0,0,0,False,False,True,0,,No transaction,0 features,0 failed,2024-01
U01608,35-44,Tier 2,Low,Branch,iOS,2024-01-30,,,0.0,0.0,0.0,0.0,0.0,0,0,0,0,0,0,0,0,False,False,True,0,,No transaction,0 features,0 failed,2024-01
U01609,18-24,Tier 3,Low,Organic,Android,2024-02-29,,,0.0,0.0,0.0,0.0,0.0,0,0,0,0,0,0,0,0,False,False,True,0,,No transaction,0 features,0 failed,2024-02
U01610,25-34,Tier 1,Mid,Paid Ads,Android,2024-03-22,,,0.0,0.0,0.0,0.0,0.0,0,0,0,0,0,0,0,0,False,False,True,0,,No transaction,0 features,0 failed,2024-03
U01611,45-54,Tier 3,High,Referral,iOS,2024-02-02,,,0.0,0.0,0.0,0.0,0.0,0,0,0,0,0,0,0,0,False,False,True,0,,No transaction,0 features,0 failed,2024-02
U01612,35-44,Tier 2,Low,Paid Ads,iOS,2024-02-28,2024-02-29 01:30:00,2024-03-10 17:00:00,9.0,9.0,0.0,10991000.0,1221222.2222222222,0,1,0,0,1,1,3,1,True,True,False,1,10.0,After 7 days,2+ features,0 failed,2024-02
U01613,25-34,Tier 1,Low,Organic,Android,2024-02-02,,,0.0,0.0,0.0,0.0,0.0,0,0,0,0,0,0,0,0,False,False,True,0,,No transaction,0 features,0 failed,2024-02
U01614,25-34,Tier 1,High,Organic,iOS,2024-03-26,,,0.0,0.0,0.0,0.0,0.0,0,0,0,0,0,0,0,0,False,False,True,0,,No transaction,0 features,0 failed,2024-03
U01615,25-34,Tier 1,Low,Paid Ads,iOS,2024-01-02,,,0.0,0.0,0.0,0.0,0.0,0,0,0,0,0,0,0,0,False,False,True,0,,No transaction,0 features,0 failed,2024-01
U01616,35-44,Tier 2,Mid,Referral,Android,2024-04-25,,,0.0,0.0,0.0,0.0,0.0,0,0,0,0,0,0,0,0,False,False,True,0,,No transaction,0 features,0 failed,2024-04
U01617,55+,Tier 1,Mid,Organic,Android,2024-04-12,,,0.0,0.0,0.0,0.0,0.0,0,0,0,0,0,0,0,0,False,False,True,0,,No transaction,0 features,0 failed,2024-04
U01618,35-44,Tier 1,Low,Referral,Android,2024-02-29,2024-03-01 03:14:00,2024-03-18 20:00:00,4.0,4.0,0.0,2802000.0,700500.0,0,0,0,1,1,0,2,1,True,True,False,1,17.0,After 7 days,2+ features,0 failed,2024-02
U01619,25-34,Tier 2,High,Organic,Android,2024-04-25,,,0.0,0.0,0.0,0.0,0.0,0,0,0,0,0,0,0,0,False,False,True,0,,No transaction,0 features,0 failed,2024-04
U01620,35-44,Tier 2,Low,Branch,Android,2024-02-06,,,0.0,0.0,0.0,0.0,0.0,0,0,0,0,0,0,0,0,False,False,True,0,,No transaction,0 features,0 failed,2024-02
U01621,25-34,Tier 1,Mid,Paid Ads,Android,2024-03-27,2024-03-28 16:24:00,2024-04-08 08:00:00,6.0,6.0,0.0,25429000.0,4238166.666666667,0,0,0,0,1,0,1,1,False,False,True,1,10.0,After 7 days,1 feature,0 failed,2024-03
U01622,18-24,Tier 1,Low,Partnership,Android,2024-03-10,2024-03-11 03:08:00,2024-03-12 17:00:00,4.0,4.0,0.0,3032000.0,758000.0,0,0,0,0,1,0,1,1,True,True,False,1,1.0,Within 7 days,1 feature,0 failed,2024-03
U01623,25-34,Tier 2,Low,Referral,iOS,2024-01-21,2024-01-21 19:26:00,2024-02-05 16:00:00,2.0,2.0,0.0,939000.0,469500.0,0,0,0,0,1,0,1,1,True,True,False,1,14.0,After 7 days,1 feature,0 failed,2024-01
U01624,55+,Tier 2,Low,Branch,Android,2024-01-10,2024-01-10 22:10:00,2024-01-18 13:00:00,10.0,7.0,3.0,7736000.0,773600.0,1,1,0,1,1,0,4,1,True,True,False,1,7.0,Within 7 days,2+ features,3+ failed,2024-01
U01625,18-24,Tier 3,Low,Paid Ads,Android,2024-02-26,,,0.0,0.0,0.0,0.0,0.0,0,0,0,0,0,0,0,0,False,False,True,0,,No transaction,0 features,0 failed,2024-02
U01626,35-44,Tier 1,Low,Paid Ads,Android,2024-02-14,,,0.0,0.0,0.0,0.0,0.0,0,0,0,0,0,0,0,0,False,False,True,0,,No transaction,0 features,0 failed,2024-02
U01627,18-24,Tier 3,Mid,Paid Ads,iOS,2024-03-16,,,0.0,0.0,0.0,0.0,0.0,0,0,0,0,0,0,0,0,False,False,True,0,,No transaction,0 features,0 failed,2024-03
U01628,25-34,Tier 2,Mid,Paid Ads,iOS,2024-02-08,,,0.0,0.0,0.0,0.0,0.0,0,0,0,0,0,0,0,0,False,False,True,0,,No transaction,0 features,0 failed,2024-02
U01629,18-24,Tier 2,Mid,Paid Ads,Android,2024-03-22,,,0.0,0.0,0.0,0.0,0.0,0,0,0,0,0,0,0,0,False,False,True,0,,No transaction,0 features,0 failed,2024-03
U01630,25-34,Tier 2,Mid,Referral,iOS,2024-02-24,,,0.0,0.0,0.0,0.0,0.0,0,0,0,0,0,0,0,0,False,False,True,0,,No transaction,0 features,0 failed,2024-02
U01631,35-44,Tier 1,High,Organic,iOS,2024-03-29,2024-03-30 14:08:00,2024-04-07 14:00:00,6.0,5.0,1.0,157529000.0,26254833.333333332,0,1,0,0,1,1,3,1,True,False,True,1,7.0,Within 7 days,2+ features,1-2 failed,2024-03
U01632,25-34,Tier 1,High,Paid Ads,iOS,2024-02-02,,,0.0,0.0,0.0,0.0,0.0,0,0,0,0,0,0,0,0,False,False,True,0,,No transaction,0 features,0 failed,2024-02
U01633,35-44,Tier 2,Mid,Paid Ads,iOS,2024-02-28,,,0.0,0.0,0.0,0.0,0.0,0,0,0,0,0,0,0,0,False,False,True,0,,No transaction,0 features,0 failed,2024-02
U01634,35-44,Tier 2,High,Organic,Android,2024-04-18,2024-04-19 09:13:00,2024-04-20 07:00:00,7.0,7.0,0.0,180621000.0,25803000.0,0,0,1,0,1,0,2,1,True,True,False,1,0.0,Within 7 days,2+ features,0 failed,2024-04
U01635,45-54,Tier 2,Mid,Referral,Android,2024-02-08,2024-02-09 02:12:00,2024-04-04 12:00:00,1.0,1.0,0.0,8543000.0,8543000.0,0,0,1,0,0,0,1,0,True,False,True,1,55.0,After 7 days,1 feature,0 failed,2024-02
U01636,18-24,Tier 1,Mid,Paid Ads,Android,2024-01-26,,,0.0,0.0,0.0,0.0,0.0,0,0,0,0,0,0,0,0,False,False,True,0,,No transaction,0 features,0 failed,2024-01
U01637,25-34,Tier 3,Mid,Partnership,Android,2024-02-19,2024-02-20 00:23:00,2024-02-28 12:00:00,3.0,3.0,0.0,27335000.0,9111666.666666666,1,0,0,0,0,0,1,1,True,True,False,1,8.0,After 7 days,1 feature,0 failed,2024-02
U01638,18-24,Tier 2,Mid,Organic,Android,2024-04-19,2024-04-20 07:13:00,2024-04-28 03:00:00,14.0,14.0,0.0,85297000.0,6092642.857142857,1,0,1,1,1,0,4,1,True,True,False,1,7.0,Within 7 days,2+ features,0 failed,2024-04
U01639,55+,Tier 1,Mid,Referral,iOS,2024-03-02,2024-03-02 16:13:00,2024-03-06 17:00:00,10.0,9.0,1.0,51824000.0,5182400.0,0,1,1,1,0,1,4,0,True,True,False,1,4.0,Within 7 days,2+ features,1-2 failed,2024-03
U01640,45-54,Tier 1,Mid,Partnership,Android,2024-01-14,,,0.0,0.0,0.0,0.0,0.0,0,0,0,0,0,0,0,0,False,False,True,0,,No transaction,0 features,0 failed,2024-01
U01641,25-34,Tier 2,High,Paid Ads,iOS,2024-01-31,,,0.0,0.0,0.0,0.0,0.0,0,0,0,0,0,0,0,0,False,False,True,0,,No transaction,0 features,0 failed,2024-01
U01642,35-44,Tier 2,High,Referral,Android,2024-02-18,,,0.0,0.0,0.0,0.0,0.0,0,0,0,0,0,0,0,0,False,False,True,0,,No transaction,0 features,0 failed,2024-02
U01643,25-34,Tier 2,Mid,Partnership,Android,2024-03-14,2024-03-15 08:20:00,2024-03-24 16:00:00,4.0,4.0,0.0,28624000.0,7156000.0,0,0,0,0,0,1,1,0,True,False,True,1,9.0,After 7 days,1 feature,0 failed,2024-03
U01644,25-34,Tier 3,Mid,Paid Ads,Android,2024-02-15,2024-02-16 13:12:00,2024-02-23 15:00:00,12.0,12.0,0.0,74369000.0,6197416.666666667,1,1,0,0,0,1,3,1,True,False,True,1,7.0,Within 7 days,2+ features,0 failed,2024-02
U01645,18-24,Tier 1,Low,Paid Ads,Android,2024-03-14,,,0.0,0.0,0.0,0.0,0.0,0,0,0,0,0,0,0,0,False,False,True,0,,No transaction,0 features,0 failed,2024-03
U01646,35-44,Tier 1,Low,Branch,iOS,2024-02-07,,,0.0,0.0,0.0,0.0,0.0,0,0,0,0,0,0,0,0,False,False,True,0,,No transaction,0 features,0 failed,2024-02
U01647,18-24,Tier 3,Mid,Branch,iOS,2024-03-30,,,0.0,0.0,0.0,0.0,0.0,0,0,0,0,0,0,0,0,False,False,True,0,,No transaction,0 features,0 failed,2024-03
U01648,35-44,Tier 3,Mid,Referral,Android,2024-02-07,2024-02-08 18:22:00,2024-03-12 18:00:00,7.0,7.0,0.0,36519000.0,5217000.0,0,1,1,0,0,0,2,0,True,False,True,1,32.0,After 7 days,2+ features,0 failed,2024-02
U01649,35-44,Tier 2,Low,Organic,iOS,2024-01-03,2024-01-04 10:04:00,2024-02-06 08:00:00,5.0,5.0,0.0,4100000.0,820000.0,1,0,0,0,0,0,1,1,True,False,True,1,32.0,After 7 days,1 feature,0 failed,2024-01
U01650,35-44,Tier 3,High,Referral,iOS,2024-04-16,,,0.0,0.0,0.0,0.0,0.0,0,0,0,0,0,0,0,0,False,False,True,0,,No transaction,0 features,0 failed,2024-04
U01651,18-24,Tier 1,Mid,Organic,Android,2024-03-25,,,0.0,0.0,0.0,0.0,0.0,0,0,0,0,0,0,0,0,False,False,True,0,,No transaction,0 features,0 failed,2024-03
U01652,25-34,Tier 3,Mid,Organic,Android,2024-02-20,2024-02-21 14:04:00,2024-02-23 08:00:00,10.0,10.0,0.0,59876000.0,5987600.0,0,1,1,1,0,0,3,0,True,True,False,1,1.0,Within 7 days,2+ features,0 failed,2024-02
U01653,18-24,Tier 1,Low,Referral,Android,2024-02-05,2024-02-06 02:14:00,2024-02-12 05:00:00,6.0,6.0,0.0,5719000.0,953166.6666666666,1,0,0,1,0,0,2,1,True,False,True,1,6.0,Within 7 days,2+ features,0 failed,2024-02
U01654,25-34,Tier 1,Low,Branch,Android,2024-01-02,,,0.0,0.0,0.0,0.0,0.0,0,0,0,0,0,0,0,0,False,False,True,0,,No transaction,0 features,0 failed,2024-01
U01655,18-24,Tier 1,High,Partnership,iOS,2024-03-13,2024-03-14 02:26:00,2024-03-21 08:00:00,11.0,9.0,2.0,243809000.0,22164454.545454547,1,0,1,0,0,1,3,1,True,True,False,1,7.0,Within 7 days,2+ features,1-2 failed,2024-03
U01656,45-54,Tier 1,Mid,Paid Ads,Android,2024-04-20,,,0.0,0.0,0.0,0.0,0.0,0,0,0,0,0,0,0,0,False,False,True,0,,No transaction,0 features,0 failed,2024-04
U01657,25-34,Tier 1,High,Paid Ads,Android,2024-03-28,,,0.0,0.0,0.0,0.0,0.0,0,0,0,0,0,0,0,0,False,False,True,0,,No transaction,0 features,0 failed,2024-03
U01658,25-34,Tier 1,High,Organic,Android,2024-04-09,2024-04-10 02:28:00,2024-05-02 02:00:00,4.0,4.0,0.0,76393000.0,19098250.0,0,0,0,0,0,0,0,0,True,True,False,1,21.0,After 7 days,0 features,0 failed,2024-04
U01659,25-34,Tier 1,Mid,Organic,iOS,2024-04-05,,,0.0,0.0,0.0,0.0,0.0,0,0,0,0,0,0,0,0,False,False,True,0,,No transaction,0 features,0 failed,2024-04
U01660,25-34,Tier 1,Low,Organic,iOS,2024-01-07,2024-01-08 08:07:00,2024-01-10 21:00:00,5.0,5.0,0.0,3961000.0,792200.0,0,0,1,0,0,0,1,0,False,False,True,1,2.0,Within 7 days,1 feature,0 failed,2024-01
U01661,25-34,Tier 2,High,Partnership,Android,2024-04-26,,,0.0,0.0,0.0,0.0,0.0,0,0,0,0,0,0,0,0,False,False,True,0,,No transaction,0 features,0 failed,2024-04
U01662,25-34,Tier 1,High,Organic,Android,2024-03-18,,,0.0,0.0,0.0,0.0,0.0,0,0,0,0,0,0,0,0,False,False,True,0,,No transaction,0 features,0 failed,2024-03
U01663,45-54,Tier 1,Mid,Partnership,Android,2024-04-05,2024-04-06 03:27:00,2024-04-21 02:00:00,2.0,2.0,0.0,9952000.0,4976000.0,0,0,1,0,0,0,1,0,True,True,False,1,14.0,After 7 days,1 feature,0 failed,2024-04
U01664,25-34,Tier 2,Mid,Paid Ads,iOS,2024-03-04,,,0.0,0.0,0.0,0.0,0.0,0,0,0,0,0,0,0,0,False,False,True,0,,No transaction,0 features,0 failed,2024-03
U01665,55+,Tier 3,Mid,Organic,Android,2024-04-16,,,0.0,0.0,0.0,0.0,0.0,0,0,0,0,0,0,0,0,False,False,True,0,,No transaction,0 features,0 failed,2024-04
U01666,45-54,Tier 2,Mid,Organic,iOS,2024-04-25,,,0.0,0.0,0.0,0.0,0.0,0,0,0,0,0,0,0,0,False,False,True,0,,No transaction,0 features,0 failed,2024-04
U01667,18-24,Tier 1,Mid,Paid Ads,iOS,2024-04-25,,,0.0,0.0,0.0,0.0,0.0,0,0,0,0,0,0,0,0,False,False,True,0,,No transaction,0 features,0 failed,2024-04
U01668,45-54,Tier 2,High,Branch,Android,2024-02-06,2024-02-07 12:17:00,2024-02-11 09:00:00,2.0,2.0,0.0,63247000.0,31623500.0,0,1,0,0,0,0,1,0,False,False,True,1,3.0,Within 7 days,1 feature,0 failed,2024-02
U01669,18-24,Tier 1,Mid,Paid Ads,Android,2024-04-09,,,0.0,0.0,0.0,0.0,0.0,0,0,0,0,0,0,0,0,False,False,True,0,,No transaction,0 features,0 failed,2024-04
U01670,35-44,Tier 1,Low,Referral,Android,2024-04-12,,,0.0,0.0,0.0,0.0,0.0,0,0,0,0,0,0,0,0,False,False,True,0,,No transaction,0 features,0 failed,2024-04
U01671,25-34,Tier 1,Mid,Paid Ads,Android,2024-01-30,,,0.0,0.0,0.0,0.0,0.0,0,0,0,0,0,0,0,0,False,False,True,0,,No transaction,0 features,0 failed,2024-01
U01672,45-54,Tier 3,Low,Referral,Android,2024-03-18,2024-03-19 22:30:00,2024-04-27 03:00:00,5.0,5.0,0.0,3270000.0,654000.0,0,1,0,0,1,0,2,1,False,False,True,1,38.0,After 7 days,2+ features,0 failed,2024-03
U01673,45-54,Tier 1,Low,Branch,Android,2024-04-12,2024-04-13 22:01:00,2024-04-20 02:00:00,5.0,4.0,1.0,2027000.0,405400.0,0,1,0,0,0,0,1,0,False,False,True,1,6.0,Within 7 days,1 feature,1-2 failed,2024-04
U01674,35-44,Tier 1,High,Paid Ads,Android,2024-02-15,,,0.0,0.0,0.0,0.0,0.0,0,0,0,0,0,0,0,0,False,False,True,0,,No transaction,0 features,0 failed,2024-02
U01675,35-44,Tier 1,Low,Paid Ads,Android,2024-01-29,2024-01-30 09:11:00,2024-01-31 13:00:00,4.0,4.0,0.0,2597000.0,649250.0,1,0,0,0,1,0,2,1,True,True,False,1,1.0,Within 7 days,2+ features,0 failed,2024-01
U01676,25-34,Tier 3,Low,Referral,iOS,2024-03-22,2024-03-23 15:11:00,2024-04-07 13:00:00,2.0,2.0,0.0,1621000.0,810500.0,1,0,1,0,0,0,2,1,False,False,True,1,14.0,After 7 days,2+ features,0 failed,2024-03
U01677,18-24,Tier 2,Mid,Paid Ads,Android,2024-01-25,,,0.0,0.0,0.0,0.0,0.0,0,0,0,0,0,0,0,0,False,False,True,0,,No transaction,0 features,0 failed,2024-01
U01678,25-34,Tier 1,Mid,Referral,Android,2024-03-20,,,0.0,0.0,0.0,0.0,0.0,0,0,0,0,0,0,0,0,False,False,True,0,,No transaction,0 features,0 failed,2024-03
U01679,18-24,Tier 2,Mid,Organic,iOS,2024-02-02,,,0.0,0.0,0.0,0.0,0.0,0,0,0,0,0,0,0,0,False,False,True,0,,No transaction,0 features,0 failed,2024-02
U01680,35-44,Tier 2,Low,Referral,Android,2024-03-27,,,0.0,0.0,0.0,0.0,0.0,0,0,0,0,0,0,0,0,False,False,True,0,,No transaction,0 features,0 failed,2024-03
U01681,25-34,Tier 2,Low,Branch,iOS,2024-04-06,2024-04-06 15:29:00,2024-04-15 17:00:00,10.0,10.0,0.0,10898000.0,1089800.0,1,0,0,0,1,1,3,1,True,False,True,1,9.0,After 7 days,2+ features,0 failed,2024-04
U01682,55+,Tier 1,Low,Paid Ads,iOS,2024-04-02,,,0.0,0.0,0.0,0.0,0.0,0,0,0,0,0,0,0,0,False,False,True,0,,No transaction,0 features,0 failed,2024-04
U01683,25-34,Tier 3,Mid,Organic,Android,2024-04-08,2024-04-09 05:30:00,2024-04-17 02:00:00,6.0,6.0,0.0,32459000.0,5409833.333333333,0,0,0,1,1,0,2,1,False,False,True,1,7.0,Within 7 days,2+ features,0 failed,2024-04
U01684,35-44,Tier 1,Low,Partnership,Android,2024-03-25,,,0.0,0.0,0.0,0.0,0.0,0,0,0,0,0,0,0,0,False,False,True,0,,No transaction,0 features,0 failed,2024-03
U01685,18-24,Tier 2,High,Referral,Android,2024-03-28,2024-03-29 11:23:00,2024-03-31 00:00:00,13.0,11.0,2.0,359734000.0,27671846.153846152,0,0,1,0,1,1,3,1,True,True,False,1,1.0,Within 7 days,2+ features,1-2 failed,2024-03
U01686,45-54,Tier 1,Mid,Organic,Android,2024-04-17,,,0.0,0.0,0.0,0.0,0.0,0,0,0,0,0,0,0,0,False,False,True,0,,No transaction,0 features,0 failed,2024-04
U01687,45-54,Tier 1,Low,Referral,Android,2024-01-18,,,0.0,0.0,0.0,0.0,0.0,0,0,0,0,0,0,0,0,False,False,True,0,,No transaction,0 features,0 failed,2024-01
U01688,25-34,Tier 1,Mid,Paid Ads,iOS,2024-03-21,,,0.0,0.0,0.0,0.0,0.0,0,0,0,0,0,0,0,0,False,False,True,0,,No transaction,0 features,0 failed,2024-03
U01689,25-34,Tier 2,Mid,Paid Ads,Android,2024-01-13,,,0.0,0.0,0.0,0.0,0.0,0,0,0,0,0,0,0,0,False,False,True,0,,No transaction,0 features,0 failed,2024-01
U01690,35-44,Tier 1,Mid,Paid Ads,Android,2024-04-25,,,0.0,0.0,0.0,0.0,0.0,0,0,0,0,0,0,0,0,False,False,True,0,,No transaction,0 features,0 failed,2024-04
U01691,18-24,Tier 2,Low,Paid Ads,iOS,2024-03-21,,,0.0,0.0,0.0,0.0,0.0,0,0,0,0,0,0,0,0,False,False,True,0,,No transaction,0 features,0 failed,2024-03
U01692,25-34,Tier 1,Mid,Referral,iOS,2024-03-23,2024-03-23 21:05:00,,0.0,0.0,0.0,0.0,0.0,0,0,0,0,0,1,1,0,True,False,True,1,,No transaction,1 feature,0 failed,2024-03
U01693,25-34,Tier 2,Mid,Partnership,Android,2024-01-06,,,0.0,0.0,0.0,0.0,0.0,0,0,0,0,0,0,0,0,False,False,True,0,,No transaction,0 features,0 failed,2024-01
U01694,18-24,Tier 3,High,Organic,Android,2024-02-09,2024-02-10 12:04:00,2024-02-16 13:00:00,3.0,3.0,0.0,78855000.0,26285000.0,0,0,0,0,0,1,1,0,True,False,True,1,6.0,Within 7 days,1 feature,0 failed,2024-02
U01695,25-34,Tier 2,Low,Partnership,Android,2024-04-10,2024-04-11 07:09:00,,0.0,0.0,0.0,0.0,0.0,0,0,0,0,0,0,0,0,False,False,True,1,,No transaction,0 features,0 failed,2024-04
U01696,18-24,Tier 2,Mid,Paid Ads,iOS,2024-02-26,,,0.0,0.0,0.0,0.0,0.0,0,0,0,0,0,0,0,0,False,False,True,0,,No transaction,0 features,0 failed,2024-02
U01697,18-24,Tier 2,Mid,Paid Ads,Android,2024-01-05,,,0.0,0.0,0.0,0.0,0.0,0,0,0,0,0,0,0,0,False,False,True,0,,No transaction,0 features,0 failed,2024-01
U01698,18-24,Tier 1,High,Paid Ads,iOS,2024-03-15,,,0.0,0.0,0.0,0.0,0.0,0,0,0,0,0,0,0,0,False,False,True,0,,No transaction,0 features,0 failed,2024-03
U01699,55+,Tier 3,High,Paid Ads,Android,2024-02-16,,,0.0,0.0,0.0,0.0,0.0,0,0,0,0,0,0,0,0,False,False,True,0,,No transaction,0 features,0 failed,2024-02
U01700,25-34,Tier 1,Low,Organic,iOS,2024-04-03,,,0.0,0.0,0.0,0.0,0.0,0,0,0,0,0,0,0,0,False,False,True,0,,No transaction,0 features,0 failed,2024-04
U01701,55+,Tier 2,Low,Partnership,Android,2024-01-17,,,0.0,0.0,0.0,0.0,0.0,0,0,0,0,0,0,0,0,False,False,True,0,,No transaction,0 features,0 failed,2024-01
U01702,25-34,Tier 2,Mid,Organic,iOS,2024-01-12,,,0.0,0.0,0.0,0.0,0.0,0,0,0,0,0,0,0,0,False,False,True,0,,No transaction,0 features,0 failed,2024-01
U01703,25-34,Tier 1,Low,Organic,iOS,2024-04-26,2024-04-27 17:21:00,2024-05-11 12:00:00,5.0,5.0,0.0,4656000.0,931200.0,0,0,0,0,0,1,1,0,True,False,True,1,13.0,After 7 days,1 feature,0 failed,2024-04
U01704,25-34,Tier 1,Mid,Paid Ads,Android,2024-02-07,2024-02-08 20:05:00,2024-03-08 21:00:00,2.0,2.0,0.0,10595000.0,5297500.0,1,0,0,0,0,0,1,1,False,False,True,1,29.0,After 7 days,1 feature,0 failed,2024-02
U01705,25-34,Tier 2,Low,Paid Ads,iOS,2024-02-11,,,0.0,0.0,0.0,0.0,0.0,0,0,0,0,0,0,0,0,False,False,True,0,,No transaction,0 features,0 failed,2024-02
U01706,18-24,Tier 3,Mid,Organic,iOS,2024-04-05,,,0.0,0.0,0.0,0.0,0.0,0,0,0,0,0,0,0,0,False,False,True,0,,No transaction,0 features,0 failed,2024-04
U01707,25-34,Tier 3,High,Branch,iOS,2024-02-23,,,0.0,0.0,0.0,0.0,0.0,0,0,0,0,0,0,0,0,False,False,True,0,,No transaction,0 features,0 failed,2024-02
U01708,18-24,Tier 2,High,Branch,Android,2024-01-23,2024-01-23 12:20:00,,0.0,0.0,0.0,0.0,0.0,0,0,0,0,0,0,0,0,False,False,True,1,,No transaction,0 features,0 failed,2024-01
U01709,25-34,Tier 2,Mid,Paid Ads,Android,2024-01-26,,,0.0,0.0,0.0,0.0,0.0,0,0,0,0,0,0,0,0,False,False,True,0,,No transaction,0 features,0 failed,2024-01
U01710,35-44,Tier 3,Mid,Paid Ads,iOS,2024-01-17,,,0.0,0.0,0.0,0.0,0.0,0,0,0,0,0,0,0,0,False,False,True,0,,No transaction,0 features,0 failed,2024-01
U01711,18-24,Tier 1,High,Paid Ads,iOS,2024-04-10,,,0.0,0.0,0.0,0.0,0.0,0,0,0,0,0,0,0,0,False,False,True,0,,No transaction,0 features,0 failed,2024-04
U01712,18-24,Tier 1,Low,Referral,Android,2024-03-10,2024-03-11 04:26:00,2024-03-17 20:00:00,8.0,7.0,1.0,11460000.0,1432500.0,1,0,0,0,1,0,2,1,True,True,False,1,6.0,Within 7 days,2+ features,1-2 failed,2024-03
U01713,35-44,Tier 2,Mid,Paid Ads,iOS,2024-04-22,,,0.0,0.0,0.0,0.0,0.0,0,0,0,0,0,0,0,0,False,False,True,0,,No transaction,0 features,0 failed,2024-04
U01714,25-34,Tier 3,Mid,Branch,Android,2024-02-16,,,0.0,0.0,0.0,0.0,0.0,0,0,0,0,0,0,0,0,False,False,True,0,,No transaction,0 features,0 failed,2024-02
U01715,18-24,Tier 3,Low,Branch,iOS,2024-03-08,,,0.0,0.0,0.0,0.0,0.0,0,0,0,0,0,0,0,0,False,False,True,0,,No transaction,0 features,0 failed,2024-03
U01716,55+,Tier 1,Mid,Branch,Android,2024-03-05,2024-03-06 06:14:00,2024-03-11 06:00:00,18.0,17.0,1.0,103102000.0,5727888.888888889,0,1,1,1,1,1,5,1,True,False,True,1,4.0,Within 7 days,2+ features,1-2 failed,2024-03
U01717,18-24,Tier 1,Low,Referral,Android,2024-04-26,2024-04-27 22:08:00,2024-05-04 01:00:00,2.0,2.0,0.0,1036000.0,518000.0,0,0,0,0,1,0,1,1,True,False,True,1,6.0,Within 7 days,1 feature,0 failed,2024-04
U01718,35-44,Tier 1,Mid,Organic,Android,2024-02-04,,,0.0,0.0,0.0,0.0,0.0,0,0,0,0,0,0,0,0,False,False,True,0,,No transaction,0 features,0 failed,2024-02
U01719,55+,Tier 1,Low,Referral,Android,2024-04-16,2024-04-17 02:15:00,2024-04-20 00:00:00,8.0,8.0,0.0,11284000.0,1410500.0,0,0,1,1,1,0,3,1,True,False,True,1,2.0,Within 7 days,2+ features,0 failed,2024-04
U01720,18-24,Tier 1,Mid,Referral,Android,2024-01-22,,,0.0,0.0,0.0,0.0,0.0,0,0,0,0,0,0,0,0,False,False,True,0,,No transaction,0 features,0 failed,2024-01
U01721,18-24,Tier 2,Low,Referral,Android,2024-02-02,,,0.0,0.0,0.0,0.0,0.0,0,0,0,0,0,0,0,0,False,False,True,0,,No transaction,0 features,0 failed,2024-02
U01722,18-24,Tier 1,High,Referral,Android,2024-04-26,,,0.0,0.0,0.0,0.0,0.0,0,0,0,0,0,0,0,0,False,False,True,0,,No transaction,0 features,0 failed,2024-04
U01723,25-34,Tier 3,Mid,Paid Ads,Android,2024-04-15,,,0.0,0.0,0.0,0.0,0.0,0,0,0,0,0,0,0,0,False,False,True,0,,No transaction,0 features,0 failed,2024-04
U01724,18-24,Tier 1,Mid,Partnership,iOS,2024-03-02,,,0.0,0.0,0.0,0.0,0.0,0,0,0,0,0,0,0,0,False,False,True,0,,No transaction,0 features,0 failed,2024-03
U01725,35-44,Tier 2,Mid,Paid Ads,Android,2024-04-13,,,0.0,0.0,0.0,0.0,0.0,0,0,0,0,0,0,0,0,False,False,True,0,,No transaction,0 features,0 failed,2024-04
U01726,18-24,Tier 1,Mid,Partnership,Android,2024-02-07,,,0.0,0.0,0.0,0.0,0.0,0,0,0,0,0,0,0,0,False,False,True,0,,No transaction,0 features,0 failed,2024-02
U01727,25-34,Tier 1,Low,Organic,Android,2024-04-05,,,0.0,0.0,0.0,0.0,0.0,0,0,0,0,0,0,0,0,False,False,True,0,,No transaction,0 features,0 failed,2024-04
U01728,55+,Tier 1,Mid,Organic,iOS,2024-04-21,2024-04-22 10:14:00,2024-04-30 21:00:00,6.0,5.0,1.0,23254000.0,3875666.6666666665,0,0,0,0,0,1,1,0,True,False,True,1,8.0,After 7 days,1 feature,1-2 failed,2024-04
U01729,35-44,Tier 3,Low,Partnership,iOS,2024-02-13,2024-02-13 17:14:00,2024-02-16 03:00:00,12.0,11.0,1.0,12868000.0,1072333.3333333333,1,0,0,1,0,1,3,1,True,True,False,1,2.0,Within 7 days,2+ features,1-2 failed,2024-02
U01730,25-34,Tier 3,Low,Paid Ads,Android,2024-04-12,,,0.0,0.0,0.0,0.0,0.0,0,0,0,0,0,0,0,0,False,False,True,0,,No transaction,0 features,0 failed,2024-04
U01731,25-34,Tier 2,Mid,Paid Ads,iOS,2024-01-15,,,0.0,0.0,0.0,0.0,0.0,0,0,0,0,0,0,0,0,False,False,True,0,,No transaction,0 features,0 failed,2024-01
U01732,25-34,Tier 1,Low,Organic,iOS,2024-02-29,,,0.0,0.0,0.0,0.0,0.0,0,0,0,0,0,0,0,0,False,False,True,0,,No transaction,0 features,0 failed,2024-02
U01733,25-34,Tier 3,Mid,Referral,Android,2024-01-10,2024-01-11 14:03:00,2024-01-25 02:00:00,12.0,11.0,1.0,54780000.0,4565000.0,1,1,1,0,0,0,3,1,False,False,True,1,13.0,After 7 days,2+ features,1-2 failed,2024-01
U01734,25-34,Tier 1,Mid,Paid Ads,iOS,2024-01-19,,,0.0,0.0,0.0,0.0,0.0,0,0,0,0,0,0,0,0,False,False,True,0,,No transaction,0 features,0 failed,2024-01
U01735,18-24,Tier 1,Mid,Partnership,Android,2024-04-06,2024-04-07 06:19:00,2024-04-09 18:00:00,10.0,10.0,0.0,39439000.0,3943900.0,0,1,1,1,1,0,4,1,False,False,True,1,2.0,Within 7 days,2+ features,0 failed,2024-04
U01736,45-54,Tier 2,Mid,Branch,Android,2024-01-29,,,0.0,0.0,0.0,0.0,0.0,0,0,0,0,0,0,0,0,False,False,True,0,,No transaction,0 features,0 failed,2024-01
U01737,25-34,Tier 3,Mid,Paid Ads,Android,2024-04-20,,,0.0,0.0,0.0,0.0,0.0,0,0,0,0,0,0,0,0,False,False,True,0,,No transaction,0 features,0 failed,2024-04
U01738,18-24,Tier 1,Mid,Paid Ads,Android,2024-03-27,2024-03-28 14:26:00,2024-05-05 10:00:00,1.0,1.0,0.0,4932000.0,4932000.0,0,0,0,1,0,0,1,0,True,False,True,1,37.0,After 7 days,1 feature,0 failed,2024-03
U01739,25-34,Tier 1,Mid,Partnership,Android,2024-04-02,2024-04-03 04:25:00,2024-04-04 14:00:00,7.0,6.0,1.0,36801000.0,5257285.714285715,1,0,0,0,0,0,1,1,True,False,True,1,1.0,Within 7 days,1 feature,1-2 failed,2024-04
U01740,25-34,Tier 3,Low,Paid Ads,Android,2024-03-27,2024-03-28 10:02:00,2024-04-12 10:00:00,1.0,1.0,0.0,1545000.0,1545000.0,0,0,0,0,0,0,0,0,False,False,True,1,14.0,After 7 days,0 features,0 failed,2024-03
U01741,35-44,Tier 1,Mid,Paid Ads,Android,2024-02-20,,,0.0,0.0,0.0,0.0,0.0,0,0,0,0,0,0,0,0,False,False,True,0,,No transaction,0 features,0 failed,2024-02
U01742,35-44,Tier 1,Mid,Branch,Android,2024-04-18,2024-04-19 03:25:00,2024-05-23 20:00:00,3.0,2.0,1.0,12202000.0,4067333.3333333335,0,0,1,1,0,0,2,0,True,True,False,1,34.0,After 7 days,2+ features,1-2 failed,2024-04
U01743,35-44,Tier 2,Mid,Partnership,Android,2024-04-12,,,0.0,0.0,0.0,0.0,0.0,0,0,0,0,0,0,0,0,False,False,True,0,,No transaction,0 features,0 failed,2024-04
U01744,18-24,Tier 3,High,Branch,Android,2024-03-12,2024-03-12 23:23:00,2024-03-17 07:00:00,11.0,10.0,1.0,262410000.0,23855454.545454547,0,1,1,0,1,1,4,1,True,True,False,1,4.0,Within 7 days,2+ features,1-2 failed,2024-03
U01745,25-34,Tier 2,High,Organic,Android,2024-02-16,,,0.0,0.0,0.0,0.0,0.0,0,0,0,0,0,0,0,0,False,False,True,0,,No transaction,0 features,0 failed,2024-02
U01746,25-34,Tier 3,Low,Paid Ads,iOS,2024-01-12,,,0.0,0.0,0.0,0.0,0.0,0,0,0,0,0,0,0,0,False,False,True,0,,No transaction,0 features,0 failed,2024-01
U01747,18-24,Tier 2,Low,Partnership,Android,2024-04-11,2024-04-12 18:12:00,2024-04-26 12:00:00,9.0,8.0,1.0,10746000.0,1194000.0,0,0,0,1,1,1,3,1,True,False,True,1,13.0,After 7 days,2+ features,1-2 failed,2024-04
U01748,18-24,Tier 1,Low,Organic,Android,2024-02-20,2024-02-21 05:10:00,2024-02-23 23:00:00,8.0,8.0,0.0,7945000.0,993125.0,1,0,0,0,1,1,3,1,True,False,True,1,2.0,Within 7 days,2+ features,0 failed,2024-02
U01749,35-44,Tier 3,Low,Partnership,Android,2024-01-02,,,0.0,0.0,0.0,0.0,0.0,0,0,0,0,0,0,0,0,False,False,True,0,,No transaction,0 features,0 failed,2024-01
U01750,18-24,Tier 1,Low,Organic,Android,2024-02-03,2024-02-04 06:29:00,2024-02-08 06:00:00,5.0,5.0,0.0,3149000.0,629800.0,1,0,0,0,1,0,2,1,True,True,False,1,3.0,Within 7 days,2+ features,0 failed,2024-02
U01751,25-34,Tier 1,Mid,Partnership,Android,2024-03-09,,,0.0,0.0,0.0,0.0,0.0,0,0,0,0,0,0,0,0,False,False,True,0,,No transaction,0 features,0 failed,2024-03
U01752,18-24,Tier 2,High,Paid Ads,Android,2024-01-16,,,0.0,0.0,0.0,0.0,0.0,0,0,0,0,0,0,0,0,False,False,True,0,,No transaction,0 features,0 failed,2024-01
U01753,18-24,Tier 1,Mid,Organic,iOS,2024-02-28,,,0.0,0.0,0.0,0.0,0.0,0,0,0,0,0,0,0,0,False,False,True,0,,No transaction,0 features,0 failed,2024-02
U01754,18-24,Tier 1,Low,Paid Ads,Android,2024-02-17,,,0.0,0.0,0.0,0.0,0.0,0,0,0,0,0,0,0,0,False,False,True,0,,No transaction,0 features,0 failed,2024-02
U01755,55+,Tier 1,Mid,Paid Ads,Android,2024-03-27,2024-03-27 20:09:00,2024-03-31 10:00:00,15.0,15.0,0.0,80846000.0,5389733.333333333,0,1,1,1,0,1,4,0,False,False,True,1,3.0,Within 7 days,2+ features,0 failed,2024-03
U01756,35-44,Tier 1,Mid,Paid Ads,Android,2024-04-05,2024-04-07 00:20:00,2024-04-08 03:00:00,7.0,7.0,0.0,30157000.0,4308142.857142857,1,0,0,0,0,1,2,1,True,False,True,1,1.0,Within 7 days,2+ features,0 failed,2024-04
U01757,55+,Tier 3,High,Referral,iOS,2024-03-27,,,0.0,0.0,0.0,0.0,0.0,0,0,0,0,0,0,0,0,False,False,True,0,,No transaction,0 features,0 failed,2024-03
U01758,25-34,Tier 2,High,Partnership,iOS,2024-02-03,,,0.0,0.0,0.0,0.0,0.0,0,0,0,0,0,0,0,0,False,False,True,0,,No transaction,0 features,0 failed,2024-02
U01759,18-24,Tier 3,High,Paid Ads,Android,2024-03-15,,,0.0,0.0,0.0,0.0,0.0,0,0,0,0,0,0,0,0,False,False,True,0,,No transaction,0 features,0 failed,2024-03
U01760,25-34,Tier 1,Mid,Paid Ads,Android,2024-02-18,,,0.0,0.0,0.0,0.0,0.0,0,0,0,0,0,0,0,0,False,False,True,0,,No transaction,0 features,0 failed,2024-02
U01761,25-34,Tier 1,Mid,Organic,iOS,2024-04-15,2024-04-16 09:22:00,2024-04-23 11:00:00,9.0,8.0,1.0,41437000.0,4604111.111111111,0,0,0,1,0,0,1,0,False,False,True,1,7.0,Within 7 days,1 feature,1-2 failed,2024-04
U01762,35-44,Tier 1,Low,Branch,Android,2024-03-22,,,0.0,0.0,0.0,0.0,0.0,0,0,0,0,0,0,0,0,False,False,True,0,,No transaction,0 features,0 failed,2024-03
U01763,18-24,Tier 1,Mid,Organic,Android,2024-02-17,2024-02-18 04:27:00,2024-02-18 16:00:00,15.0,12.0,3.0,77689000.0,5179266.666666667,0,1,1,0,1,1,4,1,True,False,True,1,0.0,Within 7 days,2+ features,3+ failed,2024-02
U01764,25-34,Tier 1,Low,Paid Ads,Android,2024-01-14,,,0.0,0.0,0.0,0.0,0.0,0,0,0,0,0,0,0,0,False,False,True,0,,No transaction,0 features,0 failed,2024-01
U01765,18-24,Tier 2,Mid,Partnership,Android,2024-03-27,2024-03-28 06:20:00,2024-05-07 04:00:00,3.0,3.0,0.0,10501000.0,3500333.3333333335,1,0,0,0,0,0,1,1,False,False,True,1,39.0,After 7 days,1 feature,0 failed,2024-03
U01766,25-34,Tier 3,Mid,Organic,iOS,2024-01-30,2024-01-31 07:25:00,2024-02-17 06:00:00,4.0,4.0,0.0,26548000.0,6637000.0,0,0,0,0,0,0,0,0,True,False,True,1,16.0,After 7 days,0 features,0 failed,2024-01
U01767,35-44,Tier 3,Low,Paid Ads,iOS,2024-03-01,,,0.0,0.0,0.0,0.0,0.0,0,0,0,0,0,0,0,0,False,False,True,0,,No transaction,0 features,0 failed,2024-03
U01768,25-34,Tier 1,Low,Organic,iOS,2024-01-04,2024-01-05 11:07:00,2024-01-11 22:00:00,4.0,4.0,0.0,3506000.0,876500.0,0,1,0,0,0,0,1,0,False,False,True,1,6.0,Within 7 days,1 feature,0 failed,2024-01
U01769,25-34,Tier 3,Low,Partnership,Android,2024-03-20,2024-03-21 17:28:00,2024-03-25 06:00:00,13.0,12.0,1.0,9983000.0,767923.0769230769,0,1,0,0,0,1,2,0,True,False,True,1,3.0,Within 7 days,2+ features,1-2 failed,2024-03
U01770,25-34,Tier 1,Low,Paid Ads,Android,2024-04-23,,,0.0,0.0,0.0,0.0,0.0,0,0,0,0,0,0,0,0,False,False,True,0,,No transaction,0 features,0 failed,2024-04
U01771,25-34,Tier 1,Low,Partnership,Android,2024-03-12,,,0.0,0.0,0.0,0.0,0.0,0,0,0,0,0,0,0,0,False,False,True,0,,No transaction,0 features,0 failed,2024-03
U01772,35-44,Tier 3,Low,Partnership,iOS,2024-02-11,,,0.0,0.0,0.0,0.0,0.0,0,0,0,0,0,0,0,0,False,False,True,0,,No transaction,0 features,0 failed,2024-02
U01773,45-54,Tier 2,Low,Paid Ads,iOS,2024-03-19,,,0.0,0.0,0.0,0.0,0.0,0,0,0,0,0,0,0,0,False,False,True,0,,No transaction,0 features,0 failed,2024-03
U01774,55+,Tier 1,Low,Paid Ads,Android,2024-01-29,2024-01-30 15:27:00,2024-02-16 06:00:00,5.0,4.0,1.0,2712000.0,542400.0,0,1,0,0,0,1,2,0,False,False,True,1,16.0,After 7 days,2+ features,1-2 failed,2024-01
U01775,35-44,Tier 1,High,Paid Ads,Android,2024-03-23,,,0.0,0.0,0.0,0.0,0.0,0,0,0,0,0,0,0,0,False,False,True,0,,No transaction,0 features,0 failed,2024-03
U01776,25-34,Tier 1,Mid,Referral,Android,2024-01-09,2024-01-10 07:03:00,2024-01-29 05:00:00,4.0,4.0,0.0,18574000.0,4643500.0,1,0,0,0,0,0,1,1,False,False,True,1,18.0,After 7 days,1 feature,0 failed,2024-01
U01777,35-44,Tier 2,Low,Paid Ads,iOS,2024-03-22,,,0.0,0.0,0.0,0.0,0.0,0,0,0,0,0,0,0,0,False,False,True,0,,No transaction,0 features,0 failed,2024-03
U01778,25-34,Tier 2,Mid,Branch,Android,2024-04-15,2024-04-16 04:12:00,2024-04-22 17:00:00,7.0,6.0,1.0,37411000.0,5344428.571428572,0,1,1,0,1,0,3,1,True,True,False,1,6.0,Within 7 days,2+ features,1-2 failed,2024-04
U01779,18-24,Tier 3,High,Referral,Android,2024-02-29,,,0.0,0.0,0.0,0.0,0.0,0,0,0,0,0,0,0,0,False,False,True,0,,No transaction,0 features,0 failed,2024-02
U01780,35-44,Tier 1,Mid,Referral,Android,2024-04-26,,,0.0,0.0,0.0,0.0,0.0,0,0,0,0,0,0,0,0,False,False,True,0,,No transaction,0 features,0 failed,2024-04
U01781,18-24,Tier 1,Low,Referral,Android,2024-03-30,,,0.0,0.0,0.0,0.0,0.0,0,0,0,0,0,0,0,0,False,False,True,0,,No transaction,0 features,0 failed,2024-03
U01782,45-54,Tier 2,Mid,Referral,iOS,2024-02-08,2024-02-09 10:26:00,2024-02-21 12:00:00,7.0,7.0,0.0,40758000.0,5822571.428571428,1,0,1,1,0,0,3,1,True,False,True,1,12.0,After 7 days,2+ features,0 failed,2024-02
U01783,25-34,Tier 2,Mid,Organic,iOS,2024-03-24,2024-03-25 11:28:00,2024-03-29 04:00:00,10.0,10.0,0.0,49097000.0,4909700.0,0,1,1,0,1,1,4,1,True,True,False,1,3.0,Within 7 days,2+ features,0 failed,2024-03
U01784,25-34,Tier 1,Mid,Paid Ads,iOS,2024-02-22,2024-02-23 23:01:00,2024-02-26 16:00:00,9.0,8.0,1.0,51072000.0,5674666.666666667,0,0,0,0,1,1,2,1,True,True,False,1,2.0,Within 7 days,2+ features,1-2 failed,2024-02
U01785,35-44,Tier 2,Mid,Paid Ads,iOS,2024-01-15,,,0.0,0.0,0.0,0.0,0.0,0,0,0,0,0,0,0,0,False,False,True,0,,No transaction,0 features,0 failed,2024-01
U01786,45-54,Tier 3,High,Paid Ads,Android,2024-01-18,,,0.0,0.0,0.0,0.0,0.0,0,0,0,0,0,0,0,0,False,False,True,0,,No transaction,0 features,0 failed,2024-01
U01787,25-34,Tier 3,High,Referral,Android,2024-01-06,,,0.0,0.0,0.0,0.0,0.0,0,0,0,0,0,0,0,0,False,False,True,0,,No transaction,0 features,0 failed,2024-01
U01788,25-34,Tier 3,Mid,Paid Ads,Android,2024-01-05,,,0.0,0.0,0.0,0.0,0.0,0,0,0,0,0,0,0,0,False,False,True,0,,No transaction,0 features,0 failed,2024-01
U01789,18-24,Tier 3,Mid,Partnership,iOS,2024-02-08,,,0.0,0.0,0.0,0.0,0.0,0,0,0,0,0,0,0,0,False,False,True,0,,No transaction,0 features,0 failed,2024-02
U01790,25-34,Tier 2,Mid,Branch,Android,2024-03-04,,,0.0,0.0,0.0,0.0,0.0,0,0,0,0,0,0,0,0,False,False,True,0,,No transaction,0 features,0 failed,2024-03
U01791,18-24,Tier 3,High,Paid Ads,Android,2024-01-15,,,0.0,0.0,0.0,0.0,0.0,0,0,0,0,0,0,0,0,False,False,True,0,,No transaction,0 features,0 failed,2024-01
U01792,35-44,Tier 1,Low,Organic,Android,2024-01-13,2024-01-13 23:01:00,2024-01-15 21:00:00,9.0,8.0,1.0,12045000.0,1338333.3333333333,1,1,1,0,0,0,3,1,False,False,True,1,1.0,Within 7 days,2+ features,1-2 failed,2024-01
U01793,25-34,Tier 1,High,Branch,Android,2024-01-31,2024-02-01 12:13:00,2024-03-04 15:00:00,1.0,1.0,0.0,14510000.0,14510000.0,0,1,0,1,1,0,3,1,True,False,True,1,32.0,After 7 days,2+ features,0 failed,2024-01
U01794,35-44,Tier 1,Low,Paid Ads,iOS,2024-04-23,,,0.0,0.0,0.0,0.0,0.0,0,0,0,0,0,0,0,0,False,False,True,0,,No transaction,0 features,0 failed,2024-04
U01795,18-24,Tier 2,Mid,Referral,iOS,2024-03-09,2024-03-10 12:29:00,2024-03-16 10:00:00,3.0,3.0,0.0,24061000.0,8020333.333333333,0,1,0,0,0,0,1,0,False,False,True,1,5.0,Within 7 days,1 feature,0 failed,2024-03
U01796,18-24,Tier 1,High,Organic,Android,2024-01-18,2024-01-19 15:26:00,,0.0,0.0,0.0,0.0,0.0,0,0,0,0,0,1,1,0,True,False,True,1,,No transaction,1 feature,0 failed,2024-01
U01797,35-44,Tier 3,Low,Organic,Android,2024-02-19,2024-02-20 04:03:00,2024-03-04 01:00:00,4.0,4.0,0.0,2009000.0,502250.0,1,0,0,0,1,0,2,1,True,True,False,1,12.0,After 7 days,2+ features,0 failed,2024-02
U01798,18-24,Tier 1,Mid,Organic,iOS,2024-02-28,,,0.0,0.0,0.0,0.0,0.0,0,0,0,0,0,0,0,0,False,False,True,0,,No transaction,0 features,0 failed,2024-02
U01799,18-24,Tier 1,Low,Organic,iOS,2024-02-17,,,0.0,0.0,0.0,0.0,0.0,0,0,0,0,0,0,0,0,False,False,True,0,,No transaction,0 features,0 failed,2024-02
U01800,18-24,Tier 2,Mid,Branch,Android,2024-03-26,,,0.0,0.0,0.0,0.0,0.0,0,0,0,0,0,0,0,0,False,False,True,0,,No transaction,0 features,0 failed,2024-03
U01801,55+,Tier 1,Low,Paid Ads,Android,2024-04-05,,,0.0,0.0,0.0,0.0,0.0,0,0,0,0,0,0,0,0,False,False,True,0,,No transaction,0 features,0 failed,2024-04
U01802,35-44,Tier 1,Mid,Paid Ads,Android,2024-03-30,2024-03-31 16:11:00,2024-04-10 11:00:00,3.0,2.0,1.0,14822000.0,4940666.666666667,0,0,0,0,0,0,0,0,False,False,True,1,9.0,After 7 days,0 features,1-2 failed,2024-03
U01803,25-34,Tier 1,Mid,Partnership,Android,2024-03-10,,,0.0,0.0,0.0,0.0,0.0,0,0,0,0,0,0,0,0,False,False,True,0,,No transaction,0 features,0 failed,2024-03
U01804,18-24,Tier 2,High,Partnership,iOS,2024-02-23,,,0.0,0.0,0.0,0.0,0.0,0,0,0,0,0,0,0,0,False,False,True,0,,No transaction,0 features,0 failed,2024-02
U01805,25-34,Tier 1,High,Partnership,Android,2024-03-16,2024-03-17 23:09:00,,0.0,0.0,0.0,0.0,0.0,0,0,0,1,0,0,1,0,True,True,False,1,,No transaction,1 feature,0 failed,2024-03
U01806,35-44,Tier 2,Low,Branch,Android,2024-04-05,2024-04-06 07:30:00,2024-04-14 23:00:00,2.0,2.0,0.0,1642000.0,821000.0,1,0,0,0,0,1,2,1,True,True,False,1,8.0,After 7 days,2+ features,0 failed,2024-04
U01807,35-44,Tier 2,Mid,Referral,Android,2024-04-03,,,0.0,0.0,0.0,0.0,0.0,0,0,0,0,0,0,0,0,False,False,True,0,,No transaction,0 features,0 failed,2024-04
U01808,18-24,Tier 1,Low,Branch,Android,2024-01-20,2024-01-21 13:04:00,,0.0,0.0,0.0,0.0,0.0,0,0,1,0,0,0,1,0,False,False,True,1,,No transaction,1 feature,0 failed,2024-01
U01809,18-24,Tier 1,Low,Paid Ads,Android,2024-04-23,,,0.0,0.0,0.0,0.0,0.0,0,0,0,0,0,0,0,0,False,False,True,0,,No transaction,0 features,0 failed,2024-04
U01810,18-24,Tier 1,Low,Organic,Android,2024-02-23,2024-02-24 07:12:00,2024-04-07 22:00:00,1.0,1.0,0.0,1386000.0,1386000.0,1,0,0,0,0,0,1,1,False,False,True,1,43.0,After 7 days,1 feature,0 failed,2024-02
U01811,35-44,Tier 2,High,Paid Ads,Android,2024-03-24,,,0.0,0.0,0.0,0.0,0.0,0,0,0,0,0,0,0,0,False,False,True,0,,No transaction,0 features,0 failed,2024-03
U01812,35-44,Tier 1,High,Paid Ads,Android,2024-01-13,,,0.0,0.0,0.0,0.0,0.0,0,0,0,0,0,0,0,0,False,False,True,0,,No transaction,0 features,0 failed,2024-01
U01813,18-24,Tier 1,Low,Branch,Android,2024-04-16,,,0.0,0.0,0.0,0.0,0.0,0,0,0,0,0,0,0,0,False,False,True,0,,No transaction,0 features,0 failed,2024-04
U01814,18-24,Tier 2,Low,Referral,Android,2024-03-03,,,0.0,0.0,0.0,0.0,0.0,0,0,0,0,0,0,0,0,False,False,True,0,,No transaction,0 features,0 failed,2024-03
U01815,18-24,Tier 2,Low,Paid Ads,Android,2024-03-19,,,0.0,0.0,0.0,0.0,0.0,0,0,0,0,0,0,0,0,False,False,True,0,,No transaction,0 features,0 failed,2024-03
U01816,55+,Tier 1,Mid,Organic,Android,2024-02-22,,,0.0,0.0,0.0,0.0,0.0,0,0,0,0,0,0,0,0,False,False,True,0,,No transaction,0 features,0 failed,2024-02
U01817,18-24,Tier 1,Mid,Referral,Android,2024-02-05,2024-02-05 21:11:00,,0.0,0.0,0.0,0.0,0.0,1,0,1,0,0,0,2,1,True,True,False,1,,No transaction,2+ features,0 failed,2024-02
U01818,35-44,Tier 3,Low,Organic,Android,2024-01-05,,,0.0,0.0,0.0,0.0,0.0,0,0,0,0,0,0,0,0,False,False,True,0,,No transaction,0 features,0 failed,2024-01
U01819,25-34,Tier 3,Mid,Paid Ads,iOS,2024-03-29,2024-03-30 10:18:00,2024-04-27 05:00:00,4.0,2.0,2.0,18377000.0,4594250.0,0,1,0,1,0,1,3,0,True,False,True,1,27.0,After 7 days,2+ features,1-2 failed,2024-03
U01820,25-34,Tier 2,Mid,Partnership,iOS,2024-02-17,,,0.0,0.0,0.0,0.0,0.0,0,0,0,0,0,0,0,0,False,False,True,0,,No transaction,0 features,0 failed,2024-02
U01821,18-24,Tier 2,High,Organic,Android,2024-01-28,,,0.0,0.0,0.0,0.0,0.0,0,0,0,0,0,0,0,0,False,False,True,0,,No transaction,0 features,0 failed,2024-01
U01822,18-24,Tier 2,Mid,Paid Ads,iOS,2024-02-26,,,0.0,0.0,0.0,0.0,0.0,0,0,0,0,0,0,0,0,False,False,True,0,,No transaction,0 features,0 failed,2024-02
U01823,25-34,Tier 3,Mid,Organic,Android,2024-02-26,,,0.0,0.0,0.0,0.0,0.0,0,0,0,0,0,0,0,0,False,False,True,0,,No transaction,0 features,0 failed,2024-02
U01824,35-44,Tier 3,Mid,Organic,Android,2024-01-31,,,0.0,0.0,0.0,0.0,0.0,0,0,0,0,0,0,0,0,False,False,True,0,,No transaction,0 features,0 failed,2024-01
U01825,25-34,Tier 1,High,Paid Ads,Android,2024-04-19,2024-04-20 00:20:00,2024-04-20 15:00:00,11.0,11.0,0.0,241441000.0,21949181.818181816,1,0,1,1,0,1,4,1,True,True,False,1,0.0,Within 7 days,2+ features,0 failed,2024-04
U01826,25-34,Tier 3,Low,Organic,Android,2024-02-16,,,0.0,0.0,0.0,0.0,0.0,0,0,0,0,0,0,0,0,False,False,True,0,,No transaction,0 features,0 failed,2024-02
U01827,18-24,Tier 1,Mid,Paid Ads,Android,2024-01-13,,,0.0,0.0,0.0,0.0,0.0,0,0,0,0,0,0,0,0,False,False,True,0,,No transaction,0 features,0 failed,2024-01
U01828,55+,Tier 1,High,Organic,Android,2024-03-28,2024-03-29 12:14:00,2024-04-17 05:00:00,6.0,6.0,0.0,117800000.0,19633333.333333332,1,0,1,0,0,0,2,1,False,False,True,1,18.0,After 7 days,2+ features,0 failed,2024-03
U01829,35-44,Tier 2,Low,Organic,iOS,2024-02-17,,,0.0,0.0,0.0,0.0,0.0,0,0,0,0,0,0,0,0,False,False,True,0,,No transaction,0 features,0 failed,2024-02
U01830,18-24,Tier 1,Low,Paid Ads,Android,2024-03-10,,,0.0,0.0,0.0,0.0,0.0,0,0,0,0,0,0,0,0,False,False,True,0,,No transaction,0 features,0 failed,2024-03
U01831,55+,Tier 3,Mid,Paid Ads,Android,2024-04-25,,,0.0,0.0,0.0,0.0,0.0,0,0,0,0,0,0,0,0,False,False,True,0,,No transaction,0 features,0 failed,2024-04
U01832,25-34,Tier 1,High,Organic,Android,2024-03-23,2024-03-24 08:18:00,2024-04-23 08:00:00,3.0,3.0,0.0,64311000.0,21437000.0,0,1,1,0,0,0,2,0,True,True,False,1,29.0,After 7 days,2+ features,0 failed,2024-03
U01833,25-34,Tier 2,Mid,Paid Ads,Android,2024-02-15,,,0.0,0.0,0.0,0.0,0.0,0,0,0,0,0,0,0,0,False,False,True,0,,No transaction,0 features,0 failed,2024-02
U01834,35-44,Tier 3,High,Partnership,iOS,2024-01-08,,,0.0,0.0,0.0,0.0,0.0,0,0,0,0,0,0,0,0,False,False,True,0,,No transaction,0 features,0 failed,2024-01
U01835,35-44,Tier 3,Mid,Paid Ads,iOS,2024-02-20,,,0.0,0.0,0.0,0.0,0.0,0,0,0,0,0,0,0,0,False,False,True,0,,No transaction,0 features,0 failed,2024-02
U01836,35-44,Tier 1,Low,Organic,iOS,2024-02-05,,,0.0,0.0,0.0,0.0,0.0,0,0,0,0,0,0,0,0,False,False,True,0,,No transaction,0 features,0 failed,2024-02
U01837,18-24,Tier 1,Mid,Paid Ads,iOS,2024-01-25,,,0.0,0.0,0.0,0.0,0.0,0,0,0,0,0,0,0,0,False,False,True,0,,No transaction,0 features,0 failed,2024-01
U01838,25-34,Tier 2,Mid,Paid Ads,Android,2024-01-16,,,0.0,0.0,0.0,0.0,0.0,0,0,0,0,0,0,0,0,False,False,True,0,,No transaction,0 features,0 failed,2024-01
U01839,45-54,Tier 1,Low,Organic,Android,2024-04-18,,,0.0,0.0,0.0,0.0,0.0,0,0,0,0,0,0,0,0,False,False,True,0,,No transaction,0 features,0 failed,2024-04
U01840,18-24,Tier 3,Low,Partnership,Android,2024-04-15,,,0.0,0.0,0.0,0.0,0.0,0,0,0,0,0,0,0,0,False,False,True,0,,No transaction,0 features,0 failed,2024-04
U01841,25-34,Tier 3,Low,Branch,Android,2024-02-28,,,0.0,0.0,0.0,0.0,0.0,0,0,0,0,0,0,0,0,False,False,True,0,,No transaction,0 features,0 failed,2024-02
U01842,25-34,Tier 1,Mid,Partnership,iOS,2024-01-12,,,0.0,0.0,0.0,0.0,0.0,0,0,0,0,0,0,0,0,False,False,True,0,,No transaction,0 features,0 failed,2024-01
U01843,25-34,Tier 1,High,Partnership,Android,2024-03-25,,,0.0,0.0,0.0,0.0,0.0,0,0,0,0,0,0,0,0,False,False,True,0,,No transaction,0 features,0 failed,2024-03
U01844,25-34,Tier 1,Mid,Paid Ads,Android,2024-01-28,,,0.0,0.0,0.0,0.0,0.0,0,0,0,0,0,0,0,0,False,False,True,0,,No transaction,0 features,0 failed,2024-01
U01845,45-54,Tier 3,High,Paid Ads,iOS,2024-03-23,,,0.0,0.0,0.0,0.0,0.0,0,0,0,0,0,0,0,0,False,False,True,0,,No transaction,0 features,0 failed,2024-03
U01846,18-24,Tier 1,Low,Paid Ads,iOS,2024-03-22,,,0.0,0.0,0.0,0.0,0.0,0,0,0,0,0,0,0,0,False,False,True,0,,No transaction,0 features,0 failed,2024-03
U01847,18-24,Tier 1,High,Partnership,Android,2024-03-17,2024-03-18 22:25:00,2024-03-24 09:00:00,7.0,6.0,1.0,213516000.0,30502285.714285713,0,0,0,0,1,1,2,1,True,False,True,1,5.0,Within 7 days,2+ features,1-2 failed,2024-03
U01848,18-24,Tier 1,High,Paid Ads,Android,2024-01-03,2024-01-04 09:24:00,2024-01-31 12:00:00,3.0,2.0,1.0,74532000.0,24844000.0,0,0,0,0,0,1,1,0,True,False,True,1,27.0,After 7 days,1 feature,1-2 failed,2024-01
U01849,45-54,Tier 2,Mid,Referral,Android,2024-01-07,,,0.0,0.0,0.0,0.0,0.0,0,0,0,0,0,0,0,0,False,False,True,0,,No transaction,0 features,0 failed,2024-01
U01850,25-34,Tier 1,High,Referral,Android,2024-04-10,,,0.0,0.0,0.0,0.0,0.0,0,0,0,0,0,0,0,0,False,False,True,0,,No transaction,0 features,0 failed,2024-04
U01851,18-24,Tier 1,Low,Partnership,Android,2024-02-12,2024-02-13 23:23:00,2024-03-04 03:00:00,4.0,4.0,0.0,5314000.0,1328500.0,1,0,0,0,0,0,1,1,True,False,True,1,19.0,After 7 days,1 feature,0 failed,2024-02
U01852,35-44,Tier 3,High,Organic,Android,2024-02-01,,,0.0,0.0,0.0,0.0,0.0,0,0,0,0,0,0,0,0,False,False,True,0,,No transaction,0 features,0 failed,2024-02
U01853,45-54,Tier 3,High,Paid Ads,Android,2024-01-17,2024-01-18 12:20:00,2024-01-26 06:00:00,5.0,5.0,0.0,132459000.0,26491800.0,1,0,1,0,1,0,3,1,True,False,True,1,7.0,Within 7 days,2+ features,0 failed,2024-01
U01854,35-44,Tier 2,Mid,Branch,Android,2024-04-10,2024-04-12 03:03:00,2024-04-13 01:00:00,11.0,10.0,1.0,61430000.0,5584545.454545454,1,1,0,0,0,0,2,1,True,False,True,1,0.0,Within 7 days,2+ features,1-2 failed,2024-04
U01855,45-54,Tier 1,Mid,Paid Ads,iOS,2024-03-13,2024-03-14 18:15:00,2024-03-20 09:00:00,5.0,5.0,0.0,18657000.0,3731400.0,1,0,1,0,1,0,3,1,True,True,False,1,5.0,Within 7 days,2+ features,0 failed,2024-03
U01856,18-24,Tier 1,Low,Branch,iOS,2024-01-27,,,0.0,0.0,0.0,0.0,0.0,0,0,0,0,0,0,0,0,False,False,True,0,,No transaction,0 features,0 failed,2024-01
U01857,35-44,Tier 2,Mid,Paid Ads,Android,2024-01-09,2024-01-10 05:02:00,2024-01-11 01:00:00,7.0,7.0,0.0,29491000.0,4213000.0,0,1,1,0,0,1,3,0,True,False,True,1,0.0,Within 7 days,2+ features,0 failed,2024-01
U01858,25-34,Tier 1,Mid,Organic,iOS,2024-04-16,2024-04-17 12:04:00,2024-04-19 04:00:00,4.0,4.0,0.0,18072000.0,4518000.0,1,0,0,0,0,0,1,1,True,False,True,1,1.0,Within 7 days,1 feature,0 failed,2024-04
U01859,35-44,Tier 3,Mid,Partnership,Android,2024-04-07,,,0.0,0.0,0.0,0.0,0.0,0,0,0,0,0,0,0,0,False,False,True,0,,No transaction,0 features,0 failed,2024-04
U01860,35-44,Tier 2,Mid,Referral,Android,2024-03-11,,,0.0,0.0,0.0,0.0,0.0,0,0,0,0,0,0,0,0,False,False,True,0,,No transaction,0 features,0 failed,2024-03
U01861,35-44,Tier 1,High,Referral,Android,2024-01-27,2024-01-28 13:21:00,2024-02-19 16:00:00,6.0,5.0,1.0,141851000.0,23641833.333333332,1,0,0,0,1,0,2,1,True,True,False,1,22.0,After 7 days,2+ features,1-2 failed,2024-01
U01862,35-44,Tier 3,Low,Referral,Android,2024-03-16,,,0.0,0.0,0.0,0.0,0.0,0,0,0,0,0,0,0,0,False,False,True,0,,No transaction,0 features,0 failed,2024-03
U01863,18-24,Tier 3,High,Referral,Android,2024-01-28,,,0.0,0.0,0.0,0.0,0.0,0,0,0,0,0,0,0,0,False,False,True,0,,No transaction,0 features,0 failed,2024-01
U01864,25-34,Tier 1,High,Referral,iOS,2024-04-14,2024-04-15 12:25:00,2024-04-22 02:00:00,8.0,7.0,1.0,204033000.0,25504125.0,0,0,1,0,0,1,2,0,False,False,True,1,6.0,Within 7 days,2+ features,1-2 failed,2024-04
U01865,55+,Tier 2,Mid,Referral,Android,2024-04-21,2024-04-22 06:02:00,2024-04-27 02:00:00,5.0,5.0,0.0,20829000.0,4165800.0,0,1,0,0,1,0,2,1,True,False,True,1,4.0,Within 7 days,2+ features,0 failed,2024-04
U01866,45-54,Tier 1,Low,Paid Ads,iOS,2024-01-30,2024-01-31 17:13:00,2024-03-26 18:00:00,2.0,1.0,1.0,1414000.0,707000.0,1,0,0,1,0,0,2,1,True,False,True,1,55.0,After 7 days,2+ features,1-2 failed,2024-01
U01867,18-24,Tier 1,Low,Partnership,Android,2024-02-12,,,0.0,0.0,0.0,0.0,0.0,0,0,0,0,0,0,0,0,False,False,True,0,,No transaction,0 features,0 failed,2024-02
U01868,18-24,Tier 1,Low,Referral,Android,2024-04-09,,,0.0,0.0,0.0,0.0,0.0,0,0,0,0,0,0,0,0,False,False,True,0,,No transaction,0 features,0 failed,2024-04
U01869,18-24,Tier 2,Mid,Organic,Android,2024-01-19,,,0.0,0.0,0.0,0.0,0.0,0,0,0,0,0,0,0,0,False,False,True,0,,No transaction,0 features,0 failed,2024-01
U01870,35-44,Tier 3,Mid,Paid Ads,Android,2024-04-10,,,0.0,0.0,0.0,0.0,0.0,0,0,0,0,0,0,0,0,False,False,True,0,,No transaction,0 features,0 failed,2024-04
U01871,35-44,Tier 2,High,Paid Ads,Android,2024-04-25,,,0.0,0.0,0.0,0.0,0.0,0,0,0,0,0,0,0,0,False,False,True,0,,No transaction,0 features,0 failed,2024-04
U01872,18-24,Tier 1,Mid,Branch,iOS,2024-03-17,,,0.0,0.0,0.0,0.0,0.0,0,0,0,0,0,0,0,0,False,False,True,0,,No transaction,0 features,0 failed,2024-03
U01873,25-34,Tier 2,Mid,Organic,Android,2024-01-01,,,0.0,0.0,0.0,0.0,0.0,0,0,0,0,0,0,0,0,False,False,True,0,,No transaction,0 features,0 failed,2024-01
U01874,35-44,Tier 1,Mid,Partnership,Android,2024-02-05,,,0.0,0.0,0.0,0.0,0.0,0,0,0,0,0,0,0,0,False,False,True,0,,No transaction,0 features,0 failed,2024-02
U01875,35-44,Tier 3,High,Paid Ads,Android,2024-04-19,,,0.0,0.0,0.0,0.0,0.0,0,0,0,0,0,0,0,0,False,False,True,0,,No transaction,0 features,0 failed,2024-04
U01876,25-34,Tier 1,High,Paid Ads,Android,2024-01-19,2024-01-20 14:07:00,2024-02-05 11:00:00,10.0,9.0,1.0,242274000.0,24227400.0,1,1,0,1,1,1,5,1,True,True,False,1,15.0,After 7 days,2+ features,1-2 failed,2024-01
U01877,25-34,Tier 1,High,Organic,iOS,2024-01-17,2024-01-17 22:03:00,2024-01-20 09:00:00,14.0,12.0,2.0,425586000.0,30399000.0,0,1,1,1,0,0,3,0,True,True,False,1,2.0,Within 7 days,2+ features,1-2 failed,2024-01
U01878,25-34,Tier 1,Mid,Referral,iOS,2024-03-10,2024-03-11 00:01:00,2024-03-16 05:00:00,11.0,10.0,1.0,42606000.0,3873272.727272727,0,1,1,0,1,1,4,1,True,True,False,1,5.0,Within 7 days,2+ features,1-2 failed,2024-03
U01879,18-24,Tier 2,Mid,Organic,iOS,2024-02-02,2024-02-03 19:22:00,,0.0,0.0,0.0,0.0,0.0,0,0,0,0,0,0,0,0,False,False,True,1,,No transaction,0 features,0 failed,2024-02
U01880,25-34,Tier 1,High,Referral,Android,2024-04-12,2024-04-13 17:19:00,2024-04-14 12:00:00,8.0,8.0,0.0,181369000.0,22671125.0,0,0,0,0,0,1,1,0,True,False,True,1,0.0,Within 7 days,1 feature,0 failed,2024-04
U01881,35-44,Tier 2,Mid,Paid Ads,Android,2024-01-23,,,0.0,0.0,0.0,0.0,0.0,0,0,0,0,0,0,0,0,False,False,True,0,,No transaction,0 features,0 failed,2024-01
U01882,45-54,Tier 1,Low,Partnership,Android,2024-01-15,2024-01-16 06:04:00,,0.0,0.0,0.0,0.0,0.0,0,0,0,0,0,0,0,0,True,True,False,1,,No transaction,0 features,0 failed,2024-01
U01883,25-34,Tier 1,Low,Paid Ads,iOS,2024-03-25,,,0.0,0.0,0.0,0.0,0.0,0,0,0,0,0,0,0,0,False,False,True,0,,No transaction,0 features,0 failed,2024-03
U01884,35-44,Tier 2,Low,Paid Ads,Android,2024-04-20,,,0.0,0.0,0.0,0.0,0.0,0,0,0,0,0,0,0,0,False,False,True,0,,No transaction,0 features,0 failed,2024-04
U01885,18-24,Tier 3,Mid,Paid Ads,Android,2024-01-04,2024-01-05 11:25:00,2024-01-25 07:00:00,3.0,3.0,0.0,20030000.0,6676666.666666667,0,1,0,0,0,0,1,0,True,True,False,1,19.0,After 7 days,1 feature,0 failed,2024-01
U01886,25-34,Tier 3,Low,Referral,Android,2024-01-17,2024-01-18 12:25:00,2024-01-25 19:00:00,2.0,2.0,0.0,2317000.0,1158500.0,1,0,1,0,0,0,2,1,True,True,False,1,7.0,Within 7 days,2+ features,0 failed,2024-01
U01887,18-24,Tier 1,Low,Branch,Android,2024-01-02,,,0.0,0.0,0.0,0.0,0.0,0,0,0,0,0,0,0,0,False,False,True,0,,No transaction,0 features,0 failed,2024-01
U01888,18-24,Tier 1,Low,Paid Ads,iOS,2024-02-15,2024-02-16 20:15:00,2024-02-24 15:00:00,5.0,4.0,1.0,6065000.0,1213000.0,1,1,0,0,0,1,3,1,True,True,False,1,7.0,Within 7 days,2+ features,1-2 failed,2024-02
U01889,35-44,Tier 1,Mid,Referral,iOS,2024-04-11,2024-04-12 18:27:00,2024-04-16 12:00:00,11.0,11.0,0.0,58722000.0,5338363.636363637,0,0,1,0,1,0,2,1,False,False,True,1,3.0,Within 7 days,2+ features,0 failed,2024-04
U01890,55+,Tier 2,Mid,Organic,Android,2024-04-10,,,0.0,0.0,0.0,0.0,0.0,0,0,0,0,0,0,0,0,False,False,True,0,,No transaction,0 features,0 failed,2024-04
U01891,18-24,Tier 2,Mid,Paid Ads,iOS,2024-01-31,2024-02-01 10:26:00,2024-02-02 04:00:00,17.0,16.0,1.0,105621000.0,6213000.0,1,0,1,1,1,0,4,1,True,True,False,1,0.0,Within 7 days,2+ features,1-2 failed,2024-01
U01892,25-34,Tier 3,Low,Paid Ads,Android,2024-03-16,2024-03-17 06:28:00,2024-03-25 02:00:00,15.0,14.0,1.0,14954000.0,996933.3333333334,1,1,1,1,0,0,4,1,True,True,False,1,7.0,Within 7 days,2+ features,1-2 failed,2024-03
U01893,35-44,Tier 3,Low,Organic,iOS,2024-02-11,2024-02-12 11:10:00,2024-02-28 07:00:00,5.0,4.0,1.0,5648000.0,1129600.0,1,0,0,0,0,0,1,1,True,False,True,1,15.0,After 7 days,1 feature,1-2 failed,2024-02
U01894,18-24,Tier 1,Mid,Partnership,iOS,2024-01-03,2024-01-04 13:30:00,2024-01-09 07:00:00,14.0,13.0,1.0,62984000.0,4498857.142857143,0,1,1,0,1,1,4,1,True,True,False,1,4.0,Within 7 days,2+ features,1-2 failed,2024-01
U01895,25-34,Tier 2,Mid,Paid Ads,Android,2024-01-23,,,0.0,0.0,0.0,0.0,0.0,0,0,0,0,0,0,0,0,False,False,True,0,,No transaction,0 features,0 failed,2024-01
U01896,35-44,Tier 3,Low,Paid Ads,iOS,2024-02-03,,,0.0,0.0,0.0,0.0,0.0,0,0,0,0,0,0,0,0,False,False,True,0,,No transaction,0 features,0 failed,2024-02
U01897,25-34,Tier 3,Low,Organic,Android,2024-01-07,,,0.0,0.0,0.0,0.0,0.0,0,0,0,0,0,0,0,0,False,False,True,0,,No transaction,0 features,0 failed,2024-01
U01898,18-24,Tier 1,High,Referral,Android,2024-01-17,,,0.0,0.0,0.0,0.0,0.0,0,0,0,0,0,0,0,0,False,False,True,0,,No transaction,0 features,0 failed,2024-01
U01899,25-34,Tier 1,Mid,Branch,Android,2024-04-04,,,0.0,0.0,0.0,0.0,0.0,0,0,0,0,0,0,0,0,False,False,True,0,,No transaction,0 features,0 failed,2024-04
U01900,35-44,Tier 1,Low,Partnership,Android,2024-02-23,,,0.0,0.0,0.0,0.0,0.0,0,0,0,0,0,0,0,0,False,False,True,0,,No transaction,0 features,0 failed,2024-02
U01901,25-34,Tier 1,Low,Referral,Android,2024-03-08,2024-03-09 06:11:00,2024-03-14 00:00:00,3.0,3.0,0.0,2503000.0,834333.3333333334,0,0,1,0,0,1,2,0,False,False,True,1,4.0,Within 7 days,2+ features,0 failed,2024-03
U01902,18-24,Tier 1,High,Organic,Android,2024-01-15,2024-01-15 18:28:00,2024-01-21 16:00:00,6.0,5.0,1.0,127053000.0,21175500.0,0,1,1,0,0,0,2,0,True,False,True,1,5.0,Within 7 days,2+ features,1-2 failed,2024-01
U01903,35-44,Tier 1,Mid,Referral,iOS,2024-04-05,,,0.0,0.0,0.0,0.0,0.0,0,0,0,0,0,0,0,0,False,False,True,0,,No transaction,0 features,0 failed,2024-04
U01904,18-24,Tier 2,Mid,Referral,Android,2024-01-09,,,0.0,0.0,0.0,0.0,0.0,0,0,0,0,0,0,0,0,False,False,True,0,,No transaction,0 features,0 failed,2024-01
U01905,35-44,Tier 1,Mid,Paid Ads,iOS,2024-03-01,,,0.0,0.0,0.0,0.0,0.0,0,0,0,0,0,0,0,0,False,False,True,0,,No transaction,0 features,0 failed,2024-03
U01906,18-24,Tier 1,Mid,Branch,Android,2024-02-27,2024-02-28 16:01:00,2024-03-12 06:00:00,7.0,6.0,1.0,48796000.0,6970857.142857143,1,0,1,0,0,1,3,1,True,True,False,1,12.0,After 7 days,2+ features,1-2 failed,2024-02
U01907,55+,Tier 1,Mid,Referral,Android,2024-04-09,,,0.0,0.0,0.0,0.0,0.0,0,0,0,0,0,0,0,0,False,False,True,0,,No transaction,0 features,0 failed,2024-04
U01908,25-34,Tier 3,Mid,Organic,Android,2024-02-16,,,0.0,0.0,0.0,0.0,0.0,0,0,0,0,0,0,0,0,False,False,True,0,,No transaction,0 features,0 failed,2024-02
U01909,25-34,Tier 3,Mid,Partnership,Android,2024-03-06,2024-03-07 12:24:00,,0.0,0.0,0.0,0.0,0.0,0,0,0,0,0,0,0,0,False,False,True,1,,No transaction,0 features,0 failed,2024-03
U01910,18-24,Tier 2,Low,Organic,iOS,2024-03-16,2024-03-17 06:18:00,2024-03-24 03:00:00,15.0,14.0,1.0,18816000.0,1254400.0,1,0,0,1,1,1,4,1,True,True,False,1,6.0,Within 7 days,2+ features,1-2 failed,2024-03
U01911,25-34,Tier 1,High,Branch,Android,2024-01-14,2024-01-15 06:17:00,2024-01-22 11:00:00,10.0,9.0,1.0,274029000.0,27402900.0,0,1,0,0,1,1,3,1,True,True,False,1,7.0,Within 7 days,2+ features,1-2 failed,2024-01
U01912,45-54,Tier 3,Mid,Paid Ads,Android,2024-02-27,2024-02-29 02:08:00,2024-03-04 19:00:00,8.0,8.0,0.0,42709000.0,5338625.0,0,0,1,1,1,1,4,1,True,False,True,1,4.0,Within 7 days,2+ features,0 failed,2024-02
U01913,55+,Tier 1,Low,Branch,iOS,2024-03-05,,,0.0,0.0,0.0,0.0,0.0,0,0,0,0,0,0,0,0,False,False,True,0,,No transaction,0 features,0 failed,2024-03
U01914,25-34,Tier 1,High,Organic,Android,2024-01-29,,,0.0,0.0,0.0,0.0,0.0,0,0,0,0,0,0,0,0,False,False,True,0,,No transaction,0 features,0 failed,2024-01
U01915,25-34,Tier 1,High,Organic,iOS,2024-03-19,,,0.0,0.0,0.0,0.0,0.0,0,0,0,0,0,0,0,0,False,False,True,0,,No transaction,0 features,0 failed,2024-03
U01916,35-44,Tier 1,High,Paid Ads,Android,2024-01-06,2024-01-07 09:19:00,2024-01-08 00:00:00,13.0,13.0,0.0,324724000.0,24978769.230769232,1,1,1,1,1,0,5,1,True,False,True,1,0.0,Within 7 days,2+ features,0 failed,2024-01
U01917,45-54,Tier 1,High,Paid Ads,iOS,2024-04-03,,,0.0,0.0,0.0,0.0,0.0,0,0,0,0,0,0,0,0,False,False,True,0,,No transaction,0 features,0 failed,2024-04
U01918,25-34,Tier 3,High,Referral,iOS,2024-04-10,2024-04-11 04:08:00,2024-04-17 04:00:00,9.0,6.0,3.0,243654000.0,27072666.666666668,0,1,0,0,0,1,2,0,True,False,True,1,5.0,Within 7 days,2+ features,3+ failed,2024-04
U01919,25-34,Tier 2,Low,Branch,iOS,2024-04-26,2024-04-27 02:29:00,,0.0,0.0,0.0,0.0,0.0,0,0,0,0,0,0,0,0,False,False,True,1,,No transaction,0 features,0 failed,2024-04
U01920,25-34,Tier 1,High,Partnership,Android,2024-04-20,2024-04-21 08:09:00,,0.0,0.0,0.0,0.0,0.0,0,0,0,0,0,1,1,0,False,False,True,1,,No transaction,1 feature,0 failed,2024-04
U01921,35-44,Tier 3,High,Paid Ads,Android,2024-03-25,,,0.0,0.0,0.0,0.0,0.0,0,0,0,0,0,0,0,0,False,False,True,0,,No transaction,0 features,0 failed,2024-03
U01922,18-24,Tier 1,Low,Organic,iOS,2024-03-07,,,0.0,0.0,0.0,0.0,0.0,0,0,0,0,0,0,0,0,False,False,True,0,,No transaction,0 features,0 failed,2024-03
U01923,25-34,Tier 1,Low,Paid Ads,Android,2024-02-08,2024-02-09 11:26:00,,0.0,0.0,0.0,0.0,0.0,1,0,0,0,0,0,1,1,False,False,True,1,,No transaction,1 feature,0 failed,2024-02
U01924,25-34,Tier 2,High,Paid Ads,Android,2024-02-28,,,0.0,0.0,0.0,0.0,0.0,0,0,0,0,0,0,0,0,False,False,True,0,,No transaction,0 features,0 failed,2024-02
U01925,35-44,Tier 2,Low,Referral,iOS,2024-03-23,2024-03-24 06:19:00,2024-03-26 15:00:00,8.0,7.0,1.0,6926000.0,865750.0,0,1,0,0,0,0,1,0,False,False,True,1,2.0,Within 7 days,1 feature,1-2 failed,2024-03
U01926,18-24,Tier 1,High,Branch,Android,2024-01-04,,,0.0,0.0,0.0,0.0,0.0,0,0,0,0,0,0,0,0,False,False,True,0,,No transaction,0 features,0 failed,2024-01
U01927,25-34,Tier 1,Low,Organic,Android,2024-01-08,,,0.0,0.0,0.0,0.0,0.0,0,0,0,0,0,0,0,0,False,False,True,0,,No transaction,0 features,0 failed,2024-01
U01928,25-34,Tier 2,Low,Referral,iOS,2024-03-02,,,0.0,0.0,0.0,0.0,0.0,0,0,0,0,0,0,0,0,False,False,True,0,,No transaction,0 features,0 failed,2024-03
U01929,25-34,Tier 2,Mid,Organic,Android,2024-04-18,,,0.0,0.0,0.0,0.0,0.0,0,0,0,0,0,0,0,0,False,False,True,0,,No transaction,0 features,0 failed,2024-04
U01930,18-24,Tier 2,Low,Partnership,Android,2024-02-21,2024-02-22 09:08:00,2024-03-02 04:00:00,9.0,7.0,2.0,8602000.0,955777.7777777778,0,0,1,1,0,1,3,0,True,True,False,1,8.0,After 7 days,2+ features,1-2 failed,2024-02
U01931,25-34,Tier 1,Mid,Paid Ads,iOS,2024-02-24,2024-02-25 04:05:00,2024-02-26 03:00:00,6.0,6.0,0.0,31793000.0,5298833.333333333,0,0,0,1,0,0,1,0,True,True,False,1,0.0,Within 7 days,1 feature,0 failed,2024-02
U01932,25-34,Tier 1,Mid,Referral,iOS,2024-03-28,,,0.0,0.0,0.0,0.0,0.0,0,0,0,0,0,0,0,0,False,False,True,0,,No transaction,0 features,0 failed,2024-03
U01933,25-34,Tier 1,Low,Organic,Android,2024-01-14,,,0.0,0.0,0.0,0.0,0.0,0,0,0,0,0,0,0,0,False,False,True,0,,No transaction,0 features,0 failed,2024-01
U01934,25-34,Tier 1,Low,Organic,iOS,2024-03-03,,,0.0,0.0,0.0,0.0,0.0,0,0,0,0,0,0,0,0,False,False,True,0,,No transaction,0 features,0 failed,2024-03
U01935,35-44,Tier 3,Mid,Organic,iOS,2024-04-01,,,0.0,0.0,0.0,0.0,0.0,0,0,0,0,0,0,0,0,False,False,True,0,,No transaction,0 features,0 failed,2024-04
U01936,35-44,Tier 2,Low,Paid Ads,Android,2024-04-26,,,0.0,0.0,0.0,0.0,0.0,0,0,0,0,0,0,0,0,False,False,True,0,,No transaction,0 features,0 failed,2024-04
U01937,18-24,Tier 1,Mid,Organic,Android,2024-02-26,,,0.0,0.0,0.0,0.0,0.0,0,0,0,0,0,0,0,0,False,False,True,0,,No transaction,0 features,0 failed,2024-02
U01938,35-44,Tier 2,Mid,Referral,Android,2024-01-10,,,0.0,0.0,0.0,0.0,0.0,0,0,0,0,0,0,0,0,False,False,True,0,,No transaction,0 features,0 failed,2024-01
U01939,25-34,Tier 2,Low,Partnership,iOS,2024-04-25,,,0.0,0.0,0.0,0.0,0.0,0,0,0,0,0,0,0,0,False,False,True,0,,No transaction,0 features,0 failed,2024-04
U01940,18-24,Tier 1,Mid,Paid Ads,iOS,2024-01-11,,,0.0,0.0,0.0,0.0,0.0,0,0,0,0,0,0,0,0,False,False,True,0,,No transaction,0 features,0 failed,2024-01
U01941,18-24,Tier 3,Low,Paid Ads,Android,2024-02-11,,,0.0,0.0,0.0,0.0,0.0,0,0,0,0,0,0,0,0,False,False,True,0,,No transaction,0 features,0 failed,2024-02
U01942,25-34,Tier 3,Low,Organic,iOS,2024-03-18,2024-03-19 11:29:00,2024-03-20 06:00:00,20.0,19.0,1.0,18201000.0,910050.0,1,1,1,1,1,0,5,1,False,False,True,1,0.0,Within 7 days,2+ features,1-2 failed,2024-03
U01943,35-44,Tier 2,Low,Referral,iOS,2024-01-19,2024-01-20 04:29:00,2024-01-20 21:00:00,7.0,7.0,0.0,5843000.0,834714.2857142857,0,0,1,0,1,1,3,1,True,True,False,1,0.0,Within 7 days,2+ features,0 failed,2024-01
U01944,35-44,Tier 1,High,Paid Ads,Android,2024-01-09,2024-01-10 22:13:00,2024-01-20 16:00:00,4.0,3.0,1.0,117682000.0,29420500.0,0,1,0,0,0,0,1,0,True,True,False,1,9.0,After 7 days,1 feature,1-2 failed,2024-01
U01945,35-44,Tier 2,High,Organic,iOS,2024-01-17,2024-01-17 22:21:00,,0.0,0.0,0.0,0.0,0.0,0,0,0,1,1,0,2,1,True,True,False,1,,No transaction,2+ features,0 failed,2024-01
U01946,25-34,Tier 2,High,Organic,Android,2024-02-05,,,0.0,0.0,0.0,0.0,0.0,0,0,0,0,0,0,0,0,False,False,True,0,,No transaction,0 features,0 failed,2024-02
U01947,25-34,Tier 1,Mid,Partnership,iOS,2024-03-20,2024-03-21 07:14:00,2024-03-30 00:00:00,4.0,3.0,1.0,31644000.0,7911000.0,0,1,1,0,0,0,2,0,False,False,True,1,8.0,After 7 days,2+ features,1-2 failed,2024-03
U01948,18-24,Tier 1,Low,Branch,Android,2024-03-22,,,0.0,0.0,0.0,0.0,0.0,0,0,0,0,0,0,0,0,False,False,True,0,,No transaction,0 features,0 failed,2024-03
U01949,25-34,Tier 3,Mid,Organic,Android,2024-03-15,2024-03-16 05:16:00,2024-03-20 14:00:00,7.0,7.0,0.0,41067000.0,5866714.285714285,0,0,1,0,1,0,2,1,True,True,False,1,4.0,Within 7 days,2+ features,0 failed,2024-03
U01950,25-34,Tier 1,Mid,Referral,Android,2024-03-11,2024-03-12 07:22:00,2024-03-20 21:00:00,5.0,5.0,0.0,24937000.0,4987400.0,1,0,0,1,0,0,2,1,True,False,True,1,8.0,After 7 days,2+ features,0 failed,2024-03
U01951,18-24,Tier 2,High,Branch,Android,2024-04-01,,,0.0,0.0,0.0,0.0,0.0,0,0,0,0,0,0,0,0,False,False,True,0,,No transaction,0 features,0 failed,2024-04
U01952,18-24,Tier 2,Low,Organic,iOS,2024-02-11,2024-02-12 07:07:00,2024-03-20 23:00:00,1.0,1.0,0.0,1551000.0,1551000.0,0,0,0,0,0,0,0,0,True,False,True,1,37.0,After 7 days,0 features,0 failed,2024-02
U01953,25-34,Tier 1,Low,Paid Ads,Android,2024-02-18,,,0.0,0.0,0.0,0.0,0.0,0,0,0,0,0,0,0,0,False,False,True,0,,No transaction,0 features,0 failed,2024-02
U01954,35-44,Tier 1,Mid,Branch,iOS,2024-03-17,,,0.0,0.0,0.0,0.0,0.0,0,0,0,0,0,0,0,0,False,False,True,0,,No transaction,0 features,0 failed,2024-03
U01955,55+,Tier 3,High,Branch,Android,2024-03-08,2024-03-09 04:11:00,2024-03-14 00:00:00,11.0,11.0,0.0,212937000.0,19357909.09090909,0,1,0,0,1,1,3,1,False,False,True,1,4.0,Within 7 days,2+ features,0 failed,2024-03
U01956,45-54,Tier 1,High,Paid Ads,Android,2024-02-07,,,0.0,0.0,0.0,0.0,0.0,0,0,0,0,0,0,0,0,False,False,True,0,,No transaction,0 features,0 failed,2024-02
U01957,25-34,Tier 2,Mid,Organic,iOS,2024-02-28,,,0.0,0.0,0.0,0.0,0.0,0,0,0,0,0,0,0,0,False,False,True,0,,No transaction,0 features,0 failed,2024-02
U01958,25-34,Tier 2,High,Organic,iOS,2024-03-05,2024-03-06 12:20:00,2024-03-09 08:00:00,7.0,5.0,2.0,204951000.0,29278714.285714287,1,1,0,0,0,0,2,1,True,False,True,1,2.0,Within 7 days,2+ features,1-2 failed,2024-03
U01959,25-34,Tier 2,Mid,Partnership,iOS,2024-03-18,2024-03-19 14:08:00,2024-03-27 01:00:00,9.0,9.0,0.0,43344000.0,4816000.0,0,1,1,0,0,1,3,0,True,True,False,1,7.0,Within 7 days,2+ features,0 failed,2024-03
U01960,35-44,Tier 3,High,Branch,iOS,2024-02-25,,,0.0,0.0,0.0,0.0,0.0,0,0,0,0,0,0,0,0,False,False,True,0,,No transaction,0 features,0 failed,2024-02
U01961,18-24,Tier 2,High,Paid Ads,Android,2024-01-13,,,0.0,0.0,0.0,0.0,0.0,0,0,0,0,0,0,0,0,False,False,True,0,,No transaction,0 features,0 failed,2024-01
U01962,25-34,Tier 1,High,Partnership,Android,2024-04-11,2024-04-12 10:03:00,2024-04-17 06:00:00,9.0,9.0,0.0,124751000.0,13861222.222222222,0,1,1,0,0,1,3,0,True,True,False,1,4.0,Within 7 days,2+ features,0 failed,2024-04
U01963,35-44,Tier 3,Mid,Paid Ads,Android,2024-03-30,,,0.0,0.0,0.0,0.0,0.0,0,0,0,0,0,0,0,0,False,False,True,0,,No transaction,0 features,0 failed,2024-03
U01964,25-34,Tier 2,Low,Paid Ads,Android,2024-01-15,,,0.0,0.0,0.0,0.0,0.0,0,0,0,0,0,0,0,0,False,False,True,0,,No transaction,0 features,0 failed,2024-01
U01965,25-34,Tier 1,Mid,Partnership,iOS,2024-04-19,2024-04-19 22:20:00,,1.0,0.0,1.0,7737000.0,7737000.0,0,1,0,0,0,0,1,0,False,False,True,1,,No transaction,1 feature,1-2 failed,2024-04
U01966,25-34,Tier 1,Mid,Paid Ads,iOS,2024-03-24,2024-03-25 03:13:00,,0.0,0.0,0.0,0.0,0.0,0,0,0,0,0,0,0,0,False,False,True,1,,No transaction,0 features,0 failed,2024-03
U01967,18-24,Tier 3,High,Paid Ads,Android,2024-03-24,2024-03-25 07:18:00,2024-04-05 02:00:00,13.0,12.0,1.0,424929000.0,32686846.153846152,1,1,0,0,1,0,3,1,True,True,False,1,10.0,After 7 days,2+ features,1-2 failed,2024-03
U01968,25-34,Tier 1,Low,Organic,iOS,2024-04-22,,,0.0,0.0,0.0,0.0,0.0,0,0,0,0,0,0,0,0,False,False,True,0,,No transaction,0 features,0 failed,2024-04
U01969,25-34,Tier 2,Low,Paid Ads,iOS,2024-04-08,2024-04-10 03:26:00,2024-04-11 18:00:00,17.0,13.0,4.0,16821000.0,989470.5882352941,0,1,1,1,1,1,5,1,True,False,True,1,1.0,Within 7 days,2+ features,3+ failed,2024-04
U01970,18-24,Tier 2,Mid,Paid Ads,iOS,2024-03-11,,,0.0,0.0,0.0,0.0,0.0,0,0,0,0,0,0,0,0,False,False,True,0,,No transaction,0 features,0 failed,2024-03
U01971,18-24,Tier 1,Low,Referral,Android,2024-04-02,,,0.0,0.0,0.0,0.0,0.0,0,0,0,0,0,0,0,0,False,False,True,0,,No transaction,0 features,0 failed,2024-04
U01972,35-44,Tier 2,Mid,Partnership,Android,2024-04-20,2024-04-21 15:06:00,2024-05-25 09:00:00,3.0,2.0,1.0,9419000.0,3139666.6666666665,0,1,0,0,0,1,2,0,True,False,True,1,33.0,After 7 days,2+ features,1-2 failed,2024-04
U01973,18-24,Tier 1,Mid,Paid Ads,iOS,2024-01-28,,,0.0,0.0,0.0,0.0,0.0,0,0,0,0,0,0,0,0,False,False,True,0,,No transaction,0 features,0 failed,2024-01
U01974,25-34,Tier 1,Mid,Branch,iOS,2024-02-25,,,0.0,0.0,0.0,0.0,0.0,0,0,0,0,0,0,0,0,False,False,True,0,,No transaction,0 features,0 failed,2024-02
U01975,18-24,Tier 2,Low,Organic,Android,2024-02-27,,,0.0,0.0,0.0,0.0,0.0,0,0,0,0,0,0,0,0,False,False,True,0,,No transaction,0 features,0 failed,2024-02
U01976,45-54,Tier 1,High,Paid Ads,iOS,2024-04-23,,,0.0,0.0,0.0,0.0,0.0,0,0,0,0,0,0,0,0,False,False,True,0,,No transaction,0 features,0 failed,2024-04
U01977,18-24,Tier 2,Mid,Organic,Android,2024-01-30,2024-01-30 20:12:00,2024-02-14 13:00:00,3.0,3.0,0.0,13287000.0,4429000.0,0,1,0,0,0,0,1,0,True,True,False,1,14.0,After 7 days,1 feature,0 failed,2024-01
U01978,25-34,Tier 3,High,Branch,Android,2024-02-22,,,0.0,0.0,0.0,0.0,0.0,0,0,0,0,0,0,0,0,False,False,True,0,,No transaction,0 features,0 failed,2024-02
U01979,45-54,Tier 2,Mid,Organic,iOS,2024-02-13,2024-02-14 14:20:00,,0.0,0.0,0.0,0.0,0.0,0,0,0,0,0,1,1,0,True,True,False,1,,No transaction,1 feature,0 failed,2024-02
U01980,35-44,Tier 1,Low,Paid Ads,Android,2024-04-15,,,0.0,0.0,0.0,0.0,0.0,0,0,0,0,0,0,0,0,False,False,True,0,,No transaction,0 features,0 failed,2024-04
U01981,18-24,Tier 1,Low,Partnership,Android,2024-02-28,,,0.0,0.0,0.0,0.0,0.0,0,0,0,0,0,0,0,0,False,False,True,0,,No transaction,0 features,0 failed,2024-02
U01982,35-44,Tier 2,Low,Referral,Android,2024-02-21,2024-02-21 17:24:00,2024-03-28 03:00:00,1.0,1.0,0.0,1578000.0,1578000.0,0,0,0,0,0,1,1,0,False,False,True,1,35.0,After 7 days,1 feature,0 failed,2024-02
U01983,25-34,Tier 3,Mid,Branch,Android,2024-02-23,2024-02-24 09:22:00,2024-03-17 07:00:00,4.0,4.0,0.0,20016000.0,5004000.0,0,1,0,0,0,0,1,0,True,True,False,1,21.0,After 7 days,1 feature,0 failed,2024-02
U01984,25-34,Tier 3,Low,Partnership,Android,2024-04-03,,,0.0,0.0,0.0,0.0,0.0,0,0,0,0,0,0,0,0,False,False,True,0,,No transaction,0 features,0 failed,2024-04
U01985,18-24,Tier 3,Mid,Referral,Android,2024-01-13,,,0.0,0.0,0.0,0.0,0.0,0,0,0,0,0,0,0,0,False,False,True,0,,No transaction,0 features,0 failed,2024-01
U01986,18-24,Tier 1,Mid,Organic,iOS,2024-02-10,,,0.0,0.0,0.0,0.0,0.0,0,0,0,0,0,0,0,0,False,False,True,0,,No transaction,0 features,0 failed,2024-02
U01987,35-44,Tier 1,Low,Referral,iOS,2024-02-24,,,0.0,0.0,0.0,0.0,0.0,0,0,0,0,0,0,0,0,False,False,True,0,,No transaction,0 features,0 failed,2024-02
U01988,25-34,Tier 2,Low,Referral,Android,2024-02-10,,,0.0,0.0,0.0,0.0,0.0,0,0,0,0,0,0,0,0,False,False,True,0,,No transaction,0 features,0 failed,2024-02
U01989,25-34,Tier 1,Mid,Partnership,Android,2024-03-26,2024-03-27 02:01:00,2024-03-30 14:00:00,6.0,6.0,0.0,20850000.0,3475000.0,0,0,0,1,1,0,2,1,True,True,False,1,3.0,Within 7 days,2+ features,0 failed,2024-03
U01990,35-44,Tier 1,High,Branch,iOS,2024-02-02,2024-02-03 12:19:00,2024-02-05 07:00:00,9.0,9.0,0.0,187910000.0,20878888.888888888,0,1,0,1,0,1,3,0,True,False,True,1,1.0,Within 7 days,2+ features,0 failed,2024-02
U01991,35-44,Tier 3,Low,Organic,Android,2024-02-17,,,0.0,0.0,0.0,0.0,0.0,0,0,0,0,0,0,0,0,False,False,True,0,,No transaction,0 features,0 failed,2024-02
U01992,18-24,Tier 1,Low,Paid Ads,Android,2024-01-20,,,0.0,0.0,0.0,0.0,0.0,0,0,0,0,0,0,0,0,False,False,True,0,,No transaction,0 features,0 failed,2024-01
U01993,25-34,Tier 1,High,Paid Ads,Android,2024-03-28,,,0.0,0.0,0.0,0.0,0.0,0,0,0,0,0,0,0,0,False,False,True,0,,No transaction,0 features,0 failed,2024-03
U01994,18-24,Tier 1,Low,Organic,Android,2024-03-01,2024-03-02 06:27:00,,0.0,0.0,0.0,0.0,0.0,1,0,0,0,0,0,1,1,True,True,False,1,,No transaction,1 feature,0 failed,2024-03
U01995,35-44,Tier 3,High,Referral,Android,2024-01-09,2024-01-10 21:23:00,,0.0,0.0,0.0,0.0,0.0,0,0,0,0,0,0,0,0,True,False,True,1,,No transaction,0 features,0 failed,2024-01
U01996,35-44,Tier 2,Low,Referral,Android,2024-01-12,,,0.0,0.0,0.0,0.0,0.0,0,0,0,0,0,0,0,0,False,False,True,0,,No transaction,0 features,0 failed,2024-01
U01997,55+,Tier 2,High,Paid Ads,iOS,2024-04-16,,,0.0,0.0,0.0,0.0,0.0,0,0,0,0,0,0,0,0,False,False,True,0,,No transaction,0 features,0 failed,2024-04
U01998,18-24,Tier 3,Mid,Paid Ads,iOS,2024-01-11,,,0.0,0.0,0.0,0.0,0.0,0,0,0,0,0,0,0,0,False,False,True,0,,No transaction,0 features,0 failed,2024-01
U01999,18-24,Tier 1,High,Paid Ads,iOS,2024-01-12,,,0.0,0.0,0.0,0.0,0.0,0,0,0,0,0,0,0,0,False,False,True,0,,No transaction,0 features,0 failed,2024-01
U02000,18-24,Tier 2,Mid,Organic,Android,2024-02-25,,,0.0,0.0,0.0,0.0,0.0,0,0,0,0,0,0,0,0,False,False,True,0,,No transaction,0 features,0 failed,2024-02
U02001,18-24,Tier 1,Mid,Partnership,iOS,2024-01-13,,,0.0,0.0,0.0,0.0,0.0,0,0,0,0,0,0,0,0,False,False,True,0,,No transaction,0 features,0 failed,2024-01
U02002,18-24,Tier 1,Low,Paid Ads,Android,2024-04-05,,,0.0,0.0,0.0,0.0,0.0,0,0,0,0,0,0,0,0,False,False,True,0,,No transaction,0 features,0 failed,2024-04
U02003,45-54,Tier 3,Low,Partnership,Android,2024-04-04,2024-04-05 18:21:00,2024-04-09 09:00:00,8.0,7.0,1.0,9576000.0,1197000.0,0,1,0,1,0,0,2,0,True,False,True,1,3.0,Within 7 days,2+ features,1-2 failed,2024-04
U02004,18-24,Tier 2,Mid,Referral,iOS,2024-02-17,2024-02-18 02:05:00,2024-02-25 18:00:00,17.0,15.0,2.0,71144000.0,4184941.1764705884,0,1,1,0,1,1,4,1,True,False,True,1,7.0,Within 7 days,2+ features,1-2 failed,2024-02
U02005,18-24,Tier 1,Mid,Partnership,Android,2024-04-13,2024-04-14 05:01:00,2024-04-14 23:00:00,7.0,6.0,1.0,40912000.0,5844571.428571428,1,0,0,0,0,1,2,1,True,True,False,1,0.0,Within 7 days,2+ features,1-2 failed,2024-04
U02006,35-44,Tier 1,High,Partnership,Android,2024-01-17,,,0.0,0.0,0.0,0.0,0.0,0,0,0,0,0,0,0,0,False,False,True,0,,No transaction,0 features,0 failed,2024-01
U02007,25-34,Tier 2,Mid,Referral,Android,2024-03-12,2024-03-13 02:22:00,2024-03-16 21:00:00,14.0,13.0,1.0,82870000.0,5919285.714285715,1,1,1,1,1,0,5,1,True,False,True,1,3.0,Within 7 days,2+ features,1-2 failed,2024-03
U02008,35-44,Tier 1,High,Referral,iOS,2024-01-08,2024-01-09 01:09:00,2024-01-13 21:00:00,9.0,9.0,0.0,236184000.0,26242666.666666668,0,0,1,0,0,1,2,0,False,False,True,1,4.0,Within 7 days,2+ features,0 failed,2024-01
U02009,18-24,Tier 1,Mid,Branch,Android,2024-03-16,2024-03-17 11:19:00,,0.0,0.0,0.0,0.0,0.0,0,0,1,0,0,0,1,0,False,False,True,1,,No transaction,1 feature,0 failed,2024-03
U02010,25-34,Tier 1,High,Paid Ads,iOS,2024-03-12,,,0.0,0.0,0.0,0.0,0.0,0,0,0,0,0,0,0,0,False,False,True,0,,No transaction,0 features,0 failed,2024-03
U02011,18-24,Tier 1,High,Branch,iOS,2024-03-12,2024-03-12 22:26:00,2024-03-14 21:00:00,6.0,6.0,0.0,198270000.0,33045000.0,0,0,0,0,0,1,1,0,False,False,True,1,1.0,Within 7 days,1 feature,0 failed,2024-03
U02012,18-24,Tier 3,Mid,Partnership,iOS,2024-02-12,,,0.0,0.0,0.0,0.0,0.0,0,0,0,0,0,0,0,0,False,False,True,0,,No transaction,0 features,0 failed,2024-02
U02013,45-54,Tier 1,High,Paid Ads,Android,2024-03-26,,,0.0,0.0,0.0,0.0,0.0,0,0,0,0,0,0,0,0,False,False,True,0,,No transaction,0 features,0 failed,2024-03
U02014,18-24,Tier 1,High,Organic,Android,2024-01-16,2024-01-17 12:19:00,2024-01-24 20:00:00,7.0,5.0,2.0,201516000.0,28788000.0,1,0,0,1,0,1,3,1,True,True,False,1,7.0,Within 7 days,2+ features,1-2 failed,2024-01
U02015,25-34,Tier 2,Low,Referral,Android,2024-02-22,,,0.0,0.0,0.0,0.0,0.0,0,0,0,0,0,0,0,0,False,False,True,0,,No transaction,0 features,0 failed,2024-02
U02016,25-34,Tier 3,Mid,Branch,Android,2024-02-15,2024-02-16 13:07:00,2024-02-19 15:00:00,4.0,4.0,0.0,12789000.0,3197250.0,0,1,1,0,0,0,2,0,True,True,False,1,3.0,Within 7 days,2+ features,0 failed,2024-02
U02017,25-34,Tier 1,Low,Referral,iOS,2024-04-21,,,0.0,0.0,0.0,0.0,0.0,0,0,0,0,0,0,0,0,False,False,True,0,,No transaction,0 features,0 failed,2024-04
U02018,45-54,Tier 1,High,Organic,Android,2024-03-26,2024-03-26 20:17:00,2024-03-29 22:00:00,5.0,4.0,1.0,75159000.0,15031800.0,1,0,0,0,1,0,2,1,True,True,False,1,3.0,Within 7 days,2+ features,1-2 failed,2024-03
U02019,18-24,Tier 1,Low,Paid Ads,iOS,2024-04-06,,,0.0,0.0,0.0,0.0,0.0,0,0,0,0,0,0,0,0,False,False,True,0,,No transaction,0 features,0 failed,2024-04
U02020,35-44,Tier 2,Low,Paid Ads,Android,2024-02-24,,,0.0,0.0,0.0,0.0,0.0,0,0,0,0,0,0,0,0,False,False,True,0,,No transaction,0 features,0 failed,2024-02
U02021,55+,Tier 2,Mid,Referral,iOS,2024-04-21,2024-04-22 22:29:00,2024-04-28 07:00:00,8.0,8.0,0.0,38187000.0,4773375.0,1,1,0,0,1,0,3,1,True,True,False,1,5.0,Within 7 days,2+ features,0 failed,2024-04
U02022,25-34,Tier 3,Mid,Referral,Android,2024-04-02,2024-04-03 17:10:00,2024-04-10 04:00:00,11.0,11.0,0.0,53399000.0,4854454.545454546,1,0,1,0,1,0,3,1,False,False,True,1,6.0,Within 7 days,2+ features,0 failed,2024-04
U02023,45-54,Tier 3,High,Paid Ads,Android,2024-01-07,,,0.0,0.0,0.0,0.0,0.0,0,0,0,0,0,0,0,0,False,False,True,0,,No transaction,0 features,0 failed,2024-01
U02024,18-24,Tier 2,High,Organic,iOS,2024-02-06,,,0.0,0.0,0.0,0.0,0.0,0,0,0,0,0,0,0,0,False,False,True,0,,No transaction,0 features,0 failed,2024-02
U02025,25-34,Tier 2,Mid,Partnership,Android,2024-03-17,2024-03-18 16:08:00,,0.0,0.0,0.0,0.0,0.0,0,0,0,0,0,0,0,0,False,False,True,1,,No transaction,0 features,0 failed,2024-03
U02026,18-24,Tier 2,Low,Referral,Android,2024-02-09,,,0.0,0.0,0.0,0.0,0.0,0,0,0,0,0,0,0,0,False,False,True,0,,No transaction,0 features,0 failed,2024-02
U02027,35-44,Tier 1,Mid,Partnership,Android,2024-02-15,2024-02-16 20:07:00,2024-03-15 20:00:00,7.0,7.0,0.0,43864000.0,6266285.714285715,0,1,1,0,0,1,3,0,True,True,False,1,27.0,After 7 days,2+ features,0 failed,2024-02
U02028,55+,Tier 3,Mid,Partnership,Android,2024-01-14,2024-01-15 13:02:00,2024-01-30 19:00:00,6.0,6.0,0.0,26063000.0,4343833.333333333,0,0,1,1,0,0,2,0,True,True,False,1,15.0,After 7 days,2+ features,0 failed,2024-01
U02029,18-24,Tier 1,Mid,Paid Ads,iOS,2024-03-14,,,0.0,0.0,0.0,0.0,0.0,0,0,0,0,0,0,0,0,False,False,True,0,,No transaction,0 features,0 failed,2024-03
U02030,35-44,Tier 1,Mid,Referral,iOS,2024-03-05,2024-03-06 08:23:00,2024-03-13 04:00:00,7.0,4.0,3.0,41061000.0,5865857.142857143,0,0,0,1,0,1,2,0,True,False,True,1,6.0,Within 7 days,2+ features,3+ failed,2024-03
U02031,18-24,Tier 2,Mid,Paid Ads,Android,2024-01-28,,,0.0,0.0,0.0,0.0,0.0,0,0,0,0,0,0,0,0,False,False,True,0,,No transaction,0 features,0 failed,2024-01
U02032,25-34,Tier 1,Mid,Referral,Android,2024-01-20,,,0.0,0.0,0.0,0.0,0.0,0,0,0,0,0,0,0,0,False,False,True,0,,No transaction,0 features,0 failed,2024-01
U02033,25-34,Tier 2,Mid,Referral,iOS,2024-03-25,,,0.0,0.0,0.0,0.0,0.0,0,0,0,0,0,0,0,0,False,False,True,0,,No transaction,0 features,0 failed,2024-03
U02034,55+,Tier 2,Mid,Partnership,iOS,2024-03-02,,,0.0,0.0,0.0,0.0,0.0,0,0,0,0,0,0,0,0,False,False,True,0,,No transaction,0 features,0 failed,2024-03
U02035,25-34,Tier 1,High,Paid Ads,iOS,2024-01-29,,,0.0,0.0,0.0,0.0,0.0,0,0,0,0,0,0,0,0,False,False,True,0,,No transaction,0 features,0 failed,2024-01
U02036,25-34,Tier 3,Mid,Partnership,iOS,2024-04-18,,,0.0,0.0,0.0,0.0,0.0,0,0,0,0,0,0,0,0,False,False,True,0,,No transaction,0 features,0 failed,2024-04
U02037,18-24,Tier 1,Low,Organic,Android,2024-01-14,,,0.0,0.0,0.0,0.0,0.0,0,0,0,0,0,0,0,0,False,False,True,0,,No transaction,0 features,0 failed,2024-01
U02038,18-24,Tier 1,High,Organic,Android,2024-02-14,2024-02-15 16:02:00,,0.0,0.0,0.0,0.0,0.0,0,0,1,0,1,0,2,1,True,False,True,1,,No transaction,2+ features,0 failed,2024-02
U02039,18-24,Tier 2,Mid,Branch,Android,2024-04-18,,,0.0,0.0,0.0,0.0,0.0,0,0,0,0,0,0,0,0,False,False,True,0,,No transaction,0 features,0 failed,2024-04
U02040,18-24,Tier 2,Low,Paid Ads,Android,2024-03-12,,,0.0,0.0,0.0,0.0,0.0,0,0,0,0,0,0,0,0,False,False,True,0,,No transaction,0 features,0 failed,2024-03
U02041,45-54,Tier 2,Mid,Paid Ads,iOS,2024-02-17,,,0.0,0.0,0.0,0.0,0.0,0,0,0,0,0,0,0,0,False,False,True,0,,No transaction,0 features,0 failed,2024-02
U02042,25-34,Tier 1,Mid,Paid Ads,Android,2024-01-15,,,0.0,0.0,0.0,0.0,0.0,0,0,0,0,0,0,0,0,False,False,True,0,,No transaction,0 features,0 failed,2024-01
U02043,25-34,Tier 2,High,Organic,iOS,2024-04-07,,,0.0,0.0,0.0,0.0,0.0,0,0,0,0,0,0,0,0,False,False,True,0,,No transaction,0 features,0 failed,2024-04
U02044,18-24,Tier 1,Mid,Paid Ads,Android,2024-02-05,2024-02-06 06:19:00,2024-02-11 07:00:00,3.0,3.0,0.0,7577000.0,2525666.6666666665,1,0,0,0,0,1,2,1,True,True,False,1,5.0,Within 7 days,2+ features,0 failed,2024-02
U02045,45-54,Tier 3,Mid,Organic,iOS,2024-03-14,2024-03-15 10:23:00,,0.0,0.0,0.0,0.0,0.0,1,0,0,0,0,0,1,1,True,True,False,1,,No transaction,1 feature,0 failed,2024-03
U02046,35-44,Tier 1,Low,Paid Ads,Android,2024-01-29,,,0.0,0.0,0.0,0.0,0.0,0,0,0,0,0,0,0,0,False,False,True,0,,No transaction,0 features,0 failed,2024-01
U02047,18-24,Tier 2,Mid,Paid Ads,Android,2024-04-13,,,0.0,0.0,0.0,0.0,0.0,0,0,0,0,0,0,0,0,False,False,True,0,,No transaction,0 features,0 failed,2024-04
U02048,35-44,Tier 1,High,Branch,Android,2024-02-24,,,0.0,0.0,0.0,0.0,0.0,0,0,0,0,0,0,0,0,False,False,True,0,,No transaction,0 features,0 failed,2024-02
U02049,25-34,Tier 1,High,Paid Ads,iOS,2024-04-18,,,0.0,0.0,0.0,0.0,0.0,0,0,0,0,0,0,0,0,False,False,True,0,,No transaction,0 features,0 failed,2024-04
U02050,18-24,Tier 2,Low,Organic,Android,2024-03-12,2024-03-13 08:04:00,2024-03-24 08:00:00,3.0,3.0,0.0,2476000.0,825333.3333333334,1,0,0,1,0,0,2,1,True,True,False,1,10.0,After 7 days,2+ features,0 failed,2024-03
U02051,25-34,Tier 3,Low,Paid Ads,iOS,2024-04-08,,,0.0,0.0,0.0,0.0,0.0,0,0,0,0,0,0,0,0,False,False,True,0,,No transaction,0 features,0 failed,2024-04
U02052,25-34,Tier 2,Mid,Organic,Android,2024-04-14,2024-04-16 00:02:00,2024-06-14 15:00:00,1.0,1.0,0.0,1450000.0,1450000.0,0,0,0,0,1,0,1,1,True,False,True,1,59.0,After 7 days,1 feature,0 failed,2024-04
U02053,18-24,Tier 3,Mid,Organic,Android,2024-03-20,2024-03-21 10:10:00,2024-04-08 11:00:00,7.0,7.0,0.0,46456000.0,6636571.428571428,0,0,1,0,0,1,2,0,True,True,False,1,18.0,After 7 days,2+ features,0 failed,2024-03
U02054,45-54,Tier 2,Mid,Organic,iOS,2024-03-19,2024-03-20 04:19:00,,0.0,0.0,0.0,0.0,0.0,0,0,0,0,0,0,0,0,False,False,True,1,,No transaction,0 features,0 failed,2024-03
U02055,35-44,Tier 2,Mid,Paid Ads,Android,2024-03-27,,,0.0,0.0,0.0,0.0,0.0,0,0,0,0,0,0,0,0,False,False,True,0,,No transaction,0 features,0 failed,2024-03
U02056,35-44,Tier 1,Mid,Organic,Android,2024-03-23,,,0.0,0.0,0.0,0.0,0.0,0,0,0,0,0,0,0,0,False,False,True,0,,No transaction,0 features,0 failed,2024-03
U02057,25-34,Tier 3,High,Paid Ads,Android,2024-03-12,,,0.0,0.0,0.0,0.0,0.0,0,0,0,0,0,0,0,0,False,False,True,0,,No transaction,0 features,0 failed,2024-03
U02058,25-34,Tier 1,Mid,Branch,iOS,2024-01-04,2024-01-05 13:12:00,2024-01-15 23:00:00,4.0,4.0,0.0,11951000.0,2987750.0,0,0,0,1,0,0,1,0,False,False,True,1,10.0,After 7 days,1 feature,0 failed,2024-01
U02059,35-44,Tier 3,Low,Paid Ads,Android,2024-03-18,,,0.0,0.0,0.0,0.0,0.0,0,0,0,0,0,0,0,0,False,False,True,0,,No transaction,0 features,0 failed,2024-03
U02060,25-34,Tier 3,Mid,Organic,Android,2024-03-25,,,0.0,0.0,0.0,0.0,0.0,0,0,0,0,0,0,0,0,False,False,True,0,,No transaction,0 features,0 failed,2024-03
U02061,18-24,Tier 3,High,Organic,Android,2024-04-16,,,0.0,0.0,0.0,0.0,0.0,0,0,0,0,0,0,0,0,False,False,True,0,,No transaction,0 features,0 failed,2024-04
U02062,25-34,Tier 2,Mid,Paid Ads,Android,2024-03-29,,,0.0,0.0,0.0,0.0,0.0,0,0,0,0,0,0,0,0,False,False,True,0,,No transaction,0 features,0 failed,2024-03
U02063,35-44,Tier 2,Mid,Partnership,Android,2024-02-04,,,0.0,0.0,0.0,0.0,0.0,0,0,0,0,0,0,0,0,False,False,True,0,,No transaction,0 features,0 failed,2024-02
U02064,25-34,Tier 2,Mid,Organic,iOS,2024-01-04,2024-01-05 22:27:00,2024-02-01 06:00:00,1.0,1.0,0.0,2449000.0,2449000.0,0,0,0,0,1,0,1,1,True,False,True,1,26.0,After 7 days,1 feature,0 failed,2024-01
U02065,18-24,Tier 1,High,Partnership,iOS,2024-01-24,,,0.0,0.0,0.0,0.0,0.0,0,0,0,0,0,0,0,0,False,False,True,0,,No transaction,0 features,0 failed,2024-01
U02066,35-44,Tier 2,Mid,Paid Ads,Android,2024-02-04,,,0.0,0.0,0.0,0.0,0.0,0,0,0,0,0,0,0,0,False,False,True,0,,No transaction,0 features,0 failed,2024-02
U02067,18-24,Tier 1,Mid,Paid Ads,iOS,2024-03-30,,,0.0,0.0,0.0,0.0,0.0,0,0,0,0,0,0,0,0,False,False,True,0,,No transaction,0 features,0 failed,2024-03
U02068,18-24,Tier 2,High,Branch,iOS,2024-04-07,2024-04-07 18:19:00,2024-04-12 19:00:00,4.0,4.0,0.0,57168000.0,14292000.0,0,0,0,0,1,1,2,1,True,True,False,1,5.0,Within 7 days,2+ features,0 failed,2024-04
U02069,18-24,Tier 1,High,Paid Ads,iOS,2024-02-09,,,0.0,0.0,0.0,0.0,0.0,0,0,0,0,0,0,0,0,False,False,True,0,,No transaction,0 features,0 failed,2024-02
U02070,25-34,Tier 1,Mid,Partnership,Android,2024-02-13,,,0.0,0.0,0.0,0.0,0.0,0,0,0,0,0,0,0,0,False,False,True,0,,No transaction,0 features,0 failed,2024-02
U02071,35-44,Tier 1,Mid,Referral,Android,2024-02-14,,,0.0,0.0,0.0,0.0,0.0,0,0,0,0,0,0,0,0,False,False,True,0,,No transaction,0 features,0 failed,2024-02
U02072,25-34,Tier 1,Mid,Paid Ads,iOS,2024-01-01,,,0.0,0.0,0.0,0.0,0.0,0,0,0,0,0,0,0,0,False,False,True,0,,No transaction,0 features,0 failed,2024-01
U02073,18-24,Tier 2,Low,Paid Ads,Android,2024-01-24,,,0.0,0.0,0.0,0.0,0.0,0,0,0,0,0,0,0,0,False,False,True,0,,No transaction,0 features,0 failed,2024-01
U02074,45-54,Tier 1,High,Referral,Android,2024-04-21,,,0.0,0.0,0.0,0.0,0.0,0,0,0,0,0,0,0,0,False,False,True,0,,No transaction,0 features,0 failed,2024-04
U02075,45-54,Tier 2,Mid,Paid Ads,iOS,2024-01-19,,,0.0,0.0,0.0,0.0,0.0,0,0,0,0,0,0,0,0,False,False,True,0,,No transaction,0 features,0 failed,2024-01
U02076,45-54,Tier 1,High,Organic,Android,2024-03-13,,,0.0,0.0,0.0,0.0,0.0,0,0,0,0,0,0,0,0,False,False,True,0,,No transaction,0 features,0 failed,2024-03
U02077,18-24,Tier 2,Low,Organic,Android,2024-03-25,,,0.0,0.0,0.0,0.0,0.0,0,0,0,0,0,0,0,0,False,False,True,0,,No transaction,0 features,0 failed,2024-03
U02078,25-34,Tier 2,Mid,Referral,Android,2024-02-21,,,0.0,0.0,0.0,0.0,0.0,0,0,0,0,0,0,0,0,False,False,True,0,,No transaction,0 features,0 failed,2024-02
U02079,55+,Tier 2,Low,Paid Ads,iOS,2024-01-09,,,0.0,0.0,0.0,0.0,0.0,0,0,0,0,0,0,0,0,False,False,True,0,,No transaction,0 features,0 failed,2024-01
U02080,35-44,Tier 2,Mid,Branch,Android,2024-01-19,,,0.0,0.0,0.0,0.0,0.0,0,0,0,0,0,0,0,0,False,False,True,0,,No transaction,0 features,0 failed,2024-01
U02081,18-24,Tier 1,Mid,Paid Ads,iOS,2024-04-04,,,0.0,0.0,0.0,0.0,0.0,0,0,0,0,0,0,0,0,False,False,True,0,,No transaction,0 features,0 failed,2024-04
U02082,18-24,Tier 2,Mid,Paid Ads,Android,2024-03-22,2024-03-23 11:02:00,2024-03-28 13:00:00,14.0,12.0,2.0,76557000.0,5468357.142857143,1,1,1,0,1,0,4,1,True,False,True,1,5.0,Within 7 days,2+ features,1-2 failed,2024-03
U02083,25-34,Tier 1,Low,Organic,Android,2024-01-04,2024-01-05 11:24:00,2024-01-12 20:00:00,7.0,7.0,0.0,6393000.0,913285.7142857143,0,0,0,1,0,0,1,0,True,False,True,1,7.0,Within 7 days,1 feature,0 failed,2024-01
U02084,45-54,Tier 2,Low,Branch,Android,2024-01-12,2024-01-13 15:11:00,2024-01-20 10:00:00,4.0,4.0,0.0,4601000.0,1150250.0,0,0,0,1,1,0,2,1,False,False,True,1,6.0,Within 7 days,2+ features,0 failed,2024-01
U02085,25-34,Tier 2,Low,Paid Ads,Android,2024-04-05,,,0.0,0.0,0.0,0.0,0.0,0,0,0,0,0,0,0,0,False,False,True,0,,No transaction,0 features,0 failed,2024-04
U02086,25-34,Tier 1,Low,Partnership,Android,2024-03-08,,,0.0,0.0,0.0,0.0,0.0,0,0,0,0,0,0,0,0,False,False,True,0,,No transaction,0 features,0 failed,2024-03
U02087,18-24,Tier 2,Mid,Partnership,Android,2024-01-28,2024-01-28 21:11:00,2024-02-16 13:00:00,1.0,1.0,0.0,5898000.0,5898000.0,1,0,0,0,0,0,1,1,True,False,True,1,18.0,After 7 days,1 feature,0 failed,2024-01
U02088,35-44,Tier 2,Mid,Referral,iOS,2024-02-18,,,0.0,0.0,0.0,0.0,0.0,0,0,0,0,0,0,0,0,False,False,True,0,,No transaction,0 features,0 failed,2024-02
U02089,35-44,Tier 1,Mid,Paid Ads,Android,2024-02-23,,,0.0,0.0,0.0,0.0,0.0,0,0,0,0,0,0,0,0,False,False,True,0,,No transaction,0 features,0 failed,2024-02
U02090,25-34,Tier 1,Mid,Branch,Android,2024-02-28,,,0.0,0.0,0.0,0.0,0.0,0,0,0,0,0,0,0,0,False,False,True,0,,No transaction,0 features,0 failed,2024-02
U02091,35-44,Tier 1,Low,Organic,Android,2024-02-13,,,0.0,0.0,0.0,0.0,0.0,0,0,0,0,0,0,0,0,False,False,True,0,,No transaction,0 features,0 failed,2024-02
U02092,55+,Tier 3,Low,Paid Ads,iOS,2024-01-21,,,0.0,0.0,0.0,0.0,0.0,0,0,0,0,0,0,0,0,False,False,True,0,,No transaction,0 features,0 failed,2024-01
U02093,18-24,Tier 2,Low,Branch,Android,2024-02-17,,,0.0,0.0,0.0,0.0,0.0,0,0,0,0,0,0,0,0,False,False,True,0,,No transaction,0 features,0 failed,2024-02
U02094,25-34,Tier 1,High,Referral,Android,2024-02-09,,,0.0,0.0,0.0,0.0,0.0,0,0,0,0,0,0,0,0,False,False,True,0,,No transaction,0 features,0 failed,2024-02
U02095,18-24,Tier 1,Mid,Partnership,iOS,2024-04-02,,,0.0,0.0,0.0,0.0,0.0,0,0,0,0,0,0,0,0,False,False,True,0,,No transaction,0 features,0 failed,2024-04
U02096,35-44,Tier 2,Low,Branch,Android,2024-02-11,,,0.0,0.0,0.0,0.0,0.0,0,0,0,0,0,0,0,0,False,False,True,0,,No transaction,0 features,0 failed,2024-02
U02097,25-34,Tier 3,Low,Paid Ads,Android,2024-04-09,2024-04-10 00:08:00,2024-04-18 00:00:00,7.0,6.0,1.0,7941000.0,1134428.5714285714,0,1,1,0,0,1,3,0,False,False,True,1,7.0,Within 7 days,2+ features,1-2 failed,2024-04
U02098,25-34,Tier 1,High,Organic,Android,2024-03-13,2024-03-13 19:07:00,,0.0,0.0,0.0,0.0,0.0,0,0,0,0,0,0,0,0,False,False,True,1,,No transaction,0 features,0 failed,2024-03
U02099,35-44,Tier 1,Mid,Referral,iOS,2024-03-17,2024-03-18 05:14:00,,0.0,0.0,0.0,0.0,0.0,0,1,0,0,0,0,1,0,True,True,False,1,,No transaction,1 feature,0 failed,2024-03
U02100,25-34,Tier 3,Mid,Organic,Android,2024-01-11,,,0.0,0.0,0.0,0.0,0.0,0,0,0,0,0,0,0,0,False,False,True,0,,No transaction,0 features,0 failed,2024-01
U02101,45-54,Tier 1,Mid,Partnership,Android,2024-04-23,,,0.0,0.0,0.0,0.0,0.0,0,0,0,0,0,0,0,0,False,False,True,0,,No transaction,0 features,0 failed,2024-04
U02102,25-34,Tier 1,Low,Partnership,iOS,2024-01-07,,,0.0,0.0,0.0,0.0,0.0,0,0,0,0,0,0,0,0,False,False,True,0,,No transaction,0 features,0 failed,2024-01
U02103,18-24,Tier 3,High,Paid Ads,Android,2024-01-20,,,0.0,0.0,0.0,0.0,0.0,0,0,0,0,0,0,0,0,False,False,True,0,,No transaction,0 features,0 failed,2024-01
U02104,35-44,Tier 2,Mid,Referral,iOS,2024-01-21,2024-01-22 12:21:00,2024-02-18 17:00:00,2.0,2.0,0.0,11615000.0,5807500.0,0,1,0,0,0,0,1,0,False,False,True,1,27.0,After 7 days,1 feature,0 failed,2024-01
U02105,35-44,Tier 1,Mid,Organic,Android,2024-04-06,,,0.0,0.0,0.0,0.0,0.0,0,0,0,0,0,0,0,0,False,False,True,0,,No transaction,0 features,0 failed,2024-04
U02106,25-34,Tier 1,High,Partnership,Android,2024-03-20,,,0.0,0.0,0.0,0.0,0.0,0,0,0,0,0,0,0,0,False,False,True,0,,No transaction,0 features,0 failed,2024-03
U02107,45-54,Tier 1,Mid,Paid Ads,Android,2024-01-07,2024-01-08 15:09:00,2024-01-09 04:00:00,13.0,12.0,1.0,66301000.0,5100076.923076923,1,1,1,1,1,0,5,1,True,True,False,1,0.0,Within 7 days,2+ features,1-2 failed,2024-01
U02108,45-54,Tier 1,Low,Branch,Android,2024-03-27,,,0.0,0.0,0.0,0.0,0.0,0,0,0,0,0,0,0,0,False,False,True,0,,No transaction,0 features,0 failed,2024-03
U02109,18-24,Tier 3,Mid,Paid Ads,Android,2024-01-11,2024-01-12 14:03:00,2024-01-20 07:00:00,6.0,5.0,1.0,30742000.0,5123666.666666667,0,0,1,0,0,1,2,0,True,False,True,1,7.0,Within 7 days,2+ features,1-2 failed,2024-01
U02110,55+,Tier 1,Low,Partnership,Android,2024-02-04,,,0.0,0.0,0.0,0.0,0.0,0,0,0,0,0,0,0,0,False,False,True,0,,No transaction,0 features,0 failed,2024-02
U02111,18-24,Tier 2,Low,Paid Ads,Android,2024-02-26,,,0.0,0.0,0.0,0.0,0.0,0,0,0,0,0,0,0,0,False,False,True,0,,No transaction,0 features,0 failed,2024-02
U02112,18-24,Tier 3,Mid,Paid Ads,iOS,2024-03-25,,,0.0,0.0,0.0,0.0,0.0,0,0,0,0,0,0,0,0,False,False,True,0,,No transaction,0 features,0 failed,2024-03
U02113,18-24,Tier 1,Low,Referral,Android,2024-02-24,,,0.0,0.0,0.0,0.0,0.0,0,0,0,0,0,0,0,0,False,False,True,0,,No transaction,0 features,0 failed,2024-02
U02114,45-54,Tier 1,High,Branch,iOS,2024-03-03,,,0.0,0.0,0.0,0.0,0.0,0,0,0,0,0,0,0,0,False,False,True,0,,No transaction,0 features,0 failed,2024-03
U02115,35-44,Tier 2,High,Paid Ads,iOS,2024-03-18,,,0.0,0.0,0.0,0.0,0.0,0,0,0,0,0,0,0,0,False,False,True,0,,No transaction,0 features,0 failed,2024-03
U02116,18-24,Tier 3,Low,Referral,iOS,2024-02-26,,,0.0,0.0,0.0,0.0,0.0,0,0,0,0,0,0,0,0,False,False,True,0,,No transaction,0 features,0 failed,2024-02
U02117,25-34,Tier 3,Mid,Organic,iOS,2024-02-23,,,0.0,0.0,0.0,0.0,0.0,0,0,0,0,0,0,0,0,False,False,True,0,,No transaction,0 features,0 failed,2024-02
U02118,25-34,Tier 1,High,Referral,Android,2024-02-04,,,0.0,0.0,0.0,0.0,0.0,0,0,0,0,0,0,0,0,False,False,True,0,,No transaction,0 features,0 failed,2024-02
U02119,18-24,Tier 2,Mid,Paid Ads,iOS,2024-01-28,,,0.0,0.0,0.0,0.0,0.0,0,0,0,0,0,0,0,0,False,False,True,0,,No transaction,0 features,0 failed,2024-01
U02120,45-54,Tier 2,Mid,Referral,iOS,2024-04-06,2024-04-07 01:13:00,2024-04-10 22:00:00,8.0,8.0,0.0,50202000.0,6275250.0,0,1,0,0,0,0,1,0,True,True,False,1,3.0,Within 7 days,1 feature,0 failed,2024-04
U02121,35-44,Tier 3,Mid,Organic,iOS,2024-03-06,,,0.0,0.0,0.0,0.0,0.0,0,0,0,0,0,0,0,0,False,False,True,0,,No transaction,0 features,0 failed,2024-03
U02122,25-34,Tier 1,Mid,Paid Ads,Android,2024-01-15,,,0.0,0.0,0.0,0.0,0.0,0,0,0,0,0,0,0,0,False,False,True,0,,No transaction,0 features,0 failed,2024-01
U02123,55+,Tier 2,Mid,Organic,iOS,2024-02-14,,,0.0,0.0,0.0,0.0,0.0,0,0,0,0,0,0,0,0,False,False,True,0,,No transaction,0 features,0 failed,2024-02
U02124,25-34,Tier 3,High,Partnership,iOS,2024-02-25,,,0.0,0.0,0.0,0.0,0.0,0,0,0,0,0,0,0,0,False,False,True,0,,No transaction,0 features,0 failed,2024-02
U02125,55+,Tier 1,Mid,Paid Ads,iOS,2024-01-15,,,0.0,0.0,0.0,0.0,0.0,0,0,0,0,0,0,0,0,False,False,True,0,,No transaction,0 features,0 failed,2024-01
U02126,35-44,Tier 2,High,Paid Ads,Android,2024-02-06,,,0.0,0.0,0.0,0.0,0.0,0,0,0,0,0,0,0,0,False,False,True,0,,No transaction,0 features,0 failed,2024-02
U02127,25-34,Tier 1,Low,Organic,Android,2024-03-27,2024-03-28 14:13:00,2024-04-11 11:00:00,2.0,2.0,0.0,1355000.0,677500.0,0,0,0,0,1,0,1,1,True,False,True,1,13.0,After 7 days,1 feature,0 failed,2024-03
U02128,18-24,Tier 1,High,Referral,iOS,2024-03-27,2024-03-28 09:24:00,,0.0,0.0,0.0,0.0,0.0,1,0,0,0,0,0,1,1,True,True,False,1,,No transaction,1 feature,0 failed,2024-03
U02129,45-54,Tier 1,Mid,Referral,Android,2024-03-16,,,0.0,0.0,0.0,0.0,0.0,0,0,0,0,0,0,0,0,False,False,True,0,,No transaction,0 features,0 failed,2024-03
U02130,25-34,Tier 3,Mid,Partnership,Android,2024-03-03,2024-03-04 15:13:00,2024-04-02 06:00:00,2.0,2.0,0.0,12133000.0,6066500.0,0,0,0,1,0,0,1,0,True,False,True,1,28.0,After 7 days,1 feature,0 failed,2024-03
U02131,18-24,Tier 1,Mid,Partnership,iOS,2024-03-08,,,0.0,0.0,0.0,0.0,0.0,0,0,0,0,0,0,0,0,False,False,True,0,,No transaction,0 features,0 failed,2024-03
U02132,18-24,Tier 2,Low,Organic,Android,2024-03-26,,,0.0,0.0,0.0,0.0,0.0,0,0,0,0,0,0,0,0,False,False,True,0,,No transaction,0 features,0 failed,2024-03
U02133,25-34,Tier 2,Low,Paid Ads,Android,2024-02-09,,,0.0,0.0,0.0,0.0,0.0,0,0,0,0,0,0,0,0,False,False,True,0,,No transaction,0 features,0 failed,2024-02
U02134,25-34,Tier 1,Low,Organic,Android,2024-01-06,2024-01-07 00:22:00,2024-01-08 21:00:00,9.0,6.0,3.0,9789000.0,1087666.6666666667,1,1,0,0,1,0,3,1,True,False,True,1,1.0,Within 7 days,2+ features,3+ failed,2024-01
U02135,35-44,Tier 2,Low,Branch,Android,2024-01-29,,,0.0,0.0,0.0,0.0,0.0,0,0,0,0,0,0,0,0,False,False,True,0,,No transaction,0 features,0 failed,2024-01
U02136,45-54,Tier 2,Mid,Branch,Android,2024-02-20,,,0.0,0.0,0.0,0.0,0.0,0,0,0,0,0,0,0,0,False,False,True,0,,No transaction,0 features,0 failed,2024-02
U02137,18-24,Tier 3,Mid,Paid Ads,Android,2024-03-17,2024-03-18 10:03:00,2024-03-22 05:00:00,5.0,4.0,1.0,27932000.0,5586400.0,0,0,1,0,1,0,2,1,False,False,True,1,3.0,Within 7 days,2+ features,1-2 failed,2024-03
U02138,35-44,Tier 2,Mid,Paid Ads,Android,2024-01-08,,,0.0,0.0,0.0,0.0,0.0,0,0,0,0,0,0,0,0,False,False,True,0,,No transaction,0 features,0 failed,2024-01
U02139,18-24,Tier 2,Low,Partnership,Android,2024-01-01,2024-01-02 23:08:00,2024-01-17 12:00:00,7.0,7.0,0.0,7877000.0,1125285.7142857143,1,0,1,0,1,0,3,1,True,True,False,1,14.0,After 7 days,2+ features,0 failed,2024-01
U02140,45-54,Tier 1,High,Paid Ads,iOS,2024-01-27,,,0.0,0.0,0.0,0.0,0.0,0,0,0,0,0,0,0,0,False,False,True,0,,No transaction,0 features,0 failed,2024-01
U02141,35-44,Tier 3,Mid,Paid Ads,Android,2024-02-08,,,0.0,0.0,0.0,0.0,0.0,0,0,0,0,0,0,0,0,False,False,True,0,,No transaction,0 features,0 failed,2024-02
U02142,25-34,Tier 1,High,Branch,Android,2024-01-28,,,0.0,0.0,0.0,0.0,0.0,0,0,0,0,0,0,0,0,False,False,True,0,,No transaction,0 features,0 failed,2024-01
U02143,35-44,Tier 2,Mid,Paid Ads,Android,2024-04-08,,,0.0,0.0,0.0,0.0,0.0,0,0,0,0,0,0,0,0,False,False,True,0,,No transaction,0 features,0 failed,2024-04
U02144,25-34,Tier 1,Low,Paid Ads,iOS,2024-01-18,,,0.0,0.0,0.0,0.0,0.0,0,0,0,0,0,0,0,0,False,False,True,0,,No transaction,0 features,0 failed,2024-01
U02145,25-34,Tier 3,Mid,Partnership,iOS,2024-04-07,,,0.0,0.0,0.0,0.0,0.0,0,0,0,0,0,0,0,0,False,False,True,0,,No transaction,0 features,0 failed,2024-04
U02146,35-44,Tier 2,Mid,Paid Ads,Android,2024-02-02,,,0.0,0.0,0.0,0.0,0.0,0,0,0,0,0,0,0,0,False,False,True,0,,No transaction,0 features,0 failed,2024-02
U02147,25-34,Tier 2,Low,Paid Ads,Android,2024-02-07,,,0.0,0.0,0.0,0.0,0.0,0,0,0,0,0,0,0,0,False,False,True,0,,No transaction,0 features,0 failed,2024-02
U02148,25-34,Tier 1,Low,Organic,Android,2024-02-11,2024-02-13 00:23:00,,0.0,0.0,0.0,0.0,0.0,0,0,0,1,0,0,1,0,False,False,True,1,,No transaction,1 feature,0 failed,2024-02
U02149,25-34,Tier 1,Low,Referral,iOS,2024-01-16,2024-01-17 09:30:00,2024-02-22 07:00:00,7.0,5.0,2.0,4853000.0,693285.7142857143,0,0,0,1,0,1,2,0,True,True,False,1,35.0,After 7 days,2+ features,1-2 failed,2024-01
U02150,35-44,Tier 2,Low,Organic,Android,2024-01-01,,,0.0,0.0,0.0,0.0,0.0,0,0,0,0,0,0,0,0,False,False,True,0,,No transaction,0 features,0 failed,2024-01
U02151,25-34,Tier 2,Mid,Paid Ads,Android,2024-03-04,2024-03-05 22:01:00,,0.0,0.0,0.0,0.0,0.0,0,0,1,0,0,0,1,0,False,False,True,1,,No transaction,1 feature,0 failed,2024-03
U02152,18-24,Tier 1,Mid,Paid Ads,iOS,2024-04-05,,,0.0,0.0,0.0,0.0,0.0,0,0,0,0,0,0,0,0,False,False,True,0,,No transaction,0 features,0 failed,2024-04
U02153,35-44,Tier 3,Low,Branch,iOS,2024-02-25,2024-02-27 00:16:00,2024-03-01 23:00:00,7.0,7.0,0.0,8118000.0,1159714.2857142857,1,0,0,0,0,0,1,1,False,False,True,1,3.0,Within 7 days,1 feature,0 failed,2024-02
U02154,35-44,Tier 3,Mid,Paid Ads,Android,2024-01-23,2024-01-24 14:22:00,2024-01-25 17:00:00,7.0,6.0,1.0,26602000.0,3800285.714285714,0,1,0,1,0,1,3,0,True,False,True,1,1.0,Within 7 days,2+ features,1-2 failed,2024-01
U02155,18-24,Tier 1,Mid,Partnership,iOS,2024-01-17,2024-01-17 16:28:00,2024-02-11 21:00:00,1.0,1.0,0.0,283000.0,283000.0,0,0,0,0,1,0,1,1,False,False,True,1,25.0,After 7 days,1 feature,0 failed,2024-01
U02156,18-24,Tier 3,Low,Referral,Android,2024-02-18,,,0.0,0.0,0.0,0.0,0.0,0,0,0,0,0,0,0,0,False,False,True,0,,No transaction,0 features,0 failed,2024-02
U02157,18-24,Tier 2,Low,Partnership,iOS,2024-03-09,2024-03-10 10:09:00,2024-04-18 08:00:00,4.0,4.0,0.0,3980000.0,995000.0,0,0,1,0,1,0,2,1,True,False,True,1,38.0,After 7 days,2+ features,0 failed,2024-03
U02158,25-34,Tier 2,Low,Paid Ads,Android,2024-03-31,,,0.0,0.0,0.0,0.0,0.0,0,0,0,0,0,0,0,0,False,False,True,0,,No transaction,0 features,0 failed,2024-03
U02159,25-34,Tier 1,Mid,Paid Ads,Android,2024-01-30,2024-01-31 08:06:00,2024-02-05 07:00:00,12.0,12.0,0.0,56663000.0,4721916.666666667,1,1,0,1,0,1,4,1,False,False,True,1,4.0,Within 7 days,2+ features,0 failed,2024-01
U02160,35-44,Tier 2,Low,Referral,iOS,2024-03-05,,,0.0,0.0,0.0,0.0,0.0,0,0,0,0,0,0,0,0,False,False,True,0,,No transaction,0 features,0 failed,2024-03
U02161,35-44,Tier 2,Mid,Paid Ads,Android,2024-03-12,,,0.0,0.0,0.0,0.0,0.0,0,0,0,0,0,0,0,0,False,False,True,0,,No transaction,0 features,0 failed,2024-03
U02162,25-34,Tier 1,Mid,Paid Ads,Android,2024-04-16,,,0.0,0.0,0.0,0.0,0.0,0,0,0,0,0,0,0,0,False,False,True,0,,No transaction,0 features,0 failed,2024-04
U02163,25-34,Tier 2,Mid,Paid Ads,Android,2024-03-26,2024-03-28 03:08:00,,0.0,0.0,0.0,0.0,0.0,0,1,0,0,0,0,1,0,False,False,True,1,,No transaction,1 feature,0 failed,2024-03
U02164,35-44,Tier 2,Low,Branch,Android,2024-04-13,2024-04-14 09:18:00,2024-04-15 04:00:00,9.0,9.0,0.0,12103000.0,1344777.7777777778,0,1,1,0,1,1,4,1,True,True,False,1,0.0,Within 7 days,2+ features,0 failed,2024-04
U02165,25-34,Tier 2,Mid,Partnership,Android,2024-02-15,,,0.0,0.0,0.0,0.0,0.0,0,0,0,0,0,0,0,0,False,False,True,0,,No transaction,0 features,0 failed,2024-02
U02166,55+,Tier 1,Mid,Branch,iOS,2024-01-10,,,0.0,0.0,0.0,0.0,0.0,0,0,0,0,0,0,0,0,False,False,True,0,,No transaction,0 features,0 failed,2024-01
U02167,25-34,Tier 3,High,Paid Ads,Android,2024-02-20,,,0.0,0.0,0.0,0.0,0.0,0,0,0,0,0,0,0,0,False,False,True,0,,No transaction,0 features,0 failed,2024-02
U02168,18-24,Tier 2,Mid,Branch,Android,2024-04-20,2024-04-21 19:05:00,2024-05-02 16:00:00,1.0,1.0,0.0,1483000.0,1483000.0,0,0,0,0,0,0,0,0,True,False,True,1,10.0,After 7 days,0 features,0 failed,2024-04
U02169,35-44,Tier 1,Mid,Partnership,Android,2024-04-04,,,0.0,0.0,0.0,0.0,0.0,0,0,0,0,0,0,0,0,False,False,True,0,,No transaction,0 features,0 failed,2024-04
U02170,25-34,Tier 1,Mid,Referral,Android,2024-01-06,2024-01-07 07:07:00,,0.0,0.0,0.0,0.0,0.0,0,0,0,0,1,0,1,1,False,False,True,1,,No transaction,1 feature,0 failed,2024-01
U02171,35-44,Tier 2,Mid,Referral,Android,2024-02-25,,,0.0,0.0,0.0,0.0,0.0,0,0,0,0,0,0,0,0,False,False,True,0,,No transaction,0 features,0 failed,2024-02
U02172,18-24,Tier 3,High,Organic,Android,2024-01-03,,,0.0,0.0,0.0,0.0,0.0,0,0,0,0,0,0,0,0,False,False,True,0,,No transaction,0 features,0 failed,2024-01
U02173,18-24,Tier 1,Low,Organic,Android,2024-02-28,,,0.0,0.0,0.0,0.0,0.0,0,0,0,0,0,0,0,0,False,False,True,0,,No transaction,0 features,0 failed,2024-02
U02174,45-54,Tier 2,High,Organic,Android,2024-01-10,,,0.0,0.0,0.0,0.0,0.0,0,0,0,0,0,0,0,0,False,False,True,0,,No transaction,0 features,0 failed,2024-01
U02175,18-24,Tier 1,Mid,Organic,iOS,2024-04-20,2024-04-21 17:14:00,2024-04-27 14:00:00,7.0,6.0,1.0,27748000.0,3964000.0,0,1,0,0,0,1,2,0,True,True,False,1,5.0,Within 7 days,2+ features,1-2 failed,2024-04
U02176,35-44,Tier 2,Mid,Paid Ads,Android,2024-02-10,,,0.0,0.0,0.0,0.0,0.0,0,0,0,0,0,0,0,0,False,False,True,0,,No transaction,0 features,0 failed,2024-02
U02177,18-24,Tier 3,Low,Referral,Android,2024-03-14,2024-03-15 07:18:00,2024-03-19 00:00:00,8.0,8.0,0.0,6316000.0,789500.0,1,0,1,0,0,0,2,1,True,True,False,1,3.0,Within 7 days,2+ features,0 failed,2024-03
U02178,25-34,Tier 2,Mid,Referral,Android,2024-02-24,2024-02-25 09:15:00,2024-03-24 23:00:00,2.0,1.0,1.0,10795000.0,5397500.0,0,0,0,0,0,0,0,0,False,False,True,1,28.0,After 7 days,0 features,1-2 failed,2024-02
U02179,35-44,Tier 1,Mid,Partnership,iOS,2024-03-14,2024-03-15 11:28:00,2024-03-17 16:00:00,9.0,9.0,0.0,39444000.0,4382666.666666667,0,1,1,0,1,0,3,1,True,False,True,1,2.0,Within 7 days,2+ features,0 failed,2024-03
U02180,25-34,Tier 2,Low,Partnership,Android,2024-02-21,2024-02-22 04:03:00,2024-02-22 19:00:00,9.0,9.0,0.0,10529000.0,1169888.888888889,0,1,1,1,1,1,5,1,True,True,False,1,0.0,Within 7 days,2+ features,0 failed,2024-02
U02181,25-34,Tier 1,Low,Branch,iOS,2024-03-31,,,0.0,0.0,0.0,0.0,0.0,0,0,0,0,0,0,0,0,False,False,True,0,,No transaction,0 features,0 failed,2024-03
U02182,18-24,Tier 1,High,Paid Ads,Android,2024-03-22,2024-03-23 08:14:00,,0.0,0.0,0.0,0.0,0.0,0,1,0,0,0,0,1,0,True,False,True,1,,No transaction,1 feature,0 failed,2024-03
U02183,18-24,Tier 2,Mid,Paid Ads,Android,2024-02-23,,,0.0,0.0,0.0,0.0,0.0,0,0,0,0,0,0,0,0,False,False,True,0,,No transaction,0 features,0 failed,2024-02
U02184,25-34,Tier 2,Mid,Referral,iOS,2024-02-07,2024-02-08 03:29:00,2024-02-08 12:00:00,7.0,7.0,0.0,36156000.0,5165142.857142857,1,1,0,1,0,1,4,1,True,True,False,1,0.0,Within 7 days,2+ features,0 failed,2024-02
U02185,35-44,Tier 1,Low,Organic,iOS,2024-01-15,,,0.0,0.0,0.0,0.0,0.0,0,0,0,0,0,0,0,0,False,False,True,0,,No transaction,0 features,0 failed,2024-01
U02186,45-54,Tier 3,Mid,Organic,Android,2024-02-21,2024-02-22 08:26:00,2024-02-29 06:00:00,4.0,4.0,0.0,22849000.0,5712250.0,0,0,0,0,1,1,2,1,True,True,False,1,6.0,Within 7 days,2+ features,0 failed,2024-02
U02187,45-54,Tier 2,Mid,Referral,Android,2024-01-03,,,0.0,0.0,0.0,0.0,0.0,0,0,0,0,0,0,0,0,False,False,True,0,,No transaction,0 features,0 failed,2024-01
U02188,35-44,Tier 1,Mid,Branch,Android,2024-02-11,,,0.0,0.0,0.0,0.0,0.0,0,0,0,0,0,0,0,0,False,False,True,0,,No transaction,0 features,0 failed,2024-02
U02189,35-44,Tier 2,Mid,Organic,iOS,2024-01-22,,,0.0,0.0,0.0,0.0,0.0,0,0,0,0,0,0,0,0,False,False,True,0,,No transaction,0 features,0 failed,2024-01
U02190,35-44,Tier 2,Mid,Organic,iOS,2024-04-12,,,0.0,0.0,0.0,0.0,0.0,0,0,0,0,0,0,0,0,False,False,True,0,,No transaction,0 features,0 failed,2024-04
U02191,18-24,Tier 2,Mid,Organic,Android,2024-03-20,,,0.0,0.0,0.0,0.0,0.0,0,0,0,0,0,0,0,0,False,False,True,0,,No transaction,0 features,0 failed,2024-03
U02192,45-54,Tier 2,Low,Paid Ads,Android,2024-02-28,,,0.0,0.0,0.0,0.0,0.0,0,0,0,0,0,0,0,0,False,False,True,0,,No transaction,0 features,0 failed,2024-02
U02193,35-44,Tier 2,High,Referral,Android,2024-04-16,,,0.0,0.0,0.0,0.0,0.0,0,0,0,0,0,0,0,0,False,False,True,0,,No transaction,0 features,0 failed,2024-04
U02194,25-34,Tier 1,Mid,Paid Ads,Android,2024-03-29,,,0.0,0.0,0.0,0.0,0.0,0,0,0,0,0,0,0,0,False,False,True,0,,No transaction,0 features,0 failed,2024-03
U02195,18-24,Tier 3,Mid,Organic,Android,2024-02-16,2024-02-17 13:10:00,2024-02-18 02:00:00,12.0,10.0,2.0,53131000.0,4427583.333333333,1,0,1,1,0,1,4,1,True,True,False,1,0.0,Within 7 days,2+ features,1-2 failed,2024-02
U02196,25-34,Tier 2,Mid,Referral,Android,2024-01-12,,,0.0,0.0,0.0,0.0,0.0,0,0,0,0,0,0,0,0,False,False,True,0,,No transaction,0 features,0 failed,2024-01
U02197,25-34,Tier 1,High,Organic,Android,2024-02-25,2024-02-26 14:25:00,,0.0,0.0,0.0,0.0,0.0,0,0,0,1,0,0,1,0,False,False,True,1,,No transaction,1 feature,0 failed,2024-02
U02198,45-54,Tier 2,Low,Paid Ads,Android,2024-04-18,,,0.0,0.0,0.0,0.0,0.0,0,0,0,0,0,0,0,0,False,False,True,0,,No transaction,0 features,0 failed,2024-04
U02199,25-34,Tier 3,Low,Organic,Android,2024-01-14,2024-01-15 16:05:00,2024-01-31 12:00:00,8.0,8.0,0.0,9660000.0,1207500.0,1,1,0,0,0,1,3,1,True,True,False,1,15.0,After 7 days,2+ features,0 failed,2024-01
U02200,25-34,Tier 3,Mid,Partnership,Android,2024-02-01,,,0.0,0.0,0.0,0.0,0.0,0,0,0,0,0,0,0,0,False,False,True,0,,No transaction,0 features,0 failed,2024-02
U02201,55+,Tier 1,Mid,Paid Ads,Android,2024-02-25,2024-02-26 07:26:00,2024-04-11 07:00:00,2.0,2.0,0.0,14222000.0,7111000.0,0,0,0,0,0,0,0,0,True,False,True,1,44.0,After 7 days,0 features,0 failed,2024-02
U02202,18-24,Tier 1,Mid,Paid Ads,Android,2024-03-16,,,0.0,0.0,0.0,0.0,0.0,0,0,0,0,0,0,0,0,False,False,True,0,,No transaction,0 features,0 failed,2024-03
U02203,25-34,Tier 2,Low,Referral,Android,2024-02-21,2024-02-22 02:21:00,2024-02-26 03:00:00,9.0,9.0,0.0,8214000.0,912666.6666666666,0,1,1,0,1,1,4,1,True,True,False,1,4.0,Within 7 days,2+ features,0 failed,2024-02
U02204,18-24,Tier 1,Mid,Referral,iOS,2024-03-08,,,0.0,0.0,0.0,0.0,0.0,0,0,0,0,0,0,0,0,False,False,True,0,,No transaction,0 features,0 failed,2024-03
U02205,35-44,Tier 3,Low,Organic,Android,2024-01-11,2024-01-12 19:12:00,2024-01-17 02:00:00,6.0,5.0,1.0,6252000.0,1042000.0,1,0,0,1,0,1,3,1,True,False,True,1,4.0,Within 7 days,2+ features,1-2 failed,2024-01
U02206,45-54,Tier 1,Low,Paid Ads,Android,2024-02-20,,,0.0,0.0,0.0,0.0,0.0,0,0,0,0,0,0,0,0,False,False,True,0,,No transaction,0 features,0 failed,2024-02
U02207,18-24,Tier 1,High,Paid Ads,Android,2024-04-21,,,0.0,0.0,0.0,0.0,0.0,0,0,0,0,0,0,0,0,False,False,True,0,,No transaction,0 features,0 failed,2024-04
U02208,45-54,Tier 1,Mid,Paid Ads,Android,2024-02-09,,,0.0,0.0,0.0,0.0,0.0,0,0,0,0,0,0,0,0,False,False,True,0,,No transaction,0 features,0 failed,2024-02
U02209,18-24,Tier 1,Mid,Paid Ads,Android,2024-04-05,,,0.0,0.0,0.0,0.0,0.0,0,0,0,0,0,0,0,0,False,False,True,0,,No transaction,0 features,0 failed,2024-04
U02210,45-54,Tier 2,Low,Partnership,Android,2024-02-13,,,0.0,0.0,0.0,0.0,0.0,0,0,0,0,0,0,0,0,False,False,True,0,,No transaction,0 features,0 failed,2024-02
U02211,35-44,Tier 2,Mid,Partnership,Android,2024-01-29,,,0.0,0.0,0.0,0.0,0.0,0,0,0,0,0,0,0,0,False,False,True,0,,No transaction,0 features,0 failed,2024-01
U02212,35-44,Tier 1,Mid,Organic,Android,2024-02-12,,,0.0,0.0,0.0,0.0,0.0,0,0,0,0,0,0,0,0,False,False,True,0,,No transaction,0 features,0 failed,2024-02
U02213,18-24,Tier 1,High,Paid Ads,Android,2024-04-09,,,0.0,0.0,0.0,0.0,0.0,0,0,0,0,0,0,0,0,False,False,True,0,,No transaction,0 features,0 failed,2024-04
U02214,55+,Tier 2,High,Organic,iOS,2024-01-22,,,0.0,0.0,0.0,0.0,0.0,0,0,0,0,0,0,0,0,False,False,True,0,,No transaction,0 features,0 failed,2024-01
U02215,35-44,Tier 1,Mid,Paid Ads,iOS,2024-01-10,,,0.0,0.0,0.0,0.0,0.0,0,0,0,0,0,0,0,0,False,False,True,0,,No transaction,0 features,0 failed,2024-01
U02216,25-34,Tier 2,Mid,Referral,iOS,2024-03-06,2024-03-07 02:03:00,2024-03-29 07:00:00,9.0,8.0,1.0,41833000.0,4648111.111111111,0,1,1,0,0,0,2,0,True,True,False,1,22.0,After 7 days,2+ features,1-2 failed,2024-03
U02217,35-44,Tier 2,Mid,Organic,Android,2024-03-22,,,0.0,0.0,0.0,0.0,0.0,0,0,0,0,0,0,0,0,False,False,True,0,,No transaction,0 features,0 failed,2024-03
U02218,18-24,Tier 2,Mid,Partnership,iOS,2024-01-15,,,0.0,0.0,0.0,0.0,0.0,0,0,0,0,0,0,0,0,False,False,True,0,,No transaction,0 features,0 failed,2024-01
U02219,45-54,Tier 3,Low,Paid Ads,iOS,2024-03-08,,,0.0,0.0,0.0,0.0,0.0,0,0,0,0,0,0,0,0,False,False,True,0,,No transaction,0 features,0 failed,2024-03
U02220,18-24,Tier 3,Mid,Referral,iOS,2024-03-06,2024-03-07 09:03:00,,0.0,0.0,0.0,0.0,0.0,1,0,0,0,0,0,1,1,True,False,True,1,,No transaction,1 feature,0 failed,2024-03
U02221,35-44,Tier 3,Low,Organic,Android,2024-01-25,,,0.0,0.0,0.0,0.0,0.0,0,0,0,0,0,0,0,0,False,False,True,0,,No transaction,0 features,0 failed,2024-01
U02222,25-34,Tier 1,Low,Paid Ads,iOS,2024-04-25,,,0.0,0.0,0.0,0.0,0.0,0,0,0,0,0,0,0,0,False,False,True,0,,No transaction,0 features,0 failed,2024-04
U02223,18-24,Tier 1,Low,Branch,Android,2024-04-09,,,0.0,0.0,0.0,0.0,0.0,0,0,0,0,0,0,0,0,False,False,True,0,,No transaction,0 features,0 failed,2024-04
U02224,18-24,Tier 1,Mid,Paid Ads,Android,2024-02-14,,,0.0,0.0,0.0,0.0,0.0,0,0,0,0,0,0,0,0,False,False,True,0,,No transaction,0 features,0 failed,2024-02
U02225,18-24,Tier 3,Mid,Branch,Android,2024-02-14,,,0.0,0.0,0.0,0.0,0.0,0,0,0,0,0,0,0,0,False,False,True,0,,No transaction,0 features,0 failed,2024-02
U02226,25-34,Tier 3,Mid,Organic,iOS,2024-04-03,2024-04-04 04:06:00,2024-04-14 01:00:00,10.0,9.0,1.0,44469000.0,4446900.0,1,0,1,1,0,0,3,1,True,False,True,1,9.0,After 7 days,2+ features,1-2 failed,2024-04
U02227,25-34,Tier 3,Mid,Paid Ads,iOS,2024-04-14,,,0.0,0.0,0.0,0.0,0.0,0,0,0,0,0,0,0,0,False,False,True,0,,No transaction,0 features,0 failed,2024-04
U02228,25-34,Tier 1,Low,Partnership,Android,2024-03-23,,,0.0,0.0,0.0,0.0,0.0,0,0,0,0,0,0,0,0,False,False,True,0,,No transaction,0 features,0 failed,2024-03
U02229,18-24,Tier 3,Mid,Paid Ads,Android,2024-04-14,,,0.0,0.0,0.0,0.0,0.0,0,0,0,0,0,0,0,0,False,False,True,0,,No transaction,0 features,0 failed,2024-04
U02230,18-24,Tier 1,Low,Organic,Android,2024-01-19,,,0.0,0.0,0.0,0.0,0.0,0,0,0,0,0,0,0,0,False,False,True,0,,No transaction,0 features,0 failed,2024-01
U02231,35-44,Tier 1,Mid,Paid Ads,Android,2024-01-31,,,0.0,0.0,0.0,0.0,0.0,0,0,0,0,0,0,0,0,False,False,True,0,,No transaction,0 features,0 failed,2024-01
U02232,18-24,Tier 1,High,Paid Ads,Android,2024-01-14,,,0.0,0.0,0.0,0.0,0.0,0,0,0,0,0,0,0,0,False,False,True,0,,No transaction,0 features,0 failed,2024-01
U02233,45-54,Tier 1,Low,Paid Ads,Android,2024-01-19,,,0.0,0.0,0.0,0.0,0.0,0,0,0,0,0,0,0,0,False,False,True,0,,No transaction,0 features,0 failed,2024-01
U02234,45-54,Tier 2,Low,Partnership,iOS,2024-02-02,2024-02-03 07:01:00,2024-02-09 11:00:00,9.0,8.0,1.0,8954000.0,994888.8888888889,0,0,1,1,0,0,2,0,False,False,True,1,6.0,Within 7 days,2+ features,1-2 failed,2024-02
U02235,35-44,Tier 1,Mid,Partnership,Android,2024-01-26,,,0.0,0.0,0.0,0.0,0.0,0,0,0,0,0,0,0,0,False,False,True,0,,No transaction,0 features,0 failed,2024-01
U02236,25-34,Tier 2,High,Paid Ads,Android,2024-01-23,,,0.0,0.0,0.0,0.0,0.0,0,0,0,0,0,0,0,0,False,False,True,0,,No transaction,0 features,0 failed,2024-01
U02237,45-54,Tier 2,Mid,Organic,iOS,2024-03-18,2024-03-19 03:15:00,2024-05-07 16:00:00,2.0,2.0,0.0,9782000.0,4891000.0,0,1,0,0,1,0,2,1,False,False,True,1,49.0,After 7 days,2+ features,0 failed,2024-03
U02238,18-24,Tier 3,High,Referral,iOS,2024-01-20,,,0.0,0.0,0.0,0.0,0.0,0,0,0,0,0,0,0,0,False,False,True,0,,No transaction,0 features,0 failed,2024-01
U02239,18-24,Tier 2,Mid,Partnership,iOS,2024-04-07,,,0.0,0.0,0.0,0.0,0.0,0,0,0,0,0,0,0,0,False,False,True,0,,No transaction,0 features,0 failed,2024-04
U02240,18-24,Tier 1,High,Branch,Android,2024-04-07,,,0.0,0.0,0.0,0.0,0.0,0,0,0,0,0,0,0,0,False,False,True,0,,No transaction,0 features,0 failed,2024-04
U02241,35-44,Tier 3,Low,Organic,iOS,2024-03-24,,,0.0,0.0,0.0,0.0,0.0,0,0,0,0,0,0,0,0,False,False,True,0,,No transaction,0 features,0 failed,2024-03
U02242,18-24,Tier 3,Low,Paid Ads,Android,2024-01-10,,,0.0,0.0,0.0,0.0,0.0,0,0,0,0,0,0,0,0,False,False,True,0,,No transaction,0 features,0 failed,2024-01
U02243,25-34,Tier 1,High,Referral,iOS,2024-01-23,,,0.0,0.0,0.0,0.0,0.0,0,0,0,0,0,0,0,0,False,False,True,0,,No transaction,0 features,0 failed,2024-01
U02244,55+,Tier 2,High,Organic,iOS,2024-04-08,,,0.0,0.0,0.0,0.0,0.0,0,0,0,0,0,0,0,0,False,False,True,0,,No transaction,0 features,0 failed,2024-04
U02245,45-54,Tier 1,Low,Paid Ads,iOS,2024-03-21,,,0.0,0.0,0.0,0.0,0.0,0,0,0,0,0,0,0,0,False,False,True,0,,No transaction,0 features,0 failed,2024-03
U02246,25-34,Tier 1,Low,Paid Ads,Android,2024-03-04,,,0.0,0.0,0.0,0.0,0.0,0,0,0,0,0,0,0,0,False,False,True,0,,No transaction,0 features,0 failed,2024-03
U02247,18-24,Tier 2,Low,Organic,Android,2024-02-29,2024-03-01 09:16:00,2024-03-16 01:00:00,2.0,1.0,1.0,3291000.0,1645500.0,0,0,1,0,0,1,2,0,False,False,True,1,14.0,After 7 days,2+ features,1-2 failed,2024-02
U02248,35-44,Tier 3,Low,Partnership,iOS,2024-04-06,2024-04-07 20:18:00,2024-04-09 01:00:00,8.0,7.0,1.0,8861000.0,1107625.0,0,1,1,0,1,0,3,1,False,False,True,1,1.0,Within 7 days,2+ features,1-2 failed,2024-04
U02249,25-34,Tier 1,Low,Partnership,iOS,2024-03-13,,,0.0,0.0,0.0,0.0,0.0,0,0,0,0,0,0,0,0,False,False,True,0,,No transaction,0 features,0 failed,2024-03
U02250,18-24,Tier 3,High,Branch,Android,2024-04-07,2024-04-08 08:17:00,2024-05-14 03:00:00,3.0,2.0,1.0,81084000.0,27028000.0,0,0,1,0,0,0,1,0,False,False,True,1,35.0,After 7 days,1 feature,1-2 failed,2024-04
U02251,18-24,Tier 3,Mid,Organic,iOS,2024-03-15,,,0.0,0.0,0.0,0.0,0.0,0,0,0,0,0,0,0,0,False,False,True,0,,No transaction,0 features,0 failed,2024-03
U02252,45-54,Tier 3,Mid,Paid Ads,Android,2024-02-27,,,0.0,0.0,0.0,0.0,0.0,0,0,0,0,0,0,0,0,False,False,True,0,,No transaction,0 features,0 failed,2024-02
U02253,35-44,Tier 1,Mid,Referral,Android,2024-03-28,,,0.0,0.0,0.0,0.0,0.0,0,0,0,0,0,0,0,0,False,False,True,0,,No transaction,0 features,0 failed,2024-03
U02254,35-44,Tier 3,Mid,Referral,iOS,2024-04-22,2024-04-23 04:24:00,,0.0,0.0,0.0,0.0,0.0,0,0,0,0,0,0,0,0,False,False,True,1,,No transaction,0 features,0 failed,2024-04
U02255,45-54,Tier 1,Mid,Paid Ads,Android,2024-03-13,,,0.0,0.0,0.0,0.0,0.0,0,0,0,0,0,0,0,0,False,False,True,0,,No transaction,0 features,0 failed,2024-03
U02256,25-34,Tier 2,Mid,Partnership,Android,2024-03-23,,,0.0,0.0,0.0,0.0,0.0,0,0,0,0,0,0,0,0,False,False,True,0,,No transaction,0 features,0 failed,2024-03
U02257,25-34,Tier 1,Mid,Organic,iOS,2024-03-22,2024-03-23 02:17:00,2024-03-25 18:00:00,17.0,14.0,3.0,74192000.0,4364235.294117647,0,1,1,0,1,1,4,1,True,False,True,1,2.0,Within 7 days,2+ features,3+ failed,2024-03
U02258,25-34,Tier 1,Mid,Branch,Android,2024-03-20,,,0.0,0.0,0.0,0.0,0.0,0,0,0,0,0,0,0,0,False,False,True,0,,No transaction,0 features,0 failed,2024-03
U02259,25-34,Tier 2,Mid,Partnership,Android,2024-02-11,2024-02-11 18:16:00,2024-02-14 18:00:00,7.0,7.0,0.0,30040000.0,4291428.571428572,0,0,0,0,1,1,2,1,True,True,False,1,2.0,Within 7 days,2+ features,0 failed,2024-02
U02260,25-34,Tier 1,High,Partnership,iOS,2024-04-20,,,0.0,0.0,0.0,0.0,0.0,0,0,0,0,0,0,0,0,False,False,True,0,,No transaction,0 features,0 failed,2024-04
U02261,35-44,Tier 1,High,Partnership,iOS,2024-03-21,2024-03-22 12:25:00,,0.0,0.0,0.0,0.0,0.0,0,0,1,0,0,0,1,0,True,True,False,1,,No transaction,1 feature,0 failed,2024-03
U02262,25-34,Tier 1,Mid,Referral,Android,2024-02-10,,,0.0,0.0,0.0,0.0,0.0,0,0,0,0,0,0,0,0,False,False,True,0,,No transaction,0 features,0 failed,2024-02
U02263,45-54,Tier 2,Mid,Partnership,Android,2024-01-20,2024-01-21 07:19:00,,0.0,0.0,0.0,0.0,0.0,1,0,0,0,0,0,1,1,False,False,True,1,,No transaction,1 feature,0 failed,2024-01
U02264,25-34,Tier 1,Low,Referral,Android,2024-02-26,2024-02-27 12:25:00,2024-03-10 16:00:00,11.0,10.0,1.0,8599000.0,781727.2727272727,1,0,1,0,1,1,4,1,True,True,False,1,12.0,After 7 days,2+ features,1-2 failed,2024-02
U02265,25-34,Tier 3,Mid,Partnership,iOS,2024-01-09,,,0.0,0.0,0.0,0.0,0.0,0,0,0,0,0,0,0,0,False,False,True,0,,No transaction,0 features,0 failed,2024-01
U02266,25-34,Tier 1,Mid,Organic,Android,2024-03-01,2024-03-02 07:20:00,2024-03-13 03:00:00,4.0,3.0,1.0,17937000.0,4484250.0,0,0,0,1,0,0,1,0,True,True,False,1,10.0,After 7 days,1 feature,1-2 failed,2024-03
U02267,25-34,Tier 1,Low,Referral,Android,2024-02-26,2024-02-27 06:17:00,2024-02-27 23:00:00,14.0,13.0,1.0,14688000.0,1049142.857142857,1,0,1,0,0,1,3,1,True,True,False,1,0.0,Within 7 days,2+ features,1-2 failed,2024-02
U02268,35-44,Tier 1,Mid,Paid Ads,iOS,2024-03-21,,,0.0,0.0,0.0,0.0,0.0,0,0,0,0,0,0,0,0,False,False,True,0,,No transaction,0 features,0 failed,2024-03
U02269,18-24,Tier 2,Mid,Referral,Android,2024-02-08,2024-02-09 23:05:00,2024-02-10 22:00:00,12.0,12.0,0.0,45581000.0,3798416.6666666665,0,1,1,1,1,0,4,1,True,False,True,1,0.0,Within 7 days,2+ features,0 failed,2024-02
U02270,25-34,Tier 1,Low,Referral,Android,2024-04-11,,,0.0,0.0,0.0,0.0,0.0,0,0,0,0,0,0,0,0,False,False,True,0,,No transaction,0 features,0 failed,2024-04
U02271,18-24,Tier 1,High,Paid Ads,iOS,2024-02-05,2024-02-06 00:22:00,,0.0,0.0,0.0,0.0,0.0,0,0,0,0,0,0,0,0,True,False,True,1,,No transaction,0 features,0 failed,2024-02
U02272,25-34,Tier 3,Low,Partnership,Android,2024-03-16,,,0.0,0.0,0.0,0.0,0.0,0,0,0,0,0,0,0,0,False,False,True,0,,No transaction,0 features,0 failed,2024-03
U02273,25-34,Tier 2,High,Paid Ads,Android,2024-01-08,,,0.0,0.0,0.0,0.0,0.0,0,0,0,0,0,0,0,0,False,False,True,0,,No transaction,0 features,0 failed,2024-01
U02274,35-44,Tier 1,Mid,Referral,iOS,2024-02-15,2024-02-16 17:05:00,2024-02-28 21:00:00,6.0,5.0,1.0,35939000.0,5989833.333333333,0,1,1,1,0,0,3,0,True,True,False,1,12.0,After 7 days,2+ features,1-2 failed,2024-02
U02275,55+,Tier 1,Mid,Organic,iOS,2024-03-05,,,0.0,0.0,0.0,0.0,0.0,0,0,0,0,0,0,0,0,False,False,True,0,,No transaction,0 features,0 failed,2024-03
U02276,25-34,Tier 3,Mid,Referral,Android,2024-01-10,2024-01-11 19:26:00,2024-01-17 17:00:00,7.0,7.0,0.0,34911000.0,4987285.714285715,1,0,0,0,0,1,2,1,True,True,False,1,5.0,Within 7 days,2+ features,0 failed,2024-01
U02277,35-44,Tier 1,Mid,Paid Ads,Android,2024-02-09,2024-02-10 01:28:00,2024-02-13 14:00:00,12.0,12.0,0.0,76494000.0,6374500.0,1,1,1,0,0,0,3,1,False,False,True,1,3.0,Within 7 days,2+ features,0 failed,2024-02
U02278,25-34,Tier 1,Mid,Paid Ads,iOS,2024-02-29,,,0.0,0.0,0.0,0.0,0.0,0,0,0,0,0,0,0,0,False,False,True,0,,No transaction,0 features,0 failed,2024-02
U02279,25-34,Tier 2,Mid,Organic,iOS,2024-02-27,2024-02-28 12:26:00,,0.0,0.0,0.0,0.0,0.0,0,1,0,0,1,0,2,1,False,False,True,1,,No transaction,2+ features,0 failed,2024-02
U02280,18-24,Tier 2,Mid,Organic,Android,2024-01-05,,,0.0,0.0,0.0,0.0,0.0,0,0,0,0,0,0,0,0,False,False,True,0,,No transaction,0 features,0 failed,2024-01
U02281,18-24,Tier 2,Mid,Referral,Android,2024-01-08,2024-01-09 15:29:00,2024-01-17 02:00:00,9.0,7.0,2.0,38581000.0,4286777.777777778,0,1,0,1,1,0,3,1,True,False,True,1,7.0,Within 7 days,2+ features,1-2 failed,2024-01
U02282,25-34,Tier 1,High,Referral,Android,2024-02-17,,,0.0,0.0,0.0,0.0,0.0,0,0,0,0,0,0,0,0,False,False,True,0,,No transaction,0 features,0 failed,2024-02
U02283,25-34,Tier 1,Low,Referral,iOS,2024-04-16,,,0.0,0.0,0.0,0.0,0.0,0,0,0,0,0,0,0,0,False,False,True,0,,No transaction,0 features,0 failed,2024-04
U02284,18-24,Tier 2,Mid,Partnership,Android,2024-02-06,,,0.0,0.0,0.0,0.0,0.0,0,0,0,0,0,0,0,0,False,False,True,0,,No transaction,0 features,0 failed,2024-02
U02285,18-24,Tier 1,Low,Referral,iOS,2024-01-10,,,0.0,0.0,0.0,0.0,0.0,0,0,0,0,0,0,0,0,False,False,True,0,,No transaction,0 features,0 failed,2024-01
U02286,18-24,Tier 2,Mid,Paid Ads,iOS,2024-03-23,,,0.0,0.0,0.0,0.0,0.0,0,0,0,0,0,0,0,0,False,False,True,0,,No transaction,0 features,0 failed,2024-03
U02287,55+,Tier 2,Mid,Paid Ads,iOS,2024-04-20,,,0.0,0.0,0.0,0.0,0.0,0,0,0,0,0,0,0,0,False,False,True,0,,No transaction,0 features,0 failed,2024-04
U02288,25-34,Tier 1,Low,Organic,iOS,2024-04-19,,,0.0,0.0,0.0,0.0,0.0,0,0,0,0,0,0,0,0,False,False,True,0,,No transaction,0 features,0 failed,2024-04
U02289,25-34,Tier 3,Low,Paid Ads,iOS,2024-01-12,2024-01-13 01:02:00,,0.0,0.0,0.0,0.0,0.0,0,0,1,0,0,0,1,0,False,False,True,1,,No transaction,1 feature,0 failed,2024-01
U02290,18-24,Tier 3,Low,Paid Ads,Android,2024-03-19,,,0.0,0.0,0.0,0.0,0.0,0,0,0,0,0,0,0,0,False,False,True,0,,No transaction,0 features,0 failed,2024-03
U02291,25-34,Tier 2,Mid,Referral,Android,2024-03-17,,,0.0,0.0,0.0,0.0,0.0,0,0,0,0,0,0,0,0,False,False,True,0,,No transaction,0 features,0 failed,2024-03
U02292,18-24,Tier 1,Mid,Partnership,iOS,2024-03-05,,,0.0,0.0,0.0,0.0,0.0,0,0,0,0,0,0,0,0,False,False,True,0,,No transaction,0 features,0 failed,2024-03
U02293,18-24,Tier 1,High,Organic,Android,2024-02-19,,,0.0,0.0,0.0,0.0,0.0,0,0,0,0,0,0,0,0,False,False,True,0,,No transaction,0 features,0 failed,2024-02
U02294,25-34,Tier 2,Mid,Partnership,Android,2024-02-29,,,0.0,0.0,0.0,0.0,0.0,0,0,0,0,0,0,0,0,False,False,True,0,,No transaction,0 features,0 failed,2024-02
U02295,18-24,Tier 1,Low,Paid Ads,Android,2024-03-15,2024-03-16 22:03:00,,0.0,0.0,0.0,0.0,0.0,0,0,0,0,0,0,0,0,True,False,True,1,,No transaction,0 features,0 failed,2024-03
U02296,18-24,Tier 3,High,Paid Ads,Android,2024-03-11,,,0.0,0.0,0.0,0.0,0.0,0,0,0,0,0,0,0,0,False,False,True,0,,No transaction,0 features,0 failed,2024-03
U02297,18-24,Tier 1,Mid,Partnership,iOS,2024-04-11,,,0.0,0.0,0.0,0.0,0.0,0,0,0,0,0,0,0,0,False,False,True,0,,No transaction,0 features,0 failed,2024-04
U02298,18-24,Tier 2,Mid,Partnership,iOS,2024-04-04,2024-04-05 03:18:00,2024-04-06 22:00:00,17.0,17.0,0.0,89169000.0,5245235.294117647,0,1,1,1,0,1,4,0,True,False,True,1,1.0,Within 7 days,2+ features,0 failed,2024-04
U02299,18-24,Tier 1,Low,Paid Ads,Android,2024-04-24,,,0.0,0.0,0.0,0.0,0.0,0,0,0,0,0,0,0,0,False,False,True,0,,No transaction,0 features,0 failed,2024-04
U02300,25-34,Tier 2,Mid,Partnership,iOS,2024-01-06,,,0.0,0.0,0.0,0.0,0.0,0,0,0,0,0,0,0,0,False,False,True,0,,No transaction,0 features,0 failed,2024-01
U02301,35-44,Tier 1,High,Referral,Android,2024-02-27,,,0.0,0.0,0.0,0.0,0.0,0,0,0,0,0,0,0,0,False,False,True,0,,No transaction,0 features,0 failed,2024-02
U02302,25-34,Tier 1,Mid,Paid Ads,iOS,2024-04-26,,,0.0,0.0,0.0,0.0,0.0,0,0,0,0,0,0,0,0,False,False,True,0,,No transaction,0 features,0 failed,2024-04
U02303,25-34,Tier 1,Mid,Organic,Android,2024-04-13,2024-04-14 09:06:00,2024-04-28 08:00:00,2.0,2.0,0.0,6881000.0,3440500.0,0,0,0,0,0,0,0,0,True,True,False,1,13.0,After 7 days,0 features,0 failed,2024-04
U02304,18-24,Tier 3,Mid,Organic,iOS,2024-03-14,2024-03-15 06:17:00,2024-03-19 09:00:00,7.0,7.0,0.0,20475000.0,2925000.0,1,0,1,0,0,1,3,1,True,True,False,1,4.0,Within 7 days,2+ features,0 failed,2024-03
U02305,45-54,Tier 1,High,Partnership,Android,2024-03-24,,,0.0,0.0,0.0,0.0,0.0,0,0,0,0,0,0,0,0,False,False,True,0,,No transaction,0 features,0 failed,2024-03
U02306,25-34,Tier 3,Low,Organic,Android,2024-01-25,,,0.0,0.0,0.0,0.0,0.0,0,0,0,0,0,0,0,0,False,False,True,0,,No transaction,0 features,0 failed,2024-01
U02307,18-24,Tier 3,Mid,Organic,iOS,2024-02-11,,,0.0,0.0,0.0,0.0,0.0,0,0,0,0,0,0,0,0,False,False,True,0,,No transaction,0 features,0 failed,2024-02
U02308,25-34,Tier 1,High,Partnership,Android,2024-03-18,,,0.0,0.0,0.0,0.0,0.0,0,0,0,0,0,0,0,0,False,False,True,0,,No transaction,0 features,0 failed,2024-03
U02309,18-24,Tier 2,Low,Organic,iOS,2024-03-01,,,0.0,0.0,0.0,0.0,0.0,0,0,0,0,0,0,0,0,False,False,True,0,,No transaction,0 features,0 failed,2024-03
U02310,25-34,Tier 1,Mid,Referral,Android,2024-03-05,2024-03-06 08:11:00,2024-03-08 21:00:00,2.0,2.0,0.0,17416000.0,8708000.0,0,0,0,0,1,0,1,1,False,False,True,1,2.0,Within 7 days,1 feature,0 failed,2024-03
U02311,25-34,Tier 3,Mid,Paid Ads,Android,2024-01-20,2024-01-20 20:02:00,2024-01-24 16:00:00,5.0,5.0,0.0,38023000.0,7604600.0,0,0,1,1,0,0,2,0,True,True,False,1,3.0,Within 7 days,2+ features,0 failed,2024-01
U02312,45-54,Tier 2,Mid,Paid Ads,Android,2024-01-08,,,0.0,0.0,0.0,0.0,0.0,0,0,0,0,0,0,0,0,False,False,True,0,,No transaction,0 features,0 failed,2024-01
U02313,25-34,Tier 1,Mid,Partnership,Android,2024-02-27,,,0.0,0.0,0.0,0.0,0.0,0,0,0,0,0,0,0,0,False,False,True,0,,No transaction,0 features,0 failed,2024-02
U02314,35-44,Tier 1,Mid,Paid Ads,Android,2024-01-14,,,0.0,0.0,0.0,0.0,0.0,0,0,0,0,0,0,0,0,False,False,True,0,,No transaction,0 features,0 failed,2024-01
U02315,55+,Tier 1,Mid,Paid Ads,iOS,2024-04-13,,,0.0,0.0,0.0,0.0,0.0,0,0,0,0,0,0,0,0,False,False,True,0,,No transaction,0 features,0 failed,2024-04
U02316,18-24,Tier 3,Low,Paid Ads,Android,2024-04-25,,,0.0,0.0,0.0,0.0,0.0,0,0,0,0,0,0,0,0,False,False,True,0,,No transaction,0 features,0 failed,2024-04
U02317,18-24,Tier 1,Mid,Paid Ads,iOS,2024-04-17,,,0.0,0.0,0.0,0.0,0.0,0,0,0,0,0,0,0,0,False,False,True,0,,No transaction,0 features,0 failed,2024-04
U02318,25-34,Tier 2,Low,Paid Ads,Android,2024-02-13,,,0.0,0.0,0.0,0.0,0.0,0,0,0,0,0,0,0,0,False,False,True,0,,No transaction,0 features,0 failed,2024-02
U02319,25-34,Tier 1,Low,Partnership,Android,2024-04-01,,,0.0,0.0,0.0,0.0,0.0,0,0,0,0,0,0,0,0,False,False,True,0,,No transaction,0 features,0 failed,2024-04
U02320,25-34,Tier 3,High,Referral,Android,2024-01-11,2024-01-11 22:25:00,2024-01-21 19:00:00,5.0,5.0,0.0,136323000.0,27264600.0,0,1,0,1,1,0,3,1,True,False,True,1,9.0,After 7 days,2+ features,0 failed,2024-01
U02321,45-54,Tier 1,Mid,Referral,Android,2024-03-05,,,0.0,0.0,0.0,0.0,0.0,0,0,0,0,0,0,0,0,False,False,True,0,,No transaction,0 features,0 failed,2024-03
U02322,35-44,Tier 2,High,Organic,iOS,2024-03-23,2024-03-24 13:12:00,2024-03-30 15:00:00,1.0,1.0,0.0,43748000.0,43748000.0,0,0,0,0,0,1,1,0,True,True,False,1,6.0,Within 7 days,1 feature,0 failed,2024-03
U02323,25-34,Tier 2,Low,Paid Ads,Android,2024-01-23,,,0.0,0.0,0.0,0.0,0.0,0,0,0,0,0,0,0,0,False,False,True,0,,No transaction,0 features,0 failed,2024-01
U02324,25-34,Tier 2,Mid,Organic,Android,2024-01-06,,,0.0,0.0,0.0,0.0,0.0,0,0,0,0,0,0,0,0,False,False,True,0,,No transaction,0 features,0 failed,2024-01
U02325,35-44,Tier 1,Low,Paid Ads,Android,2024-02-01,,,0.0,0.0,0.0,0.0,0.0,0,0,0,0,0,0,0,0,False,False,True,0,,No transaction,0 features,0 failed,2024-02
U02326,55+,Tier 1,Mid,Partnership,Android,2024-03-31,2024-04-01 20:06:00,2024-04-07 18:00:00,14.0,12.0,2.0,55734000.0,3981000.0,1,0,0,1,1,1,4,1,True,True,False,1,5.0,Within 7 days,2+ features,1-2 failed,2024-03
U02327,35-44,Tier 1,Mid,Paid Ads,Android,2024-02-26,2024-02-27 07:07:00,2024-03-05 00:00:00,4.0,4.0,0.0,27385000.0,6846250.0,0,0,1,0,1,0,2,1,True,True,False,1,6.0,Within 7 days,2+ features,0 failed,2024-02
U02328,18-24,Tier 2,Low,Referral,Android,2024-02-26,2024-02-27 12:17:00,2024-03-14 02:00:00,7.0,6.0,1.0,6578000.0,939714.2857142857,0,0,1,0,0,1,2,0,True,True,False,1,15.0,After 7 days,2+ features,1-2 failed,2024-02
U02329,25-34,Tier 1,High,Partnership,Android,2024-03-08,,,0.0,0.0,0.0,0.0,0.0,0,0,0,0,0,0,0,0,False,False,True,0,,No transaction,0 features,0 failed,2024-03
U02330,18-24,Tier 2,Low,Referral,iOS,2024-03-07,,,0.0,0.0,0.0,0.0,0.0,0,0,0,0,0,0,0,0,False,False,True,0,,No transaction,0 features,0 failed,2024-03
U02331,18-24,Tier 1,Mid,Paid Ads,iOS,2024-03-19,,,0.0,0.0,0.0,0.0,0.0,0,0,0,0,0,0,0,0,False,False,True,0,,No transaction,0 features,0 failed,2024-03
U02332,18-24,Tier 3,High,Paid Ads,Android,2024-01-21,,,0.0,0.0,0.0,0.0,0.0,0,0,0,0,0,0,0,0,False,False,True,0,,No transaction,0 features,0 failed,2024-01
U02333,25-34,Tier 3,High,Organic,Android,2024-02-16,2024-02-17 16:08:00,2024-03-14 04:00:00,7.0,5.0,2.0,127332000.0,18190285.714285713,1,1,1,0,0,0,3,1,True,False,True,1,25.0,After 7 days,2+ features,1-2 failed,2024-02
U02334,35-44,Tier 2,High,Branch,iOS,2024-02-17,2024-02-18 00:19:00,,0.0,0.0,0.0,0.0,0.0,0,0,0,1,0,0,1,0,True,True,False,1,,No transaction,1 feature,0 failed,2024-02
U02335,18-24,Tier 1,Mid,Organic,iOS,2024-02-06,,,0.0,0.0,0.0,0.0,0.0,0,0,0,0,0,0,0,0,False,False,True,0,,No transaction,0 features,0 failed,2024-02
U02336,25-34,Tier 1,Low,Branch,iOS,2024-02-19,2024-02-20 06:24:00,2024-03-06 08:00:00,6.0,6.0,0.0,5521000.0,920166.6666666666,0,0,0,0,1,0,1,1,True,False,True,1,15.0,After 7 days,1 feature,0 failed,2024-02
U02337,25-34,Tier 1,Low,Organic,iOS,2024-02-22,2024-02-22 16:06:00,2024-04-23 12:00:00,2.0,1.0,1.0,1350000.0,675000.0,0,1,1,1,0,0,3,0,True,True,False,1,60.0,After 7 days,2+ features,1-2 failed,2024-02
U02338,25-34,Tier 1,Mid,Referral,Android,2024-04-09,,,0.0,0.0,0.0,0.0,0.0,0,0,0,0,0,0,0,0,False,False,True,0,,No transaction,0 features,0 failed,2024-04
U02339,18-24,Tier 2,Mid,Organic,iOS,2024-02-13,,,0.0,0.0,0.0,0.0,0.0,0,0,0,0,0,0,0,0,False,False,True,0,,No transaction,0 features,0 failed,2024-02
U02340,25-34,Tier 2,Low,Organic,iOS,2024-03-27,2024-03-28 18:23:00,2024-04-01 05:00:00,8.0,7.0,1.0,7779000.0,972375.0,0,0,0,0,0,1,1,0,False,False,True,1,3.0,Within 7 days,1 feature,1-2 failed,2024-03
U02341,35-44,Tier 3,Mid,Paid Ads,Android,2024-03-17,2024-03-18 09:12:00,2024-03-24 22:00:00,5.0,5.0,0.0,18956000.0,3791200.0,0,0,0,1,0,0,1,0,True,False,True,1,6.0,Within 7 days,1 feature,0 failed,2024-03
U02342,18-24,Tier 1,Mid,Paid Ads,Android,2024-01-07,,,0.0,0.0,0.0,0.0,0.0,0,0,0,0,0,0,0,0,False,False,True,0,,No transaction,0 features,0 failed,2024-01
U02343,18-24,Tier 2,Mid,Partnership,Android,2024-04-11,,,0.0,0.0,0.0,0.0,0.0,0,0,0,0,0,0,0,0,False,False,True,0,,No transaction,0 features,0 failed,2024-04
U02344,25-34,Tier 2,Mid,Referral,Android,2024-03-21,2024-03-22 14:17:00,2024-04-06 04:00:00,9.0,9.0,0.0,36715000.0,4079444.4444444445,0,1,1,0,1,0,3,1,True,True,False,1,14.0,After 7 days,2+ features,0 failed,2024-03
U02345,45-54,Tier 2,Mid,Referral,Android,2024-03-23,,,0.0,0.0,0.0,0.0,0.0,0,0,0,0,0,0,0,0,False,False,True,0,,No transaction,0 features,0 failed,2024-03
U02346,35-44,Tier 1,High,Paid Ads,Android,2024-02-12,,,0.0,0.0,0.0,0.0,0.0,0,0,0,0,0,0,0,0,False,False,True,0,,No transaction,0 features,0 failed,2024-02
U02347,35-44,Tier 2,Low,Referral,Android,2024-01-09,,,0.0,0.0,0.0,0.0,0.0,0,0,0,0,0,0,0,0,False,False,True,0,,No transaction,0 features,0 failed,2024-01
U02348,25-34,Tier 2,Mid,Paid Ads,Android,2024-02-12,,,0.0,0.0,0.0,0.0,0.0,0,0,0,0,0,0,0,0,False,False,True,0,,No transaction,0 features,0 failed,2024-02
U02349,25-34,Tier 2,Low,Paid Ads,Android,2024-01-13,,,0.0,0.0,0.0,0.0,0.0,0,0,0,0,0,0,0,0,False,False,True,0,,No transaction,0 features,0 failed,2024-01
U02350,18-24,Tier 3,Low,Organic,iOS,2024-03-12,2024-03-13 07:07:00,2024-03-13 22:00:00,7.0,5.0,2.0,4761000.0,680142.8571428572,1,0,0,1,0,1,3,1,True,False,True,1,0.0,Within 7 days,2+ features,1-2 failed,2024-03
U02351,25-34,Tier 1,Mid,Partnership,Android,2024-03-27,,,0.0,0.0,0.0,0.0,0.0,0,0,0,0,0,0,0,0,False,False,True,0,,No transaction,0 features,0 failed,2024-03
U02352,45-54,Tier 1,High,Paid Ads,iOS,2024-02-19,2024-02-20 05:14:00,2024-03-12 14:00:00,4.0,4.0,0.0,57432000.0,14358000.0,1,1,0,0,0,0,2,1,False,False,True,1,21.0,After 7 days,2+ features,0 failed,2024-02
U02353,25-34,Tier 2,Low,Paid Ads,iOS,2024-02-06,,,0.0,0.0,0.0,0.0,0.0,0,0,0,0,0,0,0,0,False,False,True,0,,No transaction,0 features,0 failed,2024-02
U02354,45-54,Tier 2,Mid,Organic,iOS,2024-02-02,2024-02-03 04:13:00,2024-02-07 20:00:00,6.0,5.0,1.0,23946000.0,3991000.0,0,1,0,1,0,0,2,0,True,True,False,1,4.0,Within 7 days,2+ features,1-2 failed,2024-02
U02355,35-44,Tier 1,Mid,Referral,iOS,2024-04-02,2024-04-03 08:10:00,2024-04-06 00:00:00,9.0,6.0,3.0,30195000.0,3355000.0,0,1,1,0,1,0,3,1,True,False,True,1,2.0,Within 7 days,2+ features,3+ failed,2024-04
U02356,18-24,Tier 2,Low,Referral,Android,2024-04-19,,,0.0,0.0,0.0,0.0,0.0,0,0,0,0,0,0,0,0,False,False,True,0,,No transaction,0 features,0 failed,2024-04
U02357,45-54,Tier 3,High,Referral,Android,2024-03-25,,,0.0,0.0,0.0,0.0,0.0,0,0,0,0,0,0,0,0,False,False,True,0,,No transaction,0 features,0 failed,2024-03
U02358,18-24,Tier 3,Mid,Organic,Android,2024-04-26,,,0.0,0.0,0.0,0.0,0.0,0,0,0,0,0,0,0,0,False,False,True,0,,No transaction,0 features,0 failed,2024-04
U02359,25-34,Tier 1,Low,Partnership,iOS,2024-03-18,,,0.0,0.0,0.0,0.0,0.0,0,0,0,0,0,0,0,0,False,False,True,0,,No transaction,0 features,0 failed,2024-03
U02360,18-24,Tier 3,Mid,Paid Ads,Android,2024-04-21,,,0.0,0.0,0.0,0.0,0.0,0,0,0,0,0,0,0,0,False,False,True,0,,No transaction,0 features,0 failed,2024-04
U02361,18-24,Tier 2,Mid,Paid Ads,Android,2024-01-20,2024-01-20 23:02:00,2024-01-28 17:00:00,3.0,2.0,1.0,17711000.0,5903666.666666667,0,0,1,0,1,0,2,1,True,True,False,1,7.0,Within 7 days,2+ features,1-2 failed,2024-01
U02362,25-34,Tier 2,Mid,Organic,iOS,2024-02-12,,,0.0,0.0,0.0,0.0,0.0,0,0,0,0,0,0,0,0,False,False,True,0,,No transaction,0 features,0 failed,2024-02
U02363,18-24,Tier 2,Mid,Branch,iOS,2024-01-11,,,0.0,0.0,0.0,0.0,0.0,0,0,0,0,0,0,0,0,False,False,True,0,,No transaction,0 features,0 failed,2024-01
U02364,25-34,Tier 3,Low,Organic,iOS,2024-03-15,2024-03-16 03:26:00,2024-03-22 03:00:00,6.0,6.0,0.0,5817000.0,969500.0,0,1,1,0,0,0,2,0,True,True,False,1,5.0,Within 7 days,2+ features,0 failed,2024-03
U02365,25-34,Tier 2,Mid,Partnership,Android,2024-03-25,,,0.0,0.0,0.0,0.0,0.0,0,0,0,0,0,0,0,0,False,False,True,0,,No transaction,0 features,0 failed,2024-03
U02366,18-24,Tier 1,Low,Branch,Android,2024-01-19,2024-01-20 18:22:00,2024-01-22 16:00:00,15.0,12.0,3.0,15690000.0,1046000.0,1,1,0,1,1,1,5,1,False,False,True,1,1.0,Within 7 days,2+ features,3+ failed,2024-01
U02367,18-24,Tier 2,High,Paid Ads,Android,2024-02-14,,,0.0,0.0,0.0,0.0,0.0,0,0,0,0,0,0,0,0,False,False,True,0,,No transaction,0 features,0 failed,2024-02
U02368,25-34,Tier 2,Mid,Branch,Android,2024-02-09,,,0.0,0.0,0.0,0.0,0.0,0,0,0,0,0,0,0,0,False,False,True,0,,No transaction,0 features,0 failed,2024-02
U02369,25-34,Tier 1,Low,Paid Ads,iOS,2024-03-24,,,0.0,0.0,0.0,0.0,0.0,0,0,0,0,0,0,0,0,False,False,True,0,,No transaction,0 features,0 failed,2024-03
U02370,35-44,Tier 3,High,Organic,Android,2024-03-30,,,0.0,0.0,0.0,0.0,0.0,0,0,0,0,0,0,0,0,False,False,True,0,,No transaction,0 features,0 failed,2024-03
U02371,35-44,Tier 2,Low,Organic,Android,2024-03-25,,,0.0,0.0,0.0,0.0,0.0,0,0,0,0,0,0,0,0,False,False,True,0,,No transaction,0 features,0 failed,2024-03
U02372,35-44,Tier 2,Mid,Referral,iOS,2024-02-20,2024-02-21 14:09:00,2024-02-24 08:00:00,2.0,2.0,0.0,12790000.0,6395000.0,0,0,0,0,1,0,1,1,True,False,True,1,2.0,Within 7 days,1 feature,0 failed,2024-02
U02373,35-44,Tier 1,Mid,Organic,Android,2024-01-17,2024-01-18 18:21:00,2024-01-19 19:00:00,12.0,10.0,2.0,51135000.0,4261250.0,0,0,0,1,0,1,2,0,True,True,False,1,1.0,Within 7 days,2+ features,1-2 failed,2024-01
U02374,25-34,Tier 2,Low,Paid Ads,iOS,2024-03-17,,,0.0,0.0,0.0,0.0,0.0,0,0,0,0,0,0,0,0,False,False,True,0,,No transaction,0 features,0 failed,2024-03
U02375,35-44,Tier 1,High,Referral,iOS,2024-03-31,,,0.0,0.0,0.0,0.0,0.0,0,0,0,0,0,0,0,0,False,False,True,0,,No transaction,0 features,0 failed,2024-03
U02376,18-24,Tier 1,Mid,Partnership,iOS,2024-01-11,,,0.0,0.0,0.0,0.0,0.0,0,0,0,0,0,0,0,0,False,False,True,0,,No transaction,0 features,0 failed,2024-01
U02377,25-34,Tier 2,Low,Referral,Android,2024-02-09,2024-02-09 23:26:00,2024-02-12 09:00:00,11.0,6.0,5.0,9587000.0,871545.4545454546,1,1,0,1,1,0,4,1,True,True,False,1,2.0,Within 7 days,2+ features,3+ failed,2024-02
U02378,35-44,Tier 1,Mid,Paid Ads,Android,2024-03-12,2024-03-13 11:21:00,2024-03-21 09:00:00,3.0,3.0,0.0,18056000.0,6018666.666666667,0,0,1,1,0,1,3,0,True,True,False,1,7.0,Within 7 days,2+ features,0 failed,2024-03
U02379,25-34,Tier 2,Mid,Branch,iOS,2024-02-18,2024-02-19 13:02:00,2024-02-28 05:00:00,8.0,8.0,0.0,42552000.0,5319000.0,1,1,0,0,1,1,4,1,True,False,True,1,8.0,After 7 days,2+ features,0 failed,2024-02
U02380,35-44,Tier 1,High,Organic,iOS,2024-03-23,2024-03-24 07:23:00,2024-04-02 04:00:00,5.0,5.0,0.0,161156000.0,32231200.0,0,0,0,1,0,0,1,0,False,False,True,1,8.0,After 7 days,1 feature,0 failed,2024-03
U02381,35-44,Tier 1,Mid,Paid Ads,Android,2024-04-11,,,0.0,0.0,0.0,0.0,0.0,0,0,0,0,0,0,0,0,False,False,True,0,,No transaction,0 features,0 failed,2024-04
U02382,45-54,Tier 1,Mid,Partnership,Android,2024-02-12,2024-02-13 17:05:00,,0.0,0.0,0.0,0.0,0.0,0,1,0,0,0,0,1,0,True,False,True,1,,No transaction,1 feature,0 failed,2024-02
U02383,45-54,Tier 3,Mid,Organic,Android,2024-04-14,2024-04-15 11:17:00,2024-04-29 07:00:00,9.0,9.0,0.0,66146000.0,7349555.555555556,1,1,0,0,1,1,4,1,True,True,False,1,13.0,After 7 days,2+ features,0 failed,2024-04
U02384,25-34,Tier 2,Mid,Paid Ads,iOS,2024-01-17,,,0.0,0.0,0.0,0.0,0.0,0,0,0,0,0,0,0,0,False,False,True,0,,No transaction,0 features,0 failed,2024-01
U02385,25-34,Tier 2,Mid,Referral,Android,2024-03-26,2024-03-27 01:11:00,2024-03-27 21:00:00,10.0,10.0,0.0,38743000.0,3874300.0,0,0,0,0,1,1,2,1,True,True,False,1,0.0,Within 7 days,2+ features,0 failed,2024-03
U02386,25-34,Tier 1,Low,Partnership,Android,2024-03-30,2024-03-31 08:21:00,2024-04-19 03:00:00,9.0,8.0,1.0,10240000.0,1137777.7777777778,1,0,1,1,0,0,3,1,False,False,True,1,18.0,After 7 days,2+ features,1-2 failed,2024-03
U02387,25-34,Tier 1,Mid,Paid Ads,Android,2024-04-16,,,0.0,0.0,0.0,0.0,0.0,0,0,0,0,0,0,0,0,False,False,True,0,,No transaction,0 features,0 failed,2024-04
U02388,25-34,Tier 3,Mid,Paid Ads,Android,2024-04-04,,,0.0,0.0,0.0,0.0,0.0,0,0,0,0,0,0,0,0,False,False,True,0,,No transaction,0 features,0 failed,2024-04
U02389,35-44,Tier 1,High,Partnership,iOS,2024-03-28,,,0.0,0.0,0.0,0.0,0.0,0,0,0,0,0,0,0,0,False,False,True,0,,No transaction,0 features,0 failed,2024-03
U02390,35-44,Tier 1,Low,Organic,Android,2024-04-26,,,0.0,0.0,0.0,0.0,0.0,0,0,0,0,0,0,0,0,False,False,True,0,,No transaction,0 features,0 failed,2024-04
U02391,25-34,Tier 2,Mid,Partnership,Android,2024-03-08,2024-03-09 06:16:00,2024-03-29 20:00:00,1.0,1.0,0.0,4226000.0,4226000.0,0,0,0,0,0,1,1,0,True,True,False,1,20.0,After 7 days,1 feature,0 failed,2024-03
U02392,18-24,Tier 1,High,Partnership,Android,2024-01-12,,,0.0,0.0,0.0,0.0,0.0,0,0,0,0,0,0,0,0,False,False,True,0,,No transaction,0 features,0 failed,2024-01
U02393,25-34,Tier 3,Mid,Partnership,Android,2024-03-23,,,0.0,0.0,0.0,0.0,0.0,0,0,0,0,0,0,0,0,False,False,True,0,,No transaction,0 features,0 failed,2024-03
U02394,18-24,Tier 2,High,Partnership,Android,2024-03-26,,,0.0,0.0,0.0,0.0,0.0,0,0,0,0,0,0,0,0,False,False,True,0,,No transaction,0 features,0 failed,2024-03
U02395,45-54,Tier 1,High,Referral,Android,2024-02-24,2024-02-25 12:30:00,,0.0,0.0,0.0,0.0,0.0,0,1,0,1,0,1,3,0,True,True,False,1,,No transaction,2+ features,0 failed,2024-02
U02396,25-34,Tier 1,Mid,Branch,Android,2024-03-06,2024-03-07 08:08:00,2024-03-07 20:00:00,7.0,7.0,0.0,40089000.0,5727000.0,0,0,0,1,1,0,2,1,False,False,True,1,0.0,Within 7 days,2+ features,0 failed,2024-03
U02397,18-24,Tier 1,Mid,Referral,iOS,2024-02-16,2024-02-17 10:11:00,2024-03-15 22:00:00,3.0,2.0,1.0,14964000.0,4988000.0,0,0,0,0,0,1,1,0,True,True,False,1,27.0,After 7 days,1 feature,1-2 failed,2024-02
U02398,18-24,Tier 3,Low,Paid Ads,Android,2024-01-03,2024-01-03 23:05:00,2024-01-12 11:00:00,9.0,9.0,0.0,7191000.0,799000.0,1,0,0,0,0,1,2,1,True,True,False,1,8.0,After 7 days,2+ features,0 failed,2024-01
U02399,25-34,Tier 2,Mid,Organic,iOS,2024-02-16,,,0.0,0.0,0.0,0.0,0.0,0,0,0,0,0,0,0,0,False,False,True,0,,No transaction,0 features,0 failed,2024-02
U02400,25-34,Tier 1,Low,Branch,Android,2024-02-09,2024-02-11 02:05:00,2024-02-15 07:00:00,5.0,5.0,0.0,4559000.0,911800.0,1,1,0,1,0,0,3,1,False,False,True,1,4.0,Within 7 days,2+ features,0 failed,2024-02
U02401,25-34,Tier 1,Mid,Paid Ads,Android,2024-01-24,,,0.0,0.0,0.0,0.0,0.0,0,0,0,0,0,0,0,0,False,False,True,0,,No transaction,0 features,0 failed,2024-01
U02402,18-24,Tier 2,Mid,Partnership,Android,2024-01-28,,,0.0,0.0,0.0,0.0,0.0,0,0,0,0,0,0,0,0,False,False,True,0,,No transaction,0 features,0 failed,2024-01
U02403,25-34,Tier 2,Mid,Organic,Android,2024-02-13,,,0.0,0.0,0.0,0.0,0.0,0,0,0,0,0,0,0,0,False,False,True,0,,No transaction,0 features,0 failed,2024-02
U02404,25-34,Tier 1,Low,Partnership,Android,2024-04-08,2024-04-09 11:02:00,,0.0,0.0,0.0,0.0,0.0,0,0,0,0,0,0,0,0,False,False,True,1,,No transaction,0 features,0 failed,2024-04
U02405,35-44,Tier 1,High,Partnership,Android,2024-03-03,,,0.0,0.0,0.0,0.0,0.0,0,0,0,0,0,0,0,0,False,False,True,0,,No transaction,0 features,0 failed,2024-03
U02406,25-34,Tier 1,Low,Paid Ads,Android,2024-01-25,2024-01-25 23:06:00,2024-01-26 23:00:00,9.0,8.0,1.0,7919000.0,879888.8888888889,1,0,1,1,0,0,3,1,True,True,False,1,0.0,Within 7 days,2+ features,1-2 failed,2024-01
U02407,25-34,Tier 2,Low,Referral,Android,2024-01-29,2024-01-30 07:10:00,2024-02-06 05:00:00,9.0,8.0,1.0,8270000.0,918888.8888888889,0,0,0,0,1,1,2,1,True,True,False,1,6.0,Within 7 days,2+ features,1-2 failed,2024-01
U02408,18-24,Tier 3,Low,Paid Ads,Android,2024-01-18,2024-01-19 21:19:00,2024-02-04 20:00:00,3.0,3.0,0.0,864000.0,288000.0,0,0,0,1,0,0,1,0,True,True,False,1,15.0,After 7 days,1 feature,0 failed,2024-01
U02409,55+,Tier 1,High,Organic,Android,2024-01-20,,,0.0,0.0,0.0,0.0,0.0,0,0,0,0,0,0,0,0,False,False,True,0,,No transaction,0 features,0 failed,2024-01
U02410,25-34,Tier 2,High,Paid Ads,Android,2024-01-10,,,0.0,0.0,0.0,0.0,0.0,0,0,0,0,0,0,0,0,False,False,True,0,,No transaction,0 features,0 failed,2024-01
U02411,35-44,Tier 1,Mid,Organic,iOS,2024-02-07,,,0.0,0.0,0.0,0.0,0.0,0,0,0,0,0,0,0,0,False,False,True,0,,No transaction,0 features,0 failed,2024-02
U02412,18-24,Tier 1,High,Referral,Android,2024-04-18,2024-04-19 07:02:00,2024-04-30 08:00:00,6.0,5.0,1.0,164480000.0,27413333.333333332,1,0,1,0,1,0,3,1,False,False,True,1,11.0,After 7 days,2+ features,1-2 failed,2024-04
U02413,25-34,Tier 1,Low,Organic,iOS,2024-04-10,,,0.0,0.0,0.0,0.0,0.0,0,0,0,0,0,0,0,0,False,False,True,0,,No transaction,0 features,0 failed,2024-04
U02414,18-24,Tier 3,High,Organic,Android,2024-01-13,,,0.0,0.0,0.0,0.0,0.0,0,0,0,0,0,0,0,0,False,False,True,0,,No transaction,0 features,0 failed,2024-01
U02415,25-34,Tier 2,Low,Organic,iOS,2024-03-05,,,0.0,0.0,0.0,0.0,0.0,0,0,0,0,0,0,0,0,False,False,True,0,,No transaction,0 features,0 failed,2024-03
U02416,55+,Tier 2,Low,Branch,Android,2024-04-08,2024-04-09 20:01:00,2024-04-27 13:00:00,6.0,5.0,1.0,6500000.0,1083333.3333333333,0,0,0,0,1,0,1,1,True,False,True,1,17.0,After 7 days,1 feature,1-2 failed,2024-04
U02417,25-34,Tier 1,Low,Paid Ads,iOS,2024-03-10,,,0.0,0.0,0.0,0.0,0.0,0,0,0,0,0,0,0,0,False,False,True,0,,No transaction,0 features,0 failed,2024-03
U02418,18-24,Tier 1,Mid,Referral,Android,2024-04-16,2024-04-17 12:01:00,2024-04-25 17:00:00,2.0,1.0,1.0,9839000.0,4919500.0,0,1,0,0,0,0,1,0,False,False,True,1,8.0,After 7 days,1 feature,1-2 failed,2024-04
U02419,18-24,Tier 1,Mid,Paid Ads,Android,2024-04-04,,,0.0,0.0,0.0,0.0,0.0,0,0,0,0,0,0,0,0,False,False,True,0,,No transaction,0 features,0 failed,2024-04
U02420,25-34,Tier 2,Mid,Paid Ads,Android,2024-04-23,,,0.0,0.0,0.0,0.0,0.0,0,0,0,0,0,0,0,0,False,False,True,0,,No transaction,0 features,0 failed,2024-04
U02421,18-24,Tier 1,High,Branch,Android,2024-03-08,2024-03-09 12:03:00,2024-03-20 12:00:00,6.0,5.0,1.0,229712000.0,38285333.333333336,0,1,0,0,0,1,2,0,False,False,True,1,10.0,After 7 days,2+ features,1-2 failed,2024-03
U02422,18-24,Tier 2,Mid,Organic,iOS,2024-01-05,,,0.0,0.0,0.0,0.0,0.0,0,0,0,0,0,0,0,0,False,False,True,0,,No transaction,0 features,0 failed,2024-01
U02423,35-44,Tier 1,Low,Referral,Android,2024-03-25,,,0.0,0.0,0.0,0.0,0.0,0,0,0,0,0,0,0,0,False,False,True,0,,No transaction,0 features,0 failed,2024-03
U02424,25-34,Tier 1,Mid,Branch,Android,2024-02-13,2024-02-14 21:23:00,2024-03-07 18:00:00,11.0,10.0,1.0,61032000.0,5548363.636363637,1,1,1,0,0,0,3,1,True,False,True,1,21.0,After 7 days,2+ features,1-2 failed,2024-02
U02425,18-24,Tier 2,Mid,Referral,Android,2024-04-22,2024-04-23 08:04:00,2024-04-24 19:00:00,16.0,15.0,1.0,101937000.0,6371062.5,0,1,1,1,0,1,4,0,False,False,True,1,1.0,Within 7 days,2+ features,1-2 failed,2024-04
U02426,45-54,Tier 1,High,Organic,Android,2024-04-08,,,0.0,0.0,0.0,0.0,0.0,0,0,0,0,0,0,0,0,False,False,True,0,,No transaction,0 features,0 failed,2024-04
U02427,18-24,Tier 1,Mid,Organic,Android,2024-03-20,2024-03-21 21:24:00,2024-03-24 02:00:00,4.0,4.0,0.0,14414000.0,3603500.0,1,0,0,0,0,0,1,1,True,True,False,1,2.0,Within 7 days,1 feature,0 failed,2024-03
U02428,55+,Tier 1,Mid,Organic,Android,2024-01-17,2024-01-18 13:18:00,2024-01-21 08:00:00,13.0,12.0,1.0,70534000.0,5425692.307692308,1,0,0,1,0,0,2,1,True,True,False,1,2.0,Within 7 days,2+ features,1-2 failed,2024-01
U02429,25-34,Tier 2,Low,Branch,Android,2024-03-17,,,0.0,0.0,0.0,0.0,0.0,0,0,0,0,0,0,0,0,False,False,True,0,,No transaction,0 features,0 failed,2024-03
U02430,45-54,Tier 2,Mid,Referral,Android,2024-02-18,2024-02-19 17:12:00,,0.0,0.0,0.0,0.0,0.0,0,0,0,0,0,0,0,0,False,False,True,1,,No transaction,0 features,0 failed,2024-02
U02431,25-34,Tier 1,High,Branch,Android,2024-01-20,2024-01-21 04:04:00,2024-01-28 22:00:00,9.0,8.0,1.0,197969000.0,21996555.555555556,1,1,0,0,1,0,3,1,True,False,True,1,7.0,Within 7 days,2+ features,1-2 failed,2024-01
U02432,35-44,Tier 2,Low,Branch,Android,2024-01-21,2024-01-22 13:01:00,2024-01-23 07:00:00,4.0,3.0,1.0,6403000.0,1600750.0,0,1,0,0,0,1,2,0,True,False,True,1,0.0,Within 7 days,2+ features,1-2 failed,2024-01
U02433,55+,Tier 1,High,Paid Ads,Android,2024-01-24,,,0.0,0.0,0.0,0.0,0.0,0,0,0,0,0,0,0,0,False,False,True,0,,No transaction,0 features,0 failed,2024-01
U02434,18-24,Tier 1,Mid,Organic,Android,2024-04-16,2024-04-17 08:29:00,2024-04-24 01:00:00,9.0,8.0,1.0,56391000.0,6265666.666666667,0,1,1,0,1,0,3,1,True,True,False,1,6.0,Within 7 days,2+ features,1-2 failed,2024-04
U02435,55+,Tier 1,Low,Organic,Android,2024-03-29,,,0.0,0.0,0.0,0.0,0.0,0,0,0,0,0,0,0,0,False,False,True,0,,No transaction,0 features,0 failed,2024-03
U02436,25-34,Tier 3,High,Paid Ads,iOS,2024-04-08,,,0.0,0.0,0.0,0.0,0.0,0,0,0,0,0,0,0,0,False,False,True,0,,No transaction,0 features,0 failed,2024-04
U02437,25-34,Tier 1,Mid,Referral,iOS,2024-03-20,,,0.0,0.0,0.0,0.0,0.0,0,0,0,0,0,0,0,0,False,False,True,0,,No transaction,0 features,0 failed,2024-03
U02438,25-34,Tier 1,Mid,Paid Ads,iOS,2024-04-13,,,0.0,0.0,0.0,0.0,0.0,0,0,0,0,0,0,0,0,False,False,True,0,,No transaction,0 features,0 failed,2024-04
U02439,25-34,Tier 1,Low,Referral,Android,2024-04-25,2024-04-26 21:22:00,2024-05-25 22:00:00,3.0,3.0,0.0,2729000.0,909666.6666666666,0,0,0,1,0,0,1,0,True,True,False,1,29.0,After 7 days,1 feature,0 failed,2024-04
U02440,18-24,Tier 1,Low,Branch,iOS,2024-01-22,,,0.0,0.0,0.0,0.0,0.0,0,0,0,0,0,0,0,0,False,False,True,0,,No transaction,0 features,0 failed,2024-01
U02441,25-34,Tier 2,High,Paid Ads,Android,2024-04-02,,,0.0,0.0,0.0,0.0,0.0,0,0,0,0,0,0,0,0,False,False,True,0,,No transaction,0 features,0 failed,2024-04
U02442,25-34,Tier 1,Mid,Paid Ads,Android,2024-02-26,2024-02-27 18:27:00,2024-02-28 20:00:00,15.0,14.0,1.0,92067000.0,6137800.0,0,1,1,1,0,1,4,0,True,False,True,1,1.0,Within 7 days,2+ features,1-2 failed,2024-02
U02443,35-44,Tier 1,High,Partnership,Android,2024-01-06,,,0.0,0.0,0.0,0.0,0.0,0,0,0,0,0,0,0,0,False,False,True,0,,No transaction,0 features,0 failed,2024-01
U02444,35-44,Tier 2,Low,Organic,iOS,2024-02-22,,,0.0,0.0,0.0,0.0,0.0,0,0,0,0,0,0,0,0,False,False,True,0,,No transaction,0 features,0 failed,2024-02
U02445,25-34,Tier 1,Low,Organic,iOS,2024-02-16,2024-02-16 23:17:00,2024-03-11 22:00:00,7.0,5.0,2.0,7414000.0,1059142.857142857,0,0,0,1,1,0,2,1,True,True,False,1,23.0,After 7 days,2+ features,1-2 failed,2024-02
U02446,25-34,Tier 2,Low,Organic,Android,2024-03-27,2024-03-28 22:14:00,2024-04-02 01:00:00,10.0,9.0,1.0,11240000.0,1124000.0,1,1,0,1,0,1,4,1,True,True,False,1,4.0,Within 7 days,2+ features,1-2 failed,2024-03
U02447,18-24,Tier 2,Mid,Organic,Android,2024-04-02,,,0.0,0.0,0.0,0.0,0.0,0,0,0,0,0,0,0,0,False,False,True,0,,No transaction,0 features,0 failed,2024-04
U02448,18-24,Tier 1,High,Paid Ads,iOS,2024-01-31,2024-02-01 11:05:00,,0.0,0.0,0.0,0.0,0.0,0,0,0,0,0,0,0,0,False,False,True,1,,No transaction,0 features,0 failed,2024-01
U02449,18-24,Tier 2,Mid,Referral,iOS,2024-02-26,,,0.0,0.0,0.0,0.0,0.0,0,0,0,0,0,0,0,0,False,False,True,0,,No transaction,0 features,0 failed,2024-02
U02450,25-34,Tier 1,Mid,Referral,iOS,2024-03-19,,,0.0,0.0,0.0,0.0,0.0,0,0,0,0,0,0,0,0,False,False,True,0,,No transaction,0 features,0 failed,2024-03
U02451,18-24,Tier 2,High,Branch,Android,2024-02-06,,,0.0,0.0,0.0,0.0,0.0,0,0,0,0,0,0,0,0,False,False,True,0,,No transaction,0 features,0 failed,2024-02
U02452,55+,Tier 1,Mid,Organic,Android,2024-04-06,2024-04-07 08:18:00,2024-05-02 05:00:00,3.0,2.0,1.0,13687000.0,4562333.333333333,1,0,0,0,1,0,2,1,True,True,False,1,24.0,After 7 days,2+ features,1-2 failed,2024-04
U02453,25-34,Tier 1,Low,Paid Ads,Android,2024-04-05,,,0.0,0.0,0.0,0.0,0.0,0,0,0,0,0,0,0,0,False,False,True,0,,No transaction,0 features,0 failed,2024-04
U02454,25-34,Tier 2,High,Organic,iOS,2024-04-10,,,0.0,0.0,0.0,0.0,0.0,0,0,0,0,0,0,0,0,False,False,True,0,,No transaction,0 features,0 failed,2024-04
U02455,25-34,Tier 3,Mid,Referral,iOS,2024-02-27,,,0.0,0.0,0.0,0.0,0.0,0,0,0,0,0,0,0,0,False,False,True,0,,No transaction,0 features,0 failed,2024-02
U02456,18-24,Tier 3,Low,Paid Ads,Android,2024-01-30,,,0.0,0.0,0.0,0.0,0.0,0,0,0,0,0,0,0,0,False,False,True,0,,No transaction,0 features,0 failed,2024-01
U02457,25-34,Tier 2,Low,Branch,Android,2024-03-09,2024-03-09 21:29:00,2024-03-17 14:00:00,10.0,10.0,0.0,10065000.0,1006500.0,0,0,1,1,1,0,3,1,True,True,False,1,7.0,Within 7 days,2+ features,0 failed,2024-03
U02458,25-34,Tier 1,Mid,Referral,iOS,2024-01-31,,,0.0,0.0,0.0,0.0,0.0,0,0,0,0,0,0,0,0,False,False,True,0,,No transaction,0 features,0 failed,2024-01
U02459,25-34,Tier 1,Mid,Organic,Android,2024-02-09,2024-02-10 01:28:00,2024-02-11 05:00:00,4.0,4.0,0.0,9324000.0,2331000.0,1,1,0,0,0,0,2,1,True,True,False,1,1.0,Within 7 days,2+ features,0 failed,2024-02
U02460,25-34,Tier 1,Low,Referral,iOS,2024-04-13,,,0.0,0.0,0.0,0.0,0.0,0,0,0,0,0,0,0,0,False,False,True,0,,No transaction,0 features,0 failed,2024-04
U02461,55+,Tier 2,Low,Organic,Android,2024-04-10,2024-04-11 02:16:00,,0.0,0.0,0.0,0.0,0.0,0,0,0,0,0,0,0,0,True,False,True,1,,No transaction,0 features,0 failed,2024-04
U02462,45-54,Tier 1,Mid,Organic,iOS,2024-03-01,,,0.0,0.0,0.0,0.0,0.0,0,0,0,0,0,0,0,0,False,False,True,0,,No transaction,0 features,0 failed,2024-03
U02463,25-34,Tier 3,High,Paid Ads,iOS,2024-04-25,2024-04-26 01:18:00,2024-04-28 10:00:00,11.0,10.0,1.0,328347000.0,29849727.272727273,1,1,0,1,1,1,5,1,False,False,True,1,2.0,Within 7 days,2+ features,1-2 failed,2024-04
U02464,25-34,Tier 1,Mid,Organic,Android,2024-04-16,,,0.0,0.0,0.0,0.0,0.0,0,0,0,0,0,0,0,0,False,False,True,0,,No transaction,0 features,0 failed,2024-04
U02465,25-34,Tier 1,Low,Paid Ads,iOS,2024-01-25,,,0.0,0.0,0.0,0.0,0.0,0,0,0,0,0,0,0,0,False,False,True,0,,No transaction,0 features,0 failed,2024-01
U02466,18-24,Tier 1,Low,Paid Ads,Android,2024-02-17,,,0.0,0.0,0.0,0.0,0.0,0,0,0,0,0,0,0,0,False,False,True,0,,No transaction,0 features,0 failed,2024-02
U02467,25-34,Tier 3,Low,Referral,iOS,2024-03-27,,,0.0,0.0,0.0,0.0,0.0,0,0,0,0,0,0,0,0,False,False,True,0,,No transaction,0 features,0 failed,2024-03
U02468,18-24,Tier 2,Low,Organic,iOS,2024-03-14,,,0.0,0.0,0.0,0.0,0.0,0,0,0,0,0,0,0,0,False,False,True,0,,No transaction,0 features,0 failed,2024-03
U02469,25-34,Tier 2,Mid,Branch,Android,2024-02-26,2024-02-27 11:09:00,,0.0,0.0,0.0,0.0,0.0,0,0,0,1,0,0,1,0,False,False,True,1,,No transaction,1 feature,0 failed,2024-02
U02470,25-34,Tier 1,Mid,Referral,Android,2024-02-29,2024-03-01 13:15:00,2024-04-30 20:00:00,1.0,1.0,0.0,9805000.0,9805000.0,0,0,0,0,0,1,1,0,True,True,False,1,60.0,After 7 days,1 feature,0 failed,2024-02
U02471,18-24,Tier 3,Mid,Partnership,Android,2024-04-08,,,0.0,0.0,0.0,0.0,0.0,0,0,0,0,0,0,0,0,False,False,True,0,,No transaction,0 features,0 failed,2024-04
U02472,55+,Tier 1,Mid,Referral,iOS,2024-02-06,,,0.0,0.0,0.0,0.0,0.0,0,0,0,0,0,0,0,0,False,False,True,0,,No transaction,0 features,0 failed,2024-02
U02473,45-54,Tier 3,Low,Paid Ads,iOS,2024-04-09,2024-04-10 07:18:00,2024-04-11 05:00:00,3.0,2.0,1.0,2409000.0,803000.0,1,0,0,0,1,0,2,1,True,False,True,1,0.0,Within 7 days,2+ features,1-2 failed,2024-04
U02474,35-44,Tier 2,Mid,Referral,Android,2024-02-18,2024-02-19 17:27:00,2024-02-22 09:00:00,5.0,5.0,0.0,14824000.0,2964800.0,1,0,1,0,0,0,2,1,True,True,False,1,2.0,Within 7 days,2+ features,0 failed,2024-02
U02475,25-34,Tier 1,Mid,Referral,iOS,2024-03-05,2024-03-06 03:27:00,2024-03-19 21:00:00,7.0,6.0,1.0,47185000.0,6740714.285714285,1,1,0,0,1,0,3,1,True,True,False,1,13.0,After 7 days,2+ features,1-2 failed,2024-03
U02476,45-54,Tier 2,Mid,Organic,Android,2024-03-08,2024-03-09 00:24:00,2024-03-21 23:00:00,7.0,6.0,1.0,37283000.0,5326142.857142857,1,0,1,0,0,0,2,1,True,True,False,1,12.0,After 7 days,2+ features,1-2 failed,2024-03
U02477,18-24,Tier 2,Low,Referral,Android,2024-02-23,2024-02-24 08:02:00,2024-02-26 12:00:00,7.0,7.0,0.0,6155000.0,879285.7142857143,0,0,0,1,0,1,2,0,True,True,False,1,2.0,Within 7 days,2+ features,0 failed,2024-02
U02478,35-44,Tier 1,Mid,Partnership,Android,2024-01-21,2024-01-22 14:22:00,2024-01-29 13:00:00,5.0,4.0,1.0,27917000.0,5583400.0,1,1,0,0,0,0,2,1,True,False,True,1,6.0,Within 7 days,2+ features,1-2 failed,2024-01
U02479,18-24,Tier 3,Low,Paid Ads,Android,2024-04-14,,,0.0,0.0,0.0,0.0,0.0,0,0,0,0,0,0,0,0,False,False,True,0,,No transaction,0 features,0 failed,2024-04
U02480,35-44,Tier 1,Low,Organic,Android,2024-01-26,,,0.0,0.0,0.0,0.0,0.0,0,0,0,0,0,0,0,0,False,False,True,0,,No transaction,0 features,0 failed,2024-01
U02481,18-24,Tier 1,High,Paid Ads,iOS,2024-04-12,,,0.0,0.0,0.0,0.0,0.0,0,0,0,0,0,0,0,0,False,False,True,0,,No transaction,0 features,0 failed,2024-04
U02482,45-54,Tier 1,High,Partnership,Android,2024-03-18,2024-03-20 03:19:00,2024-04-03 02:00:00,9.0,9.0,0.0,204072000.0,22674666.666666668,0,0,0,1,1,0,2,1,True,True,False,1,13.0,After 7 days,2+ features,0 failed,2024-03
U02483,45-54,Tier 1,Low,Paid Ads,iOS,2024-01-18,,,0.0,0.0,0.0,0.0,0.0,0,0,0,0,0,0,0,0,False,False,True,0,,No transaction,0 features,0 failed,2024-01
U02484,18-24,Tier 2,Low,Organic,Android,2024-04-21,,,0.0,0.0,0.0,0.0,0.0,0,0,0,0,0,0,0,0,False,False,True,0,,No transaction,0 features,0 failed,2024-04
U02485,25-34,Tier 1,Mid,Partnership,Android,2024-02-02,2024-02-02 23:24:00,2024-02-08 19:00:00,9.0,8.0,1.0,53567000.0,5951888.888888889,0,1,1,1,0,1,4,0,True,True,False,1,5.0,Within 7 days,2+ features,1-2 failed,2024-02
U02486,55+,Tier 2,Low,Referral,Android,2024-01-07,,,0.0,0.0,0.0,0.0,0.0,0,0,0,0,0,0,0,0,False,False,True,0,,No transaction,0 features,0 failed,2024-01
U02487,25-34,Tier 1,Mid,Paid Ads,iOS,2024-03-23,2024-03-24 10:18:00,2024-03-25 16:00:00,15.0,13.0,2.0,70169000.0,4677933.333333333,1,0,1,1,0,1,4,1,True,False,True,1,1.0,Within 7 days,2+ features,1-2 failed,2024-03
U02488,45-54,Tier 3,Low,Paid Ads,iOS,2024-03-02,,,0.0,0.0,0.0,0.0,0.0,0,0,0,0,0,0,0,0,False,False,True,0,,No transaction,0 features,0 failed,2024-03
U02489,25-34,Tier 2,Low,Partnership,iOS,2024-04-21,2024-04-21 12:21:00,2024-05-12 06:00:00,6.0,6.0,0.0,5764000.0,960666.6666666666,0,1,0,1,0,0,2,0,True,True,False,1,20.0,After 7 days,2+ features,0 failed,2024-04
U02490,25-34,Tier 3,Mid,Branch,iOS,2024-02-17,2024-02-17 17:18:00,,0.0,0.0,0.0,0.0,0.0,0,0,0,0,0,0,0,0,False,False,True,1,,No transaction,0 features,0 failed,2024-02
U02491,18-24,Tier 1,High,Branch,Android,2024-03-11,,,0.0,0.0,0.0,0.0,0.0,0,0,0,0,0,0,0,0,False,False,True,0,,No transaction,0 features,0 failed,2024-03
U02492,18-24,Tier 1,Low,Organic,Android,2024-01-14,,,0.0,0.0,0.0,0.0,0.0,0,0,0,0,0,0,0,0,False,False,True,0,,No transaction,0 features,0 failed,2024-01
U02493,35-44,Tier 1,Mid,Branch,iOS,2024-04-01,,,0.0,0.0,0.0,0.0,0.0,0,0,0,0,0,0,0,0,False,False,True,0,,No transaction,0 features,0 failed,2024-04
U02494,25-34,Tier 2,Low,Organic,iOS,2024-04-18,,,0.0,0.0,0.0,0.0,0.0,0,0,0,0,0,0,0,0,False,False,True,0,,No transaction,0 features,0 failed,2024-04
U02495,25-34,Tier 3,Low,Referral,Android,2024-03-07,,,0.0,0.0,0.0,0.0,0.0,0,0,0,0,0,0,0,0,False,False,True,0,,No transaction,0 features,0 failed,2024-03
U02496,25-34,Tier 1,High,Paid Ads,iOS,2024-04-18,,,0.0,0.0,0.0,0.0,0.0,0,0,0,0,0,0,0,0,False,False,True,0,,No transaction,0 features,0 failed,2024-04
U02497,25-34,Tier 1,Mid,Paid Ads,iOS,2024-01-16,,,0.0,0.0,0.0,0.0,0.0,0,0,0,0,0,0,0,0,False,False,True,0,,No transaction,0 features,0 failed,2024-01
U02498,45-54,Tier 3,Mid,Paid Ads,iOS,2024-02-06,,,0.0,0.0,0.0,0.0,0.0,0,0,0,0,0,0,0,0,False,False,True,0,,No transaction,0 features,0 failed,2024-02
U02499,55+,Tier 1,Mid,Paid Ads,iOS,2024-01-11,,,0.0,0.0,0.0,0.0,0.0,0,0,0,0,0,0,0,0,False,False,True,0,,No transaction,0 features,0 failed,2024-01
U02500,25-34,Tier 2,High,Branch,Android,2024-04-07,,,0.0,0.0,0.0,0.0,0.0,0,0,0,0,0,0,0,0,False,False,True,0,,No transaction,0 features,0 failed,2024-04
U02501,35-44,Tier 2,High,Organic,Android,2024-01-21,2024-01-22 06:16:00,2024-01-25 00:00:00,15.0,13.0,2.0,443169000.0,29544600.0,1,1,0,1,0,1,4,1,True,True,False,1,2.0,Within 7 days,2+ features,1-2 failed,2024-01
U02502,35-44,Tier 3,Low,Referral,Android,2024-02-04,2024-02-05 05:26:00,2024-02-07 03:00:00,4.0,4.0,0.0,4859000.0,1214750.0,0,1,0,0,0,0,1,0,True,True,False,1,1.0,Within 7 days,1 feature,0 failed,2024-02
U02503,25-34,Tier 1,Low,Branch,Android,2024-02-27,,,0.0,0.0,0.0,0.0,0.0,0,0,0,0,0,0,0,0,False,False,True,0,,No transaction,0 features,0 failed,2024-02
U02504,55+,Tier 1,Mid,Organic,iOS,2024-04-25,,,0.0,0.0,0.0,0.0,0.0,0,0,0,0,0,0,0,0,False,False,True,0,,No transaction,0 features,0 failed,2024-04
U02505,18-24,Tier 2,Mid,Paid Ads,Android,2024-03-06,,,0.0,0.0,0.0,0.0,0.0,0,0,0,0,0,0,0,0,False,False,True,0,,No transaction,0 features,0 failed,2024-03
U02506,18-24,Tier 3,High,Paid Ads,Android,2024-01-19,2024-01-20 12:23:00,,0.0,0.0,0.0,0.0,0.0,0,0,0,0,1,0,1,1,False,False,True,1,,No transaction,1 feature,0 failed,2024-01
U02507,45-54,Tier 1,Mid,Paid Ads,Android,2024-04-16,,,0.0,0.0,0.0,0.0,0.0,0,0,0,0,0,0,0,0,False,False,True,0,,No transaction,0 features,0 failed,2024-04
U02508,25-34,Tier 1,High,Paid Ads,iOS,2024-02-25,,,0.0,0.0,0.0,0.0,0.0,0,0,0,0,0,0,0,0,False,False,True,0,,No transaction,0 features,0 failed,2024-02
U02509,35-44,Tier 2,Low,Organic,Android,2024-01-12,,,0.0,0.0,0.0,0.0,0.0,0,0,0,0,0,0,0,0,False,False,True,0,,No transaction,0 features,0 failed,2024-01
U02510,45-54,Tier 3,High,Partnership,Android,2024-04-26,,,0.0,0.0,0.0,0.0,0.0,0,0,0,0,0,0,0,0,False,False,True,0,,No transaction,0 features,0 failed,2024-04
U02511,18-24,Tier 3,Mid,Organic,Android,2024-01-29,2024-01-30 02:07:00,2024-02-01 23:00:00,4.0,4.0,0.0,25879000.0,6469750.0,0,0,0,1,0,0,1,0,True,True,False,1,2.0,Within 7 days,1 feature,0 failed,2024-01
U02512,45-54,Tier 3,High,Referral,Android,2024-04-14,2024-04-15 13:29:00,2024-05-01 04:00:00,4.0,4.0,0.0,80016000.0,20004000.0,0,0,0,1,0,0,1,0,True,True,False,1,15.0,After 7 days,1 feature,0 failed,2024-04
U02513,25-34,Tier 1,Low,Organic,iOS,2024-02-27,,,0.0,0.0,0.0,0.0,0.0,0,0,0,0,0,0,0,0,False,False,True,0,,No transaction,0 features,0 failed,2024-02
U02514,25-34,Tier 1,Mid,Paid Ads,iOS,2024-04-23,2024-04-24 22:19:00,2024-05-07 00:00:00,12.0,12.0,0.0,49774000.0,4147833.3333333335,1,0,0,1,1,0,3,1,True,True,False,1,12.0,After 7 days,2+ features,0 failed,2024-04
U02515,25-34,Tier 2,Mid,Paid Ads,Android,2024-02-14,,,0.0,0.0,0.0,0.0,0.0,0,0,0,0,0,0,0,0,False,False,True,0,,No transaction,0 features,0 failed,2024-02
U02516,45-54,Tier 3,Mid,Branch,iOS,2024-01-04,2024-01-04 23:13:00,2024-01-11 04:00:00,7.0,5.0,2.0,33853000.0,4836142.857142857,1,0,0,1,0,0,2,1,True,False,True,1,6.0,Within 7 days,2+ features,1-2 failed,2024-01
U02517,18-24,Tier 1,Mid,Paid Ads,Android,2024-02-23,,,0.0,0.0,0.0,0.0,0.0,0,0,0,0,0,0,0,0,False,False,True,0,,No transaction,0 features,0 failed,2024-02
U02518,25-34,Tier 1,High,Paid Ads,iOS,2024-01-07,2024-01-08 10:10:00,2024-01-12 05:00:00,16.0,15.0,1.0,461083000.0,28817687.5,1,1,1,1,0,1,5,1,False,False,True,1,3.0,Within 7 days,2+ features,1-2 failed,2024-01
U02519,35-44,Tier 2,Mid,Branch,Android,2024-02-20,,,0.0,0.0,0.0,0.0,0.0,0,0,0,0,0,0,0,0,False,False,True,0,,No transaction,0 features,0 failed,2024-02
U02520,35-44,Tier 1,Mid,Paid Ads,iOS,2024-03-05,,,0.0,0.0,0.0,0.0,0.0,0,0,0,0,0,0,0,0,False,False,True,0,,No transaction,0 features,0 failed,2024-03
U02521,35-44,Tier 1,Low,Paid Ads,Android,2024-02-17,,,0.0,0.0,0.0,0.0,0.0,0,0,0,0,0,0,0,0,False,False,True,0,,No transaction,0 features,0 failed,2024-02
U02522,18-24,Tier 2,High,Paid Ads,Android,2024-01-31,,,0.0,0.0,0.0,0.0,0.0,0,0,0,0,0,0,0,0,False,False,True,0,,No transaction,0 features,0 failed,2024-01
U02523,18-24,Tier 2,Mid,Referral,Android,2024-02-19,,,0.0,0.0,0.0,0.0,0.0,0,0,0,0,0,0,0,0,False,False,True,0,,No transaction,0 features,0 failed,2024-02
U02524,25-34,Tier 2,Mid,Partnership,Android,2024-01-11,2024-01-12 19:10:00,2024-01-29 00:00:00,1.0,1.0,0.0,3674000.0,3674000.0,0,0,0,0,0,1,1,0,False,False,True,1,16.0,After 7 days,1 feature,0 failed,2024-01
U02525,35-44,Tier 1,Low,Organic,iOS,2024-02-17,2024-02-18 14:05:00,2024-02-21 10:00:00,5.0,5.0,0.0,4715000.0,943000.0,0,0,0,1,0,1,2,0,True,False,True,1,2.0,Within 7 days,2+ features,0 failed,2024-02
U02526,18-24,Tier 2,Mid,Paid Ads,Android,2024-01-29,,,0.0,0.0,0.0,0.0,0.0,0,0,0,0,0,0,0,0,False,False,True,0,,No transaction,0 features,0 failed,2024-01
U02527,18-24,Tier 2,Low,Paid Ads,Android,2024-01-04,2024-01-05 05:13:00,2024-01-11 10:00:00,14.0,12.0,2.0,14593000.0,1042357.1428571428,1,1,1,0,1,1,5,1,True,False,True,1,6.0,Within 7 days,2+ features,1-2 failed,2024-01
U02528,55+,Tier 2,Low,Branch,iOS,2024-02-10,,,0.0,0.0,0.0,0.0,0.0,0,0,0,0,0,0,0,0,False,False,True,0,,No transaction,0 features,0 failed,2024-02
U02529,18-24,Tier 2,Mid,Partnership,Android,2024-01-13,,,0.0,0.0,0.0,0.0,0.0,0,0,0,0,0,0,0,0,False,False,True,0,,No transaction,0 features,0 failed,2024-01
U02530,55+,Tier 1,Low,Paid Ads,iOS,2024-04-17,,,0.0,0.0,0.0,0.0,0.0,0,0,0,0,0,0,0,0,False,False,True,0,,No transaction,0 features,0 failed,2024-04
U02531,35-44,Tier 1,Low,Paid Ads,Android,2024-04-01,,,0.0,0.0,0.0,0.0,0.0,0,0,0,0,0,0,0,0,False,False,True,0,,No transaction,0 features,0 failed,2024-04
U02532,35-44,Tier 1,Mid,Referral,Android,2024-03-24,,,0.0,0.0,0.0,0.0,0.0,0,0,0,0,0,0,0,0,False,False,True,0,,No transaction,0 features,0 failed,2024-03
U02533,18-24,Tier 1,Low,Paid Ads,iOS,2024-02-12,,,0.0,0.0,0.0,0.0,0.0,0,0,0,0,0,0,0,0,False,False,True,0,,No transaction,0 features,0 failed,2024-02
U02534,18-24,Tier 2,Mid,Branch,Android,2024-04-11,,,0.0,0.0,0.0,0.0,0.0,0,0,0,0,0,0,0,0,False,False,True,0,,No transaction,0 features,0 failed,2024-04
U02535,35-44,Tier 3,Low,Branch,Android,2024-01-19,,,0.0,0.0,0.0,0.0,0.0,0,0,0,0,0,0,0,0,False,False,True,0,,No transaction,0 features,0 failed,2024-01
U02536,35-44,Tier 2,Mid,Partnership,iOS,2024-01-18,,,0.0,0.0,0.0,0.0,0.0,0,0,0,0,0,0,0,0,False,False,True,0,,No transaction,0 features,0 failed,2024-01
U02537,35-44,Tier 2,Mid,Organic,Android,2024-01-05,,,0.0,0.0,0.0,0.0,0.0,0,0,0,0,0,0,0,0,False,False,True,0,,No transaction,0 features,0 failed,2024-01
U02538,18-24,Tier 1,Mid,Partnership,iOS,2024-02-06,2024-02-08 00:19:00,2024-03-09 01:00:00,4.0,4.0,0.0,28303000.0,7075750.0,0,0,1,0,1,1,3,1,True,False,True,1,30.0,After 7 days,2+ features,0 failed,2024-02
U02539,35-44,Tier 1,Low,Branch,iOS,2024-04-16,,,0.0,0.0,0.0,0.0,0.0,0,0,0,0,0,0,0,0,False,False,True,0,,No transaction,0 features,0 failed,2024-04
U02540,35-44,Tier 1,Low,Referral,Android,2024-03-01,2024-03-02 17:18:00,2024-03-06 18:00:00,12.0,11.0,1.0,12136000.0,1011333.3333333334,1,0,1,0,0,1,3,1,True,True,False,1,4.0,Within 7 days,2+ features,1-2 failed,2024-03
U02541,35-44,Tier 1,Low,Paid Ads,iOS,2024-03-30,,,0.0,0.0,0.0,0.0,0.0,0,0,0,0,0,0,0,0,False,False,True,0,,No transaction,0 features,0 failed,2024-03
U02542,35-44,Tier 1,Mid,Partnership,Android,2024-04-16,2024-04-17 09:13:00,,0.0,0.0,0.0,0.0,0.0,0,0,0,1,0,0,1,0,True,False,True,1,,No transaction,1 feature,0 failed,2024-04
U02543,35-44,Tier 2,High,Paid Ads,Android,2024-01-18,,,0.0,0.0,0.0,0.0,0.0,0,0,0,0,0,0,0,0,False,False,True,0,,No transaction,0 features,0 failed,2024-01
U02544,25-34,Tier 3,Low,Branch,iOS,2024-04-07,,,0.0,0.0,0.0,0.0,0.0,0,0,0,0,0,0,0,0,False,False,True,0,,No transaction,0 features,0 failed,2024-04
U02545,18-24,Tier 1,Low,Paid Ads,iOS,2024-03-31,2024-04-01 18:20:00,2024-04-03 06:00:00,9.0,9.0,0.0,9271000.0,1030111.1111111111,0,0,0,1,1,1,3,1,False,False,True,1,1.0,Within 7 days,2+ features,0 failed,2024-03
U02546,25-34,Tier 1,Low,Paid Ads,iOS,2024-03-01,2024-03-02 12:12:00,2024-04-11 14:00:00,2.0,2.0,0.0,1289000.0,644500.0,1,0,0,0,0,0,1,1,True,True,False,1,40.0,After 7 days,1 feature,0 failed,2024-03
U02547,18-24,Tier 2,Mid,Partnership,iOS,2024-02-27,2024-02-28 07:12:00,2024-02-28 20:00:00,5.0,5.0,0.0,26140000.0,5228000.0,0,0,0,1,0,1,2,0,True,False,True,1,0.0,Within 7 days,2+ features,0 failed,2024-02
U02548,25-34,Tier 1,Mid,Paid Ads,Android,2024-03-19,,,0.0,0.0,0.0,0.0,0.0,0,0,0,0,0,0,0,0,False,False,True,0,,No transaction,0 features,0 failed,2024-03
U02549,25-34,Tier 3,Mid,Partnership,Android,2024-01-01,2024-01-02 04:11:00,2024-01-07 06:00:00,8.0,7.0,1.0,44441000.0,5555125.0,1,0,0,0,0,1,2,1,True,True,False,1,5.0,Within 7 days,2+ features,1-2 failed,2024-01
U02550,18-24,Tier 2,High,Paid Ads,Android,2024-04-25,,,0.0,0.0,0.0,0.0,0.0,0,0,0,0,0,0,0,0,False,False,True,0,,No transaction,0 features,0 failed,2024-04
U02551,25-34,Tier 3,Mid,Referral,Android,2024-01-11,,,0.0,0.0,0.0,0.0,0.0,0,0,0,0,0,0,0,0,False,False,True,0,,No transaction,0 features,0 failed,2024-01
U02552,18-24,Tier 1,Low,Organic,Android,2024-01-03,2024-01-04 06:25:00,2024-01-21 10:00:00,3.0,2.0,1.0,3577000.0,1192333.3333333333,0,1,0,0,0,1,2,0,True,True,False,1,17.0,After 7 days,2+ features,1-2 failed,2024-01
U02553,35-44,Tier 2,Low,Referral,iOS,2024-02-02,,,0.0,0.0,0.0,0.0,0.0,0,0,0,0,0,0,0,0,False,False,True,0,,No transaction,0 features,0 failed,2024-02
U02554,45-54,Tier 2,Mid,Paid Ads,Android,2024-01-28,,,0.0,0.0,0.0,0.0,0.0,0,0,0,0,0,0,0,0,False,False,True,0,,No transaction,0 features,0 failed,2024-01
U02555,18-24,Tier 2,Mid,Branch,iOS,2024-04-16,,,0.0,0.0,0.0,0.0,0.0,0,0,0,0,0,0,0,0,False,False,True,0,,No transaction,0 features,0 failed,2024-04
U02556,55+,Tier 1,Mid,Referral,iOS,2024-01-20,,,0.0,0.0,0.0,0.0,0.0,0,0,0,0,0,0,0,0,False,False,True,0,,No transaction,0 features,0 failed,2024-01
U02557,25-34,Tier 1,Mid,Referral,Android,2024-03-11,,,0.0,0.0,0.0,0.0,0.0,0,0,0,0,0,0,0,0,False,False,True,0,,No transaction,0 features,0 failed,2024-03
U02558,18-24,Tier 2,Mid,Organic,Android,2024-04-03,,,0.0,0.0,0.0,0.0,0.0,0,0,0,0,0,0,0,0,False,False,True,0,,No transaction,0 features,0 failed,2024-04
U02559,18-24,Tier 2,High,Paid Ads,Android,2024-03-18,,,0.0,0.0,0.0,0.0,0.0,0,0,0,0,0,0,0,0,False,False,True,0,,No transaction,0 features,0 failed,2024-03
U02560,25-34,Tier 3,Mid,Branch,Android,2024-03-08,,,0.0,0.0,0.0,0.0,0.0,0,0,0,0,0,0,0,0,False,False,True,0,,No transaction,0 features,0 failed,2024-03
U02561,35-44,Tier 2,Mid,Paid Ads,iOS,2024-02-24,,,0.0,0.0,0.0,0.0,0.0,0,0,0,0,0,0,0,0,False,False,True,0,,No transaction,0 features,0 failed,2024-02
U02562,35-44,Tier 2,Low,Paid Ads,Android,2024-01-15,,,0.0,0.0,0.0,0.0,0.0,0,0,0,0,0,0,0,0,False,False,True,0,,No transaction,0 features,0 failed,2024-01
U02563,18-24,Tier 1,Mid,Paid Ads,iOS,2024-04-09,,,0.0,0.0,0.0,0.0,0.0,0,0,0,0,0,0,0,0,False,False,True,0,,No transaction,0 features,0 failed,2024-04
U02564,18-24,Tier 2,High,Organic,iOS,2024-02-06,2024-02-07 06:19:00,2024-02-15 10:00:00,10.0,10.0,0.0,216825000.0,21682500.0,0,1,0,1,1,0,3,1,True,True,False,1,8.0,After 7 days,2+ features,0 failed,2024-02
U02565,25-34,Tier 2,Mid,Paid Ads,Android,2024-01-31,,,0.0,0.0,0.0,0.0,0.0,0,0,0,0,0,0,0,0,False,False,True,0,,No transaction,0 features,0 failed,2024-01
U02566,18-24,Tier 3,Mid,Paid Ads,iOS,2024-02-08,,,0.0,0.0,0.0,0.0,0.0,0,0,0,0,0,0,0,0,False,False,True,0,,No transaction,0 features,0 failed,2024-02
U02567,18-24,Tier 3,Mid,Paid Ads,Android,2024-01-16,,,0.0,0.0,0.0,0.0,0.0,0,0,0,0,0,0,0,0,False,False,True,0,,No transaction,0 features,0 failed,2024-01
U02568,18-24,Tier 1,Low,Partnership,Android,2024-01-07,,,0.0,0.0,0.0,0.0,0.0,0,0,0,0,0,0,0,0,False,False,True,0,,No transaction,0 features,0 failed,2024-01
U02569,35-44,Tier 3,Mid,Partnership,Android,2024-01-31,,,0.0,0.0,0.0,0.0,0.0,0,0,0,0,0,0,0,0,False,False,True,0,,No transaction,0 features,0 failed,2024-01
U02570,45-54,Tier 1,Low,Partnership,Android,2024-02-23,2024-02-24 12:24:00,2024-02-29 01:00:00,10.0,10.0,0.0,12679000.0,1267900.0,1,0,1,0,1,0,3,1,True,True,False,1,4.0,Within 7 days,2+ features,0 failed,2024-02
U02571,25-34,Tier 1,High,Branch,Android,2024-03-22,2024-03-23 12:06:00,,0.0,0.0,0.0,0.0,0.0,0,0,0,0,0,0,0,0,True,False,True,1,,No transaction,0 features,0 failed,2024-03
U02572,45-54,Tier 2,High,Branch,iOS,2024-04-11,2024-04-12 10:05:00,2024-04-17 02:00:00,8.0,8.0,0.0,206812000.0,25851500.0,0,1,0,1,0,0,2,0,True,True,False,1,4.0,Within 7 days,2+ features,0 failed,2024-04
U02573,25-34,Tier 1,Low,Paid Ads,Android,2024-03-20,,,0.0,0.0,0.0,0.0,0.0,0,0,0,0,0,0,0,0,False,False,True,0,,No transaction,0 features,0 failed,2024-03
U02574,25-34,Tier 2,Low,Organic,Android,2024-02-28,2024-02-29 06:21:00,2024-03-07 02:00:00,13.0,13.0,0.0,12045000.0,926538.4615384615,1,1,0,0,1,0,3,1,True,True,False,1,6.0,Within 7 days,2+ features,0 failed,2024-02
U02575,18-24,Tier 1,Mid,Paid Ads,Android,2024-01-09,,,0.0,0.0,0.0,0.0,0.0,0,0,0,0,0,0,0,0,False,False,True,0,,No transaction,0 features,0 failed,2024-01
U02576,25-34,Tier 1,Mid,Partnership,Android,2024-01-15,2024-01-16 14:28:00,2024-01-19 22:00:00,9.0,9.0,0.0,42674000.0,4741555.555555556,0,0,0,0,1,0,1,1,True,True,False,1,3.0,Within 7 days,1 feature,0 failed,2024-01
U02577,55+,Tier 2,Low,Organic,Android,2024-04-17,2024-04-18 10:25:00,2024-05-27 12:00:00,2.0,2.0,0.0,2311000.0,1155500.0,1,0,0,0,0,0,1,1,True,False,True,1,39.0,After 7 days,1 feature,0 failed,2024-04
U02578,25-34,Tier 2,Mid,Organic,iOS,2024-04-25,,,0.0,0.0,0.0,0.0,0.0,0,0,0,0,0,0,0,0,False,False,True,0,,No transaction,0 features,0 failed,2024-04
U02579,25-34,Tier 3,Mid,Organic,Android,2024-03-04,2024-03-05 03:12:00,2024-04-06 12:00:00,3.0,2.0,1.0,16658000.0,5552666.666666667,0,1,0,0,0,0,1,0,True,False,True,1,32.0,After 7 days,1 feature,1-2 failed,2024-03
U02580,25-34,Tier 2,Low,Paid Ads,Android,2024-03-17,,,0.0,0.0,0.0,0.0,0.0,0,0,0,0,0,0,0,0,False,False,True,0,,No transaction,0 features,0 failed,2024-03
U02581,18-24,Tier 2,High,Paid Ads,Android,2024-03-09,,,0.0,0.0,0.0,0.0,0.0,0,0,0,0,0,0,0,0,False,False,True,0,,No transaction,0 features,0 failed,2024-03
U02582,45-54,Tier 1,High,Referral,iOS,2024-01-03,,,0.0,0.0,0.0,0.0,0.0,0,0,0,0,0,0,0,0,False,False,True,0,,No transaction,0 features,0 failed,2024-01
U02583,25-34,Tier 1,Mid,Organic,Android,2024-03-21,,,0.0,0.0,0.0,0.0,0.0,0,0,0,0,0,0,0,0,False,False,True,0,,No transaction,0 features,0 failed,2024-03
U02584,25-34,Tier 1,High,Paid Ads,iOS,2024-03-06,,,0.0,0.0,0.0,0.0,0.0,0,0,0,0,0,0,0,0,False,False,True,0,,No transaction,0 features,0 failed,2024-03
U02585,25-34,Tier 2,Low,Referral,Android,2024-03-14,,,0.0,0.0,0.0,0.0,0.0,0,0,0,0,0,0,0,0,False,False,True,0,,No transaction,0 features,0 failed,2024-03
U02586,25-34,Tier 2,Low,Referral,Android,2024-01-31,,,0.0,0.0,0.0,0.0,0.0,0,0,0,0,0,0,0,0,False,False,True,0,,No transaction,0 features,0 failed,2024-01
U02587,18-24,Tier 1,Low,Paid Ads,Android,2024-04-01,,,0.0,0.0,0.0,0.0,0.0,0,0,0,0,0,0,0,0,False,False,True,0,,No transaction,0 features,0 failed,2024-04
U02588,35-44,Tier 2,Mid,Paid Ads,Android,2024-01-19,,,0.0,0.0,0.0,0.0,0.0,0,0,0,0,0,0,0,0,False,False,True,0,,No transaction,0 features,0 failed,2024-01
U02589,18-24,Tier 2,High,Referral,Android,2024-02-07,2024-02-08 11:17:00,2024-02-14 05:00:00,6.0,5.0,1.0,221924000.0,36987333.333333336,1,0,0,0,1,0,2,1,True,False,True,1,5.0,Within 7 days,2+ features,1-2 failed,2024-02
U02590,35-44,Tier 1,Mid,Paid Ads,iOS,2024-02-24,,,0.0,0.0,0.0,0.0,0.0,0,0,0,0,0,0,0,0,False,False,True,0,,No transaction,0 features,0 failed,2024-02
U02591,35-44,Tier 1,High,Referral,Android,2024-01-01,2024-01-02 11:01:00,2024-01-03 17:00:00,16.0,16.0,0.0,426494000.0,26655875.0,1,1,1,1,1,0,5,1,True,True,False,1,1.0,Within 7 days,2+ features,0 failed,2024-01
U02592,35-44,Tier 3,Mid,Partnership,iOS,2024-03-19,,,0.0,0.0,0.0,0.0,0.0,0,0,0,0,0,0,0,0,False,False,True,0,,No transaction,0 features,0 failed,2024-03
U02593,25-34,Tier 2,Mid,Organic,Android,2024-02-15,,,0.0,0.0,0.0,0.0,0.0,0,0,0,0,0,0,0,0,False,False,True,0,,No transaction,0 features,0 failed,2024-02
U02594,25-34,Tier 3,Mid,Organic,Android,2024-01-31,,,0.0,0.0,0.0,0.0,0.0,0,0,0,0,0,0,0,0,False,False,True,0,,No transaction,0 features,0 failed,2024-01
U02595,18-24,Tier 1,Low,Partnership,Android,2024-03-14,,,0.0,0.0,0.0,0.0,0.0,0,0,0,0,0,0,0,0,False,False,True,0,,No transaction,0 features,0 failed,2024-03
U02596,35-44,Tier 3,Low,Paid Ads,Android,2024-02-23,,,0.0,0.0,0.0,0.0,0.0,0,0,0,0,0,0,0,0,False,False,True,0,,No transaction,0 features,0 failed,2024-02
U02597,18-24,Tier 1,Mid,Organic,iOS,2024-01-24,,,0.0,0.0,0.0,0.0,0.0,0,0,0,0,0,0,0,0,False,False,True,0,,No transaction,0 features,0 failed,2024-01
U02598,25-34,Tier 1,Mid,Organic,iOS,2024-03-26,,,0.0,0.0,0.0,0.0,0.0,0,0,0,0,0,0,0,0,False,False,True,0,,No transaction,0 features,0 failed,2024-03
U02599,18-24,Tier 3,Mid,Partnership,iOS,2024-03-26,,,0.0,0.0,0.0,0.0,0.0,0,0,0,0,0,0,0,0,False,False,True,0,,No transaction,0 features,0 failed,2024-03
U02600,18-24,Tier 1,Mid,Partnership,Android,2024-01-11,,,0.0,0.0,0.0,0.0,0.0,0,0,0,0,0,0,0,0,False,False,True,0,,No transaction,0 features,0 failed,2024-01
U02601,25-34,Tier 2,Low,Referral,Android,2024-03-08,2024-03-10 01:14:00,2024-03-11 09:00:00,8.0,7.0,1.0,8006000.0,1000750.0,0,0,1,0,0,0,1,0,False,False,True,1,1.0,Within 7 days,1 feature,1-2 failed,2024-03
U02602,18-24,Tier 1,Mid,Paid Ads,iOS,2024-02-16,2024-02-17 09:23:00,2024-03-08 11:00:00,7.0,6.0,1.0,26168000.0,3738285.714285714,0,0,0,1,0,1,2,0,False,False,True,1,20.0,After 7 days,2+ features,1-2 failed,2024-02
U02603,35-44,Tier 2,Mid,Organic,Android,2024-01-09,,,0.0,0.0,0.0,0.0,0.0,0,0,0,0,0,0,0,0,False,False,True,0,,No transaction,0 features,0 failed,2024-01
U02604,25-34,Tier 3,Mid,Paid Ads,iOS,2024-03-08,,,0.0,0.0,0.0,0.0,0.0,0,0,0,0,0,0,0,0,False,False,True,0,,No transaction,0 features,0 failed,2024-03
U02605,18-24,Tier 1,High,Organic,Android,2024-03-10,,,0.0,0.0,0.0,0.0,0.0,0,0,0,0,0,0,0,0,False,False,True,0,,No transaction,0 features,0 failed,2024-03
U02606,25-34,Tier 2,Mid,Referral,iOS,2024-03-05,,,0.0,0.0,0.0,0.0,0.0,0,0,0,0,0,0,0,0,False,False,True,0,,No transaction,0 features,0 failed,2024-03
U02607,18-24,Tier 1,Mid,Organic,iOS,2024-04-10,2024-04-10 21:28:00,2024-04-17 00:00:00,10.0,9.0,1.0,39950000.0,3995000.0,1,0,0,1,1,0,3,1,True,False,True,1,6.0,Within 7 days,2+ features,1-2 failed,2024-04
U02608,18-24,Tier 2,High,Paid Ads,iOS,2024-03-05,,,0.0,0.0,0.0,0.0,0.0,0,0,0,0,0,0,0,0,False,False,True,0,,No transaction,0 features,0 failed,2024-03
U02609,35-44,Tier 1,High,Referral,Android,2024-03-11,2024-03-12 10:28:00,,0.0,0.0,0.0,0.0,0.0,0,0,0,0,0,0,0,0,True,True,False,1,,No transaction,0 features,0 failed,2024-03
U02610,18-24,Tier 1,High,Referral,Android,2024-01-03,,,0.0,0.0,0.0,0.0,0.0,0,0,0,0,0,0,0,0,False,False,True,0,,No transaction,0 features,0 failed,2024-01
U02611,35-44,Tier 1,Low,Organic,Android,2024-02-19,,,0.0,0.0,0.0,0.0,0.0,0,0,0,0,0,0,0,0,False,False,True,0,,No transaction,0 features,0 failed,2024-02
U02612,18-24,Tier 1,Low,Referral,iOS,2024-04-21,,,0.0,0.0,0.0,0.0,0.0,0,0,0,0,0,0,0,0,False,False,True,0,,No transaction,0 features,0 failed,2024-04
U02613,18-24,Tier 3,Low,Partnership,iOS,2024-03-01,,,0.0,0.0,0.0,0.0,0.0,0,0,0,0,0,0,0,0,False,False,True,0,,No transaction,0 features,0 failed,2024-03
U02614,35-44,Tier 1,Low,Referral,Android,2024-01-06,2024-01-07 07:11:00,2024-01-08 02:00:00,18.0,16.0,2.0,19773000.0,1098500.0,1,1,1,0,1,0,4,1,True,True,False,1,0.0,Within 7 days,2+ features,1-2 failed,2024-01
U02615,25-34,Tier 1,High,Paid Ads,Android,2024-03-22,,,0.0,0.0,0.0,0.0,0.0,0,0,0,0,0,0,0,0,False,False,True,0,,No transaction,0 features,0 failed,2024-03
U02616,18-24,Tier 1,Mid,Referral,Android,2024-02-19,,,0.0,0.0,0.0,0.0,0.0,0,0,0,0,0,0,0,0,False,False,True,0,,No transaction,0 features,0 failed,2024-02
U02617,25-34,Tier 1,Low,Referral,iOS,2024-02-17,,,0.0,0.0,0.0,0.0,0.0,0,0,0,0,0,0,0,0,False,False,True,0,,No transaction,0 features,0 failed,2024-02
U02618,18-24,Tier 2,Low,Paid Ads,Android,2024-02-02,,,0.0,0.0,0.0,0.0,0.0,0,0,0,0,0,0,0,0,False,False,True,0,,No transaction,0 features,0 failed,2024-02
U02619,35-44,Tier 3,Low,Branch,Android,2024-04-05,,,0.0,0.0,0.0,0.0,0.0,0,0,0,0,0,0,0,0,False,False,True,0,,No transaction,0 features,0 failed,2024-04
U02620,25-34,Tier 1,Mid,Organic,Android,2024-01-03,2024-01-05 00:12:00,2024-01-26 20:00:00,4.0,4.0,0.0,15234000.0,3808500.0,0,1,0,0,0,1,2,0,True,True,False,1,21.0,After 7 days,2+ features,0 failed,2024-01
U02621,35-44,Tier 3,Mid,Organic,Android,2024-02-15,,,0.0,0.0,0.0,0.0,0.0,0,0,0,0,0,0,0,0,False,False,True,0,,No transaction,0 features,0 failed,2024-02
U02622,45-54,Tier 2,High,Paid Ads,iOS,2024-04-10,,,0.0,0.0,0.0,0.0,0.0,0,0,0,0,0,0,0,0,False,False,True,0,,No transaction,0 features,0 failed,2024-04
U02623,25-34,Tier 1,High,Branch,Android,2024-01-09,2024-01-10 17:21:00,2024-01-26 17:00:00,4.0,4.0,0.0,97338000.0,24334500.0,1,1,0,0,1,1,4,1,True,True,False,1,15.0,After 7 days,2+ features,0 failed,2024-01
U02624,45-54,Tier 2,Low,Branch,Android,2024-02-14,,,0.0,0.0,0.0,0.0,0.0,0,0,0,0,0,0,0,0,False,False,True,0,,No transaction,0 features,0 failed,2024-02
U02625,25-34,Tier 2,Mid,Paid Ads,Android,2024-01-31,,,0.0,0.0,0.0,0.0,0.0,0,0,0,0,0,0,0,0,False,False,True,0,,No transaction,0 features,0 failed,2024-01
U02626,55+,Tier 2,Low,Paid Ads,Android,2024-04-03,2024-04-04 11:26:00,,0.0,0.0,0.0,0.0,0.0,0,0,0,0,0,0,0,0,True,False,True,1,,No transaction,0 features,0 failed,2024-04
U02627,18-24,Tier 3,Mid,Paid Ads,Android,2024-03-25,2024-03-25 16:25:00,2024-04-01 06:00:00,3.0,2.0,1.0,15613000.0,5204333.333333333,0,1,0,0,0,0,1,0,True,False,True,1,6.0,Within 7 days,1 feature,1-2 failed,2024-03
U02628,35-44,Tier 1,High,Paid Ads,Android,2024-03-21,,,0.0,0.0,0.0,0.0,0.0,0,0,0,0,0,0,0,0,False,False,True,0,,No transaction,0 features,0 failed,2024-03
U02629,25-34,Tier 3,Mid,Paid Ads,iOS,2024-01-14,,,0.0,0.0,0.0,0.0,0.0,0,0,0,0,0,0,0,0,False,False,True,0,,No transaction,0 features,0 failed,2024-01
U02630,25-34,Tier 2,Mid,Partnership,Android,2024-04-08,,,0.0,0.0,0.0,0.0,0.0,0,0,0,0,0,0,0,0,False,False,True,0,,No transaction,0 features,0 failed,2024-04
U02631,25-34,Tier 2,Mid,Paid Ads,iOS,2024-03-15,,,0.0,0.0,0.0,0.0,0.0,0,0,0,0,0,0,0,0,False,False,True,0,,No transaction,0 features,0 failed,2024-03
U02632,35-44,Tier 2,Low,Paid Ads,iOS,2024-04-04,,,0.0,0.0,0.0,0.0,0.0,0,0,0,0,0,0,0,0,False,False,True,0,,No transaction,0 features,0 failed,2024-04
U02633,18-24,Tier 1,Low,Paid Ads,iOS,2024-04-06,,,0.0,0.0,0.0,0.0,0.0,0,0,0,0,0,0,0,0,False,False,True,0,,No transaction,0 features,0 failed,2024-04
U02634,18-24,Tier 3,Mid,Paid Ads,iOS,2024-02-12,2024-02-13 05:25:00,,0.0,0.0,0.0,0.0,0.0,1,0,0,0,0,0,1,1,False,False,True,1,,No transaction,1 feature,0 failed,2024-02
U02635,35-44,Tier 2,Mid,Paid Ads,Android,2024-01-18,2024-01-19 18:17:00,2024-01-23 00:00:00,3.0,3.0,0.0,19733000.0,6577666.666666667,0,0,1,0,0,0,1,0,False,False,True,1,3.0,Within 7 days,1 feature,0 failed,2024-01
U02636,35-44,Tier 1,Low,Paid Ads,Android,2024-01-06,,,0.0,0.0,0.0,0.0,0.0,0,0,0,0,0,0,0,0,False,False,True,0,,No transaction,0 features,0 failed,2024-01
U02637,55+,Tier 1,Mid,Organic,iOS,2024-02-15,,,0.0,0.0,0.0,0.0,0.0,0,0,0,0,0,0,0,0,False,False,True,0,,No transaction,0 features,0 failed,2024-02
U02638,35-44,Tier 2,High,Organic,Android,2024-03-10,,,0.0,0.0,0.0,0.0,0.0,0,0,0,0,0,0,0,0,False,False,True,0,,No transaction,0 features,0 failed,2024-03
U02639,55+,Tier 1,Mid,Paid Ads,Android,2024-02-13,2024-02-14 06:21:00,2024-02-16 20:00:00,7.0,6.0,1.0,27419000.0,3917000.0,1,1,0,0,1,1,4,1,False,False,True,1,2.0,Within 7 days,2+ features,1-2 failed,2024-02
U02640,35-44,Tier 1,Mid,Partnership,Android,2024-04-14,,,0.0,0.0,0.0,0.0,0.0,0,0,0,0,0,0,0,0,False,False,True,0,,No transaction,0 features,0 failed,2024-04
U02641,18-24,Tier 2,Mid,Referral,Android,2024-03-23,2024-03-24 03:09:00,,0.0,0.0,0.0,0.0,0.0,0,0,0,0,0,0,0,0,True,True,False,1,,No transaction,0 features,0 failed,2024-03
U02642,18-24,Tier 1,Mid,Paid Ads,Android,2024-01-23,,,0.0,0.0,0.0,0.0,0.0,0,0,0,0,0,0,0,0,False,False,True,0,,No transaction,0 features,0 failed,2024-01
U02643,35-44,Tier 1,Mid,Referral,Android,2024-04-16,2024-04-17 13:13:00,2024-04-22 03:00:00,10.0,8.0,2.0,43340000.0,4334000.0,1,0,1,0,0,1,3,1,True,False,True,1,4.0,Within 7 days,2+ features,1-2 failed,2024-04
U02644,25-34,Tier 1,High,Organic,Android,2024-04-09,2024-04-10 10:08:00,2024-05-04 07:00:00,3.0,3.0,0.0,40574000.0,13524666.666666666,0,0,0,0,0,1,1,0,True,True,False,1,23.0,After 7 days,1 feature,0 failed,2024-04
U02645,18-24,Tier 1,Mid,Branch,iOS,2024-03-28,,,0.0,0.0,0.0,0.0,0.0,0,0,0,0,0,0,0,0,False,False,True,0,,No transaction,0 features,0 failed,2024-03
U02646,25-34,Tier 2,Mid,Partnership,Android,2024-02-29,2024-02-29 23:09:00,2024-03-14 00:00:00,6.0,5.0,1.0,33664000.0,5610666.666666667,0,1,1,1,0,0,3,0,True,False,True,1,13.0,After 7 days,2+ features,1-2 failed,2024-02
U02647,55+,Tier 2,Low,Organic,iOS,2024-03-30,,,0.0,0.0,0.0,0.0,0.0,0,0,0,0,0,0,0,0,False,False,True,0,,No transaction,0 features,0 failed,2024-03
U02648,25-34,Tier 1,Low,Paid Ads,Android,2024-03-02,,,0.0,0.0,0.0,0.0,0.0,0,0,0,0,0,0,0,0,False,False,True,0,,No transaction,0 features,0 failed,2024-03
U02649,25-34,Tier 1,Mid,Referral,Android,2024-03-21,,,0.0,0.0,0.0,0.0,0.0,0,0,0,0,0,0,0,0,False,False,True,0,,No transaction,0 features,0 failed,2024-03
U02650,25-34,Tier 2,High,Branch,Android,2024-01-24,,,0.0,0.0,0.0,0.0,0.0,0,0,0,0,0,0,0,0,False,False,True,0,,No transaction,0 features,0 failed,2024-01
U02651,18-24,Tier 1,Mid,Referral,Android,2024-04-13,2024-04-14 04:25:00,2024-04-26 05:00:00,11.0,10.0,1.0,62028000.0,5638909.090909091,1,0,1,0,0,1,3,1,True,True,False,1,12.0,After 7 days,2+ features,1-2 failed,2024-04
U02652,25-34,Tier 1,Low,Organic,Android,2024-01-18,,,0.0,0.0,0.0,0.0,0.0,0,0,0,0,0,0,0,0,False,False,True,0,,No transaction,0 features,0 failed,2024-01
U02653,25-34,Tier 1,Low,Paid Ads,Android,2024-01-09,,,0.0,0.0,0.0,0.0,0.0,0,0,0,0,0,0,0,0,False,False,True,0,,No transaction,0 features,0 failed,2024-01
U02654,18-24,Tier 3,Mid,Partnership,iOS,2024-04-01,,,0.0,0.0,0.0,0.0,0.0,0,0,0,0,0,0,0,0,False,False,True,0,,No transaction,0 features,0 failed,2024-04
U02655,35-44,Tier 2,Low,Organic,iOS,2024-04-09,,,0.0,0.0,0.0,0.0,0.0,0,0,0,0,0,0,0,0,False,False,True,0,,No transaction,0 features,0 failed,2024-04
U02656,25-34,Tier 2,Low,Paid Ads,Android,2024-02-28,,,0.0,0.0,0.0,0.0,0.0,0,0,0,0,0,0,0,0,False,False,True,0,,No transaction,0 features,0 failed,2024-02
U02657,35-44,Tier 2,Mid,Organic,Android,2024-01-05,2024-01-06 11:23:00,2024-01-16 06:00:00,4.0,4.0,0.0,17532000.0,4383000.0,0,1,1,0,0,0,2,0,False,False,True,1,9.0,After 7 days,2+ features,0 failed,2024-01
U02658,45-54,Tier 2,Low,Branch,Android,2024-02-07,2024-02-08 06:20:00,2024-03-14 00:00:00,2.0,1.0,1.0,1715000.0,857500.0,1,0,0,0,0,0,1,1,True,True,False,1,34.0,After 7 days,1 feature,1-2 failed,2024-02
U02659,18-24,Tier 2,Mid,Organic,Android,2024-01-26,2024-01-27 02:14:00,2024-02-10 18:00:00,7.0,6.0,1.0,35728000.0,5104000.0,0,1,0,0,1,1,3,1,True,False,True,1,14.0,After 7 days,2+ features,1-2 failed,2024-01
U02660,35-44,Tier 2,Mid,Branch,Android,2024-01-06,2024-01-07 23:29:00,2024-01-15 23:00:00,2.0,1.0,1.0,19162000.0,9581000.0,0,0,0,0,0,1,1,0,True,True,False,1,7.0,Within 7 days,1 feature,1-2 failed,2024-01
U02661,25-34,Tier 1,Low,Paid Ads,iOS,2024-04-11,,,0.0,0.0,0.0,0.0,0.0,0,0,0,0,0,0,0,0,False,False,True,0,,No transaction,0 features,0 failed,2024-04
U02662,45-54,Tier 2,Mid,Referral,Android,2024-01-26,,,0.0,0.0,0.0,0.0,0.0,0,0,0,0,0,0,0,0,False,False,True,0,,No transaction,0 features,0 failed,2024-01
U02663,18-24,Tier 2,Mid,Branch,iOS,2024-04-23,,,0.0,0.0,0.0,0.0,0.0,0,0,0,0,0,0,0,0,False,False,True,0,,No transaction,0 features,0 failed,2024-04
U02664,35-44,Tier 2,Mid,Branch,iOS,2024-01-06,,,0.0,0.0,0.0,0.0,0.0,0,0,0,0,0,0,0,0,False,False,True,0,,No transaction,0 features,0 failed,2024-01
U02665,25-34,Tier 1,Mid,Paid Ads,iOS,2024-02-10,,,0.0,0.0,0.0,0.0,0.0,0,0,0,0,0,0,0,0,False,False,True,0,,No transaction,0 features,0 failed,2024-02
U02666,18-24,Tier 1,Mid,Organic,Android,2024-02-09,,,0.0,0.0,0.0,0.0,0.0,0,0,0,0,0,0,0,0,False,False,True,0,,No transaction,0 features,0 failed,2024-02
U02667,18-24,Tier 2,High,Paid Ads,iOS,2024-03-06,,,0.0,0.0,0.0,0.0,0.0,0,0,0,0,0,0,0,0,False,False,True,0,,No transaction,0 features,0 failed,2024-03
U02668,35-44,Tier 2,Mid,Paid Ads,iOS,2024-02-20,,,0.0,0.0,0.0,0.0,0.0,0,0,0,0,0,0,0,0,False,False,True,0,,No transaction,0 features,0 failed,2024-02
U02669,35-44,Tier 3,Mid,Paid Ads,Android,2024-04-14,,,0.0,0.0,0.0,0.0,0.0,0,0,0,0,0,0,0,0,False,False,True,0,,No transaction,0 features,0 failed,2024-04
U02670,25-34,Tier 1,Low,Paid Ads,Android,2024-03-10,,,0.0,0.0,0.0,0.0,0.0,0,0,0,0,0,0,0,0,False,False,True,0,,No transaction,0 features,0 failed,2024-03
U02671,25-34,Tier 2,Low,Organic,iOS,2024-03-01,,,0.0,0.0,0.0,0.0,0.0,0,0,0,0,0,0,0,0,False,False,True,0,,No transaction,0 features,0 failed,2024-03
U02672,25-34,Tier 2,Low,Paid Ads,iOS,2024-02-02,2024-02-03 05:03:00,2024-02-05 01:00:00,8.0,6.0,2.0,7411000.0,926375.0,1,0,0,0,0,0,1,1,True,False,True,1,1.0,Within 7 days,1 feature,1-2 failed,2024-02
U02673,35-44,Tier 3,Mid,Paid Ads,Android,2024-01-05,,,0.0,0.0,0.0,0.0,0.0,0,0,0,0,0,0,0,0,False,False,True,0,,No transaction,0 features,0 failed,2024-01
U02674,18-24,Tier 2,Low,Organic,Android,2024-04-06,2024-04-07 09:17:00,2024-04-22 13:00:00,5.0,5.0,0.0,5710000.0,1142000.0,0,0,0,0,1,1,2,1,True,True,False,1,15.0,After 7 days,2+ features,0 failed,2024-04
U02675,45-54,Tier 2,Mid,Paid Ads,Android,2024-03-23,,,0.0,0.0,0.0,0.0,0.0,0,0,0,0,0,0,0,0,False,False,True,0,,No transaction,0 features,0 failed,2024-03
U02676,18-24,Tier 2,Mid,Paid Ads,Android,2024-01-25,,,0.0,0.0,0.0,0.0,0.0,0,0,0,0,0,0,0,0,False,False,True,0,,No transaction,0 features,0 failed,2024-01
U02677,25-34,Tier 2,Low,Paid Ads,Android,2024-02-06,,,0.0,0.0,0.0,0.0,0.0,0,0,0,0,0,0,0,0,False,False,True,0,,No transaction,0 features,0 failed,2024-02
U02678,18-24,Tier 3,Mid,Organic,Android,2024-02-15,2024-02-16 20:30:00,2024-02-27 00:00:00,11.0,10.0,1.0,67956000.0,6177818.181818182,0,1,1,1,1,1,5,1,True,False,True,1,10.0,After 7 days,2+ features,1-2 failed,2024-02
U02679,18-24,Tier 1,Mid,Paid Ads,Android,2024-04-20,,,0.0,0.0,0.0,0.0,0.0,0,0,0,0,0,0,0,0,False,False,True,0,,No transaction,0 features,0 failed,2024-04
U02680,25-34,Tier 1,Low,Referral,iOS,2024-04-09,,,0.0,0.0,0.0,0.0,0.0,0,0,0,0,0,0,0,0,False,False,True,0,,No transaction,0 features,0 failed,2024-04
U02681,18-24,Tier 3,Mid,Paid Ads,iOS,2024-01-07,,,0.0,0.0,0.0,0.0,0.0,0,0,0,0,0,0,0,0,False,False,True,0,,No transaction,0 features,0 failed,2024-01
U02682,35-44,Tier 2,Mid,Partnership,Android,2024-04-20,,,0.0,0.0,0.0,0.0,0.0,0,0,0,0,0,0,0,0,False,False,True,0,,No transaction,0 features,0 failed,2024-04
U02683,18-24,Tier 2,Mid,Paid Ads,iOS,2024-03-24,2024-03-25 07:25:00,2024-04-05 01:00:00,9.0,9.0,0.0,54129000.0,6014333.333333333,1,1,0,1,1,0,4,1,True,False,True,1,10.0,After 7 days,2+ features,0 failed,2024-03
U02684,25-34,Tier 2,Low,Organic,Android,2024-02-12,,,0.0,0.0,0.0,0.0,0.0,0,0,0,0,0,0,0,0,False,False,True,0,,No transaction,0 features,0 failed,2024-02
U02685,25-34,Tier 1,Mid,Paid Ads,Android,2024-02-04,,,0.0,0.0,0.0,0.0,0.0,0,0,0,0,0,0,0,0,False,False,True,0,,No transaction,0 features,0 failed,2024-02
U02686,18-24,Tier 2,High,Branch,iOS,2024-01-16,,,0.0,0.0,0.0,0.0,0.0,0,0,0,0,0,0,0,0,False,False,True,0,,No transaction,0 features,0 failed,2024-01
U02687,18-24,Tier 2,Mid,Organic,Android,2024-04-12,,,0.0,0.0,0.0,0.0,0.0,0,0,0,0,0,0,0,0,False,False,True,0,,No transaction,0 features,0 failed,2024-04
U02688,25-34,Tier 1,Low,Partnership,Android,2024-02-17,,,0.0,0.0,0.0,0.0,0.0,0,0,0,0,0,0,0,0,False,False,True,0,,No transaction,0 features,0 failed,2024-02
U02689,25-34,Tier 1,Mid,Paid Ads,Android,2024-02-25,,,0.0,0.0,0.0,0.0,0.0,0,0,0,0,0,0,0,0,False,False,True,0,,No transaction,0 features,0 failed,2024-02
U02690,25-34,Tier 3,Mid,Partnership,Android,2024-04-23,,,0.0,0.0,0.0,0.0,0.0,0,0,0,0,0,0,0,0,False,False,True,0,,No transaction,0 features,0 failed,2024-04
U02691,25-34,Tier 1,Mid,Referral,iOS,2024-02-21,2024-02-22 03:19:00,2024-03-13 00:00:00,5.0,5.0,0.0,17536000.0,3507200.0,1,0,0,0,0,1,2,1,True,True,False,1,19.0,After 7 days,2+ features,0 failed,2024-02
U02692,25-34,Tier 3,Mid,Referral,iOS,2024-04-05,,,0.0,0.0,0.0,0.0,0.0,0,0,0,0,0,0,0,0,False,False,True,0,,No transaction,0 features,0 failed,2024-04
U02693,18-24,Tier 1,Mid,Branch,iOS,2024-02-26,,,0.0,0.0,0.0,0.0,0.0,0,0,0,0,0,0,0,0,False,False,True,0,,No transaction,0 features,0 failed,2024-02
U02694,25-34,Tier 2,High,Referral,iOS,2024-04-24,2024-04-25 05:17:00,2024-05-08 13:00:00,3.0,3.0,0.0,66314000.0,22104666.666666668,1,0,0,0,0,1,2,1,True,True,False,1,13.0,After 7 days,2+ features,0 failed,2024-04
U02695,55+,Tier 3,Mid,Organic,iOS,2024-02-19,,,0.0,0.0,0.0,0.0,0.0,0,0,0,0,0,0,0,0,False,False,True,0,,No transaction,0 features,0 failed,2024-02
U02696,25-34,Tier 2,Mid,Paid Ads,iOS,2024-02-13,,,0.0,0.0,0.0,0.0,0.0,0,0,0,0,0,0,0,0,False,False,True,0,,No transaction,0 features,0 failed,2024-02
U02697,35-44,Tier 1,Low,Organic,Android,2024-01-24,2024-01-25 13:23:00,2024-01-28 01:00:00,17.0,17.0,0.0,16971000.0,998294.1176470588,1,1,1,0,1,1,5,1,True,True,False,1,2.0,Within 7 days,2+ features,0 failed,2024-01
U02698,25-34,Tier 2,High,Partnership,iOS,2024-03-04,,,0.0,0.0,0.0,0.0,0.0,0,0,0,0,0,0,0,0,False,False,True,0,,No transaction,0 features,0 failed,2024-03
U02699,35-44,Tier 1,High,Paid Ads,Android,2024-03-29,,,0.0,0.0,0.0,0.0,0.0,0,0,0,0,0,0,0,0,False,False,True,0,,No transaction,0 features,0 failed,2024-03
U02700,35-44,Tier 1,Low,Partnership,iOS,2024-03-04,2024-03-06 06:25:00,2024-05-01 15:00:00,1.0,1.0,0.0,1821000.0,1821000.0,0,0,1,0,0,1,2,0,True,True,False,1,56.0,After 7 days,2+ features,0 failed,2024-03
U02701,25-34,Tier 3,Mid,Partnership,Android,2024-02-17,,,0.0,0.0,0.0,0.0,0.0,0,0,0,0,0,0,0,0,False,False,True,0,,No transaction,0 features,0 failed,2024-02
U02702,55+,Tier 2,Low,Organic,iOS,2024-04-12,,,0.0,0.0,0.0,0.0,0.0,0,0,0,0,0,0,0,0,False,False,True,0,,No transaction,0 features,0 failed,2024-04
U02703,18-24,Tier 2,Mid,Referral,iOS,2024-03-07,,,0.0,0.0,0.0,0.0,0.0,0,0,0,0,0,0,0,0,False,False,True,0,,No transaction,0 features,0 failed,2024-03
U02704,18-24,Tier 1,Mid,Partnership,iOS,2024-02-04,,,0.0,0.0,0.0,0.0,0.0,0,0,0,0,0,0,0,0,False,False,True,0,,No transaction,0 features,0 failed,2024-02
U02705,35-44,Tier 1,Low,Referral,iOS,2024-04-12,2024-04-13 02:17:00,2024-04-13 22:00:00,5.0,4.0,1.0,5979000.0,1195800.0,0,0,0,1,0,1,2,0,False,False,True,1,0.0,Within 7 days,2+ features,1-2 failed,2024-04
U02706,35-44,Tier 1,High,Branch,Android,2024-01-11,2024-01-12 22:24:00,2024-01-18 12:00:00,15.0,15.0,0.0,488029000.0,32535266.666666668,1,1,1,1,0,0,4,1,True,True,False,1,5.0,Within 7 days,2+ features,0 failed,2024-01
U02707,18-24,Tier 2,Low,Paid Ads,Android,2024-04-03,2024-04-04 15:25:00,2024-05-04 14:00:00,1.0,1.0,0.0,1899000.0,1899000.0,0,1,0,0,0,0,1,0,False,False,True,1,29.0,After 7 days,1 feature,0 failed,2024-04
U02708,18-24,Tier 2,Mid,Organic,Android,2024-02-24,2024-02-25 07:11:00,2024-04-17 04:00:00,1.0,1.0,0.0,7629000.0,7629000.0,0,0,0,0,0,0,0,0,True,False,True,1,51.0,After 7 days,0 features,0 failed,2024-02
U02709,18-24,Tier 2,Mid,Partnership,Android,2024-01-11,,,0.0,0.0,0.0,0.0,0.0,0,0,0,0,0,0,0,0,False,False,True,0,,No transaction,0 features,0 failed,2024-01
U02710,18-24,Tier 3,Mid,Organic,Android,2024-02-25,2024-02-26 07:19:00,2024-03-04 12:00:00,8.0,8.0,0.0,37585000.0,4698125.0,0,0,1,0,1,1,3,1,True,False,True,1,7.0,Within 7 days,2+ features,0 failed,2024-02
U02711,35-44,Tier 1,Low,Organic,Android,2024-03-18,2024-03-19 09:03:00,,0.0,0.0,0.0,0.0,0.0,0,0,0,0,0,0,0,0,False,False,True,1,,No transaction,0 features,0 failed,2024-03
U02712,25-34,Tier 1,Low,Paid Ads,Android,2024-04-15,,,0.0,0.0,0.0,0.0,0.0,0,0,0,0,0,0,0,0,False,False,True,0,,No transaction,0 features,0 failed,2024-04
U02713,25-34,Tier 1,Mid,Partnership,iOS,2024-01-24,2024-01-25 16:24:00,2024-02-18 21:00:00,7.0,5.0,2.0,23156000.0,3308000.0,0,1,0,0,1,0,2,1,False,False,True,1,24.0,After 7 days,2+ features,1-2 failed,2024-01
U02714,25-34,Tier 1,Mid,Paid Ads,iOS,2024-03-10,2024-03-10 23:08:00,,0.0,0.0,0.0,0.0,0.0,0,0,0,1,1,0,2,1,False,False,True,1,,No transaction,2+ features,0 failed,2024-03
U02715,18-24,Tier 1,Low,Referral,Android,2024-02-07,2024-02-07 23:23:00,2024-02-23 01:00:00,9.0,9.0,0.0,11858000.0,1317555.5555555555,0,1,0,0,1,0,2,1,True,True,False,1,15.0,After 7 days,2+ features,0 failed,2024-02
U02716,18-24,Tier 3,Low,Referral,Android,2024-02-11,,,0.0,0.0,0.0,0.0,0.0,0,0,0,0,0,0,0,0,False,False,True,0,,No transaction,0 features,0 failed,2024-02
U02717,25-34,Tier 1,Low,Referral,Android,2024-01-14,,,0.0,0.0,0.0,0.0,0.0,0,0,0,0,0,0,0,0,False,False,True,0,,No transaction,0 features,0 failed,2024-01
U02718,55+,Tier 3,Mid,Referral,Android,2024-01-11,2024-01-12 15:17:00,2024-01-16 11:00:00,9.0,8.0,1.0,34688000.0,3854222.222222222,0,1,1,1,1,1,5,1,True,True,False,1,3.0,Within 7 days,2+ features,1-2 failed,2024-01
U02719,35-44,Tier 1,Mid,Organic,Android,2024-02-11,,,0.0,0.0,0.0,0.0,0.0,0,0,0,0,0,0,0,0,False,False,True,0,,No transaction,0 features,0 failed,2024-02
U02720,18-24,Tier 3,Low,Paid Ads,Android,2024-03-25,2024-03-26 10:13:00,2024-03-28 23:00:00,6.0,5.0,1.0,6275000.0,1045833.3333333334,1,0,0,0,0,0,1,1,True,False,True,1,2.0,Within 7 days,1 feature,1-2 failed,2024-03
U02721,45-54,Tier 2,Mid,Branch,Android,2024-02-07,2024-02-08 13:19:00,2024-02-09 21:00:00,7.0,7.0,0.0,32283000.0,4611857.142857143,1,1,0,0,0,0,2,1,True,False,True,1,1.0,Within 7 days,2+ features,0 failed,2024-02
U02722,35-44,Tier 3,Low,Referral,Android,2024-02-09,,,0.0,0.0,0.0,0.0,0.0,0,0,0,0,0,0,0,0,False,False,True,0,,No transaction,0 features,0 failed,2024-02
U02723,35-44,Tier 1,High,Organic,Android,2024-02-27,,,0.0,0.0,0.0,0.0,0.0,0,0,0,0,0,0,0,0,False,False,True,0,,No transaction,0 features,0 failed,2024-02
U02724,25-34,Tier 2,High,Partnership,Android,2024-03-18,2024-03-19 17:20:00,2024-03-30 07:00:00,4.0,3.0,1.0,168133000.0,42033250.0,1,0,0,0,0,0,1,1,True,True,False,1,10.0,After 7 days,1 feature,1-2 failed,2024-03
U02725,25-34,Tier 3,Mid,Paid Ads,iOS,2024-04-01,,,0.0,0.0,0.0,0.0,0.0,0,0,0,0,0,0,0,0,False,False,True,0,,No transaction,0 features,0 failed,2024-04
U02726,25-34,Tier 1,High,Branch,iOS,2024-02-24,2024-02-25 15:22:00,2024-03-12 08:00:00,10.0,10.0,0.0,287631000.0,28763100.0,0,1,0,1,0,0,2,0,True,True,False,1,15.0,After 7 days,2+ features,0 failed,2024-02
U02727,18-24,Tier 1,High,Organic,Android,2024-01-22,2024-01-23 08:23:00,2024-02-08 02:00:00,12.0,11.0,1.0,366086000.0,30507166.666666668,0,1,1,0,0,1,3,0,True,True,False,1,15.0,After 7 days,2+ features,1-2 failed,2024-01
U02728,18-24,Tier 1,High,Organic,Android,2024-03-29,2024-03-30 00:05:00,2024-04-07 01:00:00,8.0,7.0,1.0,175667000.0,21958375.0,1,1,0,0,0,0,2,1,True,True,False,1,8.0,After 7 days,2+ features,1-2 failed,2024-03
U02729,18-24,Tier 3,Mid,Paid Ads,Android,2024-02-26,,,0.0,0.0,0.0,0.0,0.0,0,0,0,0,0,0,0,0,False,False,True,0,,No transaction,0 features,0 failed,2024-02
U02730,25-34,Tier 2,Mid,Paid Ads,Android,2024-02-14,,,0.0,0.0,0.0,0.0,0.0,0,0,0,0,0,0,0,0,False,False,True,0,,No transaction,0 features,0 failed,2024-02
U02731,35-44,Tier 2,Low,Paid Ads,Android,2024-02-27,,,0.0,0.0,0.0,0.0,0.0,0,0,0,0,0,0,0,0,False,False,True,0,,No transaction,0 features,0 failed,2024-02
U02732,25-34,Tier 1,Mid,Paid Ads,Android,2024-01-06,,,0.0,0.0,0.0,0.0,0.0,0,0,0,0,0,0,0,0,False,False,True,0,,No transaction,0 features,0 failed,2024-01
U02733,18-24,Tier 1,Mid,Organic,Android,2024-04-03,2024-04-04 17:22:00,2024-05-28 06:00:00,2.0,1.0,1.0,6223000.0,3111500.0,0,0,0,0,1,0,1,1,True,True,False,1,53.0,After 7 days,1 feature,1-2 failed,2024-04
U02734,55+,Tier 3,Low,Paid Ads,Android,2024-04-21,,,0.0,0.0,0.0,0.0,0.0,0,0,0,0,0,0,0,0,False,False,True,0,,No transaction,0 features,0 failed,2024-04
U02735,45-54,Tier 1,Low,Paid Ads,iOS,2024-04-26,,,0.0,0.0,0.0,0.0,0.0,0,0,0,0,0,0,0,0,False,False,True,0,,No transaction,0 features,0 failed,2024-04
U02736,35-44,Tier 2,Mid,Referral,Android,2024-02-15,2024-02-16 01:07:00,2024-02-25 18:00:00,4.0,4.0,0.0,16924000.0,4231000.0,0,0,1,0,1,0,2,1,True,True,False,1,9.0,After 7 days,2+ features,0 failed,2024-02
U02737,55+,Tier 3,Low,Paid Ads,Android,2024-03-19,2024-03-20 22:06:00,2024-03-30 06:00:00,8.0,5.0,3.0,6373000.0,796625.0,1,0,0,0,0,1,2,1,True,False,True,1,9.0,After 7 days,2+ features,3+ failed,2024-03
U02738,25-34,Tier 1,Mid,Paid Ads,Android,2024-02-25,,,0.0,0.0,0.0,0.0,0.0,0,0,0,0,0,0,0,0,False,False,True,0,,No transaction,0 features,0 failed,2024-02
U02739,55+,Tier 2,High,Referral,Android,2024-02-05,2024-02-06 22:10:00,2024-02-18 18:00:00,4.0,4.0,0.0,87323000.0,21830750.0,0,0,1,0,0,0,1,0,True,True,False,1,11.0,After 7 days,1 feature,0 failed,2024-02
U02740,18-24,Tier 1,Mid,Referral,iOS,2024-03-22,,,0.0,0.0,0.0,0.0,0.0,0,0,0,0,0,0,0,0,False,False,True,0,,No transaction,0 features,0 failed,2024-03
U02741,25-34,Tier 2,Mid,Referral,Android,2024-04-11,2024-04-12 04:08:00,2024-04-13 05:00:00,6.0,6.0,0.0,19640000.0,3273333.3333333335,1,1,0,0,0,0,2,1,True,False,True,1,1.0,Within 7 days,2+ features,0 failed,2024-04
U02742,18-24,Tier 1,Mid,Organic,Android,2024-01-08,2024-01-09 16:27:00,2024-02-04 13:00:00,5.0,4.0,1.0,29993000.0,5998600.0,0,0,1,0,0,1,2,0,True,True,False,1,25.0,After 7 days,2+ features,1-2 failed,2024-01
U02743,18-24,Tier 2,Mid,Paid Ads,Android,2024-01-10,,,0.0,0.0,0.0,0.0,0.0,0,0,0,0,0,0,0,0,False,False,True,0,,No transaction,0 features,0 failed,2024-01
U02744,18-24,Tier 1,Low,Partnership,Android,2024-03-26,,,0.0,0.0,0.0,0.0,0.0,0,0,0,0,0,0,0,0,False,False,True,0,,No transaction,0 features,0 failed,2024-03
U02745,25-34,Tier 2,High,Referral,Android,2024-03-22,,,0.0,0.0,0.0,0.0,0.0,0,0,0,0,0,0,0,0,False,False,True,0,,No transaction,0 features,0 failed,2024-03
U02746,35-44,Tier 2,Low,Organic,Android,2024-02-21,,,0.0,0.0,0.0,0.0,0.0,0,0,0,0,0,0,0,0,False,False,True,0,,No transaction,0 features,0 failed,2024-02
U02747,25-34,Tier 1,Low,Branch,iOS,2024-02-16,,,0.0,0.0,0.0,0.0,0.0,0,0,0,0,0,0,0,0,False,False,True,0,,No transaction,0 features,0 failed,2024-02
U02748,18-24,Tier 2,Mid,Referral,Android,2024-03-06,2024-03-07 12:11:00,2024-03-10 10:00:00,13.0,12.0,1.0,66814000.0,5139538.461538462,1,1,1,1,1,0,5,1,True,True,False,1,2.0,Within 7 days,2+ features,1-2 failed,2024-03
U02749,35-44,Tier 1,Low,Organic,Android,2024-04-12,,,0.0,0.0,0.0,0.0,0.0,0,0,0,0,0,0,0,0,False,False,True,0,,No transaction,0 features,0 failed,2024-04
U02750,25-34,Tier 2,Mid,Referral,Android,2024-04-05,,,0.0,0.0,0.0,0.0,0.0,0,0,0,0,0,0,0,0,False,False,True,0,,No transaction,0 features,0 failed,2024-04
U02751,25-34,Tier 1,Low,Paid Ads,iOS,2024-03-27,,,0.0,0.0,0.0,0.0,0.0,0,0,0,0,0,0,0,0,False,False,True,0,,No transaction,0 features,0 failed,2024-03
U02752,35-44,Tier 2,Low,Referral,iOS,2024-01-21,,,0.0,0.0,0.0,0.0,0.0,0,0,0,0,0,0,0,0,False,False,True,0,,No transaction,0 features,0 failed,2024-01
U02753,18-24,Tier 1,Low,Paid Ads,iOS,2024-01-04,,,0.0,0.0,0.0,0.0,0.0,0,0,0,0,0,0,0,0,False,False,True,0,,No transaction,0 features,0 failed,2024-01
U02754,25-34,Tier 1,Low,Referral,iOS,2024-01-19,2024-01-20 20:03:00,2024-01-25 23:00:00,7.0,7.0,0.0,6747000.0,963857.1428571428,1,1,1,0,1,0,4,1,True,True,False,1,5.0,Within 7 days,2+ features,0 failed,2024-01
U02755,45-54,Tier 1,Mid,Organic,iOS,2024-04-18,,,0.0,0.0,0.0,0.0,0.0,0,0,0,0,0,0,0,0,False,False,True,0,,No transaction,0 features,0 failed,2024-04
U02756,18-24,Tier 2,High,Referral,iOS,2024-03-18,2024-03-19 02:18:00,2024-03-27 04:00:00,10.0,9.0,1.0,320960000.0,32096000.0,0,0,0,1,1,1,3,1,True,True,False,1,8.0,After 7 days,2+ features,1-2 failed,2024-03
U02757,25-34,Tier 1,Mid,Paid Ads,iOS,2024-03-27,,,0.0,0.0,0.0,0.0,0.0,0,0,0,0,0,0,0,0,False,False,True,0,,No transaction,0 features,0 failed,2024-03
U02758,45-54,Tier 3,High,Paid Ads,iOS,2024-04-10,,,0.0,0.0,0.0,0.0,0.0,0,0,0,0,0,0,0,0,False,False,True,0,,No transaction,0 features,0 failed,2024-04
U02759,35-44,Tier 3,Low,Organic,Android,2024-02-26,2024-02-27 14:15:00,2024-03-18 06:00:00,11.0,9.0,2.0,15095000.0,1372272.7272727273,1,1,1,0,0,1,4,1,True,False,True,1,19.0,After 7 days,2+ features,1-2 failed,2024-02
U02760,18-24,Tier 1,Mid,Organic,Android,2024-01-05,,,0.0,0.0,0.0,0.0,0.0,0,0,0,0,0,0,0,0,False,False,True,0,,No transaction,0 features,0 failed,2024-01
U02761,18-24,Tier 2,Low,Paid Ads,iOS,2024-01-17,,,0.0,0.0,0.0,0.0,0.0,0,0,0,0,0,0,0,0,False,False,True,0,,No transaction,0 features,0 failed,2024-01
U02762,18-24,Tier 1,Mid,Partnership,iOS,2024-01-09,,,0.0,0.0,0.0,0.0,0.0,0,0,0,0,0,0,0,0,False,False,True,0,,No transaction,0 features,0 failed,2024-01
U02763,25-34,Tier 1,Mid,Referral,iOS,2024-01-31,,,0.0,0.0,0.0,0.0,0.0,0,0,0,0,0,0,0,0,False,False,True,0,,No transaction,0 features,0 failed,2024-01
U02764,25-34,Tier 2,Mid,Paid Ads,iOS,2024-04-09,,,0.0,0.0,0.0,0.0,0.0,0,0,0,0,0,0,0,0,False,False,True,0,,No transaction,0 features,0 failed,2024-04
U02765,18-24,Tier 2,Mid,Organic,iOS,2024-03-23,,,0.0,0.0,0.0,0.0,0.0,0,0,0,0,0,0,0,0,False,False,True,0,,No transaction,0 features,0 failed,2024-03
U02766,55+,Tier 2,Mid,Referral,Android,2024-02-16,,,0.0,0.0,0.0,0.0,0.0,0,0,0,0,0,0,0,0,False,False,True,0,,No transaction,0 features,0 failed,2024-02
U02767,25-34,Tier 1,Mid,Organic,Android,2024-02-16,,,0.0,0.0,0.0,0.0,0.0,0,0,0,0,0,0,0,0,False,False,True,0,,No transaction,0 features,0 failed,2024-02
U02768,18-24,Tier 1,High,Partnership,Android,2024-02-19,,,0.0,0.0,0.0,0.0,0.0,0,0,0,0,0,0,0,0,False,False,True,0,,No transaction,0 features,0 failed,2024-02
U02769,25-34,Tier 1,Low,Referral,Android,2024-03-13,2024-03-15 03:12:00,2024-04-15 22:00:00,8.0,7.0,1.0,7493000.0,936625.0,0,1,1,0,0,1,3,0,False,False,True,1,31.0,After 7 days,2+ features,1-2 failed,2024-03
U02770,35-44,Tier 2,Mid,Partnership,Android,2024-01-05,,,0.0,0.0,0.0,0.0,0.0,0,0,0,0,0,0,0,0,False,False,True,0,,No transaction,0 features,0 failed,2024-01
U02771,18-24,Tier 2,Mid,Paid Ads,Android,2024-03-18,,,0.0,0.0,0.0,0.0,0.0,0,0,0,0,0,0,0,0,False,False,True,0,,No transaction,0 features,0 failed,2024-03
U02772,18-24,Tier 2,Mid,Partnership,Android,2024-01-20,2024-01-20 23:09:00,2024-01-22 17:00:00,6.0,5.0,1.0,31867000.0,5311166.666666667,1,1,0,1,1,0,4,1,True,True,False,1,1.0,Within 7 days,2+ features,1-2 failed,2024-01
U02773,35-44,Tier 1,Low,Referral,iOS,2024-03-27,2024-03-28 18:02:00,,0.0,0.0,0.0,0.0,0.0,0,0,0,0,0,0,0,0,False,False,True,1,,No transaction,0 features,0 failed,2024-03
U02774,25-34,Tier 1,Mid,Organic,Android,2024-02-27,,,0.0,0.0,0.0,0.0,0.0,0,0,0,0,0,0,0,0,False,False,True,0,,No transaction,0 features,0 failed,2024-02
U02775,25-34,Tier 1,Mid,Branch,iOS,2024-02-17,2024-02-17 23:04:00,,1.0,0.0,1.0,1018000.0,1018000.0,0,0,0,1,1,0,2,1,True,True,False,1,,No transaction,2+ features,1-2 failed,2024-02
U02776,25-34,Tier 1,Mid,Paid Ads,iOS,2024-02-17,,,0.0,0.0,0.0,0.0,0.0,0,0,0,0,0,0,0,0,False,False,True,0,,No transaction,0 features,0 failed,2024-02
U02777,18-24,Tier 1,Low,Partnership,Android,2024-02-26,,,0.0,0.0,0.0,0.0,0.0,0,0,0,0,0,0,0,0,False,False,True,0,,No transaction,0 features,0 failed,2024-02
U02778,18-24,Tier 3,High,Organic,Android,2024-04-07,,,0.0,0.0,0.0,0.0,0.0,0,0,0,0,0,0,0,0,False,False,True,0,,No transaction,0 features,0 failed,2024-04
U02779,25-34,Tier 3,Mid,Referral,iOS,2024-01-10,2024-01-11 19:06:00,2024-01-13 17:00:00,7.0,7.0,0.0,39821000.0,5688714.285714285,0,0,1,1,0,1,3,0,True,False,True,1,1.0,Within 7 days,2+ features,0 failed,2024-01
U02780,18-24,Tier 2,Mid,Paid Ads,iOS,2024-03-14,2024-03-15 10:12:00,2024-03-31 00:00:00,8.0,6.0,2.0,41264000.0,5158000.0,1,0,0,1,0,0,2,1,True,True,False,1,15.0,After 7 days,2+ features,1-2 failed,2024-03
U02781,18-24,Tier 2,Mid,Organic,Android,2024-01-18,2024-01-19 04:10:00,2024-01-25 21:00:00,3.0,3.0,0.0,12717000.0,4239000.0,0,0,1,0,0,0,1,0,True,True,False,1,6.0,Within 7 days,1 feature,0 failed,2024-01
U02782,35-44,Tier 1,High,Paid Ads,Android,2024-03-08,,,0.0,0.0,0.0,0.0,0.0,0,0,0,0,0,0,0,0,False,False,True,0,,No transaction,0 features,0 failed,2024-03
U02783,55+,Tier 3,Low,Referral,Android,2024-02-16,,,0.0,0.0,0.0,0.0,0.0,0,0,0,0,0,0,0,0,False,False,True,0,,No transaction,0 features,0 failed,2024-02
U02784,35-44,Tier 1,Low,Organic,Android,2024-02-20,,,0.0,0.0,0.0,0.0,0.0,0,0,0,0,0,0,0,0,False,False,True,0,,No transaction,0 features,0 failed,2024-02
U02785,45-54,Tier 3,Mid,Organic,Android,2024-02-10,2024-02-11 17:12:00,2024-03-05 01:00:00,2.0,2.0,0.0,13053000.0,6526500.0,0,0,0,0,1,0,1,1,True,False,True,1,22.0,After 7 days,1 feature,0 failed,2024-02
U02786,18-24,Tier 2,Mid,Referral,Android,2024-03-24,,,0.0,0.0,0.0,0.0,0.0,0,0,0,0,0,0,0,0,False,False,True,0,,No transaction,0 features,0 failed,2024-03
U02787,55+,Tier 1,Low,Organic,Android,2024-02-05,,,0.0,0.0,0.0,0.0,0.0,0,0,0,0,0,0,0,0,False,False,True,0,,No transaction,0 features,0 failed,2024-02
U02788,18-24,Tier 3,High,Paid Ads,iOS,2024-02-01,,,0.0,0.0,0.0,0.0,0.0,0,0,0,0,0,0,0,0,False,False,True,0,,No transaction,0 features,0 failed,2024-02
U02789,55+,Tier 1,Mid,Organic,iOS,2024-01-15,,,0.0,0.0,0.0,0.0,0.0,0,0,0,0,0,0,0,0,False,False,True,0,,No transaction,0 features,0 failed,2024-01
U02790,55+,Tier 2,Mid,Referral,iOS,2024-01-04,,,0.0,0.0,0.0,0.0,0.0,0,0,0,0,0,0,0,0,False,False,True,0,,No transaction,0 features,0 failed,2024-01
U02791,35-44,Tier 2,Low,Partnership,iOS,2024-04-04,,,0.0,0.0,0.0,0.0,0.0,0,0,0,0,0,0,0,0,False,False,True,0,,No transaction,0 features,0 failed,2024-04
U02792,55+,Tier 1,Low,Paid Ads,iOS,2024-01-24,,,0.0,0.0,0.0,0.0,0.0,0,0,0,0,0,0,0,0,False,False,True,0,,No transaction,0 features,0 failed,2024-01
U02793,25-34,Tier 1,Mid,Referral,Android,2024-03-04,,,0.0,0.0,0.0,0.0,0.0,0,0,0,0,0,0,0,0,False,False,True,0,,No transaction,0 features,0 failed,2024-03
U02794,18-24,Tier 2,High,Paid Ads,Android,2024-03-07,,,0.0,0.0,0.0,0.0,0.0,0,0,0,0,0,0,0,0,False,False,True,0,,No transaction,0 features,0 failed,2024-03
U02795,25-34,Tier 2,Mid,Branch,iOS,2024-02-19,,,0.0,0.0,0.0,0.0,0.0,0,0,0,0,0,0,0,0,False,False,True,0,,No transaction,0 features,0 failed,2024-02
U02796,25-34,Tier 1,High,Organic,iOS,2024-04-26,2024-04-27 03:23:00,,0.0,0.0,0.0,0.0,0.0,0,1,0,0,0,0,1,0,False,False,True,1,,No transaction,1 feature,0 failed,2024-04
U02797,18-24,Tier 3,High,Referral,Android,2024-03-12,2024-03-13 13:26:00,2024-05-11 14:00:00,1.0,1.0,0.0,34927000.0,34927000.0,0,0,0,1,0,0,1,0,True,True,False,1,59.0,After 7 days,1 feature,0 failed,2024-03
U02798,25-34,Tier 1,Mid,Paid Ads,Android,2024-01-16,,,0.0,0.0,0.0,0.0,0.0,0,0,0,0,0,0,0,0,False,False,True,0,,No transaction,0 features,0 failed,2024-01
U02799,55+,Tier 1,Mid,Referral,iOS,2024-02-03,,,0.0,0.0,0.0,0.0,0.0,0,0,0,0,0,0,0,0,False,False,True,0,,No transaction,0 features,0 failed,2024-02
U02800,18-24,Tier 1,Mid,Partnership,Android,2024-04-09,2024-04-10 07:21:00,2024-05-05 22:00:00,7.0,6.0,1.0,42741000.0,6105857.142857143,0,0,1,0,0,0,1,0,True,True,False,1,25.0,After 7 days,1 feature,1-2 failed,2024-04
U02801,35-44,Tier 1,Mid,Branch,Android,2024-02-03,,,0.0,0.0,0.0,0.0,0.0,0,0,0,0,0,0,0,0,False,False,True,0,,No transaction,0 features,0 failed,2024-02
U02802,45-54,Tier 1,Low,Branch,iOS,2024-03-31,2024-04-01 10:22:00,2024-04-15 09:00:00,8.0,8.0,0.0,8384000.0,1048000.0,1,0,0,0,1,0,2,1,True,False,True,1,13.0,After 7 days,2+ features,0 failed,2024-03
U02803,45-54,Tier 3,Mid,Referral,Android,2024-02-27,2024-02-28 16:14:00,2024-03-02 19:00:00,10.0,8.0,2.0,56979000.0,5697900.0,0,1,1,1,1,0,4,1,True,True,False,1,3.0,Within 7 days,2+ features,1-2 failed,2024-02
U02804,55+,Tier 1,Low,Organic,iOS,2024-01-28,2024-01-29 12:29:00,2024-02-05 03:00:00,8.0,7.0,1.0,5069000.0,633625.0,1,0,0,1,0,1,3,1,False,False,True,1,6.0,Within 7 days,2+ features,1-2 failed,2024-01
U02805,25-34,Tier 1,High,Branch,iOS,2024-03-19,,,0.0,0.0,0.0,0.0,0.0,0,0,0,0,0,0,0,0,False,False,True,0,,No transaction,0 features,0 failed,2024-03
U02806,55+,Tier 1,High,Paid Ads,Android,2024-02-06,2024-02-07 13:30:00,2024-02-09 09:00:00,12.0,11.0,1.0,303109000.0,25259083.333333332,0,1,0,1,1,1,4,1,True,True,False,1,1.0,Within 7 days,2+ features,1-2 failed,2024-02
U02807,35-44,Tier 2,Low,Organic,Android,2024-03-29,2024-03-30 08:18:00,2024-04-01 19:00:00,13.0,13.0,0.0,11144000.0,857230.7692307692,0,1,1,1,0,1,4,0,True,True,False,1,2.0,Within 7 days,2+ features,0 failed,2024-03
U02808,18-24,Tier 3,Mid,Paid Ads,Android,2024-03-03,,,0.0,0.0,0.0,0.0,0.0,0,0,0,0,0,0,0,0,False,False,True,0,,No transaction,0 features,0 failed,2024-03
U02809,25-34,Tier 1,Mid,Referral,Android,2024-01-26,,,0.0,0.0,0.0,0.0,0.0,0,0,0,0,0,0,0,0,False,False,True,0,,No transaction,0 features,0 failed,2024-01
U02810,35-44,Tier 1,Mid,Referral,iOS,2024-01-16,2024-01-17 13:12:00,2024-01-27 05:00:00,5.0,3.0,2.0,29226000.0,5845200.0,0,0,0,0,1,1,2,1,True,True,False,1,9.0,After 7 days,2+ features,1-2 failed,2024-01
U02811,18-24,Tier 1,Low,Partnership,Android,2024-01-18,,,0.0,0.0,0.0,0.0,0.0,0,0,0,0,0,0,0,0,False,False,True,0,,No transaction,0 features,0 failed,2024-01
U02812,25-34,Tier 1,Mid,Organic,Android,2024-04-19,2024-04-20 09:24:00,,0.0,0.0,0.0,0.0,0.0,0,0,0,1,0,0,1,0,False,False,True,1,,No transaction,1 feature,0 failed,2024-04
U02813,35-44,Tier 1,Low,Organic,Android,2024-01-10,,,0.0,0.0,0.0,0.0,0.0,0,0,0,0,0,0,0,0,False,False,True,0,,No transaction,0 features,0 failed,2024-01
U02814,18-24,Tier 1,Low,Referral,Android,2024-02-27,2024-02-28 10:13:00,,0.0,0.0,0.0,0.0,0.0,0,0,0,0,0,0,0,0,True,False,True,1,,No transaction,0 features,0 failed,2024-02
U02815,25-34,Tier 1,Low,Paid Ads,Android,2024-01-23,,,0.0,0.0,0.0,0.0,0.0,0,0,0,0,0,0,0,0,False,False,True,0,,No transaction,0 features,0 failed,2024-01
U02816,35-44,Tier 2,Low,Organic,Android,2024-04-25,,,0.0,0.0,0.0,0.0,0.0,0,0,0,0,0,0,0,0,False,False,True,0,,No transaction,0 features,0 failed,2024-04
U02817,25-34,Tier 1,Mid,Paid Ads,Android,2024-04-01,,,0.0,0.0,0.0,0.0,0.0,0,0,0,0,0,0,0,0,False,False,True,0,,No transaction,0 features,0 failed,2024-04
U02818,18-24,Tier 3,High,Paid Ads,Android,2024-02-26,,,0.0,0.0,0.0,0.0,0.0,0,0,0,0,0,0,0,0,False,False,True,0,,No transaction,0 features,0 failed,2024-02
U02819,18-24,Tier 3,Mid,Partnership,Android,2024-01-12,2024-01-13 14:22:00,2024-01-15 21:00:00,11.0,11.0,0.0,61482000.0,5589272.7272727275,1,0,1,1,0,1,4,1,True,False,True,1,2.0,Within 7 days,2+ features,0 failed,2024-01
U02820,25-34,Tier 2,Mid,Organic,iOS,2024-04-13,,,0.0,0.0,0.0,0.0,0.0,0,0,0,0,0,0,0,0,False,False,True,0,,No transaction,0 features,0 failed,2024-04
U02821,45-54,Tier 1,Low,Partnership,Android,2024-03-28,,,0.0,0.0,0.0,0.0,0.0,0,0,0,0,0,0,0,0,False,False,True,0,,No transaction,0 features,0 failed,2024-03
U02822,18-24,Tier 1,Mid,Organic,iOS,2024-04-18,2024-04-19 01:25:00,2024-05-02 05:00:00,6.0,5.0,1.0,30122000.0,5020333.333333333,0,0,0,0,0,0,0,0,False,False,True,1,13.0,After 7 days,0 features,1-2 failed,2024-04
U02823,25-34,Tier 1,Low,Paid Ads,Android,2024-02-10,,,0.0,0.0,0.0,0.0,0.0,0,0,0,0,0,0,0,0,False,False,True,0,,No transaction,0 features,0 failed,2024-02
U02824,18-24,Tier 2,Mid,Referral,iOS,2024-03-26,2024-03-27 20:22:00,2024-04-03 06:00:00,17.0,17.0,0.0,79673000.0,4686647.05882353,0,1,1,0,1,0,3,1,True,True,False,1,6.0,Within 7 days,2+ features,0 failed,2024-03
U02825,25-34,Tier 2,High,Organic,Android,2024-02-14,2024-02-15 15:09:00,2024-02-17 14:00:00,7.0,6.0,1.0,139841000.0,19977285.714285713,1,0,0,1,0,0,2,1,True,False,True,1,1.0,Within 7 days,2+ features,1-2 failed,2024-02
U02826,35-44,Tier 3,Low,Paid Ads,iOS,2024-03-31,2024-04-01 10:28:00,2024-04-03 00:00:00,9.0,9.0,0.0,9064000.0,1007111.1111111111,1,1,1,0,0,1,4,1,False,False,True,1,1.0,Within 7 days,2+ features,0 failed,2024-03
U02827,35-44,Tier 3,Mid,Organic,Android,2024-01-09,,,0.0,0.0,0.0,0.0,0.0,0,0,0,0,0,0,0,0,False,False,True,0,,No transaction,0 features,0 failed,2024-01
U02828,18-24,Tier 1,Low,Organic,iOS,2024-03-11,,,0.0,0.0,0.0,0.0,0.0,0,0,0,0,0,0,0,0,False,False,True,0,,No transaction,0 features,0 failed,2024-03
U02829,25-34,Tier 2,Mid,Referral,Android,2024-03-10,2024-03-11 10:26:00,2024-03-23 12:00:00,8.0,8.0,0.0,44485000.0,5560625.0,0,0,0,1,1,0,2,1,True,True,False,1,12.0,After 7 days,2+ features,0 failed,2024-03
U02830,18-24,Tier 1,Low,Paid Ads,iOS,2024-02-07,2024-02-08 09:29:00,2024-02-16 04:00:00,3.0,2.0,1.0,3882000.0,1294000.0,0,1,1,1,0,0,3,0,False,False,True,1,7.0,Within 7 days,2+ features,1-2 failed,2024-02
U02831,25-34,Tier 1,Mid,Organic,iOS,2024-04-24,,,0.0,0.0,0.0,0.0,0.0,0,0,0,0,0,0,0,0,False,False,True,0,,No transaction,0 features,0 failed,2024-04
U02832,35-44,Tier 1,Low,Organic,Android,2024-02-08,2024-02-09 11:08:00,2024-03-19 06:00:00,1.0,1.0,0.0,551000.0,551000.0,0,0,0,0,1,0,1,1,False,False,True,1,38.0,After 7 days,1 feature,0 failed,2024-02
U02833,18-24,Tier 1,Mid,Organic,Android,2024-04-18,2024-04-19 17:20:00,,0.0,0.0,0.0,0.0,0.0,0,1,0,0,0,0,1,0,True,False,True,1,,No transaction,1 feature,0 failed,2024-04
U02834,18-24,Tier 3,Mid,Paid Ads,Android,2024-01-21,,,0.0,0.0,0.0,0.0,0.0,0,0,0,0,0,0,0,0,False,False,True,0,,No transaction,0 features,0 failed,2024-01
U02835,25-34,Tier 1,Mid,Referral,Android,2024-04-01,,,0.0,0.0,0.0,0.0,0.0,0,0,0,0,0,0,0,0,False,False,True,0,,No transaction,0 features,0 failed,2024-04
U02836,45-54,Tier 2,Mid,Organic,iOS,2024-03-31,2024-04-01 14:04:00,2024-04-11 08:00:00,7.0,6.0,1.0,17356000.0,2479428.5714285714,0,0,1,0,0,1,2,0,False,False,True,1,9.0,After 7 days,2+ features,1-2 failed,2024-03
U02837,55+,Tier 2,High,Organic,Android,2024-03-30,,,0.0,0.0,0.0,0.0,0.0,0,0,0,0,0,0,0,0,False,False,True,0,,No transaction,0 features,0 failed,2024-03
U02838,18-24,Tier 2,Mid,Referral,Android,2024-03-22,,,0.0,0.0,0.0,0.0,0.0,0,0,0,0,0,0,0,0,False,False,True,0,,No transaction,0 features,0 failed,2024-03
U02839,35-44,Tier 1,Low,Partnership,Android,2024-01-23,,,0.0,0.0,0.0,0.0,0.0,0,0,0,0,0,0,0,0,False,False,True,0,,No transaction,0 features,0 failed,2024-01
U02840,25-34,Tier 3,Low,Paid Ads,Android,2024-04-11,,,0.0,0.0,0.0,0.0,0.0,0,0,0,0,0,0,0,0,False,False,True,0,,No transaction,0 features,0 failed,2024-04
U02841,25-34,Tier 2,High,Partnership,iOS,2024-02-16,,,0.0,0.0,0.0,0.0,0.0,0,0,0,0,0,0,0,0,False,False,True,0,,No transaction,0 features,0 failed,2024-02
U02842,35-44,Tier 1,Mid,Organic,iOS,2024-03-06,,,0.0,0.0,0.0,0.0,0.0,0,0,0,0,0,0,0,0,False,False,True,0,,No transaction,0 features,0 failed,2024-03
U02843,45-54,Tier 1,Mid,Branch,Android,2024-01-29,,,0.0,0.0,0.0,0.0,0.0,0,0,0,0,0,0,0,0,False,False,True,0,,No transaction,0 features,0 failed,2024-01
U02844,55+,Tier 2,Low,Referral,iOS,2024-01-16,,,0.0,0.0,0.0,0.0,0.0,0,0,0,0,0,0,0,0,False,False,True,0,,No transaction,0 features,0 failed,2024-01
U02845,25-34,Tier 3,Mid,Branch,iOS,2024-01-26,,,0.0,0.0,0.0,0.0,0.0,0,0,0,0,0,0,0,0,False,False,True,0,,No transaction,0 features,0 failed,2024-01
U02846,25-34,Tier 2,Low,Referral,Android,2024-04-11,2024-04-12 00:11:00,2024-04-29 16:00:00,11.0,10.0,1.0,13686000.0,1244181.8181818181,1,1,1,1,1,0,5,1,True,False,True,1,17.0,After 7 days,2+ features,1-2 failed,2024-04
U02847,35-44,Tier 3,High,Paid Ads,iOS,2024-01-18,2024-01-19 06:29:00,2024-01-24 04:00:00,5.0,5.0,0.0,91574000.0,18314800.0,0,0,1,0,1,0,2,1,True,True,False,1,4.0,Within 7 days,2+ features,0 failed,2024-01
U02848,18-24,Tier 2,High,Referral,Android,2024-01-31,,,0.0,0.0,0.0,0.0,0.0,0,0,0,0,0,0,0,0,False,False,True,0,,No transaction,0 features,0 failed,2024-01
U02849,25-34,Tier 1,Low,Referral,Android,2024-04-11,,,0.0,0.0,0.0,0.0,0.0,0,0,0,0,0,0,0,0,False,False,True,0,,No transaction,0 features,0 failed,2024-04
U02850,25-34,Tier 1,Mid,Partnership,Android,2024-03-04,2024-03-04 23:02:00,2024-03-07 13:00:00,11.0,11.0,0.0,50104000.0,4554909.090909091,0,1,0,1,1,1,4,1,True,False,True,1,2.0,Within 7 days,2+ features,0 failed,2024-03
U02851,35-44,Tier 1,Low,Paid Ads,iOS,2024-01-04,,,0.0,0.0,0.0,0.0,0.0,0,0,0,0,0,0,0,0,False,False,True,0,,No transaction,0 features,0 failed,2024-01
U02852,18-24,Tier 2,Mid,Branch,Android,2024-02-16,,,0.0,0.0,0.0,0.0,0.0,0,0,0,0,0,0,0,0,False,False,True,0,,No transaction,0 features,0 failed,2024-02
U02853,18-24,Tier 2,High,Paid Ads,Android,2024-03-11,2024-03-12 10:25:00,2024-03-17 00:00:00,8.0,7.0,1.0,184681000.0,23085125.0,1,1,1,0,0,0,3,1,True,True,False,1,4.0,Within 7 days,2+ features,1-2 failed,2024-03
U02854,45-54,Tier 1,Mid,Paid Ads,Android,2024-03-14,,,0.0,0.0,0.0,0.0,0.0,0,0,0,0,0,0,0,0,False,False,True,0,,No transaction,0 features,0 failed,2024-03
U02855,18-24,Tier 2,Mid,Organic,Android,2024-02-17,,,0.0,0.0,0.0,0.0,0.0,0,0,0,0,0,0,0,0,False,False,True,0,,No transaction,0 features,0 failed,2024-02
U02856,25-34,Tier 1,Low,Branch,iOS,2024-02-29,2024-03-01 09:30:00,2024-03-28 06:00:00,7.0,6.0,1.0,4695000.0,670714.2857142857,1,0,0,1,0,1,3,1,False,False,True,1,26.0,After 7 days,2+ features,1-2 failed,2024-02
U02857,18-24,Tier 1,High,Paid Ads,Android,2024-04-12,,,0.0,0.0,0.0,0.0,0.0,0,0,0,0,0,0,0,0,False,False,True,0,,No transaction,0 features,0 failed,2024-04
U02858,18-24,Tier 1,Mid,Paid Ads,Android,2024-03-11,2024-03-12 08:07:00,2024-03-19 00:00:00,7.0,7.0,0.0,50756000.0,7250857.142857143,0,1,1,0,0,0,2,0,False,False,True,1,6.0,Within 7 days,2+ features,0 failed,2024-03
U02859,18-24,Tier 1,Mid,Referral,Android,2024-01-17,,,0.0,0.0,0.0,0.0,0.0,0,0,0,0,0,0,0,0,False,False,True,0,,No transaction,0 features,0 failed,2024-01
U02860,18-24,Tier 1,Low,Paid Ads,Android,2024-03-19,2024-03-20 05:22:00,2024-03-28 15:00:00,2.0,2.0,0.0,2025000.0,1012500.0,1,1,0,0,0,0,2,1,True,True,False,1,8.0,After 7 days,2+ features,0 failed,2024-03
U02861,45-54,Tier 1,Mid,Branch,Android,2024-04-23,,,0.0,0.0,0.0,0.0,0.0,0,0,0,0,0,0,0,0,False,False,True,0,,No transaction,0 features,0 failed,2024-04
U02862,18-24,Tier 1,High,Organic,Android,2024-01-12,2024-01-13 07:13:00,2024-01-19 22:00:00,8.0,7.0,1.0,174274000.0,21784250.0,0,0,0,0,1,0,1,1,True,False,True,1,6.0,Within 7 days,1 feature,1-2 failed,2024-01
U02863,55+,Tier 1,Mid,Referral,Android,2024-01-09,,,0.0,0.0,0.0,0.0,0.0,0,0,0,0,0,0,0,0,False,False,True,0,,No transaction,0 features,0 failed,2024-01
U02864,25-34,Tier 2,Mid,Organic,Android,2024-02-09,,,0.0,0.0,0.0,0.0,0.0,0,0,0,0,0,0,0,0,False,False,True,0,,No transaction,0 features,0 failed,2024-02
U02865,25-34,Tier 1,Mid,Partnership,Android,2024-02-20,,,0.0,0.0,0.0,0.0,0.0,0,0,0,0,0,0,0,0,False,False,True,0,,No transaction,0 features,0 failed,2024-02
U02866,25-34,Tier 3,Mid,Organic,Android,2024-04-01,,,0.0,0.0,0.0,0.0,0.0,0,0,0,0,0,0,0,0,False,False,True,0,,No transaction,0 features,0 failed,2024-04
U02867,25-34,Tier 1,Mid,Organic,iOS,2024-04-02,,,0.0,0.0,0.0,0.0,0.0,0,0,0,0,0,0,0,0,False,False,True,0,,No transaction,0 features,0 failed,2024-04
U02868,35-44,Tier 1,Low,Referral,Android,2024-03-02,,,0.0,0.0,0.0,0.0,0.0,0,0,0,0,0,0,0,0,False,False,True,0,,No transaction,0 features,0 failed,2024-03
U02869,18-24,Tier 1,Mid,Paid Ads,iOS,2024-03-08,2024-03-09 16:05:00,2024-03-10 12:00:00,11.0,10.0,1.0,45707000.0,4155181.8181818184,1,1,1,1,0,1,5,1,False,False,True,1,0.0,Within 7 days,2+ features,1-2 failed,2024-03
U02870,25-34,Tier 1,Mid,Referral,Android,2024-02-22,2024-02-23 10:07:00,2024-02-26 21:00:00,15.0,14.0,1.0,78966000.0,5264400.0,0,1,1,1,1,1,5,1,False,False,True,1,3.0,Within 7 days,2+ features,1-2 failed,2024-02
U02871,45-54,Tier 3,Mid,Organic,Android,2024-04-08,2024-04-09 12:12:00,2024-04-16 04:00:00,10.0,9.0,1.0,36315000.0,3631500.0,0,0,0,1,1,1,3,1,True,True,False,1,6.0,Within 7 days,2+ features,1-2 failed,2024-04
U02872,45-54,Tier 1,High,Branch,Android,2024-02-22,2024-02-23 23:09:00,2024-02-28 18:00:00,5.0,4.0,1.0,225189000.0,45037800.0,0,0,1,0,0,0,1,0,True,False,True,1,4.0,Within 7 days,1 feature,1-2 failed,2024-02
U02873,45-54,Tier 3,Mid,Branch,Android,2024-04-15,,,0.0,0.0,0.0,0.0,0.0,0,0,0,0,0,0,0,0,False,False,True,0,,No transaction,0 features,0 failed,2024-04
U02874,25-34,Tier 3,Low,Referral,iOS,2024-03-14,,,0.0,0.0,0.0,0.0,0.0,0,0,0,0,0,0,0,0,False,False,True,0,,No transaction,0 features,0 failed,2024-03
U02875,35-44,Tier 2,High,Paid Ads,iOS,2024-01-10,,,0.0,0.0,0.0,0.0,0.0,0,0,0,0,0,0,0,0,False,False,True,0,,No transaction,0 features,0 failed,2024-01
U02876,25-34,Tier 2,Mid,Paid Ads,Android,2024-01-17,,,0.0,0.0,0.0,0.0,0.0,0,0,0,0,0,0,0,0,False,False,True,0,,No transaction,0 features,0 failed,2024-01
U02877,25-34,Tier 2,Mid,Organic,Android,2024-02-10,2024-02-11 13:15:00,2024-02-22 18:00:00,5.0,4.0,1.0,23684000.0,4736800.0,0,0,1,0,0,0,1,0,False,False,True,1,11.0,After 7 days,1 feature,1-2 failed,2024-02
U02878,18-24,Tier 1,Mid,Referral,iOS,2024-03-23,,,0.0,0.0,0.0,0.0,0.0,0,0,0,0,0,0,0,0,False,False,True,0,,No transaction,0 features,0 failed,2024-03
U02879,25-34,Tier 2,Mid,Paid Ads,iOS,2024-01-10,,,0.0,0.0,0.0,0.0,0.0,0,0,0,0,0,0,0,0,False,False,True,0,,No transaction,0 features,0 failed,2024-01
U02880,18-24,Tier 1,Low,Referral,iOS,2024-02-27,,,0.0,0.0,0.0,0.0,0.0,0,0,0,0,0,0,0,0,False,False,True,0,,No transaction,0 features,0 failed,2024-02
U02881,25-34,Tier 1,Mid,Referral,iOS,2024-02-29,,,0.0,0.0,0.0,0.0,0.0,0,0,0,0,0,0,0,0,False,False,True,0,,No transaction,0 features,0 failed,2024-02
U02882,45-54,Tier 2,High,Partnership,iOS,2024-03-28,2024-03-29 06:16:00,2024-03-30 03:00:00,10.0,8.0,2.0,316838000.0,31683800.0,0,1,1,1,1,1,5,1,True,True,False,1,0.0,Within 7 days,2+ features,1-2 failed,2024-03
U02883,18-24,Tier 2,Mid,Paid Ads,Android,2024-03-07,2024-03-08 07:13:00,,0.0,0.0,0.0,0.0,0.0,0,0,0,0,0,0,0,0,False,False,True,1,,No transaction,0 features,0 failed,2024-03
U02884,18-24,Tier 3,Mid,Paid Ads,iOS,2024-02-14,2024-02-15 14:15:00,2024-02-21 11:00:00,12.0,11.0,1.0,60383000.0,5031916.666666667,1,0,0,1,1,1,4,1,True,True,False,1,5.0,Within 7 days,2+ features,1-2 failed,2024-02
U02885,18-24,Tier 1,Low,Organic,iOS,2024-01-17,,,0.0,0.0,0.0,0.0,0.0,0,0,0,0,0,0,0,0,False,False,True,0,,No transaction,0 features,0 failed,2024-01
U02886,45-54,Tier 3,Low,Paid Ads,iOS,2024-04-22,,,0.0,0.0,0.0,0.0,0.0,0,0,0,0,0,0,0,0,False,False,True,0,,No transaction,0 features,0 failed,2024-04
U02887,25-34,Tier 1,Mid,Referral,Android,2024-04-16,2024-04-17 06:01:00,2024-05-08 03:00:00,7.0,5.0,2.0,30635000.0,4376428.571428572,0,0,0,1,1,0,2,1,True,False,True,1,20.0,After 7 days,2+ features,1-2 failed,2024-04
U02888,25-34,Tier 1,Mid,Paid Ads,Android,2024-04-09,,,0.0,0.0,0.0,0.0,0.0,0,0,0,0,0,0,0,0,False,False,True,0,,No transaction,0 features,0 failed,2024-04
U02889,35-44,Tier 1,High,Partnership,iOS,2024-03-11,,,0.0,0.0,0.0,0.0,0.0,0,0,0,0,0,0,0,0,False,False,True,0,,No transaction,0 features,0 failed,2024-03
U02890,35-44,Tier 1,Mid,Partnership,iOS,2024-03-22,2024-03-24 06:22:00,2024-03-27 08:00:00,9.0,9.0,0.0,51051000.0,5672333.333333333,1,1,0,0,0,0,2,1,True,True,False,1,3.0,Within 7 days,2+ features,0 failed,2024-03
U02891,25-34,Tier 1,Mid,Referral,iOS,2024-03-16,2024-03-17 07:28:00,2024-03-25 04:00:00,10.0,10.0,0.0,49599000.0,4959900.0,1,1,0,1,1,0,4,1,False,False,True,1,7.0,Within 7 days,2+ features,0 failed,2024-03
U02892,35-44,Tier 2,Mid,Paid Ads,Android,2024-01-24,2024-01-24 21:30:00,,0.0,0.0,0.0,0.0,0.0,0,0,0,0,0,0,0,0,False,False,True,1,,No transaction,0 features,0 failed,2024-01
U02893,35-44,Tier 3,Low,Branch,Android,2024-04-08,2024-04-09 01:29:00,2024-04-28 20:00:00,4.0,4.0,0.0,3858000.0,964500.0,1,0,1,0,0,0,2,1,False,False,True,1,19.0,After 7 days,2+ features,0 failed,2024-04
U02894,35-44,Tier 1,High,Paid Ads,Android,2024-01-17,2024-01-18 08:15:00,2024-01-19 05:00:00,21.0,20.0,1.0,565866000.0,26946000.0,1,1,1,0,1,1,5,1,True,True,False,1,0.0,Within 7 days,2+ features,1-2 failed,2024-01
U02895,18-24,Tier 2,Mid,Organic,iOS,2024-02-25,,,0.0,0.0,0.0,0.0,0.0,0,0,0,0,0,0,0,0,False,False,True,0,,No transaction,0 features,0 failed,2024-02
U02896,45-54,Tier 3,Low,Paid Ads,Android,2024-03-05,2024-03-06 21:03:00,2024-03-12 15:00:00,13.0,10.0,3.0,13131000.0,1010076.9230769231,1,0,0,1,0,1,3,1,True,False,True,1,5.0,Within 7 days,2+ features,3+ failed,2024-03
U02897,25-34,Tier 2,Mid,Organic,iOS,2024-04-26,2024-04-27 06:27:00,2024-05-04 18:00:00,8.0,7.0,1.0,45792000.0,5724000.0,0,0,1,1,1,0,3,1,True,True,False,1,7.0,Within 7 days,2+ features,1-2 failed,2024-04
U02898,18-24,Tier 2,High,Partnership,Android,2024-04-21,,,0.0,0.0,0.0,0.0,0.0,0,0,0,0,0,0,0,0,False,False,True,0,,No transaction,0 features,0 failed,2024-04
U02899,25-34,Tier 1,High,Paid Ads,Android,2024-01-08,,,0.0,0.0,0.0,0.0,0.0,0,0,0,0,0,0,0,0,False,False,True,0,,No transaction,0 features,0 failed,2024-01
U02900,18-24,Tier 3,Low,Referral,Android,2024-04-16,2024-04-17 12:26:00,2024-04-22 02:00:00,12.0,12.0,0.0,12062000.0,1005166.6666666666,1,0,0,0,1,1,3,1,True,True,False,1,4.0,Within 7 days,2+ features,0 failed,2024-04
U02901,18-24,Tier 2,High,Organic,Android,2024-01-16,,,0.0,0.0,0.0,0.0,0.0,0,0,0,0,0,0,0,0,False,False,True,0,,No transaction,0 features,0 failed,2024-01
U02902,35-44,Tier 1,Low,Referral,Android,2024-03-07,2024-03-08 05:04:00,,0.0,0.0,0.0,0.0,0.0,0,0,0,0,0,0,0,0,False,False,True,1,,No transaction,0 features,0 failed,2024-03
U02903,18-24,Tier 1,Low,Branch,iOS,2024-01-20,,,0.0,0.0,0.0,0.0,0.0,0,0,0,0,0,0,0,0,False,False,True,0,,No transaction,0 features,0 failed,2024-01
U02904,25-34,Tier 3,High,Organic,iOS,2024-02-08,,,0.0,0.0,0.0,0.0,0.0,0,0,0,0,0,0,0,0,False,False,True,0,,No transaction,0 features,0 failed,2024-02
U02905,25-34,Tier 1,High,Paid Ads,Android,2024-01-22,2024-01-23 04:15:00,2024-01-24 07:00:00,5.0,5.0,0.0,175894000.0,35178800.0,0,0,0,0,0,1,1,0,False,False,True,1,1.0,Within 7 days,1 feature,0 failed,2024-01
U02906,18-24,Tier 3,Mid,Branch,iOS,2024-01-21,2024-01-22 04:11:00,2024-01-30 06:00:00,1.0,1.0,0.0,8404000.0,8404000.0,0,0,0,0,1,1,2,1,True,True,False,1,8.0,After 7 days,2+ features,0 failed,2024-01
U02907,55+,Tier 1,Mid,Referral,Android,2024-02-11,2024-02-12 16:06:00,2024-03-03 08:00:00,7.0,7.0,0.0,27491000.0,3927285.714285714,1,0,1,0,0,0,2,1,True,True,False,1,19.0,After 7 days,2+ features,0 failed,2024-02
U02908,18-24,Tier 2,High,Referral,iOS,2024-03-31,,,0.0,0.0,0.0,0.0,0.0,0,0,0,0,0,0,0,0,False,False,True,0,,No transaction,0 features,0 failed,2024-03
U02909,25-34,Tier 1,Mid,Paid Ads,iOS,2024-01-29,2024-01-30 20:16:00,2024-02-01 11:00:00,9.0,7.0,2.0,41170000.0,4574444.444444444,0,0,1,1,0,0,2,0,False,False,True,1,1.0,Within 7 days,2+ features,1-2 failed,2024-01
U02910,25-34,Tier 2,High,Paid Ads,Android,2024-02-14,,,0.0,0.0,0.0,0.0,0.0,0,0,0,0,0,0,0,0,False,False,True,0,,No transaction,0 features,0 failed,2024-02
U02911,18-24,Tier 3,Mid,Organic,Android,2024-03-07,,,0.0,0.0,0.0,0.0,0.0,0,0,0,0,0,0,0,0,False,False,True,0,,No transaction,0 features,0 failed,2024-03
U02912,18-24,Tier 1,High,Organic,Android,2024-04-24,2024-04-25 04:22:00,2024-04-25 18:00:00,8.0,8.0,0.0,202514000.0,25314250.0,0,0,0,1,1,1,3,1,True,True,False,1,0.0,Within 7 days,2+ features,0 failed,2024-04
U02913,35-44,Tier 2,High,Paid Ads,iOS,2024-02-06,,,0.0,0.0,0.0,0.0,0.0,0,0,0,0,0,0,0,0,False,False,True,0,,No transaction,0 features,0 failed,2024-02
U02914,55+,Tier 1,Low,Branch,Android,2024-04-18,,,0.0,0.0,0.0,0.0,0.0,0,0,0,0,0,0,0,0,False,False,True,0,,No transaction,0 features,0 failed,2024-04
U02915,18-24,Tier 1,High,Organic,iOS,2024-01-11,,,0.0,0.0,0.0,0.0,0.0,0,0,0,0,0,0,0,0,False,False,True,0,,No transaction,0 features,0 failed,2024-01
U02916,35-44,Tier 1,Mid,Organic,Android,2024-02-02,,,0.0,0.0,0.0,0.0,0.0,0,0,0,0,0,0,0,0,False,False,True,0,,No transaction,0 features,0 failed,2024-02
U02917,35-44,Tier 2,Mid,Referral,iOS,2024-01-26,,,0.0,0.0,0.0,0.0,0.0,0,0,0,0,0,0,0,0,False,False,True,0,,No transaction,0 features,0 failed,2024-01
U02918,35-44,Tier 1,Mid,Partnership,iOS,2024-03-22,,,0.0,0.0,0.0,0.0,0.0,0,0,0,0,0,0,0,0,False,False,True,0,,No transaction,0 features,0 failed,2024-03
U02919,25-34,Tier 1,Low,Referral,Android,2024-03-11,,,0.0,0.0,0.0,0.0,0.0,0,0,0,0,0,0,0,0,False,False,True,0,,No transaction,0 features,0 failed,2024-03
U02920,25-34,Tier 1,Mid,Partnership,iOS,2024-02-05,2024-02-06 04:28:00,2024-02-19 20:00:00,1.0,1.0,0.0,8241000.0,8241000.0,0,0,0,0,0,0,0,0,False,False,True,1,13.0,After 7 days,0 features,0 failed,2024-02
U02921,25-34,Tier 2,High,Organic,iOS,2024-01-17,2024-01-18 01:16:00,2024-02-15 11:00:00,7.0,6.0,1.0,152719000.0,21817000.0,0,1,1,0,0,1,3,0,False,False,True,1,28.0,After 7 days,2+ features,1-2 failed,2024-01
U02922,35-44,Tier 2,Low,Branch,iOS,2024-03-21,2024-03-22 16:27:00,,0.0,0.0,0.0,0.0,0.0,0,0,0,0,0,0,0,0,False,False,True,1,,No transaction,0 features,0 failed,2024-03
U02923,35-44,Tier 1,Mid,Paid Ads,Android,2024-02-08,2024-02-08 22:28:00,,0.0,0.0,0.0,0.0,0.0,0,0,0,0,0,0,0,0,False,False,True,1,,No transaction,0 features,0 failed,2024-02
U02924,18-24,Tier 1,High,Paid Ads,Android,2024-03-19,2024-03-20 02:21:00,2024-03-26 22:00:00,8.0,7.0,1.0,249168000.0,31146000.0,1,0,1,0,0,0,2,1,False,False,True,1,6.0,Within 7 days,2+ features,1-2 failed,2024-03
U02925,25-34,Tier 3,Mid,Referral,Android,2024-03-09,2024-03-10 12:08:00,2024-03-15 13:00:00,8.0,8.0,0.0,33639000.0,4204875.0,0,1,0,1,1,1,4,1,True,False,True,1,5.0,Within 7 days,2+ features,0 failed,2024-03
U02926,45-54,Tier 1,Mid,Partnership,Android,2024-01-12,,,0.0,0.0,0.0,0.0,0.0,0,0,0,0,0,0,0,0,False,False,True,0,,No transaction,0 features,0 failed,2024-01
U02927,35-44,Tier 3,Mid,Organic,Android,2024-03-05,,,0.0,0.0,0.0,0.0,0.0,0,0,0,0,0,0,0,0,False,False,True,0,,No transaction,0 features,0 failed,2024-03
U02928,55+,Tier 3,Mid,Organic,Android,2024-03-23,,,0.0,0.0,0.0,0.0,0.0,0,0,0,0,0,0,0,0,False,False,True,0,,No transaction,0 features,0 failed,2024-03
U02929,35-44,Tier 2,Mid,Referral,Android,2024-01-22,,,0.0,0.0,0.0,0.0,0.0,0,0,0,0,0,0,0,0,False,False,True,0,,No transaction,0 features,0 failed,2024-01
U02930,25-34,Tier 1,High,Partnership,Android,2024-03-16,,,0.0,0.0,0.0,0.0,0.0,0,0,0,0,0,0,0,0,False,False,True,0,,No transaction,0 features,0 failed,2024-03
U02931,25-34,Tier 3,Mid,Partnership,Android,2024-03-15,2024-03-16 02:08:00,,0.0,0.0,0.0,0.0,0.0,0,1,0,0,0,0,1,0,False,False,True,1,,No transaction,1 feature,0 failed,2024-03
U02932,35-44,Tier 2,High,Paid Ads,Android,2024-01-20,2024-01-21 07:27:00,2024-02-03 22:00:00,9.0,9.0,0.0,233331000.0,25925666.666666668,0,0,1,0,1,0,2,1,False,False,True,1,13.0,After 7 days,2+ features,0 failed,2024-01
U02933,18-24,Tier 2,Mid,Paid Ads,iOS,2024-01-22,2024-01-23 02:16:00,2024-02-07 16:00:00,1.0,1.0,0.0,2097000.0,2097000.0,0,1,0,1,0,1,3,0,True,False,True,1,15.0,After 7 days,2+ features,0 failed,2024-01
U02934,25-34,Tier 1,Mid,Organic,iOS,2024-03-25,,,0.0,0.0,0.0,0.0,0.0,0,0,0,0,0,0,0,0,False,False,True,0,,No transaction,0 features,0 failed,2024-03
U02935,35-44,Tier 1,Mid,Partnership,Android,2024-03-20,2024-03-22 00:14:00,2024-05-07 07:00:00,1.0,1.0,0.0,5607000.0,5607000.0,0,1,0,0,0,0,1,0,True,True,False,1,46.0,After 7 days,1 feature,0 failed,2024-03
U02936,18-24,Tier 1,Mid,Partnership,iOS,2024-04-02,,,0.0,0.0,0.0,0.0,0.0,0,0,0,0,0,0,0,0,False,False,True,0,,No transaction,0 features,0 failed,2024-04
U02937,35-44,Tier 2,Mid,Paid Ads,Android,2024-04-25,,,0.0,0.0,0.0,0.0,0.0,0,0,0,0,0,0,0,0,False,False,True,0,,No transaction,0 features,0 failed,2024-04
U02938,25-34,Tier 2,Low,Paid Ads,iOS,2024-03-18,,,0.0,0.0,0.0,0.0,0.0,0,0,0,0,0,0,0,0,False,False,True,0,,No transaction,0 features,0 failed,2024-03
U02939,55+,Tier 1,Low,Branch,Android,2024-02-13,,,0.0,0.0,0.0,0.0,0.0,0,0,0,0,0,0,0,0,False,False,True,0,,No transaction,0 features,0 failed,2024-02
U02940,18-24,Tier 2,Low,Partnership,Android,2024-04-17,,,0.0,0.0,0.0,0.0,0.0,0,0,0,0,0,0,0,0,False,False,True,0,,No transaction,0 features,0 failed,2024-04
U02941,18-24,Tier 1,Low,Paid Ads,Android,2024-03-13,,,0.0,0.0,0.0,0.0,0.0,0,0,0,0,0,0,0,0,False,False,True,0,,No transaction,0 features,0 failed,2024-03
U02942,25-34,Tier 2,Mid,Referral,Android,2024-01-06,2024-01-07 21:16:00,2024-01-20 03:00:00,5.0,5.0,0.0,25488000.0,5097600.0,0,1,0,0,0,1,2,0,True,True,False,1,12.0,After 7 days,2+ features,0 failed,2024-01
U02943,18-24,Tier 3,Low,Paid Ads,Android,2024-04-15,,,0.0,0.0,0.0,0.0,0.0,0,0,0,0,0,0,0,0,False,False,True,0,,No transaction,0 features,0 failed,2024-04
U02944,35-44,Tier 1,Mid,Paid Ads,Android,2024-04-20,,,0.0,0.0,0.0,0.0,0.0,0,0,0,0,0,0,0,0,False,False,True,0,,No transaction,0 features,0 failed,2024-04
U02945,35-44,Tier 1,Low,Referral,Android,2024-01-04,2024-01-05 00:24:00,2024-01-12 22:00:00,13.0,12.0,1.0,13994000.0,1076461.5384615385,1,1,0,1,1,0,4,1,True,False,True,1,7.0,Within 7 days,2+ features,1-2 failed,2024-01
U02946,18-24,Tier 1,Mid,Referral,iOS,2024-01-11,2024-01-12 04:22:00,2024-01-12 19:00:00,4.0,4.0,0.0,16079000.0,4019750.0,1,0,0,0,1,0,2,1,True,True,False,1,0.0,Within 7 days,2+ features,0 failed,2024-01
U02947,25-34,Tier 2,Mid,Referral,Android,2024-01-06,,,0.0,0.0,0.0,0.0,0.0,0,0,0,0,0,0,0,0,False,False,True,0,,No transaction,0 features,0 failed,2024-01
U02948,25-34,Tier 2,Low,Paid Ads,Android,2024-03-23,,,0.0,0.0,0.0,0.0,0.0,0,0,0,0,0,0,0,0,False,False,True,0,,No transaction,0 features,0 failed,2024-03
U02949,25-34,Tier 3,High,Referral,Android,2024-04-08,2024-04-09 16:20:00,,0.0,0.0,0.0,0.0,0.0,0,0,0,0,1,0,1,1,True,False,True,1,,No transaction,1 feature,0 failed,2024-04
U02950,45-54,Tier 1,Low,Referral,iOS,2024-03-14,,,0.0,0.0,0.0,0.0,0.0,0,0,0,0,0,0,0,0,False,False,True,0,,No transaction,0 features,0 failed,2024-03
U02951,35-44,Tier 3,Mid,Partnership,Android,2024-02-03,,,0.0,0.0,0.0,0.0,0.0,0,0,0,0,0,0,0,0,False,False,True,0,,No transaction,0 features,0 failed,2024-02
U02952,35-44,Tier 1,High,Paid Ads,Android,2024-03-24,,,0.0,0.0,0.0,0.0,0.0,0,0,0,0,0,0,0,0,False,False,True,0,,No transaction,0 features,0 failed,2024-03
U02953,35-44,Tier 2,Mid,Organic,Android,2024-01-27,,,0.0,0.0,0.0,0.0,0.0,0,0,0,0,0,0,0,0,False,False,True,0,,No transaction,0 features,0 failed,2024-01
U02954,25-34,Tier 1,Low,Referral,Android,2024-04-08,2024-04-09 13:17:00,2024-04-11 10:00:00,9.0,9.0,0.0,10428000.0,1158666.6666666667,0,0,0,1,1,0,2,1,True,True,False,1,1.0,Within 7 days,2+ features,0 failed,2024-04
U02955,45-54,Tier 3,Mid,Partnership,Android,2024-03-14,,,0.0,0.0,0.0,0.0,0.0,0,0,0,0,0,0,0,0,False,False,True,0,,No transaction,0 features,0 failed,2024-03
U02956,35-44,Tier 2,Mid,Partnership,Android,2024-02-23,2024-02-24 08:14:00,2024-02-25 22:00:00,9.0,9.0,0.0,44709000.0,4967666.666666667,1,0,0,0,1,0,2,1,True,True,False,1,1.0,Within 7 days,2+ features,0 failed,2024-02
U02957,35-44,Tier 2,High,Referral,Android,2024-03-20,,,0.0,0.0,0.0,0.0,0.0,0,0,0,0,0,0,0,0,False,False,True,0,,No transaction,0 features,0 failed,2024-03
U02958,45-54,Tier 3,High,Branch,Android,2024-03-22,,,0.0,0.0,0.0,0.0,0.0,0,0,0,0,0,0,0,0,False,False,True,0,,No transaction,0 features,0 failed,2024-03
U02959,18-24,Tier 1,Mid,Organic,Android,2024-01-04,2024-01-05 15:29:00,,0.0,0.0,0.0,0.0,0.0,0,0,0,0,0,0,0,0,False,False,True,1,,No transaction,0 features,0 failed,2024-01
U02960,35-44,Tier 1,High,Branch,Android,2024-03-04,,,0.0,0.0,0.0,0.0,0.0,0,0,0,0,0,0,0,0,False,False,True,0,,No transaction,0 features,0 failed,2024-03
U02961,18-24,Tier 3,Low,Organic,Android,2024-04-23,2024-04-24 22:11:00,,0.0,0.0,0.0,0.0,0.0,0,0,0,0,0,0,0,0,False,False,True,1,,No transaction,0 features,0 failed,2024-04
U02962,25-34,Tier 1,Low,Organic,iOS,2024-03-21,,,0.0,0.0,0.0,0.0,0.0,0,0,0,0,0,0,0,0,False,False,True,0,,No transaction,0 features,0 failed,2024-03
U02963,25-34,Tier 1,High,Referral,Android,2024-03-10,,,0.0,0.0,0.0,0.0,0.0,0,0,0,0,0,0,0,0,False,False,True,0,,No transaction,0 features,0 failed,2024-03
U02964,55+,Tier 2,Low,Referral,iOS,2024-02-07,,,0.0,0.0,0.0,0.0,0.0,0,0,0,0,0,0,0,0,False,False,True,0,,No transaction,0 features,0 failed,2024-02
U02965,45-54,Tier 2,Low,Paid Ads,Android,2024-03-23,,,0.0,0.0,0.0,0.0,0.0,0,0,0,0,0,0,0,0,False,False,True,0,,No transaction,0 features,0 failed,2024-03
U02966,35-44,Tier 1,Low,Partnership,Android,2024-02-08,,,0.0,0.0,0.0,0.0,0.0,0,0,0,0,0,0,0,0,False,False,True,0,,No transaction,0 features,0 failed,2024-02
U02967,35-44,Tier 1,Mid,Partnership,iOS,2024-03-02,2024-03-03 17:06:00,2024-03-13 09:00:00,3.0,3.0,0.0,14700000.0,4900000.0,0,1,0,0,0,0,1,0,True,True,False,1,9.0,After 7 days,1 feature,0 failed,2024-03
U02968,25-34,Tier 1,Mid,Referral,Android,2024-02-01,,,0.0,0.0,0.0,0.0,0.0,0,0,0,0,0,0,0,0,False,False,True,0,,No transaction,0 features,0 failed,2024-02
U02969,45-54,Tier 1,Mid,Referral,Android,2024-04-13,2024-04-14 08:12:00,2024-05-17 00:00:00,3.0,2.0,1.0,13271000.0,4423666.666666667,1,0,0,0,0,0,1,1,True,True,False,1,32.0,After 7 days,1 feature,1-2 failed,2024-04
U02970,25-34,Tier 3,Low,Organic,Android,2024-04-13,2024-04-13 23:24:00,,0.0,0.0,0.0,0.0,0.0,0,1,0,0,0,0,1,0,False,False,True,1,,No transaction,1 feature,0 failed,2024-04
U02971,25-34,Tier 3,Mid,Organic,Android,2024-03-28,,,0.0,0.0,0.0,0.0,0.0,0,0,0,0,0,0,0,0,False,False,True,0,,No transaction,0 features,0 failed,2024-03
U02972,18-24,Tier 2,High,Paid Ads,iOS,2024-02-21,,,0.0,0.0,0.0,0.0,0.0,0,0,0,0,0,0,0,0,False,False,True,0,,No transaction,0 features,0 failed,2024-02
U02973,35-44,Tier 1,High,Organic,Android,2024-02-08,,,0.0,0.0,0.0,0.0,0.0,0,0,0,0,0,0,0,0,False,False,True,0,,No transaction,0 features,0 failed,2024-02
U02974,35-44,Tier 3,Mid,Paid Ads,Android,2024-02-28,,,0.0,0.0,0.0,0.0,0.0,0,0,0,0,0,0,0,0,False,False,True,0,,No transaction,0 features,0 failed,2024-02
U02975,25-34,Tier 2,High,Paid Ads,iOS,2024-01-10,,,0.0,0.0,0.0,0.0,0.0,0,0,0,0,0,0,0,0,False,False,True,0,,No transaction,0 features,0 failed,2024-01
U02976,18-24,Tier 1,Mid,Organic,iOS,2024-03-29,,,0.0,0.0,0.0,0.0,0.0,0,0,0,0,0,0,0,0,False,False,True,0,,No transaction,0 features,0 failed,2024-03
U02977,35-44,Tier 3,Low,Paid Ads,iOS,2024-01-08,2024-01-08 23:25:00,,0.0,0.0,0.0,0.0,0.0,0,1,1,0,0,0,2,0,True,False,True,1,,No transaction,2+ features,0 failed,2024-01
U02978,18-24,Tier 2,Low,Organic,Android,2024-01-21,2024-01-22 12:20:00,2024-02-08 13:00:00,5.0,4.0,1.0,7787000.0,1557400.0,0,0,0,1,1,0,2,1,False,False,True,1,17.0,After 7 days,2+ features,1-2 failed,2024-01
U02979,35-44,Tier 2,Low,Referral,iOS,2024-02-26,2024-02-27 22:24:00,2024-03-01 14:00:00,14.0,11.0,3.0,15212000.0,1086571.4285714286,0,0,1,1,1,1,4,1,False,False,True,1,2.0,Within 7 days,2+ features,3+ failed,2024-02
U02980,55+,Tier 2,Mid,Partnership,iOS,2024-02-23,,,0.0,0.0,0.0,0.0,0.0,0,0,0,0,0,0,0,0,False,False,True,0,,No transaction,0 features,0 failed,2024-02
U02981,25-34,Tier 1,Low,Paid Ads,iOS,2024-03-02,,,0.0,0.0,0.0,0.0,0.0,0,0,0,0,0,0,0,0,False,False,True,0,,No transaction,0 features,0 failed,2024-03
U02982,18-24,Tier 1,Mid,Organic,iOS,2024-02-29,2024-03-01 08:19:00,2024-03-03 01:00:00,8.0,8.0,0.0,55938000.0,6992250.0,0,1,0,0,1,0,2,1,True,True,False,1,1.0,Within 7 days,2+ features,0 failed,2024-02
U02983,35-44,Tier 2,Low,Paid Ads,iOS,2024-01-27,,,0.0,0.0,0.0,0.0,0.0,0,0,0,0,0,0,0,0,False,False,True,0,,No transaction,0 features,0 failed,2024-01
U02984,35-44,Tier 1,High,Organic,Android,2024-02-13,,,0.0,0.0,0.0,0.0,0.0,0,0,0,0,0,0,0,0,False,False,True,0,,No transaction,0 features,0 failed,2024-02
U02985,25-34,Tier 1,Mid,Paid Ads,Android,2024-03-18,,,0.0,0.0,0.0,0.0,0.0,0,0,0,0,0,0,0,0,False,False,True,0,,No transaction,0 features,0 failed,2024-03
U02986,55+,Tier 2,High,Paid Ads,iOS,2024-01-19,2024-01-20 10:11:00,2024-01-24 14:00:00,11.0,11.0,0.0,219505000.0,19955000.0,0,1,1,1,0,1,4,0,True,False,True,1,4.0,Within 7 days,2+ features,0 failed,2024-01
U02987,18-24,Tier 2,High,Paid Ads,Android,2024-02-10,,,0.0,0.0,0.0,0.0,0.0,0,0,0,0,0,0,0,0,False,False,True,0,,No transaction,0 features,0 failed,2024-02
U02988,25-34,Tier 2,Low,Partnership,Android,2024-04-20,,,0.0,0.0,0.0,0.0,0.0,0,0,0,0,0,0,0,0,False,False,True,0,,No transaction,0 features,0 failed,2024-04
U02989,35-44,Tier 2,Mid,Paid Ads,Android,2024-04-01,,,0.0,0.0,0.0,0.0,0.0,0,0,0,0,0,0,0,0,False,False,True,0,,No transaction,0 features,0 failed,2024-04
U02990,45-54,Tier 3,Low,Organic,iOS,2024-02-10,2024-02-11 05:26:00,2024-02-18 02:00:00,4.0,3.0,1.0,5262000.0,1315500.0,0,0,1,0,1,0,2,1,True,False,True,1,6.0,Within 7 days,2+ features,1-2 failed,2024-02
U02991,18-24,Tier 2,High,Referral,Android,2024-04-03,2024-04-04 08:28:00,2024-05-16 15:00:00,2.0,2.0,0.0,27836000.0,13918000.0,0,0,0,0,0,0,0,0,False,False,True,1,42.0,After 7 days,0 features,0 failed,2024-04
U02992,35-44,Tier 1,Mid,Partnership,Android,2024-04-20,2024-04-21 05:25:00,2024-04-23 13:00:00,2.0,2.0,0.0,8781000.0,4390500.0,0,0,1,1,0,0,2,0,False,False,True,1,2.0,Within 7 days,2+ features,0 failed,2024-04
U02993,25-34,Tier 1,Low,Organic,Android,2024-02-14,2024-02-15 06:27:00,2024-02-17 05:00:00,4.0,4.0,0.0,5343000.0,1335750.0,1,0,1,1,0,0,3,1,True,True,False,1,1.0,Within 7 days,2+ features,0 failed,2024-02
U02994,25-34,Tier 1,Low,Paid Ads,Android,2024-02-21,,,0.0,0.0,0.0,0.0,0.0,0,0,0,0,0,0,0,0,False,False,True,0,,No transaction,0 features,0 failed,2024-02
U02995,18-24,Tier 1,Mid,Paid Ads,Android,2024-01-17,,,0.0,0.0,0.0,0.0,0.0,0,0,0,0,0,0,0,0,False,False,True,0,,No transaction,0 features,0 failed,2024-01
U02996,45-54,Tier 1,High,Paid Ads,Android,2024-04-07,,,0.0,0.0,0.0,0.0,0.0,0,0,0,0,0,0,0,0,False,False,True,0,,No transaction,0 features,0 failed,2024-04
U02997,18-24,Tier 1,Mid,Partnership,iOS,2024-02-17,,,0.0,0.0,0.0,0.0,0.0,0,0,0,0,0,0,0,0,False,False,True,0,,No transaction,0 features,0 failed,2024-02
U02998,25-34,Tier 2,High,Paid Ads,iOS,2024-03-06,,,0.0,0.0,0.0,0.0,0.0,0,0,0,0,0,0,0,0,False,False,True,0,,No transaction,0 features,0 failed,2024-03
U02999,18-24,Tier 3,Mid,Paid Ads,iOS,2024-03-12,,,0.0,0.0,0.0,0.0,0.0,0,0,0,0,0,0,0,0,False,False,True,0,,No transaction,0 features,0 failed,2024-03
U03000,45-54,Tier 1,Low,Partnership,Android,2024-01-14,,,0.0,0.0,0.0,0.0,0.0,0,0,0,0,0,0,0,0,False,False,True,0,,No transaction,0 features,0 failed,2024-01
U03001,35-44,Tier 2,High,Paid Ads,Android,2024-02-10,,,0.0,0.0,0.0,0.0,0.0,0,0,0,0,0,0,0,0,False,False,True,0,,No transaction,0 features,0 failed,2024-02
U03002,35-44,Tier 2,Low,Referral,Android,2024-01-31,,,0.0,0.0,0.0,0.0,0.0,0,0,0,0,0,0,0,0,False,False,True,0,,No transaction,0 features,0 failed,2024-01
U03003,18-24,Tier 1,High,Paid Ads,Android,2024-02-29,,,0.0,0.0,0.0,0.0,0.0,0,0,0,0,0,0,0,0,False,False,True,0,,No transaction,0 features,0 failed,2024-02
U03004,25-34,Tier 3,Mid,Paid Ads,Android,2024-01-16,,,0.0,0.0,0.0,0.0,0.0,0,0,0,0,0,0,0,0,False,False,True,0,,No transaction,0 features,0 failed,2024-01
U03005,25-34,Tier 2,Low,Partnership,iOS,2024-02-04,,,0.0,0.0,0.0,0.0,0.0,0,0,0,0,0,0,0,0,False,False,True,0,,No transaction,0 features,0 failed,2024-02
U03006,35-44,Tier 1,Mid,Referral,Android,2024-02-27,2024-02-28 08:10:00,2024-04-12 12:00:00,2.0,2.0,0.0,11856000.0,5928000.0,0,0,1,0,0,0,1,0,True,True,False,1,44.0,After 7 days,1 feature,0 failed,2024-02
U03007,45-54,Tier 2,High,Referral,Android,2024-02-01,,,0.0,0.0,0.0,0.0,0.0,0,0,0,0,0,0,0,0,False,False,True,0,,No transaction,0 features,0 failed,2024-02
U03008,18-24,Tier 1,High,Branch,iOS,2024-01-19,2024-01-21 04:27:00,2024-01-26 04:00:00,4.0,4.0,0.0,92779000.0,23194750.0,0,0,0,0,0,0,0,0,False,False,True,1,4.0,Within 7 days,0 features,0 failed,2024-01
U03009,35-44,Tier 2,Low,Paid Ads,Android,2024-01-13,,,0.0,0.0,0.0,0.0,0.0,0,0,0,0,0,0,0,0,False,False,True,0,,No transaction,0 features,0 failed,2024-01
U03010,18-24,Tier 1,Low,Organic,iOS,2024-01-07,2024-01-08 21:23:00,2024-01-21 00:00:00,7.0,7.0,0.0,6164000.0,880571.4285714285,0,0,1,0,0,0,1,0,True,False,True,1,12.0,After 7 days,1 feature,0 failed,2024-01
U03011,25-34,Tier 3,Mid,Paid Ads,iOS,2024-02-07,2024-02-08 14:25:00,2024-02-13 08:00:00,2.0,2.0,0.0,10037000.0,5018500.0,1,0,1,0,0,0,2,1,True,True,False,1,4.0,Within 7 days,2+ features,0 failed,2024-02
U03012,18-24,Tier 1,Mid,Branch,Android,2024-02-19,,,0.0,0.0,0.0,0.0,0.0,0,0,0,0,0,0,0,0,False,False,True,0,,No transaction,0 features,0 failed,2024-02
U03013,25-34,Tier 2,Mid,Partnership,Android,2024-04-20,,,0.0,0.0,0.0,0.0,0.0,0,0,0,0,0,0,0,0,False,False,True,0,,No transaction,0 features,0 failed,2024-04
U03014,25-34,Tier 1,Low,Paid Ads,iOS,2024-03-19,2024-03-21 00:12:00,,1.0,0.0,1.0,826000.0,826000.0,0,0,0,1,0,0,1,0,True,False,True,1,,No transaction,1 feature,1-2 failed,2024-03
U03015,25-34,Tier 2,High,Organic,Android,2024-02-23,2024-02-24 00:12:00,2024-02-24 18:00:00,10.0,8.0,2.0,245064000.0,24506400.0,0,0,0,1,0,0,1,0,True,False,True,1,0.0,Within 7 days,1 feature,1-2 failed,2024-02
U03016,25-34,Tier 2,Mid,Partnership,Android,2024-02-01,,,0.0,0.0,0.0,0.0,0.0,0,0,0,0,0,0,0,0,False,False,True,0,,No transaction,0 features,0 failed,2024-02
U03017,35-44,Tier 2,High,Paid Ads,iOS,2024-04-20,2024-04-21 17:14:00,,0.0,0.0,0.0,0.0,0.0,0,1,0,0,0,0,1,0,True,False,True,1,,No transaction,1 feature,0 failed,2024-04
U03018,25-34,Tier 2,Mid,Partnership,Android,2024-04-25,,,0.0,0.0,0.0,0.0,0.0,0,0,0,0,0,0,0,0,False,False,True,0,,No transaction,0 features,0 failed,2024-04
U03019,18-24,Tier 2,Mid,Referral,Android,2024-01-21,,,0.0,0.0,0.0,0.0,0.0,0,0,0,0,0,0,0,0,False,False,True,0,,No transaction,0 features,0 failed,2024-01
U03020,35-44,Tier 3,High,Organic,Android,2024-04-14,,,0.0,0.0,0.0,0.0,0.0,0,0,0,0,0,0,0,0,False,False,True,0,,No transaction,0 features,0 failed,2024-04
U03021,18-24,Tier 2,Mid,Paid Ads,iOS,2024-02-11,,,0.0,0.0,0.0,0.0,0.0,0,0,0,0,0,0,0,0,False,False,True,0,,No transaction,0 features,0 failed,2024-02
U03022,25-34,Tier 3,High,Referral,Android,2024-03-14,2024-03-15 07:01:00,2024-03-15 21:00:00,13.0,12.0,1.0,322271000.0,24790076.923076924,1,0,0,1,0,1,3,1,True,True,False,1,0.0,Within 7 days,2+ features,1-2 failed,2024-03
U03023,35-44,Tier 3,High,Paid Ads,Android,2024-04-02,,,0.0,0.0,0.0,0.0,0.0,0,0,0,0,0,0,0,0,False,False,True,0,,No transaction,0 features,0 failed,2024-04
U03024,25-34,Tier 1,Mid,Branch,Android,2024-02-10,,,0.0,0.0,0.0,0.0,0.0,0,0,0,0,0,0,0,0,False,False,True,0,,No transaction,0 features,0 failed,2024-02
U03025,18-24,Tier 1,Mid,Paid Ads,Android,2024-01-25,,,0.0,0.0,0.0,0.0,0.0,0,0,0,0,0,0,0,0,False,False,True,0,,No transaction,0 features,0 failed,2024-01
U03026,25-34,Tier 1,Low,Partnership,iOS,2024-04-07,,,0.0,0.0,0.0,0.0,0.0,0,0,0,0,0,0,0,0,False,False,True,0,,No transaction,0 features,0 failed,2024-04
U03027,45-54,Tier 3,Low,Paid Ads,iOS,2024-01-21,2024-01-22 14:21:00,2024-01-25 04:00:00,8.0,8.0,0.0,5785000.0,723125.0,0,0,0,1,1,0,2,1,False,False,True,1,2.0,Within 7 days,2+ features,0 failed,2024-01
U03028,25-34,Tier 1,Low,Partnership,Android,2024-03-04,2024-03-05 08:18:00,2024-03-21 03:00:00,12.0,12.0,0.0,10934000.0,911166.6666666666,0,0,1,0,1,1,3,1,True,True,False,1,15.0,After 7 days,2+ features,0 failed,2024-03
U03029,35-44,Tier 2,Low,Partnership,Android,2024-03-06,,,0.0,0.0,0.0,0.0,0.0,0,0,0,0,0,0,0,0,False,False,True,0,,No transaction,0 features,0 failed,2024-03
U03030,25-34,Tier 3,Low,Paid Ads,Android,2024-02-29,,,0.0,0.0,0.0,0.0,0.0,0,0,0,0,0,0,0,0,False,False,True,0,,No transaction,0 features,0 failed,2024-02
U03031,18-24,Tier 1,Mid,Paid Ads,Android,2024-03-04,,,0.0,0.0,0.0,0.0,0.0,0,0,0,0,0,0,0,0,False,False,True,0,,No transaction,0 features,0 failed,2024-03
U03032,25-34,Tier 2,Mid,Paid Ads,Android,2024-04-22,,,0.0,0.0,0.0,0.0,0.0,0,0,0,0,0,0,0,0,False,False,True,0,,No transaction,0 features,0 failed,2024-04
U03033,35-44,Tier 1,Mid,Paid Ads,Android,2024-02-09,,,0.0,0.0,0.0,0.0,0.0,0,0,0,0,0,0,0,0,False,False,True,0,,No transaction,0 features,0 failed,2024-02
U03034,18-24,Tier 1,Low,Referral,Android,2024-03-04,,,0.0,0.0,0.0,0.0,0.0,0,0,0,0,0,0,0,0,False,False,True,0,,No transaction,0 features,0 failed,2024-03
U03035,18-24,Tier 2,Low,Partnership,Android,2024-01-03,,,0.0,0.0,0.0,0.0,0.0,0,0,0,0,0,0,0,0,False,False,True,0,,No transaction,0 features,0 failed,2024-01
U03036,18-24,Tier 1,Mid,Branch,iOS,2024-01-12,2024-01-13 18:25:00,2024-01-24 02:00:00,4.0,4.0,0.0,17870000.0,4467500.0,0,1,0,0,1,0,2,1,False,False,True,1,10.0,After 7 days,2+ features,0 failed,2024-01
U03037,25-34,Tier 1,Mid,Paid Ads,iOS,2024-02-20,,,0.0,0.0,0.0,0.0,0.0,0,0,0,0,0,0,0,0,False,False,True,0,,No transaction,0 features,0 failed,2024-02
U03038,55+,Tier 3,Mid,Paid Ads,Android,2024-03-05,2024-03-05 18:16:00,2024-03-28 17:00:00,4.0,4.0,0.0,21099000.0,5274750.0,0,0,0,0,1,1,2,1,True,True,False,1,22.0,After 7 days,2+ features,0 failed,2024-03
U03039,18-24,Tier 1,Mid,Paid Ads,Android,2024-02-28,,,0.0,0.0,0.0,0.0,0.0,0,0,0,0,0,0,0,0,False,False,True,0,,No transaction,0 features,0 failed,2024-02
U03040,25-34,Tier 3,High,Paid Ads,iOS,2024-01-31,2024-02-01 03:19:00,,0.0,0.0,0.0,0.0,0.0,0,0,0,1,0,0,1,0,True,False,True,1,,No transaction,1 feature,0 failed,2024-01
U03041,18-24,Tier 3,Mid,Paid Ads,iOS,2024-01-28,2024-01-28 23:07:00,2024-02-03 23:00:00,8.0,8.0,0.0,43130000.0,5391250.0,0,0,0,0,1,1,2,1,True,True,False,1,5.0,Within 7 days,2+ features,0 failed,2024-01
U03042,55+,Tier 1,Mid,Partnership,Android,2024-03-15,2024-03-16 10:16:00,,0.0,0.0,0.0,0.0,0.0,0,0,0,0,0,0,0,0,False,False,True,1,,No transaction,0 features,0 failed,2024-03
U03043,18-24,Tier 1,High,Referral,iOS,2024-02-15,,,0.0,0.0,0.0,0.0,0.0,0,0,0,0,0,0,0,0,False,False,True,0,,No transaction,0 features,0 failed,2024-02
U03044,25-34,Tier 2,High,Organic,iOS,2024-01-07,,,0.0,0.0,0.0,0.0,0.0,0,0,0,0,0,0,0,0,False,False,True,0,,No transaction,0 features,0 failed,2024-01
U03045,35-44,Tier 2,Mid,Partnership,Android,2024-01-07,,,0.0,0.0,0.0,0.0,0.0,0,0,0,0,0,0,0,0,False,False,True,0,,No transaction,0 features,0 failed,2024-01
U03046,35-44,Tier 1,Mid,Paid Ads,Android,2024-02-06,2024-02-07 02:21:00,2024-03-05 17:00:00,5.0,3.0,2.0,24726000.0,4945200.0,1,1,0,0,0,0,2,1,True,False,True,1,27.0,After 7 days,2+ features,1-2 failed,2024-02
U03047,25-34,Tier 2,Low,Partnership,Android,2024-03-04,,,0.0,0.0,0.0,0.0,0.0,0,0,0,0,0,0,0,0,False,False,True,0,,No transaction,0 features,0 failed,2024-03
U03048,25-34,Tier 1,Mid,Organic,Android,2024-03-17,2024-03-18 12:13:00,2024-04-11 10:00:00,10.0,9.0,1.0,43526000.0,4352600.0,0,0,1,0,0,1,2,0,True,False,True,1,23.0,After 7 days,2+ features,1-2 failed,2024-03
U03049,25-34,Tier 3,High,Organic,Android,2024-04-22,,,0.0,0.0,0.0,0.0,0.0,0,0,0,0,0,0,0,0,False,False,True,0,,No transaction,0 features,0 failed,2024-04
U03050,18-24,Tier 1,Mid,Branch,iOS,2024-04-17,,,0.0,0.0,0.0,0.0,0.0,0,0,0,0,0,0,0,0,False,False,True,0,,No transaction,0 features,0 failed,2024-04
U03051,18-24,Tier 1,High,Organic,iOS,2024-03-24,,,0.0,0.0,0.0,0.0,0.0,0,0,0,0,0,0,0,0,False,False,True,0,,No transaction,0 features,0 failed,2024-03
U03052,25-34,Tier 1,Mid,Partnership,Android,2024-03-27,,,0.0,0.0,0.0,0.0,0.0,0,0,0,0,0,0,0,0,False,False,True,0,,No transaction,0 features,0 failed,2024-03
U03053,18-24,Tier 3,High,Partnership,Android,2024-03-01,2024-03-02 04:30:00,2024-03-13 08:00:00,4.0,4.0,0.0,80110000.0,20027500.0,0,0,1,0,0,0,1,0,False,False,True,1,11.0,After 7 days,1 feature,0 failed,2024-03
U03054,18-24,Tier 2,Mid,Paid Ads,iOS,2024-02-06,,,0.0,0.0,0.0,0.0,0.0,0,0,0,0,0,0,0,0,False,False,True,0,,No transaction,0 features,0 failed,2024-02
U03055,35-44,Tier 3,Low,Organic,Android,2024-03-09,2024-03-10 02:16:00,2024-03-13 20:00:00,6.0,6.0,0.0,7196000.0,1199333.3333333333,1,0,0,0,0,0,1,1,True,True,False,1,3.0,Within 7 days,1 feature,0 failed,2024-03
U03056,55+,Tier 1,Mid,Paid Ads,Android,2024-01-02,,,0.0,0.0,0.0,0.0,0.0,0,0,0,0,0,0,0,0,False,False,True,0,,No transaction,0 features,0 failed,2024-01
U03057,25-34,Tier 1,Low,Partnership,iOS,2024-04-18,,,0.0,0.0,0.0,0.0,0.0,0,0,0,0,0,0,0,0,False,False,True,0,,No transaction,0 features,0 failed,2024-04
U03058,18-24,Tier 1,Low,Referral,Android,2024-01-14,,,0.0,0.0,0.0,0.0,0.0,0,0,0,0,0,0,0,0,False,False,True,0,,No transaction,0 features,0 failed,2024-01
U03059,18-24,Tier 2,High,Referral,Android,2024-02-25,,,0.0,0.0,0.0,0.0,0.0,0,0,0,0,0,0,0,0,False,False,True,0,,No transaction,0 features,0 failed,2024-02
U03060,55+,Tier 2,Low,Referral,Android,2024-01-18,,,0.0,0.0,0.0,0.0,0.0,0,0,0,0,0,0,0,0,False,False,True,0,,No transaction,0 features,0 failed,2024-01
U03061,18-24,Tier 2,Mid,Organic,Android,2024-04-22,2024-04-23 05:10:00,,0.0,0.0,0.0,0.0,0.0,0,0,0,0,1,0,1,1,True,False,True,1,,No transaction,1 feature,0 failed,2024-04
U03062,18-24,Tier 1,Low,Partnership,Android,2024-02-03,2024-02-04 04:19:00,,0.0,0.0,0.0,0.0,0.0,0,0,0,0,0,0,0,0,False,False,True,1,,No transaction,0 features,0 failed,2024-02
U03063,25-34,Tier 3,Low,Partnership,Android,2024-04-03,2024-04-04 13:07:00,2024-04-12 20:00:00,6.0,5.0,1.0,7131000.0,1188500.0,0,0,0,1,0,0,1,0,True,True,False,1,8.0,After 7 days,1 feature,1-2 failed,2024-04
U03064,25-34,Tier 1,High,Branch,Android,2024-02-16,,,0.0,0.0,0.0,0.0,0.0,0,0,0,0,0,0,0,0,False,False,True,0,,No transaction,0 features,0 failed,2024-02
U03065,25-34,Tier 3,Mid,Paid Ads,Android,2024-04-07,2024-04-08 02:30:00,2024-04-15 20:00:00,15.0,13.0,2.0,76821000.0,5121400.0,1,1,1,0,1,1,5,1,False,False,True,1,7.0,Within 7 days,2+ features,1-2 failed,2024-04
U03066,18-24,Tier 1,Mid,Partnership,Android,2024-02-21,,,0.0,0.0,0.0,0.0,0.0,0,0,0,0,0,0,0,0,False,False,True,0,,No transaction,0 features,0 failed,2024-02
U03067,18-24,Tier 2,Mid,Organic,Android,2024-02-16,,,0.0,0.0,0.0,0.0,0.0,0,0,0,0,0,0,0,0,False,False,True,0,,No transaction,0 features,0 failed,2024-02
U03068,55+,Tier 1,Mid,Paid Ads,Android,2024-01-06,,,0.0,0.0,0.0,0.0,0.0,0,0,0,0,0,0,0,0,False,False,True,0,,No transaction,0 features,0 failed,2024-01
U03069,18-24,Tier 1,High,Paid Ads,iOS,2024-02-21,,,0.0,0.0,0.0,0.0,0.0,0,0,0,0,0,0,0,0,False,False,True,0,,No transaction,0 features,0 failed,2024-02
U03070,35-44,Tier 2,Mid,Branch,Android,2024-01-07,,,0.0,0.0,0.0,0.0,0.0,0,0,0,0,0,0,0,0,False,False,True,0,,No transaction,0 features,0 failed,2024-01
U03071,35-44,Tier 1,Mid,Partnership,Android,2024-03-13,,,0.0,0.0,0.0,0.0,0.0,0,0,0,0,0,0,0,0,False,False,True,0,,No transaction,0 features,0 failed,2024-03
U03072,25-34,Tier 1,High,Branch,Android,2024-03-12,,,0.0,0.0,0.0,0.0,0.0,0,0,0,0,0,0,0,0,False,False,True,0,,No transaction,0 features,0 failed,2024-03
U03073,25-34,Tier 2,Low,Partnership,Android,2024-01-25,,,0.0,0.0,0.0,0.0,0.0,0,0,0,0,0,0,0,0,False,False,True,0,,No transaction,0 features,0 failed,2024-01
U03074,18-24,Tier 2,Mid,Partnership,iOS,2024-02-16,,,0.0,0.0,0.0,0.0,0.0,0,0,0,0,0,0,0,0,False,False,True,0,,No transaction,0 features,0 failed,2024-02
U03075,25-34,Tier 3,High,Organic,Android,2024-03-11,,,0.0,0.0,0.0,0.0,0.0,0,0,0,0,0,0,0,0,False,False,True,0,,No transaction,0 features,0 failed,2024-03
U03076,45-54,Tier 1,Mid,Partnership,iOS,2024-02-06,2024-02-07 10:19:00,2024-03-30 09:00:00,2.0,1.0,1.0,16751000.0,8375500.0,0,0,1,0,1,0,2,1,False,False,True,1,51.0,After 7 days,2+ features,1-2 failed,2024-02
U03077,45-54,Tier 2,High,Paid Ads,Android,2024-01-10,,,0.0,0.0,0.0,0.0,0.0,0,0,0,0,0,0,0,0,False,False,True,0,,No transaction,0 features,0 failed,2024-01
U03078,18-24,Tier 2,Mid,Referral,Android,2024-02-19,,,0.0,0.0,0.0,0.0,0.0,0,0,0,0,0,0,0,0,False,False,True,0,,No transaction,0 features,0 failed,2024-02
U03079,18-24,Tier 1,High,Organic,iOS,2024-03-05,,,0.0,0.0,0.0,0.0,0.0,0,0,0,0,0,0,0,0,False,False,True,0,,No transaction,0 features,0 failed,2024-03
U03080,45-54,Tier 2,High,Paid Ads,Android,2024-02-27,,,0.0,0.0,0.0,0.0,0.0,0,0,0,0,0,0,0,0,False,False,True,0,,No transaction,0 features,0 failed,2024-02
U03081,35-44,Tier 1,Low,Referral,Android,2024-04-07,2024-04-08 03:28:00,2024-05-01 03:00:00,7.0,7.0,0.0,7270000.0,1038571.4285714285,0,1,1,0,0,0,2,0,True,True,False,1,22.0,After 7 days,2+ features,0 failed,2024-04
U03082,45-54,Tier 1,Low,Paid Ads,iOS,2024-03-11,,,0.0,0.0,0.0,0.0,0.0,0,0,0,0,0,0,0,0,False,False,True,0,,No transaction,0 features,0 failed,2024-03
U03083,18-24,Tier 1,Mid,Paid Ads,iOS,2024-02-05,,,0.0,0.0,0.0,0.0,0.0,0,0,0,0,0,0,0,0,False,False,True,0,,No transaction,0 features,0 failed,2024-02
U03084,25-34,Tier 1,Mid,Branch,Android,2024-04-15,,,0.0,0.0,0.0,0.0,0.0,0,0,0,0,0,0,0,0,False,False,True,0,,No transaction,0 features,0 failed,2024-04
U03085,35-44,Tier 2,Low,Partnership,Android,2024-03-20,,,0.0,0.0,0.0,0.0,0.0,0,0,0,0,0,0,0,0,False,False,True,0,,No transaction,0 features,0 failed,2024-03
U03086,35-44,Tier 2,Low,Paid Ads,Android,2024-03-28,2024-03-29 09:04:00,2024-04-01 14:00:00,7.0,7.0,0.0,7921000.0,1131571.4285714286,1,0,0,0,1,1,3,1,False,False,True,1,3.0,Within 7 days,2+ features,0 failed,2024-03
U03087,25-34,Tier 3,Mid,Referral,Android,2024-03-19,,,0.0,0.0,0.0,0.0,0.0,0,0,0,0,0,0,0,0,False,False,True,0,,No transaction,0 features,0 failed,2024-03
U03088,18-24,Tier 2,High,Organic,Android,2024-01-16,2024-01-17 21:18:00,2024-01-24 17:00:00,16.0,15.0,1.0,353508000.0,22094250.0,0,0,1,1,0,1,3,0,True,True,False,1,6.0,Within 7 days,2+ features,1-2 failed,2024-01
U03089,25-34,Tier 1,Mid,Referral,iOS,2024-01-17,2024-01-18 14:30:00,2024-01-22 09:00:00,13.0,13.0,0.0,78084000.0,6006461.538461538,1,0,1,0,1,1,4,1,True,False,True,1,3.0,Within 7 days,2+ features,0 failed,2024-01
U03090,18-24,Tier 3,Mid,Organic,Android,2024-01-13,2024-01-14 20:29:00,2024-01-21 21:00:00,9.0,8.0,1.0,47909000.0,5323222.222222222,0,0,1,1,1,1,4,1,True,True,False,1,7.0,Within 7 days,2+ features,1-2 failed,2024-01
U03091,25-34,Tier 3,Low,Branch,iOS,2024-02-20,,,0.0,0.0,0.0,0.0,0.0,0,0,0,0,0,0,0,0,False,False,True,0,,No transaction,0 features,0 failed,2024-02
U03092,55+,Tier 1,Mid,Paid Ads,Android,2024-02-17,,,0.0,0.0,0.0,0.0,0.0,0,0,0,0,0,0,0,0,False,False,True,0,,No transaction,0 features,0 failed,2024-02
U03093,25-34,Tier 2,Low,Organic,Android,2024-04-11,2024-04-11 23:01:00,2024-05-02 22:00:00,11.0,11.0,0.0,11662000.0,1060181.8181818181,1,0,0,0,1,1,3,1,True,False,True,1,20.0,After 7 days,2+ features,0 failed,2024-04
U03094,35-44,Tier 3,Low,Referral,iOS,2024-02-13,,,0.0,0.0,0.0,0.0,0.0,0,0,0,0,0,0,0,0,False,False,True,0,,No transaction,0 features,0 failed,2024-02
U03095,18-24,Tier 2,High,Paid Ads,Android,2024-03-12,,,0.0,0.0,0.0,0.0,0.0,0,0,0,0,0,0,0,0,False,False,True,0,,No transaction,0 features,0 failed,2024-03
U03096,35-44,Tier 3,High,Paid Ads,Android,2024-02-16,,,0.0,0.0,0.0,0.0,0.0,0,0,0,0,0,0,0,0,False,False,True,0,,No transaction,0 features,0 failed,2024-02
U03097,55+,Tier 1,Low,Organic,Android,2024-04-06,,,0.0,0.0,0.0,0.0,0.0,0,0,0,0,0,0,0,0,False,False,True,0,,No transaction,0 features,0 failed,2024-04
U03098,18-24,Tier 1,Low,Branch,iOS,2024-01-19,2024-01-20 21:17:00,2024-01-23 16:00:00,19.0,17.0,2.0,19417000.0,1021947.3684210526,1,1,1,1,0,1,5,1,True,True,False,1,2.0,Within 7 days,2+ features,1-2 failed,2024-01
U03099,18-24,Tier 1,Mid,Referral,Android,2024-01-26,2024-01-27 03:02:00,2024-01-29 04:00:00,2.0,2.0,0.0,3413000.0,1706500.0,0,0,0,0,0,1,1,0,True,False,True,1,2.0,Within 7 days,1 feature,0 failed,2024-01
U03100,25-34,Tier 2,Mid,Organic,Android,2024-03-18,,,0.0,0.0,0.0,0.0,0.0,0,0,0,0,0,0,0,0,False,False,True,0,,No transaction,0 features,0 failed,2024-03
U03101,18-24,Tier 3,Low,Organic,Android,2024-03-06,,,0.0,0.0,0.0,0.0,0.0,0,0,0,0,0,0,0,0,False,False,True,0,,No transaction,0 features,0 failed,2024-03
U03102,35-44,Tier 3,Mid,Paid Ads,Android,2024-02-21,,,0.0,0.0,0.0,0.0,0.0,0,0,0,0,0,0,0,0,False,False,True,0,,No transaction,0 features,0 failed,2024-02
U03103,45-54,Tier 1,Low,Organic,iOS,2024-03-05,,,0.0,0.0,0.0,0.0,0.0,0,0,0,0,0,0,0,0,False,False,True,0,,No transaction,0 features,0 failed,2024-03
U03104,25-34,Tier 1,Mid,Organic,Android,2024-01-06,2024-01-07 02:06:00,2024-01-20 02:00:00,3.0,3.0,0.0,20340000.0,6780000.0,0,0,1,0,0,1,2,0,True,True,False,1,12.0,After 7 days,2+ features,0 failed,2024-01
U03105,18-24,Tier 3,Mid,Referral,Android,2024-01-06,,,0.0,0.0,0.0,0.0,0.0,0,0,0,0,0,0,0,0,False,False,True,0,,No transaction,0 features,0 failed,2024-01
U03106,25-34,Tier 2,Mid,Paid Ads,Android,2024-01-05,,,0.0,0.0,0.0,0.0,0.0,0,0,0,0,0,0,0,0,False,False,True,0,,No transaction,0 features,0 failed,2024-01
U03107,35-44,Tier 1,Mid,Organic,iOS,2024-01-18,,,0.0,0.0,0.0,0.0,0.0,0,0,0,0,0,0,0,0,False,False,True,0,,No transaction,0 features,0 failed,2024-01
U03108,18-24,Tier 2,High,Referral,iOS,2024-04-01,2024-04-03 02:07:00,2024-04-08 04:00:00,12.0,11.0,1.0,324904000.0,27075333.333333332,0,1,1,1,1,0,4,1,False,False,True,1,5.0,Within 7 days,2+ features,1-2 failed,2024-04
U03109,25-34,Tier 2,High,Referral,iOS,2024-02-12,,,0.0,0.0,0.0,0.0,0.0,0,0,0,0,0,0,0,0,False,False,True,0,,No transaction,0 features,0 failed,2024-02
U03110,25-34,Tier 2,Low,Organic,Android,2024-04-12,,,0.0,0.0,0.0,0.0,0.0,0,0,0,0,0,0,0,0,False,False,True,0,,No transaction,0 features,0 failed,2024-04
U03111,25-34,Tier 2,Low,Paid Ads,Android,2024-03-01,2024-03-02 04:26:00,2024-03-04 13:00:00,4.0,4.0,0.0,4399000.0,1099750.0,0,0,0,0,1,1,2,1,True,False,True,1,2.0,Within 7 days,2+ features,0 failed,2024-03
U03112,18-24,Tier 1,Mid,Organic,Android,2024-03-07,,,0.0,0.0,0.0,0.0,0.0,0,0,0,0,0,0,0,0,False,False,True,0,,No transaction,0 features,0 failed,2024-03
U03113,35-44,Tier 3,Low,Organic,iOS,2024-02-28,,,0.0,0.0,0.0,0.0,0.0,0,0,0,0,0,0,0,0,False,False,True,0,,No transaction,0 features,0 failed,2024-02
U03114,18-24,Tier 2,Mid,Paid Ads,iOS,2024-01-20,,,0.0,0.0,0.0,0.0,0.0,0,0,0,0,0,0,0,0,False,False,True,0,,No transaction,0 features,0 failed,2024-01
U03115,18-24,Tier 1,Mid,Organic,iOS,2024-03-18,,,0.0,0.0,0.0,0.0,0.0,0,0,0,0,0,0,0,0,False,False,True,0,,No transaction,0 features,0 failed,2024-03
U03116,45-54,Tier 1,Mid,Organic,Android,2024-04-24,,,0.0,0.0,0.0,0.0,0.0,0,0,0,0,0,0,0,0,False,False,True,0,,No transaction,0 features,0 failed,2024-04
U03117,35-44,Tier 2,Mid,Referral,Android,2024-03-06,2024-03-07 15:11:00,2024-03-12 18:00:00,14.0,13.0,1.0,77578000.0,5541285.714285715,1,1,1,0,1,1,5,1,True,True,False,1,5.0,Within 7 days,2+ features,1-2 failed,2024-03
U03118,18-24,Tier 1,Mid,Branch,Android,2024-01-18,,,0.0,0.0,0.0,0.0,0.0,0,0,0,0,0,0,0,0,False,False,True,0,,No transaction,0 features,0 failed,2024-01
U03119,18-24,Tier 1,High,Paid Ads,iOS,2024-02-11,2024-02-12 11:19:00,,0.0,0.0,0.0,0.0,0.0,0,1,0,0,0,0,1,0,False,False,True,1,,No transaction,1 feature,0 failed,2024-02
U03120,18-24,Tier 2,Low,Partnership,Android,2024-03-19,,,0.0,0.0,0.0,0.0,0.0,0,0,0,0,0,0,0,0,False,False,True,0,,No transaction,0 features,0 failed,2024-03
U03121,18-24,Tier 1,Mid,Partnership,iOS,2024-02-10,,,0.0,0.0,0.0,0.0,0.0,0,0,0,0,0,0,0,0,False,False,True,0,,No transaction,0 features,0 failed,2024-02
U03122,18-24,Tier 2,Low,Branch,Android,2024-01-21,,,0.0,0.0,0.0,0.0,0.0,0,0,0,0,0,0,0,0,False,False,True,0,,No transaction,0 features,0 failed,2024-01
U03123,18-24,Tier 1,Low,Partnership,Android,2024-02-20,,,0.0,0.0,0.0,0.0,0.0,0,0,0,0,0,0,0,0,False,False,True,0,,No transaction,0 features,0 failed,2024-02
U03124,25-34,Tier 2,Mid,Paid Ads,Android,2024-03-19,,,0.0,0.0,0.0,0.0,0.0,0,0,0,0,0,0,0,0,False,False,True,0,,No transaction,0 features,0 failed,2024-03
U03125,35-44,Tier 1,Low,Referral,Android,2024-04-04,2024-04-05 21:11:00,2024-04-08 22:00:00,8.0,7.0,1.0,11839000.0,1479875.0,0,1,0,0,1,0,2,1,True,True,False,1,3.0,Within 7 days,2+ features,1-2 failed,2024-04
U03126,25-34,Tier 1,Low,Organic,Android,2024-04-17,2024-04-18 14:25:00,2024-04-24 10:00:00,11.0,11.0,0.0,11009000.0,1000818.1818181818,1,0,1,1,1,1,5,1,True,True,False,1,5.0,Within 7 days,2+ features,0 failed,2024-04
U03127,35-44,Tier 1,Low,Paid Ads,Android,2024-02-08,,,0.0,0.0,0.0,0.0,0.0,0,0,0,0,0,0,0,0,False,False,True,0,,No transaction,0 features,0 failed,2024-02
U03128,18-24,Tier 3,Mid,Branch,Android,2024-03-16,,,0.0,0.0,0.0,0.0,0.0,0,0,0,0,0,0,0,0,False,False,True,0,,No transaction,0 features,0 failed,2024-03
U03129,55+,Tier 3,Mid,Paid Ads,Android,2024-02-13,2024-02-14 11:10:00,2024-03-03 11:00:00,7.0,6.0,1.0,37112000.0,5301714.285714285,1,0,0,0,1,0,2,1,True,True,False,1,17.0,After 7 days,2+ features,1-2 failed,2024-02
U03130,35-44,Tier 1,Low,Paid Ads,iOS,2024-03-05,,,0.0,0.0,0.0,0.0,0.0,0,0,0,0,0,0,0,0,False,False,True,0,,No transaction,0 features,0 failed,2024-03
U03131,35-44,Tier 2,Mid,Paid Ads,iOS,2024-04-16,,,0.0,0.0,0.0,0.0,0.0,0,0,0,0,0,0,0,0,False,False,True,0,,No transaction,0 features,0 failed,2024-04
U03132,35-44,Tier 2,Low,Referral,Android,2024-03-06,,,0.0,0.0,0.0,0.0,0.0,0,0,0,0,0,0,0,0,False,False,True,0,,No transaction,0 features,0 failed,2024-03
U03133,45-54,Tier 3,Mid,Referral,Android,2024-03-09,2024-03-10 04:15:00,2024-03-19 01:00:00,8.0,6.0,2.0,29673000.0,3709125.0,0,0,1,0,1,1,3,1,True,True,False,1,8.0,After 7 days,2+ features,1-2 failed,2024-03
U03134,25-34,Tier 1,Mid,Paid Ads,Android,2024-03-03,,,0.0,0.0,0.0,0.0,0.0,0,0,0,0,0,0,0,0,False,False,True,0,,No transaction,0 features,0 failed,2024-03
U03135,18-24,Tier 2,Mid,Referral,iOS,2024-03-31,2024-04-01 01:14:00,,0.0,0.0,0.0,0.0,0.0,0,0,0,0,0,0,0,0,False,False,True,1,,No transaction,0 features,0 failed,2024-03
U03136,25-34,Tier 1,High,Paid Ads,Android,2024-03-13,,,0.0,0.0,0.0,0.0,0.0,0,0,0,0,0,0,0,0,False,False,True,0,,No transaction,0 features,0 failed,2024-03
U03137,35-44,Tier 1,High,Partnership,Android,2024-02-08,,,0.0,0.0,0.0,0.0,0.0,0,0,0,0,0,0,0,0,False,False,True,0,,No transaction,0 features,0 failed,2024-02
U03138,35-44,Tier 3,Low,Partnership,iOS,2024-03-01,,,0.0,0.0,0.0,0.0,0.0,0,0,0,0,0,0,0,0,False,False,True,0,,No transaction,0 features,0 failed,2024-03
U03139,25-34,Tier 2,High,Organic,Android,2024-04-14,,,0.0,0.0,0.0,0.0,0.0,0,0,0,0,0,0,0,0,False,False,True,0,,No transaction,0 features,0 failed,2024-04
U03140,18-24,Tier 1,Low,Partnership,iOS,2024-01-03,,,0.0,0.0,0.0,0.0,0.0,0,0,0,0,0,0,0,0,False,False,True,0,,No transaction,0 features,0 failed,2024-01
U03141,25-34,Tier 1,High,Referral,Android,2024-02-17,2024-02-18 10:04:00,2024-02-20 08:00:00,7.0,4.0,3.0,183857000.0,26265285.714285713,1,0,1,0,1,0,3,1,False,False,True,1,1.0,Within 7 days,2+ features,3+ failed,2024-02
U03142,45-54,Tier 2,Low,Referral,Android,2024-02-12,,,0.0,0.0,0.0,0.0,0.0,0,0,0,0,0,0,0,0,False,False,True,0,,No transaction,0 features,0 failed,2024-02
U03143,25-34,Tier 2,Mid,Paid Ads,Android,2024-03-27,,,0.0,0.0,0.0,0.0,0.0,0,0,0,0,0,0,0,0,False,False,True,0,,No transaction,0 features,0 failed,2024-03
U03144,25-34,Tier 1,Low,Referral,iOS,2024-01-15,,,0.0,0.0,0.0,0.0,0.0,0,0,0,0,0,0,0,0,False,False,True,0,,No transaction,0 features,0 failed,2024-01
U03145,18-24,Tier 3,Low,Organic,iOS,2024-02-23,2024-02-24 12:29:00,2024-03-05 08:00:00,12.0,9.0,3.0,12689000.0,1057416.6666666667,1,0,0,1,1,1,4,1,True,False,True,1,9.0,After 7 days,2+ features,3+ failed,2024-02
U03146,25-34,Tier 1,Mid,Referral,Android,2024-03-15,,,0.0,0.0,0.0,0.0,0.0,0,0,0,0,0,0,0,0,False,False,True,0,,No transaction,0 features,0 failed,2024-03
U03147,45-54,Tier 1,High,Paid Ads,Android,2024-02-09,2024-02-10 09:25:00,2024-02-21 13:00:00,7.0,7.0,0.0,124216000.0,17745142.85714286,0,1,0,0,1,0,2,1,True,True,False,1,11.0,After 7 days,2+ features,0 failed,2024-02
U03148,35-44,Tier 3,Mid,Referral,Android,2024-04-11,2024-04-12 13:21:00,,0.0,0.0,0.0,0.0,0.0,0,0,0,0,0,0,0,0,True,True,False,1,,No transaction,0 features,0 failed,2024-04
U03149,35-44,Tier 1,Mid,Paid Ads,iOS,2024-04-25,,,0.0,0.0,0.0,0.0,0.0,0,0,0,0,0,0,0,0,False,False,True,0,,No transaction,0 features,0 failed,2024-04
U03150,25-34,Tier 1,Mid,Paid Ads,Android,2024-04-02,,,0.0,0.0,0.0,0.0,0.0,0,0,0,0,0,0,0,0,False,False,True,0,,No transaction,0 features,0 failed,2024-04
U03151,25-34,Tier 2,Low,Paid Ads,iOS,2024-04-21,,,0.0,0.0,0.0,0.0,0.0,0,0,0,0,0,0,0,0,False,False,True,0,,No transaction,0 features,0 failed,2024-04
U03152,18-24,Tier 3,Low,Partnership,Android,2024-03-29,,,0.0,0.0,0.0,0.0,0.0,0,0,0,0,0,0,0,0,False,False,True,0,,No transaction,0 features,0 failed,2024-03
U03153,35-44,Tier 1,Low,Referral,Android,2024-03-21,2024-03-22 09:18:00,,0.0,0.0,0.0,0.0,0.0,0,0,0,0,0,0,0,0,True,True,False,1,,No transaction,0 features,0 failed,2024-03
U03154,25-34,Tier 3,Mid,Organic,Android,2024-01-04,,,0.0,0.0,0.0,0.0,0.0,0,0,0,0,0,0,0,0,False,False,True,0,,No transaction,0 features,0 failed,2024-01
U03155,25-34,Tier 2,Low,Referral,iOS,2024-03-17,2024-03-18 11:11:00,2024-03-30 11:00:00,13.0,12.0,1.0,15062000.0,1158615.3846153845,1,0,1,1,0,1,4,1,True,True,False,1,11.0,After 7 days,2+ features,1-2 failed,2024-03
U03156,25-34,Tier 1,Low,Referral,iOS,2024-03-01,,,0.0,0.0,0.0,0.0,0.0,0,0,0,0,0,0,0,0,False,False,True,0,,No transaction,0 features,0 failed,2024-03
U03157,45-54,Tier 2,Low,Paid Ads,Android,2024-02-03,2024-02-04 16:24:00,2024-02-06 03:00:00,10.0,10.0,0.0,12179000.0,1217900.0,1,0,0,0,1,1,3,1,True,False,True,1,1.0,Within 7 days,2+ features,0 failed,2024-02
U03158,18-24,Tier 1,Low,Organic,Android,2024-03-24,,,0.0,0.0,0.0,0.0,0.0,0,0,0,0,0,0,0,0,False,False,True,0,,No transaction,0 features,0 failed,2024-03
U03159,35-44,Tier 1,High,Referral,Android,2024-04-10,,,0.0,0.0,0.0,0.0,0.0,0,0,0,0,0,0,0,0,False,False,True,0,,No transaction,0 features,0 failed,2024-04
U03160,18-24,Tier 2,Low,Partnership,Android,2024-04-09,2024-04-10 08:15:00,,0.0,0.0,0.0,0.0,0.0,0,0,0,0,1,0,1,1,False,False,True,1,,No transaction,1 feature,0 failed,2024-04
U03161,25-34,Tier 3,Mid,Paid Ads,iOS,2024-03-15,,,0.0,0.0,0.0,0.0,0.0,0,0,0,0,0,0,0,0,False,False,True,0,,No transaction,0 features,0 failed,2024-03
U03162,18-24,Tier 1,Mid,Paid Ads,Android,2024-03-14,,,0.0,0.0,0.0,0.0,0.0,0,0,0,0,0,0,0,0,False,False,True,0,,No transaction,0 features,0 failed,2024-03
U03163,25-34,Tier 1,Mid,Partnership,iOS,2024-01-30,,,0.0,0.0,0.0,0.0,0.0,0,0,0,0,0,0,0,0,False,False,True,0,,No transaction,0 features,0 failed,2024-01
U03164,25-34,Tier 2,Low,Partnership,iOS,2024-04-02,,,0.0,0.0,0.0,0.0,0.0,0,0,0,0,0,0,0,0,False,False,True,0,,No transaction,0 features,0 failed,2024-04
U03165,18-24,Tier 1,Mid,Paid Ads,iOS,2024-01-07,,,0.0,0.0,0.0,0.0,0.0,0,0,0,0,0,0,0,0,False,False,True,0,,No transaction,0 features,0 failed,2024-01
U03166,25-34,Tier 1,Low,Referral,iOS,2024-03-15,,,0.0,0.0,0.0,0.0,0.0,0,0,0,0,0,0,0,0,False,False,True,0,,No transaction,0 features,0 failed,2024-03
U03167,45-54,Tier 1,Mid,Branch,Android,2024-03-02,,,0.0,0.0,0.0,0.0,0.0,0,0,0,0,0,0,0,0,False,False,True,0,,No transaction,0 features,0 failed,2024-03
U03168,18-24,Tier 2,Low,Paid Ads,iOS,2024-01-22,2024-01-23 15:04:00,,0.0,0.0,0.0,0.0,0.0,0,0,0,0,0,0,0,0,True,True,False,1,,No transaction,0 features,0 failed,2024-01
U03169,35-44,Tier 1,Mid,Organic,Android,2024-03-08,,,0.0,0.0,0.0,0.0,0.0,0,0,0,0,0,0,0,0,False,False,True,0,,No transaction,0 features,0 failed,2024-03
U03170,25-34,Tier 1,Mid,Referral,Android,2024-03-21,,,0.0,0.0,0.0,0.0,0.0,0,0,0,0,0,0,0,0,False,False,True,0,,No transaction,0 features,0 failed,2024-03
U03171,35-44,Tier 3,Mid,Paid Ads,iOS,2024-04-02,,,0.0,0.0,0.0,0.0,0.0,0,0,0,0,0,0,0,0,False,False,True,0,,No transaction,0 features,0 failed,2024-04
U03172,18-24,Tier 3,Mid,Branch,Android,2024-03-20,2024-03-21 02:15:00,2024-04-03 14:00:00,7.0,6.0,1.0,39793000.0,5684714.285714285,1,0,1,1,0,0,3,1,False,False,True,1,13.0,After 7 days,2+ features,1-2 failed,2024-03
U03173,18-24,Tier 2,Mid,Organic,iOS,2024-04-09,,,0.0,0.0,0.0,0.0,0.0,0,0,0,0,0,0,0,0,False,False,True,0,,No transaction,0 features,0 failed,2024-04
U03174,18-24,Tier 1,High,Organic,iOS,2024-04-17,2024-04-18 08:25:00,2024-05-14 21:00:00,2.0,2.0,0.0,57649000.0,28824500.0,0,1,1,0,1,0,3,1,True,True,False,1,26.0,After 7 days,2+ features,0 failed,2024-04
U03175,18-24,Tier 2,Low,Partnership,iOS,2024-02-18,,,0.0,0.0,0.0,0.0,0.0,0,0,0,0,0,0,0,0,False,False,True,0,,No transaction,0 features,0 failed,2024-02
U03176,18-24,Tier 1,Mid,Branch,Android,2024-01-19,,,0.0,0.0,0.0,0.0,0.0,0,0,0,0,0,0,0,0,False,False,True,0,,No transaction,0 features,0 failed,2024-01
U03177,35-44,Tier 1,Mid,Referral,iOS,2024-04-15,2024-04-16 15:12:00,2024-04-21 05:00:00,5.0,5.0,0.0,29679000.0,5935800.0,0,0,1,0,0,0,1,0,True,False,True,1,4.0,Within 7 days,1 feature,0 failed,2024-04
U03178,45-54,Tier 2,Mid,Referral,Android,2024-03-28,,,0.0,0.0,0.0,0.0,0.0,0,0,0,0,0,0,0,0,False,False,True,0,,No transaction,0 features,0 failed,2024-03
U03179,35-44,Tier 1,Low,Paid Ads,iOS,2024-02-01,,,0.0,0.0,0.0,0.0,0.0,0,0,0,0,0,0,0,0,False,False,True,0,,No transaction,0 features,0 failed,2024-02
U03180,35-44,Tier 1,Mid,Referral,Android,2024-01-05,2024-01-06 11:05:00,2024-01-21 02:00:00,1.0,1.0,0.0,5805000.0,5805000.0,0,1,0,0,0,0,1,0,True,True,False,1,14.0,After 7 days,1 feature,0 failed,2024-01
U03181,18-24,Tier 1,Low,Partnership,Android,2024-03-14,,,0.0,0.0,0.0,0.0,0.0,0,0,0,0,0,0,0,0,False,False,True,0,,No transaction,0 features,0 failed,2024-03
U03182,18-24,Tier 1,Low,Organic,Android,2024-03-30,2024-03-31 00:27:00,2024-04-09 15:00:00,9.0,8.0,1.0,8675000.0,963888.8888888889,0,1,1,0,1,0,3,1,True,True,False,1,9.0,After 7 days,2+ features,1-2 failed,2024-03
U03183,25-34,Tier 1,Low,Organic,Android,2024-01-15,,,0.0,0.0,0.0,0.0,0.0,0,0,0,0,0,0,0,0,False,False,True,0,,No transaction,0 features,0 failed,2024-01
U03184,18-24,Tier 3,Low,Organic,Android,2024-01-25,2024-01-26 11:21:00,2024-03-15 15:00:00,2.0,1.0,1.0,2270000.0,1135000.0,0,0,1,0,0,1,2,0,False,False,True,1,49.0,After 7 days,2+ features,1-2 failed,2024-01
U03185,25-34,Tier 1,Mid,Referral,Android,2024-01-03,2024-01-04 07:18:00,2024-01-05 17:00:00,21.0,18.0,3.0,117840000.0,5611428.571428572,1,1,0,1,1,1,5,1,True,True,False,1,1.0,Within 7 days,2+ features,3+ failed,2024-01
U03186,25-34,Tier 1,High,Organic,Android,2024-02-26,2024-02-27 05:02:00,2024-03-04 01:00:00,1.0,1.0,0.0,46753000.0,46753000.0,1,0,0,0,0,1,2,1,True,False,True,1,5.0,Within 7 days,2+ features,0 failed,2024-02
U03187,25-34,Tier 1,Low,Organic,iOS,2024-02-10,,,0.0,0.0,0.0,0.0,0.0,0,0,0,0,0,0,0,0,False,False,True,0,,No transaction,0 features,0 failed,2024-02
U03188,25-34,Tier 3,High,Partnership,Android,2024-02-23,2024-02-24 15:11:00,2024-03-06 16:00:00,7.0,7.0,0.0,191838000.0,27405428.57142857,0,1,1,0,0,1,3,0,True,True,False,1,11.0,After 7 days,2+ features,0 failed,2024-02
U03189,35-44,Tier 2,High,Organic,Android,2024-01-20,2024-01-21 07:13:00,2024-01-24 00:00:00,9.0,9.0,0.0,166171000.0,18463444.444444444,1,1,0,0,0,0,2,1,True,False,True,1,2.0,Within 7 days,2+ features,0 failed,2024-01
U03190,35-44,Tier 1,High,Branch,Android,2024-02-22,2024-02-23 06:06:00,2024-03-08 03:00:00,8.0,8.0,0.0,267358000.0,33419750.0,0,1,1,1,0,1,4,0,False,False,True,1,13.0,After 7 days,2+ features,0 failed,2024-02
U03191,25-34,Tier 3,High,Referral,iOS,2024-03-29,,,0.0,0.0,0.0,0.0,0.0,0,0,0,0,0,0,0,0,False,False,True,0,,No transaction,0 features,0 failed,2024-03
U03192,45-54,Tier 1,Mid,Paid Ads,Android,2024-01-27,,,0.0,0.0,0.0,0.0,0.0,0,0,0,0,0,0,0,0,False,False,True,0,,No transaction,0 features,0 failed,2024-01
U03193,55+,Tier 1,Low,Organic,Android,2024-02-22,,,0.0,0.0,0.0,0.0,0.0,0,0,0,0,0,0,0,0,False,False,True,0,,No transaction,0 features,0 failed,2024-02
U03194,25-34,Tier 1,Mid,Organic,Android,2024-03-05,,,0.0,0.0,0.0,0.0,0.0,0,0,0,0,0,0,0,0,False,False,True,0,,No transaction,0 features,0 failed,2024-03
U03195,25-34,Tier 1,Mid,Paid Ads,Android,2024-04-09,2024-04-10 02:06:00,2024-05-09 09:00:00,6.0,5.0,1.0,37978000.0,6329666.666666667,0,0,0,1,1,0,2,1,False,False,True,1,29.0,After 7 days,2+ features,1-2 failed,2024-04
U03196,25-34,Tier 1,High,Paid Ads,Android,2024-03-19,2024-03-20 16:28:00,2024-03-21 08:00:00,4.0,4.0,0.0,149267000.0,37316750.0,0,1,0,0,0,0,1,0,False,False,True,1,0.0,Within 7 days,1 feature,0 failed,2024-03
U03197,45-54,Tier 2,High,Partnership,Android,2024-03-01,,,0.0,0.0,0.0,0.0,0.0,0,0,0,0,0,0,0,0,False,False,True,0,,No transaction,0 features,0 failed,2024-03
U03198,45-54,Tier 1,Mid,Partnership,iOS,2024-04-21,,,0.0,0.0,0.0,0.0,0.0,0,0,0,0,0,0,0,0,False,False,True,0,,No transaction,0 features,0 failed,2024-04
U03199,18-24,Tier 2,Mid,Paid Ads,Android,2024-04-18,,,0.0,0.0,0.0,0.0,0.0,0,0,0,0,0,0,0,0,False,False,True,0,,No transaction,0 features,0 failed,2024-04
U03200,25-34,Tier 1,Low,Referral,Android,2024-04-04,2024-04-05 19:24:00,,0.0,0.0,0.0,0.0,0.0,0,0,0,0,0,1,1,0,True,True,False,1,,No transaction,1 feature,0 failed,2024-04
U03201,25-34,Tier 1,Low,Partnership,Android,2024-04-03,2024-04-04 07:09:00,2024-04-08 17:00:00,9.0,9.0,0.0,6945000.0,771666.6666666666,0,1,0,1,1,1,4,1,False,False,True,1,4.0,Within 7 days,2+ features,0 failed,2024-04
U03202,25-34,Tier 1,Mid,Paid Ads,Android,2024-01-08,,,0.0,0.0,0.0,0.0,0.0,0,0,0,0,0,0,0,0,False,False,True,0,,No transaction,0 features,0 failed,2024-01
U03203,18-24,Tier 3,Mid,Branch,iOS,2024-03-31,2024-04-02 05:09:00,2024-04-11 19:00:00,6.0,5.0,1.0,32426000.0,5404333.333333333,0,1,0,0,0,1,2,0,True,True,False,1,9.0,After 7 days,2+ features,1-2 failed,2024-03
U03204,45-54,Tier 1,High,Partnership,Android,2024-01-18,,,0.0,0.0,0.0,0.0,0.0,0,0,0,0,0,0,0,0,False,False,True,0,,No transaction,0 features,0 failed,2024-01
U03205,35-44,Tier 2,Mid,Organic,iOS,2024-03-07,,,0.0,0.0,0.0,0.0,0.0,0,0,0,0,0,0,0,0,False,False,True,0,,No transaction,0 features,0 failed,2024-03
U03206,35-44,Tier 1,High,Referral,iOS,2024-01-27,2024-01-28 05:29:00,2024-02-21 22:00:00,7.0,7.0,0.0,168124000.0,24017714.285714287,0,1,1,0,0,0,2,0,True,True,False,1,24.0,After 7 days,2+ features,0 failed,2024-01
U03207,45-54,Tier 1,Mid,Paid Ads,Android,2024-03-12,,,0.0,0.0,0.0,0.0,0.0,0,0,0,0,0,0,0,0,False,False,True,0,,No transaction,0 features,0 failed,2024-03
U03208,35-44,Tier 1,High,Paid Ads,iOS,2024-02-11,2024-02-12 11:25:00,2024-02-17 06:00:00,3.0,3.0,0.0,63036000.0,21012000.0,0,1,0,1,0,0,2,0,False,False,True,1,4.0,Within 7 days,2+ features,0 failed,2024-02
U03209,25-34,Tier 1,Low,Paid Ads,Android,2024-03-25,,,0.0,0.0,0.0,0.0,0.0,0,0,0,0,0,0,0,0,False,False,True,0,,No transaction,0 features,0 failed,2024-03
U03210,25-34,Tier 1,High,Partnership,Android,2024-03-02,2024-03-03 16:28:00,2024-03-26 04:00:00,8.0,6.0,2.0,202346000.0,25293250.0,0,0,0,1,0,0,1,0,True,True,False,1,22.0,After 7 days,1 feature,1-2 failed,2024-03
U03211,18-24,Tier 1,Mid,Referral,Android,2024-03-08,2024-03-09 11:24:00,2024-04-28 15:00:00,1.0,1.0,0.0,7469000.0,7469000.0,0,0,0,0,0,0,0,0,False,False,True,1,50.0,After 7 days,0 features,0 failed,2024-03
U03212,35-44,Tier 2,Low,Organic,Android,2024-02-18,2024-02-19 01:28:00,2024-03-07 14:00:00,5.0,4.0,1.0,7533000.0,1506600.0,0,0,1,0,0,0,1,0,True,True,False,1,17.0,After 7 days,1 feature,1-2 failed,2024-02
U03213,18-24,Tier 1,Low,Organic,Android,2024-02-10,2024-02-11 20:03:00,2024-02-14 19:00:00,8.0,8.0,0.0,4564000.0,570500.0,0,0,1,0,0,1,2,0,True,True,False,1,2.0,Within 7 days,2+ features,0 failed,2024-02
U03214,35-44,Tier 2,High,Paid Ads,Android,2024-01-23,,,0.0,0.0,0.0,0.0,0.0,0,0,0,0,0,0,0,0,False,False,True,0,,No transaction,0 features,0 failed,2024-01
U03215,18-24,Tier 1,Low,Paid Ads,Android,2024-02-28,,,0.0,0.0,0.0,0.0,0.0,0,0,0,0,0,0,0,0,False,False,True,0,,No transaction,0 features,0 failed,2024-02
U03216,18-24,Tier 2,Mid,Referral,Android,2024-04-26,2024-04-27 23:24:00,2024-05-03 23:00:00,4.0,4.0,0.0,14116000.0,3529000.0,1,1,0,0,0,1,3,1,True,True,False,1,5.0,Within 7 days,2+ features,0 failed,2024-04
U03217,18-24,Tier 2,Mid,Paid Ads,Android,2024-03-09,2024-03-10 13:23:00,2024-03-17 15:00:00,8.0,7.0,1.0,49590000.0,6198750.0,1,0,0,1,0,1,3,1,False,False,True,1,7.0,Within 7 days,2+ features,1-2 failed,2024-03
U03218,18-24,Tier 1,Mid,Organic,Android,2024-02-13,,,0.0,0.0,0.0,0.0,0.0,0,0,0,0,0,0,0,0,False,False,True,0,,No transaction,0 features,0 failed,2024-02
U03219,35-44,Tier 1,High,Organic,Android,2024-03-10,,,0.0,0.0,0.0,0.0,0.0,0,0,0,0,0,0,0,0,False,False,True,0,,No transaction,0 features,0 failed,2024-03
U03220,35-44,Tier 2,Mid,Paid Ads,Android,2024-02-15,,,0.0,0.0,0.0,0.0,0.0,0,0,0,0,0,0,0,0,False,False,True,0,,No transaction,0 features,0 failed,2024-02
U03221,25-34,Tier 3,Mid,Referral,Android,2024-03-27,,,0.0,0.0,0.0,0.0,0.0,0,0,0,0,0,0,0,0,False,False,True,0,,No transaction,0 features,0 failed,2024-03
U03222,18-24,Tier 1,High,Paid Ads,Android,2024-04-08,2024-04-09 08:21:00,2024-04-16 23:00:00,11.0,11.0,0.0,280608000.0,25509818.181818184,0,1,0,1,1,1,4,1,True,True,False,1,7.0,Within 7 days,2+ features,0 failed,2024-04
U03223,18-24,Tier 1,Mid,Partnership,Android,2024-04-21,2024-04-22 15:26:00,2024-04-30 21:00:00,5.0,5.0,0.0,29250000.0,5850000.0,0,0,1,0,1,0,2,1,False,False,True,1,8.0,After 7 days,2+ features,0 failed,2024-04
U03224,18-24,Tier 3,High,Partnership,Android,2024-04-02,,,0.0,0.0,0.0,0.0,0.0,0,0,0,0,0,0,0,0,False,False,True,0,,No transaction,0 features,0 failed,2024-04
U03225,18-24,Tier 1,Mid,Organic,Android,2024-03-28,,,0.0,0.0,0.0,0.0,0.0,0,0,0,0,0,0,0,0,False,False,True,0,,No transaction,0 features,0 failed,2024-03
U03226,45-54,Tier 2,Low,Paid Ads,iOS,2024-03-23,,,0.0,0.0,0.0,0.0,0.0,0,0,0,0,0,0,0,0,False,False,True,0,,No transaction,0 features,0 failed,2024-03
U03227,18-24,Tier 1,Mid,Paid Ads,Android,2024-04-12,,,0.0,0.0,0.0,0.0,0.0,0,0,0,0,0,0,0,0,False,False,True,0,,No transaction,0 features,0 failed,2024-04
U03228,25-34,Tier 1,Mid,Partnership,Android,2024-03-29,2024-03-30 12:26:00,2024-03-31 16:00:00,9.0,8.0,1.0,52057000.0,5784111.111111111,1,0,1,1,0,0,3,1,True,True,False,1,1.0,Within 7 days,2+ features,1-2 failed,2024-03
U03229,18-24,Tier 2,Low,Partnership,Android,2024-02-03,,,0.0,0.0,0.0,0.0,0.0,0,0,0,0,0,0,0,0,False,False,True,0,,No transaction,0 features,0 failed,2024-02
U03230,18-24,Tier 2,Low,Organic,Android,2024-03-19,2024-03-19 18:15:00,,0.0,0.0,0.0,0.0,0.0,0,0,0,0,0,0,0,0,True,False,True,1,,No transaction,0 features,0 failed,2024-03
U03231,25-34,Tier 1,Low,Organic,Android,2024-03-02,2024-03-03 10:11:00,,0.0,0.0,0.0,0.0,0.0,0,0,0,0,0,0,0,0,False,False,True,1,,No transaction,0 features,0 failed,2024-03
U03232,25-34,Tier 2,Mid,Paid Ads,Android,2024-01-25,2024-01-26 08:04:00,2024-02-18 22:00:00,2.0,2.0,0.0,12863000.0,6431500.0,0,0,0,0,1,0,1,1,True,False,True,1,23.0,After 7 days,1 feature,0 failed,2024-01
U03233,18-24,Tier 2,High,Paid Ads,Android,2024-02-01,,,0.0,0.0,0.0,0.0,0.0,0,0,0,0,0,0,0,0,False,False,True,0,,No transaction,0 features,0 failed,2024-02
U03234,18-24,Tier 2,Low,Referral,Android,2024-02-05,2024-02-05 17:05:00,,0.0,0.0,0.0,0.0,0.0,0,1,1,0,0,0,2,0,False,False,True,1,,No transaction,2+ features,0 failed,2024-02
U03235,25-34,Tier 1,Mid,Organic,iOS,2024-03-12,2024-03-12 13:08:00,2024-04-01 11:00:00,4.0,3.0,1.0,22318000.0,5579500.0,0,0,0,0,0,1,1,0,True,True,False,1,19.0,After 7 days,1 feature,1-2 failed,2024-03
U03236,18-24,Tier 2,High,Paid Ads,Android,2024-02-08,,,0.0,0.0,0.0,0.0,0.0,0,0,0,0,0,0,0,0,False,False,True,0,,No transaction,0 features,0 failed,2024-02
U03237,18-24,Tier 2,Low,Referral,Android,2024-01-29,,,0.0,0.0,0.0,0.0,0.0,0,0,0,0,0,0,0,0,False,False,True,0,,No transaction,0 features,0 failed,2024-01
U03238,55+,Tier 2,Mid,Organic,iOS,2024-02-08,,,0.0,0.0,0.0,0.0,0.0,0,0,0,0,0,0,0,0,False,False,True,0,,No transaction,0 features,0 failed,2024-02
U03239,25-34,Tier 2,High,Organic,Android,2024-04-08,,,0.0,0.0,0.0,0.0,0.0,0,0,0,0,0,0,0,0,False,False,True,0,,No transaction,0 features,0 failed,2024-04
U03240,25-34,Tier 1,High,Referral,iOS,2024-02-06,2024-02-07 17:10:00,,0.0,0.0,0.0,0.0,0.0,0,1,0,0,0,0,1,0,False,False,True,1,,No transaction,1 feature,0 failed,2024-02
U03241,25-34,Tier 2,Low,Paid Ads,Android,2024-03-31,,,0.0,0.0,0.0,0.0,0.0,0,0,0,0,0,0,0,0,False,False,True,0,,No transaction,0 features,0 failed,2024-03
U03242,25-34,Tier 2,Low,Referral,Android,2024-01-27,2024-01-28 00:28:00,2024-02-03 23:00:00,7.0,5.0,2.0,7068000.0,1009714.2857142857,1,1,0,0,0,1,3,1,True,False,True,1,6.0,Within 7 days,2+ features,1-2 failed,2024-01
U03243,25-34,Tier 1,Low,Organic,Android,2024-03-29,2024-03-30 16:02:00,2024-04-11 08:00:00,5.0,4.0,1.0,4510000.0,902000.0,0,0,0,1,1,0,2,1,True,True,False,1,11.0,After 7 days,2+ features,1-2 failed,2024-03
U03244,35-44,Tier 1,Mid,Organic,iOS,2024-03-31,,,0.0,0.0,0.0,0.0,0.0,0,0,0,0,0,0,0,0,False,False,True,0,,No transaction,0 features,0 failed,2024-03
U03245,35-44,Tier 1,Mid,Referral,Android,2024-03-03,,,0.0,0.0,0.0,0.0,0.0,0,0,0,0,0,0,0,0,False,False,True,0,,No transaction,0 features,0 failed,2024-03
U03246,18-24,Tier 2,Mid,Paid Ads,iOS,2024-02-10,,,0.0,0.0,0.0,0.0,0.0,0,0,0,0,0,0,0,0,False,False,True,0,,No transaction,0 features,0 failed,2024-02
U03247,25-34,Tier 1,Mid,Organic,Android,2024-03-02,,,0.0,0.0,0.0,0.0,0.0,0,0,0,0,0,0,0,0,False,False,True,0,,No transaction,0 features,0 failed,2024-03
U03248,25-34,Tier 2,Low,Paid Ads,Android,2024-02-14,2024-02-15 06:08:00,,0.0,0.0,0.0,0.0,0.0,1,0,0,0,1,0,2,1,True,True,False,1,,No transaction,2+ features,0 failed,2024-02
U03249,45-54,Tier 3,Mid,Organic,iOS,2024-03-12,2024-03-13 19:09:00,,0.0,0.0,0.0,0.0,0.0,0,0,1,0,0,1,2,0,True,True,False,1,,No transaction,2+ features,0 failed,2024-03
U03250,25-34,Tier 2,Mid,Organic,Android,2024-04-11,,,0.0,0.0,0.0,0.0,0.0,0,0,0,0,0,0,0,0,False,False,True,0,,No transaction,0 features,0 failed,2024-04
U03251,25-34,Tier 3,Mid,Organic,iOS,2024-04-02,2024-04-03 12:08:00,2024-05-06 07:00:00,4.0,4.0,0.0,16879000.0,4219750.0,0,0,0,0,1,0,1,1,False,False,True,1,32.0,After 7 days,1 feature,0 failed,2024-04
U03252,18-24,Tier 3,Mid,Organic,Android,2024-02-05,,,0.0,0.0,0.0,0.0,0.0,0,0,0,0,0,0,0,0,False,False,True,0,,No transaction,0 features,0 failed,2024-02
U03253,25-34,Tier 1,Mid,Paid Ads,iOS,2024-02-06,,,0.0,0.0,0.0,0.0,0.0,0,0,0,0,0,0,0,0,False,False,True,0,,No transaction,0 features,0 failed,2024-02
U03254,18-24,Tier 2,Low,Paid Ads,Android,2024-01-16,,,0.0,0.0,0.0,0.0,0.0,0,0,0,0,0,0,0,0,False,False,True,0,,No transaction,0 features,0 failed,2024-01
U03255,25-34,Tier 1,Low,Partnership,Android,2024-03-14,,,0.0,0.0,0.0,0.0,0.0,0,0,0,0,0,0,0,0,False,False,True,0,,No transaction,0 features,0 failed,2024-03
U03256,18-24,Tier 3,Low,Organic,iOS,2024-03-27,2024-03-28 12:21:00,,0.0,0.0,0.0,0.0,0.0,0,0,0,0,0,0,0,0,True,False,True,1,,No transaction,0 features,0 failed,2024-03
U03257,35-44,Tier 1,Low,Organic,Android,2024-03-10,2024-03-11 00:01:00,2024-04-15 13:00:00,1.0,1.0,0.0,689000.0,689000.0,0,0,0,0,1,0,1,1,True,True,False,1,35.0,After 7 days,1 feature,0 failed,2024-03
U03258,18-24,Tier 3,Mid,Referral,Android,2024-02-18,,,0.0,0.0,0.0,0.0,0.0,0,0,0,0,0,0,0,0,False,False,True,0,,No transaction,0 features,0 failed,2024-02
U03259,25-34,Tier 2,Low,Partnership,Android,2024-04-24,,,0.0,0.0,0.0,0.0,0.0,0,0,0,0,0,0,0,0,False,False,True,0,,No transaction,0 features,0 failed,2024-04
U03260,45-54,Tier 2,Low,Referral,Android,2024-02-20,2024-02-21 00:07:00,,0.0,0.0,0.0,0.0,0.0,0,0,0,0,0,0,0,0,True,False,True,1,,No transaction,0 features,0 failed,2024-02
U03261,18-24,Tier 1,Mid,Referral,iOS,2024-04-14,,,0.0,0.0,0.0,0.0,0.0,0,0,0,0,0,0,0,0,False,False,True,0,,No transaction,0 features,0 failed,2024-04
U03262,25-34,Tier 1,Mid,Referral,Android,2024-02-14,2024-02-15 15:05:00,,0.0,0.0,0.0,0.0,0.0,1,0,0,1,0,0,2,1,True,False,True,1,,No transaction,2+ features,0 failed,2024-02
U03263,25-34,Tier 2,Mid,Organic,Android,2024-04-08,2024-04-09 17:21:00,2024-04-15 22:00:00,7.0,7.0,0.0,39384000.0,5626285.714285715,1,0,1,0,0,1,3,1,True,True,False,1,6.0,Within 7 days,2+ features,0 failed,2024-04
U03264,18-24,Tier 1,Mid,Branch,Android,2024-04-12,,,0.0,0.0,0.0,0.0,0.0,0,0,0,0,0,0,0,0,False,False,True,0,,No transaction,0 features,0 failed,2024-04
U03265,35-44,Tier 3,Mid,Paid Ads,iOS,2024-01-19,,,0.0,0.0,0.0,0.0,0.0,0,0,0,0,0,0,0,0,False,False,True,0,,No transaction,0 features,0 failed,2024-01
U03266,18-24,Tier 1,High,Partnership,Android,2024-02-07,,,0.0,0.0,0.0,0.0,0.0,0,0,0,0,0,0,0,0,False,False,True,0,,No transaction,0 features,0 failed,2024-02
U03267,25-34,Tier 2,Low,Paid Ads,Android,2024-01-06,,,0.0,0.0,0.0,0.0,0.0,0,0,0,0,0,0,0,0,False,False,True,0,,No transaction,0 features,0 failed,2024-01
U03268,25-34,Tier 1,Mid,Paid Ads,Android,2024-02-06,,,0.0,0.0,0.0,0.0,0.0,0,0,0,0,0,0,0,0,False,False,True,0,,No transaction,0 features,0 failed,2024-02
U03269,25-34,Tier 2,High,Organic,Android,2024-04-01,2024-04-02 18:09:00,2024-04-04 11:00:00,2.0,2.0,0.0,58671000.0,29335500.0,0,0,0,1,0,0,1,0,False,False,True,1,1.0,Within 7 days,1 feature,0 failed,2024-04
U03270,35-44,Tier 2,High,Paid Ads,iOS,2024-01-11,,,0.0,0.0,0.0,0.0,0.0,0,0,0,0,0,0,0,0,False,False,True,0,,No transaction,0 features,0 failed,2024-01
U03271,18-24,Tier 1,Low,Organic,Android,2024-02-14,,,0.0,0.0,0.0,0.0,0.0,0,0,0,0,0,0,0,0,False,False,True,0,,No transaction,0 features,0 failed,2024-02
U03272,18-24,Tier 1,Mid,Referral,Android,2024-02-26,2024-02-27 07:02:00,2024-02-28 14:00:00,11.0,9.0,2.0,56096000.0,5099636.363636363,0,1,0,1,0,0,2,0,True,True,False,1,1.0,Within 7 days,2+ features,1-2 failed,2024-02
U03273,35-44,Tier 1,Low,Paid Ads,Android,2024-03-24,,,0.0,0.0,0.0,0.0,0.0,0,0,0,0,0,0,0,0,False,False,True,0,,No transaction,0 features,0 failed,2024-03
U03274,25-34,Tier 2,Mid,Partnership,iOS,2024-02-02,2024-02-03 17:28:00,2024-02-06 06:00:00,6.0,5.0,1.0,41282000.0,6880333.333333333,0,1,0,0,1,1,3,1,True,False,True,1,2.0,Within 7 days,2+ features,1-2 failed,2024-02
U03275,35-44,Tier 2,Mid,Paid Ads,Android,2024-04-05,,,0.0,0.0,0.0,0.0,0.0,0,0,0,0,0,0,0,0,False,False,True,0,,No transaction,0 features,0 failed,2024-04
U03276,35-44,Tier 2,Mid,Paid Ads,Android,2024-03-02,,,0.0,0.0,0.0,0.0,0.0,0,0,0,0,0,0,0,0,False,False,True,0,,No transaction,0 features,0 failed,2024-03
U03277,35-44,Tier 2,Mid,Organic,Android,2024-01-28,2024-01-29 15:21:00,2024-02-08 13:00:00,5.0,5.0,0.0,26295000.0,5259000.0,0,0,0,1,0,0,1,0,True,False,True,1,9.0,After 7 days,1 feature,0 failed,2024-01
U03278,25-34,Tier 1,Mid,Referral,iOS,2024-01-26,,,0.0,0.0,0.0,0.0,0.0,0,0,0,0,0,0,0,0,False,False,True,0,,No transaction,0 features,0 failed,2024-01
U03279,25-34,Tier 1,Mid,Organic,Android,2024-04-15,2024-04-15 21:25:00,2024-04-30 19:00:00,2.0,2.0,0.0,8023000.0,4011500.0,0,1,0,0,0,0,1,0,True,False,True,1,14.0,After 7 days,1 feature,0 failed,2024-04
U03280,35-44,Tier 1,High,Paid Ads,Android,2024-03-09,,,0.0,0.0,0.0,0.0,0.0,0,0,0,0,0,0,0,0,False,False,True,0,,No transaction,0 features,0 failed,2024-03
U03281,25-34,Tier 1,Mid,Branch,Android,2024-02-04,,,0.0,0.0,0.0,0.0,0.0,0,0,0,0,0,0,0,0,False,False,True,0,,No transaction,0 features,0 failed,2024-02
U03282,18-24,Tier 3,Low,Referral,Android,2024-03-12,,,0.0,0.0,0.0,0.0,0.0,0,0,0,0,0,0,0,0,False,False,True,0,,No transaction,0 features,0 failed,2024-03
U03283,45-54,Tier 3,Mid,Organic,iOS,2024-03-30,,,0.0,0.0,0.0,0.0,0.0,0,0,0,0,0,0,0,0,False,False,True,0,,No transaction,0 features,0 failed,2024-03
U03284,45-54,Tier 1,Low,Paid Ads,Android,2024-02-04,,,0.0,0.0,0.0,0.0,0.0,0,0,0,0,0,0,0,0,False,False,True,0,,No transaction,0 features,0 failed,2024-02
U03285,25-34,Tier 2,Mid,Partnership,iOS,2024-01-18,,,0.0,0.0,0.0,0.0,0.0,0,0,0,0,0,0,0,0,False,False,True,0,,No transaction,0 features,0 failed,2024-01
U03286,18-24,Tier 3,High,Paid Ads,Android,2024-01-14,,,0.0,0.0,0.0,0.0,0.0,0,0,0,0,0,0,0,0,False,False,True,0,,No transaction,0 features,0 failed,2024-01
U03287,25-34,Tier 1,High,Organic,Android,2024-03-19,2024-03-20 12:01:00,2024-03-27 00:00:00,2.0,2.0,0.0,30149000.0,15074500.0,0,0,0,1,0,1,2,0,False,False,True,1,6.0,Within 7 days,2+ features,0 failed,2024-03
U03288,35-44,Tier 1,Mid,Branch,Android,2024-04-04,,,0.0,0.0,0.0,0.0,0.0,0,0,0,0,0,0,0,0,False,False,True,0,,No transaction,0 features,0 failed,2024-04
U03289,45-54,Tier 1,Low,Partnership,iOS,2024-03-16,,,0.0,0.0,0.0,0.0,0.0,0,0,0,0,0,0,0,0,False,False,True,0,,No transaction,0 features,0 failed,2024-03
U03290,18-24,Tier 2,Low,Organic,Android,2024-01-31,2024-02-01 15:06:00,2024-02-07 14:00:00,7.0,6.0,1.0,5721000.0,817285.7142857143,0,0,1,1,1,0,3,1,False,False,True,1,5.0,Within 7 days,2+ features,1-2 failed,2024-01
U03291,18-24,Tier 3,Mid,Branch,iOS,2024-02-01,2024-02-02 15:11:00,2024-02-10 18:00:00,8.0,6.0,2.0,31368000.0,3921000.0,0,1,1,0,0,0,2,0,True,True,False,1,8.0,After 7 days,2+ features,1-2 failed,2024-02
U03292,45-54,Tier 2,Low,Paid Ads,Android,2024-01-07,2024-01-08 06:26:00,2024-01-27 10:00:00,11.0,10.0,1.0,9005000.0,818636.3636363636,1,1,1,0,0,0,3,1,False,False,True,1,19.0,After 7 days,2+ features,1-2 failed,2024-01
U03293,25-34,Tier 1,Mid,Referral,Android,2024-03-26,2024-03-27 09:04:00,,0.0,0.0,0.0,0.0,0.0,0,0,0,0,0,0,0,0,True,False,True,1,,No transaction,0 features,0 failed,2024-03
U03294,25-34,Tier 1,Low,Paid Ads,iOS,2024-04-25,,,0.0,0.0,0.0,0.0,0.0,0,0,0,0,0,0,0,0,False,False,True,0,,No transaction,0 features,0 failed,2024-04
U03295,55+,Tier 2,Mid,Partnership,iOS,2024-03-08,,,0.0,0.0,0.0,0.0,0.0,0,0,0,0,0,0,0,0,False,False,True,0,,No transaction,0 features,0 failed,2024-03
U03296,18-24,Tier 3,Low,Paid Ads,Android,2024-01-29,,,0.0,0.0,0.0,0.0,0.0,0,0,0,0,0,0,0,0,False,False,True,0,,No transaction,0 features,0 failed,2024-01
U03297,25-34,Tier 2,High,Organic,Android,2024-03-22,2024-03-23 15:21:00,2024-03-23 23:00:00,7.0,6.0,1.0,140871000.0,20124428.57142857,1,0,1,0,0,0,2,1,True,False,True,1,0.0,Within 7 days,2+ features,1-2 failed,2024-03
U03298,18-24,Tier 2,Mid,Branch,Android,2024-01-30,2024-01-31 12:13:00,,0.0,0.0,0.0,0.0,0.0,0,0,0,1,0,0,1,0,False,False,True,1,,No transaction,1 feature,0 failed,2024-01
U03299,25-34,Tier 1,Mid,Organic,Android,2024-01-07,,,0.0,0.0,0.0,0.0,0.0,0,0,0,0,0,0,0,0,False,False,True,0,,No transaction,0 features,0 failed,2024-01
U03300,35-44,Tier 3,Low,Paid Ads,Android,2024-01-13,2024-01-15 03:01:00,2024-01-19 02:00:00,8.0,7.0,1.0,9236000.0,1154500.0,1,0,0,1,0,1,3,1,False,False,True,1,3.0,Within 7 days,2+ features,1-2 failed,2024-01
U03301,25-34,Tier 2,Mid,Paid Ads,Android,2024-02-22,,,0.0,0.0,0.0,0.0,0.0,0,0,0,0,0,0,0,0,False,False,True,0,,No transaction,0 features,0 failed,2024-02
U03302,55+,Tier 1,Low,Organic,Android,2024-02-12,2024-02-13 03:26:00,2024-02-20 19:00:00,10.0,10.0,0.0,10119000.0,1011900.0,0,1,1,1,1,0,4,1,True,True,False,1,7.0,Within 7 days,2+ features,0 failed,2024-02
U03303,25-34,Tier 2,Mid,Organic,Android,2024-04-01,2024-04-02 05:09:00,2024-04-13 20:00:00,5.0,5.0,0.0,27141000.0,5428200.0,1,0,0,0,0,0,1,1,True,True,False,1,11.0,After 7 days,1 feature,0 failed,2024-04
U03304,25-34,Tier 1,High,Partnership,iOS,2024-03-01,2024-03-02 15:14:00,2024-04-17 17:00:00,1.0,1.0,0.0,29532000.0,29532000.0,0,0,0,0,0,0,0,0,False,False,True,1,46.0,After 7 days,0 features,0 failed,2024-03
U03305,18-24,Tier 1,Mid,Referral,Android,2024-01-13,2024-01-14 20:16:00,,0.0,0.0,0.0,0.0,0.0,1,0,0,0,0,0,1,1,True,True,False,1,,No transaction,1 feature,0 failed,2024-01
U03306,25-34,Tier 1,Mid,Paid Ads,Android,2024-03-28,,,0.0,0.0,0.0,0.0,0.0,0,0,0,0,0,0,0,0,False,False,True,0,,No transaction,0 features,0 failed,2024-03
U03307,25-34,Tier 1,Mid,Paid Ads,iOS,2024-04-08,2024-04-09 12:16:00,,1.0,0.0,1.0,9039000.0,9039000.0,1,0,0,0,0,0,1,1,False,False,True,1,,No transaction,1 feature,1-2 failed,2024-04
U03308,18-24,Tier 1,High,Paid Ads,Android,2024-01-18,,,0.0,0.0,0.0,0.0,0.0,0,0,0,0,0,0,0,0,False,False,True,0,,No transaction,0 features,0 failed,2024-01
U03309,25-34,Tier 1,High,Paid Ads,Android,2024-01-01,2024-01-02 03:17:00,2024-01-19 03:00:00,2.0,2.0,0.0,53922000.0,26961000.0,0,0,0,1,0,0,1,0,False,False,True,1,16.0,After 7 days,1 feature,0 failed,2024-01
U03310,25-34,Tier 2,Mid,Referral,Android,2024-03-11,,,0.0,0.0,0.0,0.0,0.0,0,0,0,0,0,0,0,0,False,False,True,0,,No transaction,0 features,0 failed,2024-03
U03311,35-44,Tier 2,Mid,Referral,Android,2024-01-21,,,0.0,0.0,0.0,0.0,0.0,0,0,0,0,0,0,0,0,False,False,True,0,,No transaction,0 features,0 failed,2024-01
U03312,35-44,Tier 1,Mid,Partnership,iOS,2024-02-22,,,0.0,0.0,0.0,0.0,0.0,0,0,0,0,0,0,0,0,False,False,True,0,,No transaction,0 features,0 failed,2024-02
U03313,35-44,Tier 1,Low,Paid Ads,Android,2024-03-24,,,0.0,0.0,0.0,0.0,0.0,0,0,0,0,0,0,0,0,False,False,True,0,,No transaction,0 features,0 failed,2024-03
U03314,18-24,Tier 2,Mid,Organic,Android,2024-04-22,,,0.0,0.0,0.0,0.0,0.0,0,0,0,0,0,0,0,0,False,False,True,0,,No transaction,0 features,0 failed,2024-04
U03315,18-24,Tier 1,Mid,Branch,Android,2024-04-22,,,0.0,0.0,0.0,0.0,0.0,0,0,0,0,0,0,0,0,False,False,True,0,,No transaction,0 features,0 failed,2024-04
U03316,35-44,Tier 1,Low,Partnership,iOS,2024-03-01,,,0.0,0.0,0.0,0.0,0.0,0,0,0,0,0,0,0,0,False,False,True,0,,No transaction,0 features,0 failed,2024-03
U03317,25-34,Tier 3,Low,Organic,iOS,2024-03-02,,,0.0,0.0,0.0,0.0,0.0,0,0,0,0,0,0,0,0,False,False,True,0,,No transaction,0 features,0 failed,2024-03
U03318,18-24,Tier 2,Mid,Branch,Android,2024-03-24,,,0.0,0.0,0.0,0.0,0.0,0,0,0,0,0,0,0,0,False,False,True,0,,No transaction,0 features,0 failed,2024-03
U03319,35-44,Tier 3,High,Paid Ads,Android,2024-01-26,,,0.0,0.0,0.0,0.0,0.0,0,0,0,0,0,0,0,0,False,False,True,0,,No transaction,0 features,0 failed,2024-01
U03320,35-44,Tier 2,Mid,Organic,Android,2024-04-06,2024-04-07 18:21:00,2024-04-10 04:00:00,5.0,5.0,0.0,28644000.0,5728800.0,0,0,1,0,1,0,2,1,True,True,False,1,2.0,Within 7 days,2+ features,0 failed,2024-04
U03321,25-34,Tier 1,Mid,Organic,Android,2024-02-06,,,0.0,0.0,0.0,0.0,0.0,0,0,0,0,0,0,0,0,False,False,True,0,,No transaction,0 features,0 failed,2024-02
U03322,18-24,Tier 2,Mid,Paid Ads,Android,2024-02-11,,,0.0,0.0,0.0,0.0,0.0,0,0,0,0,0,0,0,0,False,False,True,0,,No transaction,0 features,0 failed,2024-02
U03323,35-44,Tier 1,Mid,Partnership,Android,2024-02-06,,,0.0,0.0,0.0,0.0,0.0,0,0,0,0,0,0,0,0,False,False,True,0,,No transaction,0 features,0 failed,2024-02
U03324,25-34,Tier 1,Mid,Organic,iOS,2024-03-23,,,0.0,0.0,0.0,0.0,0.0,0,0,0,0,0,0,0,0,False,False,True,0,,No transaction,0 features,0 failed,2024-03
U03325,35-44,Tier 1,Mid,Referral,Android,2024-01-08,,,0.0,0.0,0.0,0.0,0.0,0,0,0,0,0,0,0,0,False,False,True,0,,No transaction,0 features,0 failed,2024-01
U03326,35-44,Tier 3,Low,Referral,Android,2024-04-26,,,0.0,0.0,0.0,0.0,0.0,0,0,0,0,0,0,0,0,False,False,True,0,,No transaction,0 features,0 failed,2024-04
U03327,35-44,Tier 1,Mid,Paid Ads,iOS,2024-04-08,,,0.0,0.0,0.0,0.0,0.0,0,0,0,0,0,0,0,0,False,False,True,0,,No transaction,0 features,0 failed,2024-04
U03328,25-34,Tier 3,Low,Organic,Android,2024-01-12,,,0.0,0.0,0.0,0.0,0.0,0,0,0,0,0,0,0,0,False,False,True,0,,No transaction,0 features,0 failed,2024-01
U03329,18-24,Tier 3,Mid,Organic,Android,2024-03-24,2024-03-26 01:19:00,2024-04-07 00:00:00,14.0,12.0,2.0,88423000.0,6315928.571428572,1,1,1,1,1,0,5,1,True,False,True,1,11.0,After 7 days,2+ features,1-2 failed,2024-03
U03330,35-44,Tier 2,High,Paid Ads,Android,2024-03-14,,,0.0,0.0,0.0,0.0,0.0,0,0,0,0,0,0,0,0,False,False,True,0,,No transaction,0 features,0 failed,2024-03
U03331,25-34,Tier 2,Low,Partnership,Android,2024-01-30,,,0.0,0.0,0.0,0.0,0.0,0,0,0,0,0,0,0,0,False,False,True,0,,No transaction,0 features,0 failed,2024-01
U03332,35-44,Tier 2,Mid,Paid Ads,iOS,2024-03-09,,,0.0,0.0,0.0,0.0,0.0,0,0,0,0,0,0,0,0,False,False,True,0,,No transaction,0 features,0 failed,2024-03
U03333,18-24,Tier 3,Mid,Referral,iOS,2024-04-04,2024-04-05 12:13:00,2024-04-13 09:00:00,4.0,4.0,0.0,22006000.0,5501500.0,1,0,0,0,0,1,2,1,True,True,False,1,7.0,Within 7 days,2+ features,0 failed,2024-04
U03334,18-24,Tier 1,High,Referral,Android,2024-04-02,2024-04-03 08:18:00,2024-04-06 09:00:00,7.0,6.0,1.0,148993000.0,21284714.285714287,0,0,0,0,0,1,1,0,True,False,True,1,3.0,Within 7 days,1 feature,1-2 failed,2024-04
U03335,45-54,Tier 2,Mid,Referral,iOS,2024-04-18,,,0.0,0.0,0.0,0.0,0.0,0,0,0,0,0,0,0,0,False,False,True,0,,No transaction,0 features,0 failed,2024-04
U03336,35-44,Tier 2,Mid,Branch,iOS,2024-01-05,,,0.0,0.0,0.0,0.0,0.0,0,0,0,0,0,0,0,0,False,False,True,0,,No transaction,0 features,0 failed,2024-01
U03337,45-54,Tier 3,High,Partnership,Android,2024-04-26,,,0.0,0.0,0.0,0.0,0.0,0,0,0,0,0,0,0,0,False,False,True,0,,No transaction,0 features,0 failed,2024-04
U03338,35-44,Tier 2,Mid,Organic,iOS,2024-01-23,2024-01-23 20:11:00,2024-03-14 20:00:00,1.0,1.0,0.0,6445000.0,6445000.0,0,0,1,0,0,0,1,0,True,True,False,1,50.0,After 7 days,1 feature,0 failed,2024-01
U03339,25-34,Tier 2,Mid,Referral,Android,2024-02-23,2024-02-24 12:04:00,2024-03-05 21:00:00,3.0,2.0,1.0,5852000.0,1950666.6666666667,1,0,0,0,0,0,1,1,True,True,False,1,10.0,After 7 days,1 feature,1-2 failed,2024-02
U03340,35-44,Tier 2,Mid,Paid Ads,Android,2024-04-22,,,0.0,0.0,0.0,0.0,0.0,0,0,0,0,0,0,0,0,False,False,True,0,,No transaction,0 features,0 failed,2024-04
U03341,45-54,Tier 3,High,Paid Ads,Android,2024-04-17,,,0.0,0.0,0.0,0.0,0.0,0,0,0,0,0,0,0,0,False,False,True,0,,No transaction,0 features,0 failed,2024-04
U03342,25-34,Tier 2,Low,Paid Ads,Android,2024-01-23,,,0.0,0.0,0.0,0.0,0.0,0,0,0,0,0,0,0,0,False,False,True,0,,No transaction,0 features,0 failed,2024-01
U03343,25-34,Tier 1,Mid,Partnership,iOS,2024-01-05,2024-01-06 08:07:00,2024-01-09 02:00:00,10.0,10.0,0.0,52684000.0,5268400.0,1,0,0,0,0,0,1,1,True,True,False,1,2.0,Within 7 days,1 feature,0 failed,2024-01
U03344,18-24,Tier 2,Mid,Partnership,iOS,2024-04-17,,,0.0,0.0,0.0,0.0,0.0,0,0,0,0,0,0,0,0,False,False,True,0,,No transaction,0 features,0 failed,2024-04
U03345,25-34,Tier 3,Mid,Paid Ads,iOS,2024-02-20,,,0.0,0.0,0.0,0.0,0.0,0,0,0,0,0,0,0,0,False,False,True,0,,No transaction,0 features,0 failed,2024-02
U03346,35-44,Tier 2,Mid,Partnership,Android,2024-04-10,,,0.0,0.0,0.0,0.0,0.0,0,0,0,0,0,0,0,0,False,False,True,0,,No transaction,0 features,0 failed,2024-04
U03347,18-24,Tier 3,Mid,Partnership,Android,2024-03-04,,,0.0,0.0,0.0,0.0,0.0,0,0,0,0,0,0,0,0,False,False,True,0,,No transaction,0 features,0 failed,2024-03
U03348,18-24,Tier 1,Low,Partnership,Android,2024-01-24,,,0.0,0.0,0.0,0.0,0.0,0,0,0,0,0,0,0,0,False,False,True,0,,No transaction,0 features,0 failed,2024-01
U03349,25-34,Tier 2,Mid,Branch,Android,2024-04-05,2024-04-06 17:22:00,2024-04-07 16:00:00,6.0,5.0,1.0,17411000.0,2901833.3333333335,1,1,0,1,0,0,3,1,True,True,False,1,0.0,Within 7 days,2+ features,1-2 failed,2024-04
U03350,18-24,Tier 2,Mid,Referral,Android,2024-04-21,,,0.0,0.0,0.0,0.0,0.0,0,0,0,0,0,0,0,0,False,False,True,0,,No transaction,0 features,0 failed,2024-04
U03351,18-24,Tier 3,High,Referral,Android,2024-02-07,2024-02-08 03:12:00,,0.0,0.0,0.0,0.0,0.0,0,0,0,0,0,0,0,0,False,False,True,1,,No transaction,0 features,0 failed,2024-02
U03352,25-34,Tier 1,Low,Partnership,Android,2024-04-22,,,0.0,0.0,0.0,0.0,0.0,0,0,0,0,0,0,0,0,False,False,True,0,,No transaction,0 features,0 failed,2024-04
U03353,45-54,Tier 3,High,Partnership,Android,2024-01-05,,,0.0,0.0,0.0,0.0,0.0,0,0,0,0,0,0,0,0,False,False,True,0,,No transaction,0 features,0 failed,2024-01
U03354,25-34,Tier 2,Mid,Branch,Android,2024-01-02,2024-01-03 22:30:00,2024-01-06 10:00:00,15.0,13.0,2.0,78085000.0,5205666.666666667,1,1,0,1,1,1,5,1,True,True,False,1,2.0,Within 7 days,2+ features,1-2 failed,2024-01
U03355,18-24,Tier 1,Low,Organic,Android,2024-02-08,,,0.0,0.0,0.0,0.0,0.0,0,0,0,0,0,0,0,0,False,False,True,0,,No transaction,0 features,0 failed,2024-02
U03356,18-24,Tier 1,Mid,Paid Ads,iOS,2024-03-13,,,0.0,0.0,0.0,0.0,0.0,0,0,0,0,0,0,0,0,False,False,True,0,,No transaction,0 features,0 failed,2024-03
U03357,35-44,Tier 1,Low,Organic,Android,2024-03-18,2024-03-19 03:08:00,2024-03-25 13:00:00,5.0,4.0,1.0,5873000.0,1174600.0,1,0,0,0,0,1,2,1,True,False,True,1,6.0,Within 7 days,2+ features,1-2 failed,2024-03
U03358,25-34,Tier 2,High,Paid Ads,Android,2024-01-14,,,0.0,0.0,0.0,0.0,0.0,0,0,0,0,0,0,0,0,False,False,True,0,,No transaction,0 features,0 failed,2024-01
U03359,35-44,Tier 1,High,Organic,iOS,2024-02-12,,,0.0,0.0,0.0,0.0,0.0,0,0,0,0,0,0,0,0,False,False,True,0,,No transaction,0 features,0 failed,2024-02
U03360,35-44,Tier 1,Low,Organic,iOS,2024-02-06,2024-02-07 14:10:00,2024-02-27 11:00:00,6.0,6.0,0.0,6694000.0,1115666.6666666667,0,0,1,1,0,0,2,0,True,False,True,1,19.0,After 7 days,2+ features,0 failed,2024-02
U03361,35-44,Tier 3,Low,Organic,iOS,2024-02-28,,,0.0,0.0,0.0,0.0,0.0,0,0,0,0,0,0,0,0,False,False,True,0,,No transaction,0 features,0 failed,2024-02
U03362,18-24,Tier 1,Mid,Paid Ads,Android,2024-03-23,,,0.0,0.0,0.0,0.0,0.0,0,0,0,0,0,0,0,0,False,False,True,0,,No transaction,0 features,0 failed,2024-03
U03363,35-44,Tier 1,Mid,Referral,Android,2024-03-10,,,0.0,0.0,0.0,0.0,0.0,0,0,0,0,0,0,0,0,False,False,True,0,,No transaction,0 features,0 failed,2024-03
U03364,18-24,Tier 2,Mid,Organic,iOS,2024-03-08,,,0.0,0.0,0.0,0.0,0.0,0,0,0,0,0,0,0,0,False,False,True,0,,No transaction,0 features,0 failed,2024-03
U03365,45-54,Tier 2,Mid,Referral,iOS,2024-03-04,,,0.0,0.0,0.0,0.0,0.0,0,0,0,0,0,0,0,0,False,False,True,0,,No transaction,0 features,0 failed,2024-03
U03366,25-34,Tier 2,Mid,Organic,Android,2024-04-23,2024-04-24 00:10:00,2024-05-12 13:00:00,3.0,2.0,1.0,20004000.0,6668000.0,1,1,0,0,0,0,2,1,False,False,True,1,18.0,After 7 days,2+ features,1-2 failed,2024-04
U03367,25-34,Tier 1,Low,Branch,Android,2024-01-18,,,0.0,0.0,0.0,0.0,0.0,0,0,0,0,0,0,0,0,False,False,True,0,,No transaction,0 features,0 failed,2024-01
U03368,18-24,Tier 2,High,Referral,Android,2024-04-18,,,0.0,0.0,0.0,0.0,0.0,0,0,0,0,0,0,0,0,False,False,True,0,,No transaction,0 features,0 failed,2024-04
U03369,18-24,Tier 2,High,Referral,Android,2024-03-05,2024-03-05 20:10:00,2024-03-07 14:00:00,10.0,10.0,0.0,271918000.0,27191800.0,1,0,1,1,0,0,3,1,True,False,True,1,1.0,Within 7 days,2+ features,0 failed,2024-03
U03370,35-44,Tier 1,Mid,Partnership,Android,2024-02-29,,,0.0,0.0,0.0,0.0,0.0,0,0,0,0,0,0,0,0,False,False,True,0,,No transaction,0 features,0 failed,2024-02
U03371,18-24,Tier 1,High,Paid Ads,Android,2024-02-04,,,0.0,0.0,0.0,0.0,0.0,0,0,0,0,0,0,0,0,False,False,True,0,,No transaction,0 features,0 failed,2024-02
U03372,25-34,Tier 1,Low,Paid Ads,iOS,2024-01-25,,,0.0,0.0,0.0,0.0,0.0,0,0,0,0,0,0,0,0,False,False,True,0,,No transaction,0 features,0 failed,2024-01
U03373,18-24,Tier 1,Low,Paid Ads,Android,2024-04-13,,,0.0,0.0,0.0,0.0,0.0,0,0,0,0,0,0,0,0,False,False,True,0,,No transaction,0 features,0 failed,2024-04
U03374,35-44,Tier 2,Mid,Branch,iOS,2024-01-15,,,0.0,0.0,0.0,0.0,0.0,0,0,0,0,0,0,0,0,False,False,True,0,,No transaction,0 features,0 failed,2024-01
U03375,35-44,Tier 2,Mid,Organic,Android,2024-02-12,2024-02-13 16:19:00,,0.0,0.0,0.0,0.0,0.0,0,0,1,1,0,0,2,0,False,False,True,1,,No transaction,2+ features,0 failed,2024-02
U03376,35-44,Tier 1,Mid,Branch,Android,2024-01-21,,,0.0,0.0,0.0,0.0,0.0,0,0,0,0,0,0,0,0,False,False,True,0,,No transaction,0 features,0 failed,2024-01
U03377,35-44,Tier 1,High,Partnership,Android,2024-04-03,2024-04-04 08:19:00,2024-04-14 03:00:00,8.0,8.0,0.0,192121000.0,24015125.0,0,0,0,1,0,0,1,0,True,True,False,1,9.0,After 7 days,1 feature,0 failed,2024-04
U03378,18-24,Tier 1,High,Paid Ads,iOS,2024-02-28,,,0.0,0.0,0.0,0.0,0.0,0,0,0,0,0,0,0,0,False,False,True,0,,No transaction,0 features,0 failed,2024-02
U03379,18-24,Tier 2,Mid,Paid Ads,Android,2024-03-23,,,0.0,0.0,0.0,0.0,0.0,0,0,0,0,0,0,0,0,False,False,True,0,,No transaction,0 features,0 failed,2024-03
U03380,35-44,Tier 1,Mid,Paid Ads,Android,2024-02-02,,,0.0,0.0,0.0,0.0,0.0,0,0,0,0,0,0,0,0,False,False,True,0,,No transaction,0 features,0 failed,2024-02
U03381,25-34,Tier 2,Low,Organic,iOS,2024-04-01,2024-04-01 22:24:00,2024-04-02 15:00:00,8.0,8.0,0.0,7694000.0,961750.0,0,0,0,0,0,1,1,0,True,False,True,1,0.0,Within 7 days,1 feature,0 failed,2024-04
U03382,25-34,Tier 1,Low,Organic,Android,2024-01-24,2024-01-25 18:12:00,2024-02-11 13:00:00,11.0,10.0,1.0,13264000.0,1205818.1818181819,1,0,1,1,1,0,4,1,True,True,False,1,16.0,After 7 days,2+ features,1-2 failed,2024-01
U03383,18-24,Tier 2,Mid,Branch,iOS,2024-01-02,2024-01-03 13:26:00,2024-01-17 12:00:00,6.0,6.0,0.0,26608000.0,4434666.666666667,0,0,1,0,0,0,1,0,True,False,True,1,13.0,After 7 days,1 feature,0 failed,2024-01
U03384,18-24,Tier 3,Mid,Paid Ads,iOS,2024-04-04,,,0.0,0.0,0.0,0.0,0.0,0,0,0,0,0,0,0,0,False,False,True,0,,No transaction,0 features,0 failed,2024-04
U03385,18-24,Tier 1,Mid,Referral,iOS,2024-02-13,2024-02-14 06:15:00,2024-02-21 08:00:00,5.0,4.0,1.0,33937000.0,6787400.0,1,0,0,1,0,0,2,1,True,False,True,1,7.0,Within 7 days,2+ features,1-2 failed,2024-02
U03386,45-54,Tier 2,Mid,Partnership,Android,2024-04-11,,,0.0,0.0,0.0,0.0,0.0,0,0,0,0,0,0,0,0,False,False,True,0,,No transaction,0 features,0 failed,2024-04
U03387,18-24,Tier 3,Mid,Paid Ads,Android,2024-02-07,2024-02-08 02:10:00,2024-02-09 09:00:00,6.0,5.0,1.0,28356000.0,4726000.0,0,0,0,0,1,1,2,1,True,False,True,1,1.0,Within 7 days,2+ features,1-2 failed,2024-02
U03388,25-34,Tier 1,Low,Organic,iOS,2024-03-13,2024-03-14 15:06:00,,0.0,0.0,0.0,0.0,0.0,0,0,0,0,0,0,0,0,True,False,True,1,,No transaction,0 features,0 failed,2024-03
U03389,18-24,Tier 2,Mid,Paid Ads,Android,2024-03-27,2024-03-28 22:21:00,2024-04-08 08:00:00,5.0,5.0,0.0,20775000.0,4155000.0,0,0,1,0,0,0,1,0,True,False,True,1,10.0,After 7 days,1 feature,0 failed,2024-03
U03390,35-44,Tier 1,Low,Paid Ads,Android,2024-04-06,,,0.0,0.0,0.0,0.0,0.0,0,0,0,0,0,0,0,0,False,False,True,0,,No transaction,0 features,0 failed,2024-04
U03391,25-34,Tier 2,Low,Organic,iOS,2024-01-25,,,0.0,0.0,0.0,0.0,0.0,0,0,0,0,0,0,0,0,False,False,True,0,,No transaction,0 features,0 failed,2024-01
U03392,45-54,Tier 1,Mid,Branch,Android,2024-01-23,,,0.0,0.0,0.0,0.0,0.0,0,0,0,0,0,0,0,0,False,False,True,0,,No transaction,0 features,0 failed,2024-01
U03393,45-54,Tier 3,Low,Organic,iOS,2024-03-19,,,0.0,0.0,0.0,0.0,0.0,0,0,0,0,0,0,0,0,False,False,True,0,,No transaction,0 features,0 failed,2024-03
U03394,25-34,Tier 2,High,Paid Ads,iOS,2024-04-19,,,0.0,0.0,0.0,0.0,0.0,0,0,0,0,0,0,0,0,False,False,True,0,,No transaction,0 features,0 failed,2024-04
U03395,45-54,Tier 2,Low,Organic,iOS,2024-03-22,,,0.0,0.0,0.0,0.0,0.0,0,0,0,0,0,0,0,0,False,False,True,0,,No transaction,0 features,0 failed,2024-03
U03396,55+,Tier 2,Low,Paid Ads,Android,2024-04-24,,,0.0,0.0,0.0,0.0,0.0,0,0,0,0,0,0,0,0,False,False,True,0,,No transaction,0 features,0 failed,2024-04
U03397,35-44,Tier 2,Mid,Referral,Android,2024-02-21,,,0.0,0.0,0.0,0.0,0.0,0,0,0,0,0,0,0,0,False,False,True,0,,No transaction,0 features,0 failed,2024-02
U03398,35-44,Tier 1,Mid,Referral,Android,2024-04-15,,,0.0,0.0,0.0,0.0,0.0,0,0,0,0,0,0,0,0,False,False,True,0,,No transaction,0 features,0 failed,2024-04
U03399,18-24,Tier 3,Low,Partnership,Android,2024-02-24,2024-02-25 22:29:00,,1.0,0.0,1.0,1989000.0,1989000.0,0,0,1,0,0,0,1,0,False,False,True,1,,No transaction,1 feature,1-2 failed,2024-02
U03400,25-34,Tier 3,Low,Organic,Android,2024-03-06,,,0.0,0.0,0.0,0.0,0.0,0,0,0,0,0,0,0,0,False,False,True,0,,No transaction,0 features,0 failed,2024-03
U03401,18-24,Tier 2,High,Partnership,Android,2024-02-11,2024-02-11 15:07:00,2024-02-22 09:00:00,11.0,11.0,0.0,242274000.0,22024909.09090909,0,1,0,1,1,0,3,1,True,False,True,1,10.0,After 7 days,2+ features,0 failed,2024-02
U03402,18-24,Tier 3,Mid,Paid Ads,Android,2024-01-12,,,0.0,0.0,0.0,0.0,0.0,0,0,0,0,0,0,0,0,False,False,True,0,,No transaction,0 features,0 failed,2024-01
U03403,55+,Tier 2,Mid,Branch,Android,2024-02-21,,,0.0,0.0,0.0,0.0,0.0,0,0,0,0,0,0,0,0,False,False,True,0,,No transaction,0 features,0 failed,2024-02
U03404,25-34,Tier 2,Mid,Paid Ads,iOS,2024-03-26,,,0.0,0.0,0.0,0.0,0.0,0,0,0,0,0,0,0,0,False,False,True,0,,No transaction,0 features,0 failed,2024-03
U03405,35-44,Tier 2,Low,Organic,Android,2024-01-13,,,0.0,0.0,0.0,0.0,0.0,0,0,0,0,0,0,0,0,False,False,True,0,,No transaction,0 features,0 failed,2024-01
U03406,35-44,Tier 1,Mid,Organic,Android,2024-01-24,,,0.0,0.0,0.0,0.0,0.0,0,0,0,0,0,0,0,0,False,False,True,0,,No transaction,0 features,0 failed,2024-01
U03407,45-54,Tier 1,Mid,Partnership,Android,2024-01-18,,,0.0,0.0,0.0,0.0,0.0,0,0,0,0,0,0,0,0,False,False,True,0,,No transaction,0 features,0 failed,2024-01
U03408,55+,Tier 1,High,Partnership,iOS,2024-03-02,,,0.0,0.0,0.0,0.0,0.0,0,0,0,0,0,0,0,0,False,False,True,0,,No transaction,0 features,0 failed,2024-03
U03409,18-24,Tier 2,Low,Referral,Android,2024-02-11,2024-02-12 12:01:00,2024-02-17 23:00:00,5.0,5.0,0.0,3768000.0,753600.0,0,0,1,1,0,0,2,0,False,False,True,1,5.0,Within 7 days,2+ features,0 failed,2024-02
U03410,18-24,Tier 1,High,Paid Ads,Android,2024-02-01,,,0.0,0.0,0.0,0.0,0.0,0,0,0,0,0,0,0,0,False,False,True,0,,No transaction,0 features,0 failed,2024-02
U03411,25-34,Tier 1,Low,Paid Ads,Android,2024-01-01,,,0.0,0.0,0.0,0.0,0.0,0,0,0,0,0,0,0,0,False,False,True,0,,No transaction,0 features,0 failed,2024-01
U03412,18-24,Tier 3,Low,Branch,Android,2024-02-03,,,0.0,0.0,0.0,0.0,0.0,0,0,0,0,0,0,0,0,False,False,True,0,,No transaction,0 features,0 failed,2024-02
U03413,18-24,Tier 1,Low,Branch,iOS,2024-02-19,,,0.0,0.0,0.0,0.0,0.0,0,0,0,0,0,0,0,0,False,False,True,0,,No transaction,0 features,0 failed,2024-02
U03414,25-34,Tier 2,Low,Branch,iOS,2024-01-31,2024-02-01 21:05:00,2024-02-07 21:00:00,8.0,8.0,0.0,5174000.0,646750.0,1,0,1,1,0,0,3,1,False,False,True,1,5.0,Within 7 days,2+ features,0 failed,2024-01
U03415,35-44,Tier 1,High,Partnership,Android,2024-02-27,,,0.0,0.0,0.0,0.0,0.0,0,0,0,0,0,0,0,0,False,False,True,0,,No transaction,0 features,0 failed,2024-02
U03416,25-34,Tier 1,Mid,Branch,iOS,2024-04-06,,,0.0,0.0,0.0,0.0,0.0,0,0,0,0,0,0,0,0,False,False,True,0,,No transaction,0 features,0 failed,2024-04
U03417,25-34,Tier 2,Low,Organic,iOS,2024-02-04,,,0.0,0.0,0.0,0.0,0.0,0,0,0,0,0,0,0,0,False,False,True,0,,No transaction,0 features,0 failed,2024-02
U03418,35-44,Tier 2,High,Partnership,iOS,2024-02-12,,,0.0,0.0,0.0,0.0,0.0,0,0,0,0,0,0,0,0,False,False,True,0,,No transaction,0 features,0 failed,2024-02
U03419,18-24,Tier 2,High,Paid Ads,Android,2024-02-08,,,0.0,0.0,0.0,0.0,0.0,0,0,0,0,0,0,0,0,False,False,True,0,,No transaction,0 features,0 failed,2024-02
U03420,18-24,Tier 1,Mid,Branch,Android,2024-03-15,,,0.0,0.0,0.0,0.0,0.0,0,0,0,0,0,0,0,0,False,False,True,0,,No transaction,0 features,0 failed,2024-03
U03421,35-44,Tier 2,High,Paid Ads,Android,2024-04-02,,,0.0,0.0,0.0,0.0,0.0,0,0,0,0,0,0,0,0,False,False,True,0,,No transaction,0 features,0 failed,2024-04
U03422,25-34,Tier 1,Low,Organic,Android,2024-03-14,2024-03-15 18:22:00,2024-03-21 07:00:00,4.0,4.0,0.0,4838000.0,1209500.0,1,0,1,1,0,0,3,1,True,True,False,1,5.0,Within 7 days,2+ features,0 failed,2024-03
U03423,35-44,Tier 1,High,Paid Ads,Android,2024-01-02,,,0.0,0.0,0.0,0.0,0.0,0,0,0,0,0,0,0,0,False,False,True,0,,No transaction,0 features,0 failed,2024-01
U03424,18-24,Tier 1,Mid,Paid Ads,iOS,2024-02-03,2024-02-04 14:04:00,2024-02-22 01:00:00,3.0,2.0,1.0,22174000.0,7391333.333333333,0,0,1,0,0,0,1,0,False,False,True,1,17.0,After 7 days,1 feature,1-2 failed,2024-02
U03425,35-44,Tier 1,High,Organic,iOS,2024-03-24,,,0.0,0.0,0.0,0.0,0.0,0,0,0,0,0,0,0,0,False,False,True,0,,No transaction,0 features,0 failed,2024-03
U03426,25-34,Tier 1,Mid,Referral,iOS,2024-02-16,,,0.0,0.0,0.0,0.0,0.0,0,0,0,0,0,0,0,0,False,False,True,0,,No transaction,0 features,0 failed,2024-02
U03427,25-34,Tier 1,Mid,Paid Ads,Android,2024-03-29,,,0.0,0.0,0.0,0.0,0.0,0,0,0,0,0,0,0,0,False,False,True,0,,No transaction,0 features,0 failed,2024-03
U03428,25-34,Tier 3,Mid,Referral,Android,2024-01-31,,,0.0,0.0,0.0,0.0,0.0,0,0,0,0,0,0,0,0,False,False,True,0,,No transaction,0 features,0 failed,2024-01
U03429,45-54,Tier 1,Low,Referral,Android,2024-01-08,,,0.0,0.0,0.0,0.0,0.0,0,0,0,0,0,0,0,0,False,False,True,0,,No transaction,0 features,0 failed,2024-01
U03430,25-34,Tier 1,Mid,Organic,Android,2024-03-26,,,0.0,0.0,0.0,0.0,0.0,0,0,0,0,0,0,0,0,False,False,True,0,,No transaction,0 features,0 failed,2024-03
U03431,25-34,Tier 1,Low,Branch,iOS,2024-01-16,,,0.0,0.0,0.0,0.0,0.0,0,0,0,0,0,0,0,0,False,False,True,0,,No transaction,0 features,0 failed,2024-01
U03432,55+,Tier 2,High,Partnership,Android,2024-02-29,,,0.0,0.0,0.0,0.0,0.0,0,0,0,0,0,0,0,0,False,False,True,0,,No transaction,0 features,0 failed,2024-02
U03433,35-44,Tier 1,Low,Organic,iOS,2024-02-09,2024-02-10 01:26:00,2024-03-01 06:00:00,2.0,2.0,0.0,332000.0,166000.0,0,0,0,1,1,0,2,1,True,True,False,1,20.0,After 7 days,2+ features,0 failed,2024-02
U03434,25-34,Tier 3,Mid,Partnership,Android,2024-01-21,,,0.0,0.0,0.0,0.0,0.0,0,0,0,0,0,0,0,0,False,False,True,0,,No transaction,0 features,0 failed,2024-01
U03435,35-44,Tier 3,Mid,Paid Ads,Android,2024-02-21,,,0.0,0.0,0.0,0.0,0.0,0,0,0,0,0,0,0,0,False,False,True,0,,No transaction,0 features,0 failed,2024-02
U03436,25-34,Tier 1,High,Organic,Android,2024-03-28,2024-03-29 03:04:00,2024-03-30 10:00:00,9.0,8.0,1.0,241524000.0,26836000.0,0,1,1,0,1,0,3,1,False,False,True,1,1.0,Within 7 days,2+ features,1-2 failed,2024-03
U03437,18-24,Tier 2,Mid,Referral,Android,2024-03-05,2024-03-05 23:09:00,2024-03-06 19:00:00,14.0,13.0,1.0,56017000.0,4001214.285714286,0,0,1,0,1,1,3,1,False,False,True,1,0.0,Within 7 days,2+ features,1-2 failed,2024-03
U03438,25-34,Tier 1,Mid,Paid Ads,Android,2024-04-24,,,0.0,0.0,0.0,0.0,0.0,0,0,0,0,0,0,0,0,False,False,True,0,,No transaction,0 features,0 failed,2024-04
U03439,45-54,Tier 2,High,Paid Ads,Android,2024-04-23,2024-04-24 17:17:00,2024-06-17 03:00:00,1.0,1.0,0.0,1829000.0,1829000.0,0,0,0,1,0,1,2,0,False,False,True,1,53.0,After 7 days,2+ features,0 failed,2024-04
U03440,45-54,Tier 1,Mid,Partnership,Android,2024-03-31,2024-04-01 15:17:00,2024-04-02 04:00:00,8.0,7.0,1.0,33476000.0,4184500.0,0,1,0,1,1,0,3,1,True,False,True,1,0.0,Within 7 days,2+ features,1-2 failed,2024-03
U03441,25-34,Tier 1,Mid,Referral,iOS,2024-04-08,,,0.0,0.0,0.0,0.0,0.0,0,0,0,0,0,0,0,0,False,False,True,0,,No transaction,0 features,0 failed,2024-04
U03442,25-34,Tier 1,Mid,Organic,iOS,2024-02-09,,,0.0,0.0,0.0,0.0,0.0,0,0,0,0,0,0,0,0,False,False,True,0,,No transaction,0 features,0 failed,2024-02
U03443,18-24,Tier 2,High,Branch,iOS,2024-03-29,2024-03-30 08:24:00,,0.0,0.0,0.0,0.0,0.0,0,0,0,0,0,0,0,0,False,False,True,1,,No transaction,0 features,0 failed,2024-03
U03444,55+,Tier 1,Mid,Organic,iOS,2024-01-16,,,0.0,0.0,0.0,0.0,0.0,0,0,0,0,0,0,0,0,False,False,True,0,,No transaction,0 features,0 failed,2024-01
U03445,55+,Tier 1,Low,Paid Ads,iOS,2024-03-22,,,0.0,0.0,0.0,0.0,0.0,0,0,0,0,0,0,0,0,False,False,True,0,,No transaction,0 features,0 failed,2024-03
U03446,25-34,Tier 2,High,Organic,Android,2024-02-07,,,0.0,0.0,0.0,0.0,0.0,0,0,0,0,0,0,0,0,False,False,True,0,,No transaction,0 features,0 failed,2024-02
U03447,35-44,Tier 2,Mid,Referral,Android,2024-02-17,,,0.0,0.0,0.0,0.0,0.0,0,0,0,0,0,0,0,0,False,False,True,0,,No transaction,0 features,0 failed,2024-02
U03448,35-44,Tier 3,Mid,Referral,Android,2024-03-19,2024-03-19 23:27:00,2024-03-27 09:00:00,5.0,5.0,0.0,32513000.0,6502600.0,1,0,0,0,1,1,3,1,True,True,False,1,7.0,Within 7 days,2+ features,0 failed,2024-03
U03449,25-34,Tier 1,High,Organic,iOS,2024-01-29,2024-01-30 03:12:00,,0.0,0.0,0.0,0.0,0.0,0,0,0,0,0,1,1,0,False,False,True,1,,No transaction,1 feature,0 failed,2024-01
U03450,18-24,Tier 2,Low,Referral,Android,2024-01-29,2024-01-30 02:30:00,2024-02-03 18:00:00,10.0,10.0,0.0,10484000.0,1048400.0,1,0,0,0,1,0,2,1,True,True,False,1,4.0,Within 7 days,2+ features,0 failed,2024-01
U03451,25-34,Tier 2,Mid,Organic,Android,2024-01-18,,,0.0,0.0,0.0,0.0,0.0,0,0,0,0,0,0,0,0,False,False,True,0,,No transaction,0 features,0 failed,2024-01
U03452,35-44,Tier 1,Mid,Paid Ads,iOS,2024-03-02,2024-03-03 01:25:00,2024-03-05 20:00:00,8.0,8.0,0.0,37986000.0,4748250.0,0,0,1,0,0,0,1,0,False,False,True,1,2.0,Within 7 days,1 feature,0 failed,2024-03
U03453,35-44,Tier 2,High,Paid Ads,Android,2024-01-20,,,0.0,0.0,0.0,0.0,0.0,0,0,0,0,0,0,0,0,False,False,True,0,,No transaction,0 features,0 failed,2024-01
U03454,25-34,Tier 1,Low,Organic,iOS,2024-02-28,,,0.0,0.0,0.0,0.0,0.0,0,0,0,0,0,0,0,0,False,False,True,0,,No transaction,0 features,0 failed,2024-02
U03455,45-54,Tier 3,Mid,Partnership,iOS,2024-04-05,,,0.0,0.0,0.0,0.0,0.0,0,0,0,0,0,0,0,0,False,False,True,0,,No transaction,0 features,0 failed,2024-04
U03456,18-24,Tier 1,High,Organic,Android,2024-03-18,,,0.0,0.0,0.0,0.0,0.0,0,0,0,0,0,0,0,0,False,False,True,0,,No transaction,0 features,0 failed,2024-03
U03457,25-34,Tier 2,Low,Organic,iOS,2024-02-17,,,0.0,0.0,0.0,0.0,0.0,0,0,0,0,0,0,0,0,False,False,True,0,,No transaction,0 features,0 failed,2024-02
U03458,35-44,Tier 1,Low,Paid Ads,iOS,2024-02-23,,,0.0,0.0,0.0,0.0,0.0,0,0,0,0,0,0,0,0,False,False,True,0,,No transaction,0 features,0 failed,2024-02
U03459,35-44,Tier 3,High,Paid Ads,Android,2024-03-30,,,0.0,0.0,0.0,0.0,0.0,0,0,0,0,0,0,0,0,False,False,True,0,,No transaction,0 features,0 failed,2024-03
U03460,25-34,Tier 1,Low,Paid Ads,iOS,2024-03-11,,,0.0,0.0,0.0,0.0,0.0,0,0,0,0,0,0,0,0,False,False,True,0,,No transaction,0 features,0 failed,2024-03
U03461,18-24,Tier 3,High,Organic,iOS,2024-04-26,2024-04-27 10:20:00,2024-05-02 03:00:00,8.0,8.0,0.0,142377000.0,17797125.0,1,1,1,0,0,1,4,1,True,True,False,1,4.0,Within 7 days,2+ features,0 failed,2024-04
U03462,18-24,Tier 3,Low,Partnership,Android,2024-03-01,,,0.0,0.0,0.0,0.0,0.0,0,0,0,0,0,0,0,0,False,False,True,0,,No transaction,0 features,0 failed,2024-03
U03463,25-34,Tier 1,Mid,Paid Ads,Android,2024-04-06,,,0.0,0.0,0.0,0.0,0.0,0,0,0,0,0,0,0,0,False,False,True,0,,No transaction,0 features,0 failed,2024-04
U03464,25-34,Tier 3,Mid,Organic,Android,2024-03-09,,,0.0,0.0,0.0,0.0,0.0,0,0,0,0,0,0,0,0,False,False,True,0,,No transaction,0 features,0 failed,2024-03
U03465,18-24,Tier 3,Mid,Referral,Android,2024-04-12,2024-04-13 19:06:00,2024-04-16 09:00:00,7.0,6.0,1.0,38782000.0,5540285.714285715,0,0,1,0,0,1,2,0,True,False,True,1,2.0,Within 7 days,2+ features,1-2 failed,2024-04
U03466,35-44,Tier 1,Mid,Partnership,Android,2024-03-26,,,0.0,0.0,0.0,0.0,0.0,0,0,0,0,0,0,0,0,False,False,True,0,,No transaction,0 features,0 failed,2024-03
U03467,25-34,Tier 1,Mid,Paid Ads,iOS,2024-04-15,,,0.0,0.0,0.0,0.0,0.0,0,0,0,0,0,0,0,0,False,False,True,0,,No transaction,0 features,0 failed,2024-04
U03468,35-44,Tier 2,High,Organic,Android,2024-01-28,2024-01-29 18:01:00,2024-02-18 17:00:00,6.0,5.0,1.0,108247000.0,18041166.666666668,1,0,0,1,0,1,3,1,True,True,False,1,19.0,After 7 days,2+ features,1-2 failed,2024-01
U03469,35-44,Tier 1,Low,Referral,iOS,2024-04-07,,,0.0,0.0,0.0,0.0,0.0,0,0,0,0,0,0,0,0,False,False,True,0,,No transaction,0 features,0 failed,2024-04
U03470,18-24,Tier 1,Mid,Organic,Android,2024-02-01,,,0.0,0.0,0.0,0.0,0.0,0,0,0,0,0,0,0,0,False,False,True,0,,No transaction,0 features,0 failed,2024-02
U03471,18-24,Tier 1,Low,Paid Ads,Android,2024-03-28,2024-03-29 18:15:00,2024-04-03 21:00:00,6.0,6.0,0.0,6855000.0,1142500.0,0,0,1,1,1,0,3,1,True,False,True,1,5.0,Within 7 days,2+ features,0 failed,2024-03
U03472,35-44,Tier 1,Mid,Partnership,Android,2024-04-06,,,0.0,0.0,0.0,0.0,0.0,0,0,0,0,0,0,0,0,False,False,True,0,,No transaction,0 features,0 failed,2024-04
U03473,25-34,Tier 1,Low,Referral,iOS,2024-03-17,,,0.0,0.0,0.0,0.0,0.0,0,0,0,0,0,0,0,0,False,False,True,0,,No transaction,0 features,0 failed,2024-03
U03474,35-44,Tier 1,Mid,Referral,Android,2024-04-21,2024-04-22 19:30:00,2024-05-10 21:00:00,5.0,4.0,1.0,22429000.0,4485800.0,1,0,1,1,1,0,4,1,True,True,False,1,18.0,After 7 days,2+ features,1-2 failed,2024-04
U03475,35-44,Tier 3,Mid,Branch,Android,2024-04-10,2024-04-11 18:14:00,2024-04-13 11:00:00,15.0,15.0,0.0,56449000.0,3763266.6666666665,1,1,0,0,0,1,3,1,True,False,True,1,1.0,Within 7 days,2+ features,0 failed,2024-04
U03476,35-44,Tier 2,Low,Paid Ads,iOS,2024-01-11,,,0.0,0.0,0.0,0.0,0.0,0,0,0,0,0,0,0,0,False,False,True,0,,No transaction,0 features,0 failed,2024-01
U03477,55+,Tier 1,Low,Paid Ads,Android,2024-03-08,2024-03-09 06:14:00,2024-03-17 22:00:00,6.0,5.0,1.0,4059000.0,676500.0,0,0,0,0,1,0,1,1,False,False,True,1,8.0,After 7 days,1 feature,1-2 failed,2024-03
U03478,25-34,Tier 2,Mid,Referral,Android,2024-02-27,,,0.0,0.0,0.0,0.0,0.0,0,0,0,0,0,0,0,0,False,False,True,0,,No transaction,0 features,0 failed,2024-02
U03479,25-34,Tier 2,Mid,Paid Ads,Android,2024-03-08,,,0.0,0.0,0.0,0.0,0.0,0,0,0,0,0,0,0,0,False,False,True,0,,No transaction,0 features,0 failed,2024-03
U03480,25-34,Tier 3,High,Paid Ads,iOS,2024-03-31,,,0.0,0.0,0.0,0.0,0.0,0,0,0,0,0,0,0,0,False,False,True,0,,No transaction,0 features,0 failed,2024-03
U03481,18-24,Tier 1,Mid,Referral,Android,2024-02-16,,,0.0,0.0,0.0,0.0,0.0,0,0,0,0,0,0,0,0,False,False,True,0,,No transaction,0 features,0 failed,2024-02
U03482,25-34,Tier 1,Low,Branch,Android,2024-01-10,,,0.0,0.0,0.0,0.0,0.0,0,0,0,0,0,0,0,0,False,False,True,0,,No transaction,0 features,0 failed,2024-01
U03483,18-24,Tier 3,Mid,Partnership,Android,2024-03-13,,,0.0,0.0,0.0,0.0,0.0,0,0,0,0,0,0,0,0,False,False,True,0,,No transaction,0 features,0 failed,2024-03
U03484,45-54,Tier 3,Low,Paid Ads,iOS,2024-01-15,,,0.0,0.0,0.0,0.0,0.0,0,0,0,0,0,0,0,0,False,False,True,0,,No transaction,0 features,0 failed,2024-01
U03485,25-34,Tier 2,Mid,Paid Ads,Android,2024-01-08,2024-01-08 21:20:00,2024-01-20 21:00:00,10.0,9.0,1.0,53091000.0,5309100.0,1,0,1,0,1,1,4,1,False,False,True,1,11.0,After 7 days,2+ features,1-2 failed,2024-01
U03486,25-34,Tier 2,High,Paid Ads,Android,2024-04-16,,,0.0,0.0,0.0,0.0,0.0,0,0,0,0,0,0,0,0,False,False,True,0,,No transaction,0 features,0 failed,2024-04
U03487,25-34,Tier 1,Mid,Organic,Android,2024-03-11,,,0.0,0.0,0.0,0.0,0.0,0,0,0,0,0,0,0,0,False,False,True,0,,No transaction,0 features,0 failed,2024-03
U03488,18-24,Tier 2,Mid,Referral,Android,2024-04-25,2024-04-26 04:19:00,2024-05-20 12:00:00,6.0,6.0,0.0,21630000.0,3605000.0,0,1,0,0,1,0,2,1,True,False,True,1,24.0,After 7 days,2+ features,0 failed,2024-04
U03489,18-24,Tier 1,Low,Partnership,iOS,2024-03-05,,,0.0,0.0,0.0,0.0,0.0,0,0,0,0,0,0,0,0,False,False,True,0,,No transaction,0 features,0 failed,2024-03
U03490,25-34,Tier 1,Mid,Paid Ads,Android,2024-01-26,2024-01-27 10:18:00,2024-02-19 04:00:00,4.0,4.0,0.0,17561000.0,4390250.0,0,1,0,1,0,0,2,0,True,False,True,1,22.0,After 7 days,2+ features,0 failed,2024-01
U03491,18-24,Tier 3,High,Partnership,iOS,2024-03-14,2024-03-15 06:12:00,2024-03-16 04:00:00,14.0,13.0,1.0,294401000.0,21028642.85714286,1,1,0,1,0,1,4,1,False,False,True,1,0.0,Within 7 days,2+ features,1-2 failed,2024-03
U03492,25-34,Tier 1,Low,Organic,iOS,2024-03-09,,,0.0,0.0,0.0,0.0,0.0,0,0,0,0,0,0,0,0,False,False,True,0,,No transaction,0 features,0 failed,2024-03
U03493,45-54,Tier 2,Low,Paid Ads,iOS,2024-01-20,2024-01-21 22:28:00,2024-03-13 04:00:00,1.0,1.0,0.0,1873000.0,1873000.0,0,0,1,0,0,0,1,0,False,False,True,1,51.0,After 7 days,1 feature,0 failed,2024-01
U03494,45-54,Tier 3,Mid,Paid Ads,Android,2024-01-22,,,0.0,0.0,0.0,0.0,0.0,0,0,0,0,0,0,0,0,False,False,True,0,,No transaction,0 features,0 failed,2024-01
U03495,35-44,Tier 1,Mid,Paid Ads,iOS,2024-02-11,2024-02-11 22:09:00,2024-03-18 15:00:00,2.0,2.0,0.0,8073000.0,4036500.0,0,0,1,0,0,0,1,0,True,False,True,1,35.0,After 7 days,1 feature,0 failed,2024-02
U03496,18-24,Tier 3,Mid,Partnership,Android,2024-04-19,,,0.0,0.0,0.0,0.0,0.0,0,0,0,0,0,0,0,0,False,False,True,0,,No transaction,0 features,0 failed,2024-04
U03497,45-54,Tier 3,High,Branch,iOS,2024-03-07,,,0.0,0.0,0.0,0.0,0.0,0,0,0,0,0,0,0,0,False,False,True,0,,No transaction,0 features,0 failed,2024-03
U03498,45-54,Tier 2,Low,Organic,Android,2024-02-26,,,0.0,0.0,0.0,0.0,0.0,0,0,0,0,0,0,0,0,False,False,True,0,,No transaction,0 features,0 failed,2024-02
U03499,18-24,Tier 1,Mid,Organic,iOS,2024-01-15,,,0.0,0.0,0.0,0.0,0.0,0,0,0,0,0,0,0,0,False,False,True,0,,No transaction,0 features,0 failed,2024-01
U03500,35-44,Tier 1,Mid,Organic,Android,2024-03-28,2024-03-28 20:25:00,2024-04-06 14:00:00,4.0,3.0,1.0,16609000.0,4152250.0,0,0,0,1,0,1,2,0,True,True,False,1,8.0,After 7 days,2+ features,1-2 failed,2024-03
U03501,18-24,Tier 1,Low,Paid Ads,iOS,2024-01-27,,,0.0,0.0,0.0,0.0,0.0,0,0,0,0,0,0,0,0,False,False,True,0,,No transaction,0 features,0 failed,2024-01
U03502,35-44,Tier 1,Mid,Referral,iOS,2024-04-01,,,0.0,0.0,0.0,0.0,0.0,0,0,0,0,0,0,0,0,False,False,True,0,,No transaction,0 features,0 failed,2024-04
U03503,55+,Tier 1,Low,Paid Ads,iOS,2024-03-15,2024-03-16 05:10:00,2024-03-24 19:00:00,10.0,8.0,2.0,8999000.0,899900.0,0,1,0,1,0,1,3,0,True,False,True,1,8.0,After 7 days,2+ features,1-2 failed,2024-03
U03504,18-24,Tier 3,Low,Referral,iOS,2024-03-03,2024-03-04 13:13:00,2024-03-06 02:00:00,12.0,12.0,0.0,13247000.0,1103916.6666666667,0,1,0,1,0,0,2,0,True,False,True,1,1.0,Within 7 days,2+ features,0 failed,2024-03
U03505,45-54,Tier 1,Low,Paid Ads,Android,2024-01-12,,,0.0,0.0,0.0,0.0,0.0,0,0,0,0,0,0,0,0,False,False,True,0,,No transaction,0 features,0 failed,2024-01
U03506,25-34,Tier 2,High,Partnership,Android,2024-04-25,,,0.0,0.0,0.0,0.0,0.0,0,0,0,0,0,0,0,0,False,False,True,0,,No transaction,0 features,0 failed,2024-04
U03507,55+,Tier 1,Mid,Paid Ads,iOS,2024-03-06,,,0.0,0.0,0.0,0.0,0.0,0,0,0,0,0,0,0,0,False,False,True,0,,No transaction,0 features,0 failed,2024-03
U03508,25-34,Tier 2,Mid,Paid Ads,iOS,2024-02-27,,,0.0,0.0,0.0,0.0,0.0,0,0,0,0,0,0,0,0,False,False,True,0,,No transaction,0 features,0 failed,2024-02
U03509,35-44,Tier 3,Mid,Organic,Android,2024-04-13,,,0.0,0.0,0.0,0.0,0.0,0,0,0,0,0,0,0,0,False,False,True,0,,No transaction,0 features,0 failed,2024-04
U03510,18-24,Tier 1,Mid,Referral,Android,2024-01-08,,,0.0,0.0,0.0,0.0,0.0,0,0,0,0,0,0,0,0,False,False,True,0,,No transaction,0 features,0 failed,2024-01
U03511,25-34,Tier 1,Mid,Paid Ads,Android,2024-02-28,,,0.0,0.0,0.0,0.0,0.0,0,0,0,0,0,0,0,0,False,False,True,0,,No transaction,0 features,0 failed,2024-02
U03512,18-24,Tier 2,High,Paid Ads,Android,2024-01-17,,,0.0,0.0,0.0,0.0,0.0,0,0,0,0,0,0,0,0,False,False,True,0,,No transaction,0 features,0 failed,2024-01
U03513,55+,Tier 2,Mid,Branch,Android,2024-03-06,,,0.0,0.0,0.0,0.0,0.0,0,0,0,0,0,0,0,0,False,False,True,0,,No transaction,0 features,0 failed,2024-03
U03514,35-44,Tier 2,Mid,Branch,Android,2024-02-23,2024-02-24 09:21:00,2024-02-26 16:00:00,8.0,8.0,0.0,48138000.0,6017250.0,0,0,1,1,1,0,3,1,False,False,True,1,2.0,Within 7 days,2+ features,0 failed,2024-02
U03515,45-54,Tier 1,Low,Partnership,Android,2024-02-28,,,0.0,0.0,0.0,0.0,0.0,0,0,0,0,0,0,0,0,False,False,True,0,,No transaction,0 features,0 failed,2024-02
U03516,45-54,Tier 1,Mid,Referral,Android,2024-03-13,,,0.0,0.0,0.0,0.0,0.0,0,0,0,0,0,0,0,0,False,False,True,0,,No transaction,0 features,0 failed,2024-03
U03517,18-24,Tier 3,Mid,Paid Ads,Android,2024-01-08,2024-01-09 15:04:00,2024-01-28 05:00:00,5.0,5.0,0.0,28157000.0,5631400.0,0,1,1,0,0,0,2,0,True,False,True,1,18.0,After 7 days,2+ features,0 failed,2024-01
U03518,25-34,Tier 3,High,Referral,Android,2024-03-12,2024-03-13 17:26:00,2024-03-24 08:00:00,5.0,5.0,0.0,190811000.0,38162200.0,0,0,1,1,0,0,2,0,True,False,True,1,10.0,After 7 days,2+ features,0 failed,2024-03
U03519,18-24,Tier 2,Low,Organic,Android,2024-02-29,,,0.0,0.0,0.0,0.0,0.0,0,0,0,0,0,0,0,0,False,False,True,0,,No transaction,0 features,0 failed,2024-02
U03520,18-24,Tier 3,Low,Referral,iOS,2024-03-27,2024-03-28 19:22:00,2024-04-03 12:00:00,9.0,9.0,0.0,8130000.0,903333.3333333334,1,1,0,1,0,0,3,1,True,False,True,1,5.0,Within 7 days,2+ features,0 failed,2024-03
U03521,18-24,Tier 2,Mid,Organic,Android,2024-04-13,,,0.0,0.0,0.0,0.0,0.0,0,0,0,0,0,0,0,0,False,False,True,0,,No transaction,0 features,0 failed,2024-04
U03522,25-34,Tier 1,Low,Referral,iOS,2024-02-09,,,0.0,0.0,0.0,0.0,0.0,0,0,0,0,0,0,0,0,False,False,True,0,,No transaction,0 features,0 failed,2024-02
U03523,18-24,Tier 1,Low,Paid Ads,iOS,2024-04-02,,,0.0,0.0,0.0,0.0,0.0,0,0,0,0,0,0,0,0,False,False,True,0,,No transaction,0 features,0 failed,2024-04
U03524,18-24,Tier 1,High,Branch,Android,2024-01-03,2024-01-04 14:17:00,2024-01-17 19:00:00,2.0,2.0,0.0,54261000.0,27130500.0,1,0,0,0,0,0,1,1,True,True,False,1,13.0,After 7 days,1 feature,0 failed,2024-01
U03525,18-24,Tier 2,Mid,Referral,Android,2024-02-20,,,0.0,0.0,0.0,0.0,0.0,0,0,0,0,0,0,0,0,False,False,True,0,,No transaction,0 features,0 failed,2024-02
U03526,18-24,Tier 1,High,Branch,Android,2024-02-02,2024-02-02 17:16:00,2024-02-04 14:00:00,7.0,7.0,0.0,173538000.0,24791142.85714286,0,1,1,0,0,1,3,0,True,False,True,1,1.0,Within 7 days,2+ features,0 failed,2024-02
U03527,55+,Tier 1,High,Organic,Android,2024-04-14,,,0.0,0.0,0.0,0.0,0.0,0,0,0,0,0,0,0,0,False,False,True,0,,No transaction,0 features,0 failed,2024-04
U03528,35-44,Tier 2,Low,Organic,Android,2024-01-01,2024-01-01 23:07:00,2024-01-09 19:00:00,9.0,9.0,0.0,12252000.0,1361333.3333333333,0,0,1,1,1,0,3,1,True,True,False,1,7.0,Within 7 days,2+ features,0 failed,2024-01
U03529,55+,Tier 2,Mid,Paid Ads,Android,2024-04-05,,,0.0,0.0,0.0,0.0,0.0,0,0,0,0,0,0,0,0,False,False,True,0,,No transaction,0 features,0 failed,2024-04
U03530,25-34,Tier 2,Low,Paid Ads,Android,2024-01-28,,,0.0,0.0,0.0,0.0,0.0,0,0,0,0,0,0,0,0,False,False,True,0,,No transaction,0 features,0 failed,2024-01
U03531,18-24,Tier 3,High,Organic,Android,2024-03-15,2024-03-16 20:10:00,,0.0,0.0,0.0,0.0,0.0,1,1,0,0,0,0,2,1,False,False,True,1,,No transaction,2+ features,0 failed,2024-03
U03532,35-44,Tier 1,Mid,Organic,iOS,2024-01-10,,,0.0,0.0,0.0,0.0,0.0,0,0,0,0,0,0,0,0,False,False,True,0,,No transaction,0 features,0 failed,2024-01
U03533,25-34,Tier 2,Mid,Paid Ads,Android,2024-01-06,,,0.0,0.0,0.0,0.0,0.0,0,0,0,0,0,0,0,0,False,False,True,0,,No transaction,0 features,0 failed,2024-01
U03534,18-24,Tier 2,Mid,Referral,iOS,2024-02-24,2024-02-25 05:03:00,2024-02-29 13:00:00,1.0,1.0,0.0,3378000.0,3378000.0,0,0,1,0,0,0,1,0,True,True,False,1,4.0,Within 7 days,1 feature,0 failed,2024-02
U03535,18-24,Tier 2,Mid,Paid Ads,Android,2024-02-14,2024-02-15 08:06:00,,0.0,0.0,0.0,0.0,0.0,0,0,0,0,0,0,0,0,False,False,True,1,,No transaction,0 features,0 failed,2024-02
U03536,18-24,Tier 1,Low,Paid Ads,Android,2024-03-30,,,0.0,0.0,0.0,0.0,0.0,0,0,0,0,0,0,0,0,False,False,True,0,,No transaction,0 features,0 failed,2024-03
U03537,18-24,Tier 1,Mid,Organic,Android,2024-01-09,2024-01-10 10:26:00,2024-01-11 14:00:00,7.0,5.0,2.0,26306000.0,3758000.0,1,1,0,1,0,0,3,1,True,False,True,1,1.0,Within 7 days,2+ features,1-2 failed,2024-01
U03538,25-34,Tier 3,Mid,Partnership,iOS,2024-03-10,,,0.0,0.0,0.0,0.0,0.0,0,0,0,0,0,0,0,0,False,False,True,0,,No transaction,0 features,0 failed,2024-03
U03539,35-44,Tier 2,High,Referral,Android,2024-01-08,,,0.0,0.0,0.0,0.0,0.0,0,0,0,0,0,0,0,0,False,False,True,0,,No transaction,0 features,0 failed,2024-01
U03540,18-24,Tier 3,Mid,Paid Ads,Android,2024-04-24,,,0.0,0.0,0.0,0.0,0.0,0,0,0,0,0,0,0,0,False,False,True,0,,No transaction,0 features,0 failed,2024-04
U03541,18-24,Tier 2,Mid,Partnership,iOS,2024-01-09,,,0.0,0.0,0.0,0.0,0.0,0,0,0,0,0,0,0,0,False,False,True,0,,No transaction,0 features,0 failed,2024-01
U03542,35-44,Tier 2,High,Branch,Android,2024-03-01,,,0.0,0.0,0.0,0.0,0.0,0,0,0,0,0,0,0,0,False,False,True,0,,No transaction,0 features,0 failed,2024-03
U03543,18-24,Tier 3,Low,Paid Ads,Android,2024-01-05,,,0.0,0.0,0.0,0.0,0.0,0,0,0,0,0,0,0,0,False,False,True,0,,No transaction,0 features,0 failed,2024-01
U03544,25-34,Tier 2,High,Paid Ads,iOS,2024-02-06,2024-02-07 09:23:00,,0.0,0.0,0.0,0.0,0.0,0,0,0,0,1,0,1,1,True,False,True,1,,No transaction,1 feature,0 failed,2024-02
U03545,45-54,Tier 1,Low,Referral,iOS,2024-02-22,,,0.0,0.0,0.0,0.0,0.0,0,0,0,0,0,0,0,0,False,False,True,0,,No transaction,0 features,0 failed,2024-02
U03546,18-24,Tier 2,Mid,Paid Ads,Android,2024-01-24,,,0.0,0.0,0.0,0.0,0.0,0,0,0,0,0,0,0,0,False,False,True,0,,No transaction,0 features,0 failed,2024-01
U03547,18-24,Tier 3,Mid,Paid Ads,Android,2024-04-08,,,0.0,0.0,0.0,0.0,0.0,0,0,0,0,0,0,0,0,False,False,True,0,,No transaction,0 features,0 failed,2024-04
U03548,25-34,Tier 1,Mid,Referral,iOS,2024-01-18,,,0.0,0.0,0.0,0.0,0.0,0,0,0,0,0,0,0,0,False,False,True,0,,No transaction,0 features,0 failed,2024-01
U03549,25-34,Tier 1,High,Partnership,iOS,2024-04-08,2024-04-09 10:02:00,2024-04-11 02:00:00,7.0,7.0,0.0,241714000.0,34530571.428571425,0,1,0,0,1,0,2,1,True,True,False,1,1.0,Within 7 days,2+ features,0 failed,2024-04
U03550,25-34,Tier 1,Low,Organic,Android,2024-03-23,,,0.0,0.0,0.0,0.0,0.0,0,0,0,0,0,0,0,0,False,False,True,0,,No transaction,0 features,0 failed,2024-03
U03551,35-44,Tier 3,Mid,Partnership,iOS,2024-04-03,,,0.0,0.0,0.0,0.0,0.0,0,0,0,0,0,0,0,0,False,False,True,0,,No transaction,0 features,0 failed,2024-04
U03552,18-24,Tier 1,Mid,Partnership,Android,2024-03-23,,,0.0,0.0,0.0,0.0,0.0,0,0,0,0,0,0,0,0,False,False,True,0,,No transaction,0 features,0 failed,2024-03
U03553,25-34,Tier 2,High,Paid Ads,Android,2024-02-23,,,0.0,0.0,0.0,0.0,0.0,0,0,0,0,0,0,0,0,False,False,True,0,,No transaction,0 features,0 failed,2024-02
U03554,25-34,Tier 1,Low,Paid Ads,Android,2024-02-17,,,0.0,0.0,0.0,0.0,0.0,0,0,0,0,0,0,0,0,False,False,True,0,,No transaction,0 features,0 failed,2024-02
U03555,18-24,Tier 1,High,Referral,Android,2024-04-24,,,0.0,0.0,0.0,0.0,0.0,0,0,0,0,0,0,0,0,False,False,True,0,,No transaction,0 features,0 failed,2024-04
U03556,25-34,Tier 2,Mid,Branch,Android,2024-02-18,,,0.0,0.0,0.0,0.0,0.0,0,0,0,0,0,0,0,0,False,False,True,0,,No transaction,0 features,0 failed,2024-02
U03557,18-24,Tier 1,Low,Organic,Android,2024-02-27,,,0.0,0.0,0.0,0.0,0.0,0,0,0,0,0,0,0,0,False,False,True,0,,No transaction,0 features,0 failed,2024-02
U03558,25-34,Tier 2,Mid,Paid Ads,Android,2024-04-21,,,0.0,0.0,0.0,0.0,0.0,0,0,0,0,0,0,0,0,False,False,True,0,,No transaction,0 features,0 failed,2024-04
U03559,18-24,Tier 2,Low,Paid Ads,Android,2024-04-26,,,0.0,0.0,0.0,0.0,0.0,0,0,0,0,0,0,0,0,False,False,True,0,,No transaction,0 features,0 failed,2024-04
U03560,25-34,Tier 3,Mid,Branch,Android,2024-02-18,2024-02-19 07:17:00,,0.0,0.0,0.0,0.0,0.0,0,0,0,1,0,0,1,0,True,True,False,1,,No transaction,1 feature,0 failed,2024-02
U03561,25-34,Tier 1,Low,Partnership,iOS,2024-02-18,,,0.0,0.0,0.0,0.0,0.0,0,0,0,0,0,0,0,0,False,False,True,0,,No transaction,0 features,0 failed,2024-02
U03562,35-44,Tier 3,Mid,Paid Ads,iOS,2024-01-11,2024-01-12 21:23:00,2024-01-26 11:00:00,4.0,3.0,1.0,14284000.0,3571000.0,0,0,0,0,1,1,2,1,True,False,True,1,13.0,After 7 days,2+ features,1-2 failed,2024-01
U03563,18-24,Tier 2,Mid,Organic,Android,2024-03-28,,,0.0,0.0,0.0,0.0,0.0,0,0,0,0,0,0,0,0,False,False,True,0,,No transaction,0 features,0 failed,2024-03
U03564,25-34,Tier 3,Mid,Referral,iOS,2024-03-25,2024-03-26 14:05:00,2024-05-05 15:00:00,2.0,1.0,1.0,3344000.0,1672000.0,0,1,1,0,1,0,3,1,True,True,False,1,40.0,After 7 days,2+ features,1-2 failed,2024-03
U03565,25-34,Tier 2,Mid,Organic,Android,2024-04-21,,,0.0,0.0,0.0,0.0,0.0,0,0,0,0,0,0,0,0,False,False,True,0,,No transaction,0 features,0 failed,2024-04
U03566,35-44,Tier 2,Mid,Partnership,Android,2024-03-10,,,0.0,0.0,0.0,0.0,0.0,0,0,0,0,0,0,0,0,False,False,True,0,,No transaction,0 features,0 failed,2024-03
U03567,25-34,Tier 3,Low,Paid Ads,iOS,2024-01-18,,,0.0,0.0,0.0,0.0,0.0,0,0,0,0,0,0,0,0,False,False,True,0,,No transaction,0 features,0 failed,2024-01
U03568,35-44,Tier 3,Mid,Partnership,Android,2024-03-24,,,0.0,0.0,0.0,0.0,0.0,0,0,0,0,0,0,0,0,False,False,True,0,,No transaction,0 features,0 failed,2024-03
U03569,35-44,Tier 1,High,Paid Ads,Android,2024-04-20,2024-04-21 16:12:00,2024-05-14 22:00:00,12.0,12.0,0.0,327827000.0,27318916.666666668,0,0,1,0,1,1,3,1,True,True,False,1,23.0,After 7 days,2+ features,0 failed,2024-04
U03570,45-54,Tier 1,High,Paid Ads,Android,2024-02-14,,,0.0,0.0,0.0,0.0,0.0,0,0,0,0,0,0,0,0,False,False,True,0,,No transaction,0 features,0 failed,2024-02
U03571,25-34,Tier 1,Low,Organic,Android,2024-01-16,,,0.0,0.0,0.0,0.0,0.0,0,0,0,0,0,0,0,0,False,False,True,0,,No transaction,0 features,0 failed,2024-01
U03572,25-34,Tier 1,Low,Referral,Android,2024-01-23,2024-01-23 23:16:00,2024-03-09 20:00:00,2.0,2.0,0.0,2307000.0,1153500.0,0,0,0,1,0,1,2,0,True,True,False,1,45.0,After 7 days,2+ features,0 failed,2024-01
U03573,35-44,Tier 1,High,Organic,iOS,2024-03-09,,,0.0,0.0,0.0,0.0,0.0,0,0,0,0,0,0,0,0,False,False,True,0,,No transaction,0 features,0 failed,2024-03
U03574,55+,Tier 1,Mid,Paid Ads,Android,2024-02-20,,,0.0,0.0,0.0,0.0,0.0,0,0,0,0,0,0,0,0,False,False,True,0,,No transaction,0 features,0 failed,2024-02
U03575,45-54,Tier 3,Mid,Organic,iOS,2024-03-08,2024-03-09 01:29:00,2024-03-10 01:00:00,7.0,7.0,0.0,47681000.0,6811571.428571428,1,1,0,1,0,0,3,1,True,True,False,1,0.0,Within 7 days,2+ features,0 failed,2024-03
U03576,25-34,Tier 1,Mid,Paid Ads,iOS,2024-01-17,,,0.0,0.0,0.0,0.0,0.0,0,0,0,0,0,0,0,0,False,False,True,0,,No transaction,0 features,0 failed,2024-01
U03577,18-24,Tier 2,Mid,Paid Ads,Android,2024-04-03,,,0.0,0.0,0.0,0.0,0.0,0,0,0,0,0,0,0,0,False,False,True,0,,No transaction,0 features,0 failed,2024-04
U03578,25-34,Tier 1,Mid,Paid Ads,Android,2024-01-29,,,0.0,0.0,0.0,0.0,0.0,0,0,0,0,0,0,0,0,False,False,True,0,,No transaction,0 features,0 failed,2024-01
U03579,35-44,Tier 1,High,Organic,Android,2024-04-16,2024-04-17 02:04:00,2024-04-30 10:00:00,11.0,11.0,0.0,275832000.0,25075636.363636363,1,0,1,0,1,0,3,1,True,True,False,1,13.0,After 7 days,2+ features,0 failed,2024-04
U03580,25-34,Tier 1,Mid,Referral,Android,2024-01-01,,,0.0,0.0,0.0,0.0,0.0,0,0,0,0,0,0,0,0,False,False,True,0,,No transaction,0 features,0 failed,2024-01
U03581,25-34,Tier 1,Low,Referral,Android,2024-04-06,,,0.0,0.0,0.0,0.0,0.0,0,0,0,0,0,0,0,0,False,False,True,0,,No transaction,0 features,0 failed,2024-04
U03582,35-44,Tier 2,Low,Paid Ads,iOS,2024-01-03,,,0.0,0.0,0.0,0.0,0.0,0,0,0,0,0,0,0,0,False,False,True,0,,No transaction,0 features,0 failed,2024-01
U03583,25-34,Tier 3,Low,Organic,iOS,2024-02-08,,,0.0,0.0,0.0,0.0,0.0,0,0,0,0,0,0,0,0,False,False,True,0,,No transaction,0 features,0 failed,2024-02
U03584,45-54,Tier 1,Mid,Partnership,Android,2024-02-29,,,0.0,0.0,0.0,0.0,0.0,0,0,0,0,0,0,0,0,False,False,True,0,,No transaction,0 features,0 failed,2024-02
U03585,25-34,Tier 2,Low,Partnership,Android,2024-03-27,2024-03-28 08:29:00,2024-04-06 08:00:00,5.0,5.0,0.0,5433000.0,1086600.0,0,0,1,0,0,0,1,0,False,False,True,1,8.0,After 7 days,1 feature,0 failed,2024-03
U03586,25-34,Tier 2,Low,Organic,Android,2024-04-02,,,0.0,0.0,0.0,0.0,0.0,0,0,0,0,0,0,0,0,False,False,True,0,,No transaction,0 features,0 failed,2024-04
U03587,25-34,Tier 3,High,Paid Ads,Android,2024-03-10,2024-03-11 07:20:00,,0.0,0.0,0.0,0.0,0.0,0,0,0,0,0,0,0,0,True,False,True,1,,No transaction,0 features,0 failed,2024-03
U03588,35-44,Tier 2,Low,Paid Ads,iOS,2024-02-24,2024-02-25 14:15:00,2024-02-26 13:00:00,13.0,11.0,2.0,12820000.0,986153.8461538461,1,1,0,0,1,1,4,1,False,False,True,1,0.0,Within 7 days,2+ features,1-2 failed,2024-02
U03589,18-24,Tier 2,Low,Paid Ads,iOS,2024-03-09,2024-03-10 21:04:00,2024-03-20 07:00:00,5.0,5.0,0.0,3909000.0,781800.0,1,0,0,0,1,1,3,1,True,False,True,1,9.0,After 7 days,2+ features,0 failed,2024-03
U03590,18-24,Tier 2,Low,Organic,Android,2024-02-18,2024-02-19 05:04:00,2024-02-28 22:00:00,9.0,9.0,0.0,6386000.0,709555.5555555555,1,1,0,1,0,0,3,1,False,False,True,1,9.0,After 7 days,2+ features,0 failed,2024-02
U03591,55+,Tier 3,Low,Organic,Android,2024-04-15,,,0.0,0.0,0.0,0.0,0.0,0,0,0,0,0,0,0,0,False,False,True,0,,No transaction,0 features,0 failed,2024-04
U03592,18-24,Tier 1,Mid,Organic,iOS,2024-01-30,,,0.0,0.0,0.0,0.0,0.0,0,0,0,0,0,0,0,0,False,False,True,0,,No transaction,0 features,0 failed,2024-01
U03593,25-34,Tier 1,High,Referral,Android,2024-02-01,2024-02-01 19:24:00,,0.0,0.0,0.0,0.0,0.0,0,0,0,0,0,0,0,0,False,False,True,1,,No transaction,0 features,0 failed,2024-02
U03594,25-34,Tier 3,High,Partnership,Android,2024-02-28,,,0.0,0.0,0.0,0.0,0.0,0,0,0,0,0,0,0,0,False,False,True,0,,No transaction,0 features,0 failed,2024-02
U03595,25-34,Tier 2,Mid,Paid Ads,Android,2024-02-14,,,0.0,0.0,0.0,0.0,0.0,0,0,0,0,0,0,0,0,False,False,True,0,,No transaction,0 features,0 failed,2024-02
U03596,25-34,Tier 2,Mid,Branch,Android,2024-01-20,,,0.0,0.0,0.0,0.0,0.0,0,0,0,0,0,0,0,0,False,False,True,0,,No transaction,0 features,0 failed,2024-01
U03597,18-24,Tier 2,Mid,Organic,Android,2024-02-05,2024-02-05 15:14:00,2024-02-14 11:00:00,5.0,5.0,0.0,27787000.0,5557400.0,1,1,0,1,0,0,3,1,True,True,False,1,8.0,After 7 days,2+ features,0 failed,2024-02
U03598,25-34,Tier 1,Low,Organic,Android,2024-01-25,2024-01-26 04:21:00,2024-02-03 22:00:00,6.0,6.0,0.0,4268000.0,711333.3333333334,0,0,0,0,1,1,2,1,True,True,False,1,8.0,After 7 days,2+ features,0 failed,2024-01
U03599,25-34,Tier 2,Low,Paid Ads,Android,2024-04-22,,,0.0,0.0,0.0,0.0,0.0,0,0,0,0,0,0,0,0,False,False,True,0,,No transaction,0 features,0 failed,2024-04
U03600,35-44,Tier 2,High,Referral,Android,2024-04-02,2024-04-03 05:17:00,2024-04-03 22:00:00,9.0,9.0,0.0,218166000.0,24240666.666666668,1,1,1,0,1,0,4,1,False,False,True,1,0.0,Within 7 days,2+ features,0 failed,2024-04
U03601,18-24,Tier 1,Low,Referral,Android,2024-04-07,,,0.0,0.0,0.0,0.0,0.0,0,0,0,0,0,0,0,0,False,False,True,0,,No transaction,0 features,0 failed,2024-04
U03602,25-34,Tier 2,Low,Paid Ads,Android,2024-01-15,2024-01-16 13:14:00,2024-01-18 03:00:00,21.0,20.0,1.0,22325000.0,1063095.238095238,1,1,1,1,1,0,5,1,False,False,True,1,1.0,Within 7 days,2+ features,1-2 failed,2024-01
U03603,18-24,Tier 3,Mid,Organic,Android,2024-01-05,,,0.0,0.0,0.0,0.0,0.0,0,0,0,0,0,0,0,0,False,False,True,0,,No transaction,0 features,0 failed,2024-01
U03604,18-24,Tier 1,Mid,Paid Ads,iOS,2024-04-13,,,0.0,0.0,0.0,0.0,0.0,0,0,0,0,0,0,0,0,False,False,True,0,,No transaction,0 features,0 failed,2024-04
U03605,18-24,Tier 2,Low,Referral,Android,2024-03-25,,,0.0,0.0,0.0,0.0,0.0,0,0,0,0,0,0,0,0,False,False,True,0,,No transaction,0 features,0 failed,2024-03
U03606,18-24,Tier 1,Low,Paid Ads,Android,2024-02-23,,,0.0,0.0,0.0,0.0,0.0,0,0,0,0,0,0,0,0,False,False,True,0,,No transaction,0 features,0 failed,2024-02
U03607,35-44,Tier 2,Mid,Partnership,iOS,2024-03-19,,,0.0,0.0,0.0,0.0,0.0,0,0,0,0,0,0,0,0,False,False,True,0,,No transaction,0 features,0 failed,2024-03
U03608,18-24,Tier 1,Mid,Organic,Android,2024-04-08,2024-04-09 16:16:00,2024-04-15 01:00:00,13.0,13.0,0.0,73091000.0,5622384.615384615,1,0,1,1,1,1,5,1,True,True,False,1,5.0,Within 7 days,2+ features,0 failed,2024-04
U03609,45-54,Tier 2,Low,Branch,iOS,2024-04-23,,,0.0,0.0,0.0,0.0,0.0,0,0,0,0,0,0,0,0,False,False,True,0,,No transaction,0 features,0 failed,2024-04
U03610,55+,Tier 3,Mid,Paid Ads,Android,2024-04-23,,,0.0,0.0,0.0,0.0,0.0,0,0,0,0,0,0,0,0,False,False,True,0,,No transaction,0 features,0 failed,2024-04
U03611,25-34,Tier 1,Mid,Branch,Android,2024-01-03,,,0.0,0.0,0.0,0.0,0.0,0,0,0,0,0,0,0,0,False,False,True,0,,No transaction,0 features,0 failed,2024-01
U03612,18-24,Tier 3,High,Organic,Android,2024-01-31,,,0.0,0.0,0.0,0.0,0.0,0,0,0,0,0,0,0,0,False,False,True,0,,No transaction,0 features,0 failed,2024-01
U03613,25-34,Tier 3,Mid,Paid Ads,Android,2024-01-27,,,0.0,0.0,0.0,0.0,0.0,0,0,0,0,0,0,0,0,False,False,True,0,,No transaction,0 features,0 failed,2024-01
U03614,35-44,Tier 1,Low,Referral,Android,2024-01-09,,,0.0,0.0,0.0,0.0,0.0,0,0,0,0,0,0,0,0,False,False,True,0,,No transaction,0 features,0 failed,2024-01
U03615,25-34,Tier 1,Mid,Partnership,Android,2024-01-13,,,0.0,0.0,0.0,0.0,0.0,0,0,0,0,0,0,0,0,False,False,True,0,,No transaction,0 features,0 failed,2024-01
U03616,18-24,Tier 3,Mid,Paid Ads,iOS,2024-03-17,,,0.0,0.0,0.0,0.0,0.0,0,0,0,0,0,0,0,0,False,False,True,0,,No transaction,0 features,0 failed,2024-03
U03617,25-34,Tier 3,Low,Paid Ads,Android,2024-01-05,2024-01-06 11:21:00,2024-01-15 16:00:00,8.0,8.0,0.0,6650000.0,831250.0,0,0,1,1,1,1,4,1,False,False,True,1,9.0,After 7 days,2+ features,0 failed,2024-01
U03618,35-44,Tier 1,Mid,Branch,Android,2024-02-27,,,0.0,0.0,0.0,0.0,0.0,0,0,0,0,0,0,0,0,False,False,True,0,,No transaction,0 features,0 failed,2024-02
U03619,35-44,Tier 1,Low,Referral,Android,2024-03-17,,,0.0,0.0,0.0,0.0,0.0,0,0,0,0,0,0,0,0,False,False,True,0,,No transaction,0 features,0 failed,2024-03
U03620,18-24,Tier 1,Low,Organic,iOS,2024-03-27,,,0.0,0.0,0.0,0.0,0.0,0,0,0,0,0,0,0,0,False,False,True,0,,No transaction,0 features,0 failed,2024-03
U03621,35-44,Tier 3,Mid,Paid Ads,iOS,2024-03-31,2024-03-31 22:06:00,,0.0,0.0,0.0,0.0,0.0,0,0,0,0,0,0,0,0,False,False,True,1,,No transaction,0 features,0 failed,2024-03
U03622,18-24,Tier 1,Low,Paid Ads,iOS,2024-04-21,2024-04-23 03:25:00,2024-04-30 09:00:00,11.0,10.0,1.0,13110000.0,1191818.1818181819,0,1,0,1,1,1,4,1,True,True,False,1,7.0,Within 7 days,2+ features,1-2 failed,2024-04
U03623,18-24,Tier 2,High,Referral,Android,2024-01-07,2024-01-08 02:28:00,,0.0,0.0,0.0,0.0,0.0,0,0,0,0,0,0,0,0,False,False,True,1,,No transaction,0 features,0 failed,2024-01
U03624,45-54,Tier 3,Mid,Paid Ads,Android,2024-02-01,,,0.0,0.0,0.0,0.0,0.0,0,0,0,0,0,0,0,0,False,False,True,0,,No transaction,0 features,0 failed,2024-02
U03625,18-24,Tier 1,Mid,Branch,Android,2024-04-04,,,0.0,0.0,0.0,0.0,0.0,0,0,0,0,0,0,0,0,False,False,True,0,,No transaction,0 features,0 failed,2024-04
U03626,18-24,Tier 2,Mid,Paid Ads,Android,2024-01-06,2024-01-07 03:03:00,2024-01-20 19:00:00,12.0,10.0,2.0,54424000.0,4535333.333333333,1,0,1,0,1,1,4,1,True,True,False,1,13.0,After 7 days,2+ features,1-2 failed,2024-01
U03627,18-24,Tier 1,Mid,Organic,iOS,2024-02-21,2024-02-22 02:29:00,2024-03-24 01:00:00,5.0,4.0,1.0,19363000.0,3872600.0,0,0,0,0,1,0,1,1,True,True,False,1,30.0,After 7 days,1 feature,1-2 failed,2024-02
U03628,45-54,Tier 3,Low,Organic,iOS,2024-02-26,2024-02-27 00:14:00,,0.0,0.0,0.0,0.0,0.0,1,0,1,0,0,0,2,1,True,True,False,1,,No transaction,2+ features,0 failed,2024-02
U03629,35-44,Tier 1,High,Branch,Android,2024-01-30,,,0.0,0.0,0.0,0.0,0.0,0,0,0,0,0,0,0,0,False,False,True,0,,No transaction,0 features,0 failed,2024-01
U03630,25-34,Tier 2,High,Paid Ads,Android,2024-03-10,,,0.0,0.0,0.0,0.0,0.0,0,0,0,0,0,0,0,0,False,False,True,0,,No transaction,0 features,0 failed,2024-03
U03631,35-44,Tier 2,Low,Branch,Android,2024-01-28,2024-01-29 20:01:00,2024-03-07 16:00:00,2.0,2.0,0.0,1038000.0,519000.0,0,0,0,0,0,0,0,0,False,False,True,1,37.0,After 7 days,0 features,0 failed,2024-01
U03632,18-24,Tier 1,Low,Referral,Android,2024-04-06,,,0.0,0.0,0.0,0.0,0.0,0,0,0,0,0,0,0,0,False,False,True,0,,No transaction,0 features,0 failed,2024-04
U03633,25-34,Tier 1,Low,Paid Ads,Android,2024-04-20,,,0.0,0.0,0.0,0.0,0.0,0,0,0,0,0,0,0,0,False,False,True,0,,No transaction,0 features,0 failed,2024-04
U03634,25-34,Tier 1,Mid,Paid Ads,Android,2024-04-09,,,0.0,0.0,0.0,0.0,0.0,0,0,0,0,0,0,0,0,False,False,True,0,,No transaction,0 features,0 failed,2024-04
U03635,18-24,Tier 1,Mid,Referral,iOS,2024-01-08,2024-01-09 11:26:00,2024-01-10 00:00:00,6.0,5.0,1.0,22291000.0,3715166.6666666665,1,1,0,0,1,0,3,1,True,False,True,1,0.0,Within 7 days,2+ features,1-2 failed,2024-01
U03636,25-34,Tier 3,High,Paid Ads,Android,2024-01-18,2024-01-18 20:13:00,2024-01-30 20:00:00,4.0,4.0,0.0,95948000.0,23987000.0,0,0,0,1,0,0,1,0,False,False,True,1,11.0,After 7 days,1 feature,0 failed,2024-01
U03637,45-54,Tier 3,Mid,Paid Ads,iOS,2024-03-05,,,0.0,0.0,0.0,0.0,0.0,0,0,0,0,0,0,0,0,False,False,True,0,,No transaction,0 features,0 failed,2024-03
U03638,18-24,Tier 2,Mid,Paid Ads,Android,2024-02-07,,,0.0,0.0,0.0,0.0,0.0,0,0,0,0,0,0,0,0,False,False,True,0,,No transaction,0 features,0 failed,2024-02
U03639,18-24,Tier 2,Mid,Partnership,Android,2024-01-30,2024-01-30 11:09:00,2024-01-31 05:00:00,11.0,10.0,1.0,66974000.0,6088545.454545454,0,1,1,0,0,0,2,0,True,True,False,1,0.0,Within 7 days,2+ features,1-2 failed,2024-01
U03640,18-24,Tier 2,Mid,Partnership,Android,2024-04-14,,,0.0,0.0,0.0,0.0,0.0,0,0,0,0,0,0,0,0,False,False,True,0,,No transaction,0 features,0 failed,2024-04
U03641,18-24,Tier 3,Mid,Partnership,Android,2024-04-03,,,0.0,0.0,0.0,0.0,0.0,0,0,0,0,0,0,0,0,False,False,True,0,,No transaction,0 features,0 failed,2024-04
U03642,45-54,Tier 1,Mid,Partnership,Android,2024-03-14,,,0.0,0.0,0.0,0.0,0.0,0,0,0,0,0,0,0,0,False,False,True,0,,No transaction,0 features,0 failed,2024-03
U03643,25-34,Tier 1,Mid,Paid Ads,Android,2024-02-10,2024-02-11 16:21:00,2024-02-14 16:00:00,6.0,6.0,0.0,41075000.0,6845833.333333333,0,1,0,1,0,1,3,0,False,False,True,1,2.0,Within 7 days,2+ features,0 failed,2024-02
U03644,25-34,Tier 1,Mid,Referral,Android,2024-03-14,2024-03-16 01:18:00,2024-03-16 16:00:00,6.0,6.0,0.0,15296000.0,2549333.3333333335,0,1,0,0,1,1,3,1,False,False,True,1,0.0,Within 7 days,2+ features,0 failed,2024-03
U03645,35-44,Tier 2,Mid,Partnership,iOS,2024-03-17,,,0.0,0.0,0.0,0.0,0.0,0,0,0,0,0,0,0,0,False,False,True,0,,No transaction,0 features,0 failed,2024-03
U03646,18-24,Tier 1,Mid,Paid Ads,Android,2024-04-08,,,0.0,0.0,0.0,0.0,0.0,0,0,0,0,0,0,0,0,False,False,True,0,,No transaction,0 features,0 failed,2024-04
U03647,25-34,Tier 1,Mid,Organic,iOS,2024-03-27,,,0.0,0.0,0.0,0.0,0.0,0,0,0,0,0,0,0,0,False,False,True,0,,No transaction,0 features,0 failed,2024-03
U03648,25-34,Tier 1,Mid,Paid Ads,Android,2024-04-14,2024-04-15 15:13:00,,0.0,0.0,0.0,0.0,0.0,0,0,0,0,0,0,0,0,False,False,True,1,,No transaction,0 features,0 failed,2024-04
U03649,25-34,Tier 2,Mid,Organic,Android,2024-02-11,2024-02-12 07:15:00,2024-02-13 01:00:00,4.0,4.0,0.0,11458000.0,2864500.0,1,1,0,0,0,0,2,1,True,False,True,1,0.0,Within 7 days,2+ features,0 failed,2024-02
U03650,55+,Tier 1,Mid,Paid Ads,Android,2024-01-31,,,0.0,0.0,0.0,0.0,0.0,0,0,0,0,0,0,0,0,False,False,True,0,,No transaction,0 features,0 failed,2024-01
U03651,35-44,Tier 1,Mid,Referral,iOS,2024-02-08,,,0.0,0.0,0.0,0.0,0.0,0,0,0,0,0,0,0,0,False,False,True,0,,No transaction,0 features,0 failed,2024-02
U03652,25-34,Tier 1,Low,Referral,Android,2024-04-22,2024-04-23 18:10:00,2024-05-09 13:00:00,3.0,3.0,0.0,4841000.0,1613666.6666666667,0,0,0,0,0,0,0,0,False,False,True,1,15.0,After 7 days,0 features,0 failed,2024-04
U03653,35-44,Tier 1,Low,Branch,Android,2024-01-19,2024-01-20 04:05:00,2024-01-28 13:00:00,5.0,5.0,0.0,4259000.0,851800.0,1,0,1,0,1,0,3,1,True,False,True,1,8.0,After 7 days,2+ features,0 failed,2024-01
U03654,18-24,Tier 2,Mid,Partnership,Android,2024-03-25,2024-03-26 21:19:00,2024-03-30 22:00:00,13.0,13.0,0.0,49955000.0,3842692.3076923075,1,1,1,1,0,1,5,1,True,True,False,1,4.0,Within 7 days,2+ features,0 failed,2024-03
U03655,18-24,Tier 1,Mid,Partnership,Android,2024-03-07,,,0.0,0.0,0.0,0.0,0.0,0,0,0,0,0,0,0,0,False,False,True,0,,No transaction,0 features,0 failed,2024-03
U03656,18-24,Tier 1,High,Paid Ads,iOS,2024-01-29,,,0.0,0.0,0.0,0.0,0.0,0,0,0,0,0,0,0,0,False,False,True,0,,No transaction,0 features,0 failed,2024-01
U03657,25-34,Tier 2,Mid,Partnership,Android,2024-02-22,,,0.0,0.0,0.0,0.0,0.0,0,0,0,0,0,0,0,0,False,False,True,0,,No transaction,0 features,0 failed,2024-02
U03658,25-34,Tier 1,Mid,Partnership,Android,2024-02-08,2024-02-09 13:11:00,2024-02-13 02:00:00,11.0,10.0,1.0,64011000.0,5819181.818181818,1,1,0,0,0,1,3,1,True,False,True,1,3.0,Within 7 days,2+ features,1-2 failed,2024-02
U03659,25-34,Tier 1,Low,Paid Ads,iOS,2024-02-05,2024-02-06 02:26:00,2024-02-15 05:00:00,4.0,4.0,0.0,3656000.0,914000.0,0,0,1,0,0,0,1,0,False,False,True,1,9.0,After 7 days,1 feature,0 failed,2024-02
U03660,45-54,Tier 3,Low,Branch,Android,2024-01-08,2024-01-09 13:25:00,2024-01-30 11:00:00,4.0,4.0,0.0,5599000.0,1399750.0,0,1,0,0,1,0,2,1,False,False,True,1,20.0,After 7 days,2+ features,0 failed,2024-01
U03661,25-34,Tier 1,Mid,Organic,Android,2024-03-12,2024-03-13 02:04:00,2024-03-17 21:00:00,14.0,14.0,0.0,58026000.0,4144714.285714286,1,0,1,1,1,1,5,1,True,True,False,1,4.0,Within 7 days,2+ features,0 failed,2024-03
U03662,25-34,Tier 1,Low,Branch,Android,2024-03-16,,,0.0,0.0,0.0,0.0,0.0,0,0,0,0,0,0,0,0,False,False,True,0,,No transaction,0 features,0 failed,2024-03
U03663,18-24,Tier 1,Mid,Referral,iOS,2024-04-22,,,0.0,0.0,0.0,0.0,0.0,0,0,0,0,0,0,0,0,False,False,True,0,,No transaction,0 features,0 failed,2024-04
U03664,18-24,Tier 2,Mid,Paid Ads,iOS,2024-04-04,,,0.0,0.0,0.0,0.0,0.0,0,0,0,0,0,0,0,0,False,False,True,0,,No transaction,0 features,0 failed,2024-04
U03665,25-34,Tier 2,Mid,Organic,Android,2024-04-26,,,0.0,0.0,0.0,0.0,0.0,0,0,0,0,0,0,0,0,False,False,True,0,,No transaction,0 features,0 failed,2024-04
U03666,25-34,Tier 2,High,Paid Ads,iOS,2024-01-23,,,0.0,0.0,0.0,0.0,0.0,0,0,0,0,0,0,0,0,False,False,True,0,,No transaction,0 features,0 failed,2024-01
U03667,35-44,Tier 2,Mid,Paid Ads,Android,2024-03-21,2024-03-22 17:19:00,2024-04-10 14:00:00,5.0,4.0,1.0,19918000.0,3983600.0,0,0,0,0,0,1,1,0,False,False,True,1,18.0,After 7 days,1 feature,1-2 failed,2024-03
U03668,18-24,Tier 1,Low,Branch,Android,2024-03-27,2024-03-28 16:30:00,2024-04-15 15:00:00,10.0,10.0,0.0,10860000.0,1086000.0,1,0,0,1,0,0,2,1,True,False,True,1,17.0,After 7 days,2+ features,0 failed,2024-03
U03669,18-24,Tier 1,High,Branch,Android,2024-02-24,2024-02-25 22:08:00,2024-02-26 08:00:00,11.0,8.0,3.0,328054000.0,29823090.90909091,0,1,0,0,0,1,2,0,False,False,True,1,0.0,Within 7 days,2+ features,3+ failed,2024-02
U03670,25-34,Tier 3,High,Branch,Android,2024-03-12,2024-03-13 04:12:00,2024-03-13 17:00:00,13.0,12.0,1.0,349734000.0,26902615.384615384,1,1,0,0,1,0,3,1,True,False,True,1,0.0,Within 7 days,2+ features,1-2 failed,2024-03
U03671,18-24,Tier 3,Low,Referral,Android,2024-03-04,,,0.0,0.0,0.0,0.0,0.0,0,0,0,0,0,0,0,0,False,False,True,0,,No transaction,0 features,0 failed,2024-03
U03672,18-24,Tier 1,Low,Branch,iOS,2024-01-07,2024-01-08 19:30:00,2024-01-19 23:00:00,9.0,9.0,0.0,10145000.0,1127222.2222222222,1,1,0,1,0,1,4,1,True,True,False,1,11.0,After 7 days,2+ features,0 failed,2024-01
U03673,35-44,Tier 2,Low,Paid Ads,iOS,2024-02-14,,,0.0,0.0,0.0,0.0,0.0,0,0,0,0,0,0,0,0,False,False,True,0,,No transaction,0 features,0 failed,2024-02
U03674,18-24,Tier 1,Low,Partnership,iOS,2024-03-23,,,0.0,0.0,0.0,0.0,0.0,0,0,0,0,0,0,0,0,False,False,True,0,,No transaction,0 features,0 failed,2024-03
U03675,25-34,Tier 1,High,Organic,Android,2024-03-26,,,0.0,0.0,0.0,0.0,0.0,0,0,0,0,0,0,0,0,False,False,True,0,,No transaction,0 features,0 failed,2024-03
U03676,18-24,Tier 1,Mid,Paid Ads,Android,2024-02-18,2024-02-19 13:14:00,2024-02-22 05:00:00,8.0,8.0,0.0,47467000.0,5933375.0,0,0,0,1,0,0,1,0,False,False,True,1,2.0,Within 7 days,1 feature,0 failed,2024-02
U03677,18-24,Tier 1,Mid,Branch,Android,2024-04-10,2024-04-12 02:02:00,2024-04-19 20:00:00,6.0,6.0,0.0,35076000.0,5846000.0,1,1,0,1,0,0,3,1,True,True,False,1,7.0,Within 7 days,2+ features,0 failed,2024-04
U03678,25-34,Tier 2,High,Branch,Android,2024-03-08,,,0.0,0.0,0.0,0.0,0.0,0,0,0,0,0,0,0,0,False,False,True,0,,No transaction,0 features,0 failed,2024-03
U03679,35-44,Tier 2,Mid,Paid Ads,iOS,2024-02-10,,,0.0,0.0,0.0,0.0,0.0,0,0,0,0,0,0,0,0,False,False,True,0,,No transaction,0 features,0 failed,2024-02
U03680,25-34,Tier 1,Mid,Partnership,Android,2024-03-30,2024-03-30 22:17:00,,1.0,0.0,1.0,9509000.0,9509000.0,0,0,1,1,0,0,2,0,False,False,True,1,,No transaction,2+ features,1-2 failed,2024-03
U03681,35-44,Tier 1,High,Organic,iOS,2024-02-23,2024-02-24 15:24:00,2024-03-22 13:00:00,3.0,2.0,1.0,98761000.0,32920333.333333332,1,0,0,0,0,0,1,1,True,False,True,1,26.0,After 7 days,1 feature,1-2 failed,2024-02
U03682,18-24,Tier 3,High,Paid Ads,iOS,2024-02-22,2024-02-22 23:03:00,2024-03-18 04:00:00,7.0,7.0,0.0,126993000.0,18141857.14285714,0,0,1,0,0,0,1,0,True,False,True,1,24.0,After 7 days,1 feature,0 failed,2024-02
U03683,35-44,Tier 1,High,Paid Ads,Android,2024-01-20,,,0.0,0.0,0.0,0.0,0.0,0,0,0,0,0,0,0,0,False,False,True,0,,No transaction,0 features,0 failed,2024-01
U03684,18-24,Tier 2,Mid,Organic,Android,2024-02-08,,,0.0,0.0,0.0,0.0,0.0,0,0,0,0,0,0,0,0,False,False,True,0,,No transaction,0 features,0 failed,2024-02
U03685,35-44,Tier 1,Mid,Organic,Android,2024-02-18,,,0.0,0.0,0.0,0.0,0.0,0,0,0,0,0,0,0,0,False,False,True,0,,No transaction,0 features,0 failed,2024-02
U03686,25-34,Tier 2,Low,Organic,Android,2024-01-24,2024-01-25 01:10:00,2024-02-01 17:00:00,7.0,7.0,0.0,7335000.0,1047857.1428571428,1,0,0,0,1,0,2,1,True,True,False,1,7.0,Within 7 days,2+ features,0 failed,2024-01
U03687,45-54,Tier 1,Mid,Paid Ads,Android,2024-04-06,,,0.0,0.0,0.0,0.0,0.0,0,0,0,0,0,0,0,0,False,False,True,0,,No transaction,0 features,0 failed,2024-04
U03688,25-34,Tier 1,High,Organic,Android,2024-03-09,2024-03-10 06:02:00,2024-04-07 10:00:00,2.0,2.0,0.0,77848000.0,38924000.0,0,0,0,1,0,0,1,0,False,False,True,1,28.0,After 7 days,1 feature,0 failed,2024-03
U03689,18-24,Tier 1,Low,Paid Ads,Android,2024-03-01,,,0.0,0.0,0.0,0.0,0.0,0,0,0,0,0,0,0,0,False,False,True,0,,No transaction,0 features,0 failed,2024-03
U03690,18-24,Tier 1,Mid,Referral,iOS,2024-01-31,2024-02-01 11:24:00,2024-02-04 15:00:00,9.0,9.0,0.0,50041000.0,5560111.111111111,1,1,1,0,0,0,3,1,True,True,False,1,3.0,Within 7 days,2+ features,0 failed,2024-01
U03691,35-44,Tier 1,Mid,Paid Ads,Android,2024-04-18,2024-04-19 09:27:00,2024-05-19 23:00:00,1.0,1.0,0.0,6020000.0,6020000.0,0,0,0,0,0,0,0,0,False,False,True,1,30.0,After 7 days,0 features,0 failed,2024-04
U03692,25-34,Tier 2,Low,Paid Ads,Android,2024-01-29,,,0.0,0.0,0.0,0.0,0.0,0,0,0,0,0,0,0,0,False,False,True,0,,No transaction,0 features,0 failed,2024-01
U03693,35-44,Tier 1,Mid,Paid Ads,Android,2024-02-08,,,0.0,0.0,0.0,0.0,0.0,0,0,0,0,0,0,0,0,False,False,True,0,,No transaction,0 features,0 failed,2024-02
U03694,18-24,Tier 1,Low,Paid Ads,iOS,2024-04-19,,,0.0,0.0,0.0,0.0,0.0,0,0,0,0,0,0,0,0,False,False,True,0,,No transaction,0 features,0 failed,2024-04
U03695,25-34,Tier 2,Mid,Paid Ads,iOS,2024-03-31,,,0.0,0.0,0.0,0.0,0.0,0,0,0,0,0,0,0,0,False,False,True,0,,No transaction,0 features,0 failed,2024-03
U03696,18-24,Tier 2,Low,Referral,Android,2024-01-19,,,0.0,0.0,0.0,0.0,0.0,0,0,0,0,0,0,0,0,False,False,True,0,,No transaction,0 features,0 failed,2024-01
U03697,55+,Tier 3,High,Partnership,iOS,2024-04-13,,,0.0,0.0,0.0,0.0,0.0,0,0,0,0,0,0,0,0,False,False,True,0,,No transaction,0 features,0 failed,2024-04
U03698,35-44,Tier 2,Low,Referral,iOS,2024-02-29,,,0.0,0.0,0.0,0.0,0.0,0,0,0,0,0,0,0,0,False,False,True,0,,No transaction,0 features,0 failed,2024-02
U03699,45-54,Tier 2,Low,Referral,iOS,2024-01-08,2024-01-09 05:07:00,,0.0,0.0,0.0,0.0,0.0,0,0,0,0,0,0,0,0,True,False,True,1,,No transaction,0 features,0 failed,2024-01
U03700,18-24,Tier 2,Low,Paid Ads,Android,2024-03-12,,,0.0,0.0,0.0,0.0,0.0,0,0,0,0,0,0,0,0,False,False,True,0,,No transaction,0 features,0 failed,2024-03
U03701,25-34,Tier 3,High,Referral,iOS,2024-02-22,2024-02-23 08:11:00,2024-03-14 02:00:00,2.0,2.0,0.0,48567000.0,24283500.0,0,0,0,1,0,0,1,0,True,False,True,1,19.0,After 7 days,1 feature,0 failed,2024-02
U03702,35-44,Tier 3,Mid,Partnership,Android,2024-02-23,,,0.0,0.0,0.0,0.0,0.0,0,0,0,0,0,0,0,0,False,False,True,0,,No transaction,0 features,0 failed,2024-02
U03703,25-34,Tier 1,Mid,Referral,iOS,2024-03-12,2024-03-13 12:30:00,,0.0,0.0,0.0,0.0,0.0,0,1,0,0,0,0,1,0,False,False,True,1,,No transaction,1 feature,0 failed,2024-03
U03704,35-44,Tier 1,Mid,Paid Ads,Android,2024-03-08,,,0.0,0.0,0.0,0.0,0.0,0,0,0,0,0,0,0,0,False,False,True,0,,No transaction,0 features,0 failed,2024-03
U03705,45-54,Tier 1,Mid,Organic,iOS,2024-01-18,,,0.0,0.0,0.0,0.0,0.0,0,0,0,0,0,0,0,0,False,False,True,0,,No transaction,0 features,0 failed,2024-01
U03706,45-54,Tier 2,Low,Referral,iOS,2024-02-19,,,0.0,0.0,0.0,0.0,0.0,0,0,0,0,0,0,0,0,False,False,True,0,,No transaction,0 features,0 failed,2024-02
U03707,35-44,Tier 2,Mid,Referral,Android,2024-02-01,,,0.0,0.0,0.0,0.0,0.0,0,0,0,0,0,0,0,0,False,False,True,0,,No transaction,0 features,0 failed,2024-02
U03708,18-24,Tier 2,Low,Partnership,iOS,2024-02-02,,,0.0,0.0,0.0,0.0,0.0,0,0,0,0,0,0,0,0,False,False,True,0,,No transaction,0 features,0 failed,2024-02
U03709,18-24,Tier 1,High,Branch,Android,2024-01-27,,,0.0,0.0,0.0,0.0,0.0,0,0,0,0,0,0,0,0,False,False,True,0,,No transaction,0 features,0 failed,2024-01
U03710,55+,Tier 2,Mid,Paid Ads,Android,2024-02-12,,,0.0,0.0,0.0,0.0,0.0,0,0,0,0,0,0,0,0,False,False,True,0,,No transaction,0 features,0 failed,2024-02
U03711,18-24,Tier 3,Mid,Partnership,Android,2024-03-23,2024-03-23 22:18:00,2024-03-31 18:00:00,6.0,6.0,0.0,34392000.0,5732000.0,1,0,0,0,0,1,2,1,True,True,False,1,7.0,Within 7 days,2+ features,0 failed,2024-03
U03712,35-44,Tier 1,Low,Paid Ads,iOS,2024-01-11,,,0.0,0.0,0.0,0.0,0.0,0,0,0,0,0,0,0,0,False,False,True,0,,No transaction,0 features,0 failed,2024-01
U03713,35-44,Tier 2,Mid,Branch,Android,2024-02-27,2024-02-28 07:17:00,2024-03-11 06:00:00,5.0,5.0,0.0,25290000.0,5058000.0,0,0,1,0,0,1,2,0,True,False,True,1,11.0,After 7 days,2+ features,0 failed,2024-02
U03714,25-34,Tier 1,Low,Partnership,Android,2024-04-18,2024-04-18 18:23:00,2024-04-23 23:00:00,9.0,9.0,0.0,6179000.0,686555.5555555555,0,1,1,1,0,0,3,0,True,False,True,1,5.0,Within 7 days,2+ features,0 failed,2024-04
U03715,55+,Tier 3,Low,Organic,iOS,2024-02-17,,,0.0,0.0,0.0,0.0,0.0,0,0,0,0,0,0,0,0,False,False,True,0,,No transaction,0 features,0 failed,2024-02
U03716,25-34,Tier 3,Low,Paid Ads,iOS,2024-01-12,,,0.0,0.0,0.0,0.0,0.0,0,0,0,0,0,0,0,0,False,False,True,0,,No transaction,0 features,0 failed,2024-01
U03717,25-34,Tier 2,Mid,Paid Ads,iOS,2024-03-09,,,0.0,0.0,0.0,0.0,0.0,0,0,0,0,0,0,0,0,False,False,True,0,,No transaction,0 features,0 failed,2024-03
U03718,18-24,Tier 2,Mid,Organic,Android,2024-04-02,,,0.0,0.0,0.0,0.0,0.0,0,0,0,0,0,0,0,0,False,False,True,0,,No transaction,0 features,0 failed,2024-04
U03719,25-34,Tier 3,Mid,Referral,Android,2024-04-16,,,0.0,0.0,0.0,0.0,0.0,0,0,0,0,0,0,0,0,False,False,True,0,,No transaction,0 features,0 failed,2024-04
U03720,18-24,Tier 2,Low,Branch,Android,2024-01-25,2024-01-25 20:04:00,2024-02-01 02:00:00,18.0,15.0,3.0,17129000.0,951611.1111111111,1,1,0,1,1,1,5,1,True,False,True,1,6.0,Within 7 days,2+ features,3+ failed,2024-01
U03721,25-34,Tier 1,Mid,Branch,Android,2024-01-07,2024-01-08 12:22:00,2024-01-17 20:00:00,8.0,7.0,1.0,45824000.0,5728000.0,1,0,0,0,1,1,3,1,True,False,True,1,9.0,After 7 days,2+ features,1-2 failed,2024-01
U03722,35-44,Tier 2,Mid,Partnership,Android,2024-02-04,,,0.0,0.0,0.0,0.0,0.0,0,0,0,0,0,0,0,0,False,False,True,0,,No transaction,0 features,0 failed,2024-02
U03723,45-54,Tier 1,Low,Branch,Android,2024-02-18,2024-02-19 11:11:00,2024-03-07 06:00:00,2.0,2.0,0.0,2284000.0,1142000.0,1,0,0,0,0,0,1,1,True,True,False,1,16.0,After 7 days,1 feature,0 failed,2024-02
U03724,18-24,Tier 1,Low,Partnership,iOS,2024-03-27,2024-03-28 07:25:00,2024-03-29 03:00:00,12.0,12.0,0.0,11858000.0,988166.6666666666,1,1,1,0,0,1,4,1,True,True,False,1,0.0,Within 7 days,2+ features,0 failed,2024-03
U03725,25-34,Tier 3,High,Organic,Android,2024-03-18,2024-03-18 22:09:00,2024-03-22 19:00:00,13.0,13.0,0.0,376531000.0,28963923.076923076,0,1,0,1,0,0,2,0,True,False,True,1,3.0,Within 7 days,2+ features,0 failed,2024-03
U03726,45-54,Tier 2,High,Referral,Android,2024-03-18,2024-03-19 08:20:00,2024-04-25 07:00:00,2.0,2.0,0.0,32075000.0,16037500.0,0,0,0,0,1,1,2,1,True,True,False,1,36.0,After 7 days,2+ features,0 failed,2024-03
U03727,18-24,Tier 1,High,Organic,Android,2024-01-06,,,0.0,0.0,0.0,0.0,0.0,0,0,0,0,0,0,0,0,False,False,True,0,,No transaction,0 features,0 failed,2024-01
U03728,18-24,Tier 1,High,Organic,Android,2024-04-21,2024-04-22 11:25:00,2024-04-23 12:00:00,9.0,6.0,3.0,292026000.0,32447333.333333332,0,0,0,0,1,1,2,1,True,True,False,1,1.0,Within 7 days,2+ features,3+ failed,2024-04
U03729,18-24,Tier 1,Low,Organic,Android,2024-01-10,,,0.0,0.0,0.0,0.0,0.0,0,0,0,0,0,0,0,0,False,False,True,0,,No transaction,0 features,0 failed,2024-01
U03730,25-34,Tier 1,Low,Paid Ads,Android,2024-01-25,,,0.0,0.0,0.0,0.0,0.0,0,0,0,0,0,0,0,0,False,False,True,0,,No transaction,0 features,0 failed,2024-01
U03731,18-24,Tier 1,Mid,Partnership,iOS,2024-04-12,,,0.0,0.0,0.0,0.0,0.0,0,0,0,0,0,0,0,0,False,False,True,0,,No transaction,0 features,0 failed,2024-04
U03732,55+,Tier 2,Mid,Partnership,Android,2024-04-07,2024-04-07 18:13:00,2024-05-02 17:00:00,2.0,2.0,0.0,9556000.0,4778000.0,0,0,0,0,1,0,1,1,True,False,True,1,24.0,After 7 days,1 feature,0 failed,2024-04
U03733,25-34,Tier 1,High,Paid Ads,Android,2024-03-16,,,0.0,0.0,0.0,0.0,0.0,0,0,0,0,0,0,0,0,False,False,True,0,,No transaction,0 features,0 failed,2024-03
U03734,25-34,Tier 2,Mid,Branch,iOS,2024-04-02,2024-04-03 03:29:00,2024-04-04 13:00:00,11.0,10.0,1.0,50969000.0,4633545.454545454,0,1,1,0,1,1,4,1,True,False,True,1,1.0,Within 7 days,2+ features,1-2 failed,2024-04
U03735,18-24,Tier 1,Mid,Paid Ads,iOS,2024-03-26,,,0.0,0.0,0.0,0.0,0.0,0,0,0,0,0,0,0,0,False,False,True,0,,No transaction,0 features,0 failed,2024-03
U03736,25-34,Tier 3,Low,Partnership,iOS,2024-03-12,2024-03-13 14:24:00,,0.0,0.0,0.0,0.0,0.0,0,0,1,0,0,0,1,0,False,False,True,1,,No transaction,1 feature,0 failed,2024-03
U03737,35-44,Tier 1,High,Paid Ads,iOS,2024-01-28,,,0.0,0.0,0.0,0.0,0.0,0,0,0,0,0,0,0,0,False,False,True,0,,No transaction,0 features,0 failed,2024-01
U03738,35-44,Tier 1,High,Referral,iOS,2024-03-02,,,0.0,0.0,0.0,0.0,0.0,0,0,0,0,0,0,0,0,False,False,True,0,,No transaction,0 features,0 failed,2024-03
U03739,35-44,Tier 1,Low,Branch,Android,2024-01-27,,,0.0,0.0,0.0,0.0,0.0,0,0,0,0,0,0,0,0,False,False,True,0,,No transaction,0 features,0 failed,2024-01
U03740,25-34,Tier 2,High,Referral,iOS,2024-04-21,,,0.0,0.0,0.0,0.0,0.0,0,0,0,0,0,0,0,0,False,False,True,0,,No transaction,0 features,0 failed,2024-04
U03741,45-54,Tier 2,Low,Paid Ads,Android,2024-04-26,,,0.0,0.0,0.0,0.0,0.0,0,0,0,0,0,0,0,0,False,False,True,0,,No transaction,0 features,0 failed,2024-04
U03742,35-44,Tier 1,Low,Referral,Android,2024-02-12,,,0.0,0.0,0.0,0.0,0.0,0,0,0,0,0,0,0,0,False,False,True,0,,No transaction,0 features,0 failed,2024-02
U03743,35-44,Tier 1,Mid,Paid Ads,Android,2024-02-08,,,0.0,0.0,0.0,0.0,0.0,0,0,0,0,0,0,0,0,False,False,True,0,,No transaction,0 features,0 failed,2024-02
U03744,18-24,Tier 1,Mid,Branch,Android,2024-04-26,2024-04-27 02:24:00,2024-04-27 22:00:00,11.0,10.0,1.0,54362000.0,4942000.0,0,0,0,1,0,1,2,0,False,False,True,1,0.0,Within 7 days,2+ features,1-2 failed,2024-04
U03745,18-24,Tier 2,Low,Organic,Android,2024-01-02,2024-01-03 07:14:00,2024-01-06 00:00:00,3.0,2.0,1.0,4432000.0,1477333.3333333333,0,0,0,0,1,0,1,1,True,True,False,1,2.0,Within 7 days,1 feature,1-2 failed,2024-01
U03746,18-24,Tier 2,Mid,Partnership,Android,2024-01-28,,,0.0,0.0,0.0,0.0,0.0,0,0,0,0,0,0,0,0,False,False,True,0,,No transaction,0 features,0 failed,2024-01
U03747,35-44,Tier 1,High,Organic,Android,2024-01-25,2024-01-25 22:11:00,2024-01-30 14:00:00,10.0,8.0,2.0,294256000.0,29425600.0,0,1,1,0,0,1,3,0,True,True,False,1,4.0,Within 7 days,2+ features,1-2 failed,2024-01
U03748,25-34,Tier 1,Mid,Referral,iOS,2024-04-04,2024-04-05 18:07:00,2024-04-24 08:00:00,4.0,3.0,1.0,21638000.0,5409500.0,0,1,1,1,0,0,3,0,False,False,True,1,18.0,After 7 days,2+ features,1-2 failed,2024-04
U03749,25-34,Tier 1,Mid,Organic,iOS,2024-01-16,,,0.0,0.0,0.0,0.0,0.0,0,0,0,0,0,0,0,0,False,False,True,0,,No transaction,0 features,0 failed,2024-01
U03750,45-54,Tier 1,Low,Partnership,Android,2024-04-05,,,0.0,0.0,0.0,0.0,0.0,0,0,0,0,0,0,0,0,False,False,True,0,,No transaction,0 features,0 failed,2024-04
U03751,45-54,Tier 2,Low,Organic,iOS,2024-04-06,,,0.0,0.0,0.0,0.0,0.0,0,0,0,0,0,0,0,0,False,False,True,0,,No transaction,0 features,0 failed,2024-04
U03752,45-54,Tier 1,Low,Paid Ads,Android,2024-03-02,,,0.0,0.0,0.0,0.0,0.0,0,0,0,0,0,0,0,0,False,False,True,0,,No transaction,0 features,0 failed,2024-03
U03753,25-34,Tier 1,Low,Referral,iOS,2024-02-01,2024-02-02 17:26:00,2024-02-20 17:00:00,1.0,1.0,0.0,604000.0,604000.0,0,1,0,0,0,0,1,0,True,True,False,1,17.0,After 7 days,1 feature,0 failed,2024-02
U03754,35-44,Tier 1,Low,Organic,Android,2024-03-30,2024-03-31 15:04:00,2024-04-04 09:00:00,10.0,9.0,1.0,9116000.0,911600.0,0,1,1,0,0,1,3,0,True,True,False,1,3.0,Within 7 days,2+ features,1-2 failed,2024-03
U03755,18-24,Tier 3,Low,Partnership,Android,2024-03-18,,,0.0,0.0,0.0,0.0,0.0,0,0,0,0,0,0,0,0,False,False,True,0,,No transaction,0 features,0 failed,2024-03
U03756,18-24,Tier 3,Mid,Organic,Android,2024-03-31,,,0.0,0.0,0.0,0.0,0.0,0,0,0,0,0,0,0,0,False,False,True,0,,No transaction,0 features,0 failed,2024-03
U03757,18-24,Tier 1,Mid,Organic,Android,2024-01-27,,,0.0,0.0,0.0,0.0,0.0,0,0,0,0,0,0,0,0,False,False,True,0,,No transaction,0 features,0 failed,2024-01
U03758,25-34,Tier 1,High,Referral,Android,2024-02-20,,,0.0,0.0,0.0,0.0,0.0,0,0,0,0,0,0,0,0,False,False,True,0,,No transaction,0 features,0 failed,2024-02
U03759,25-34,Tier 1,Low,Paid Ads,Android,2024-01-31,2024-02-01 12:30:00,2024-02-13 01:00:00,8.0,7.0,1.0,7490000.0,936250.0,1,0,0,1,1,0,3,1,False,False,True,1,11.0,After 7 days,2+ features,1-2 failed,2024-01
U03760,35-44,Tier 2,Mid,Paid Ads,Android,2024-03-11,,,0.0,0.0,0.0,0.0,0.0,0,0,0,0,0,0,0,0,False,False,True,0,,No transaction,0 features,0 failed,2024-03
U03761,18-24,Tier 1,Low,Organic,Android,2024-02-11,,,0.0,0.0,0.0,0.0,0.0,0,0,0,0,0,0,0,0,False,False,True,0,,No transaction,0 features,0 failed,2024-02
U03762,35-44,Tier 2,Mid,Organic,Android,2024-04-09,,,0.0,0.0,0.0,0.0,0.0,0,0,0,0,0,0,0,0,False,False,True,0,,No transaction,0 features,0 failed,2024-04
U03763,25-34,Tier 2,Low,Referral,iOS,2024-02-06,2024-02-06 17:24:00,2024-02-12 20:00:00,7.0,7.0,0.0,8366000.0,1195142.857142857,1,0,0,1,0,0,2,1,True,True,False,1,6.0,Within 7 days,2+ features,0 failed,2024-02
U03764,18-24,Tier 3,High,Referral,Android,2024-02-18,,,0.0,0.0,0.0,0.0,0.0,0,0,0,0,0,0,0,0,False,False,True,0,,No transaction,0 features,0 failed,2024-02
U03765,25-34,Tier 1,Mid,Partnership,Android,2024-02-29,2024-03-01 10:22:00,2024-03-03 03:00:00,12.0,11.0,1.0,47206000.0,3933833.3333333335,0,1,0,0,0,1,2,0,True,False,True,1,1.0,Within 7 days,2+ features,1-2 failed,2024-02
U03766,18-24,Tier 3,Mid,Partnership,iOS,2024-03-09,,,0.0,0.0,0.0,0.0,0.0,0,0,0,0,0,0,0,0,False,False,True,0,,No transaction,0 features,0 failed,2024-03
U03767,25-34,Tier 2,Low,Paid Ads,iOS,2024-03-24,,,0.0,0.0,0.0,0.0,0.0,0,0,0,0,0,0,0,0,False,False,True,0,,No transaction,0 features,0 failed,2024-03
U03768,25-34,Tier 1,Mid,Referral,Android,2024-02-15,2024-02-16 05:19:00,2024-02-23 22:00:00,7.0,6.0,1.0,31885000.0,4555000.0,0,1,1,0,0,0,2,0,True,True,False,1,7.0,Within 7 days,2+ features,1-2 failed,2024-02
U03769,18-24,Tier 1,Mid,Paid Ads,iOS,2024-02-09,2024-02-09 18:04:00,,0.0,0.0,0.0,0.0,0.0,0,0,0,0,0,0,0,0,False,False,True,1,,No transaction,0 features,0 failed,2024-02
U03770,18-24,Tier 1,Low,Partnership,Android,2024-02-03,,,0.0,0.0,0.0,0.0,0.0,0,0,0,0,0,0,0,0,False,False,True,0,,No transaction,0 features,0 failed,2024-02
U03771,25-34,Tier 1,Mid,Paid Ads,Android,2024-02-16,,,0.0,0.0,0.0,0.0,0.0,0,0,0,0,0,0,0,0,False,False,True,0,,No transaction,0 features,0 failed,2024-02
U03772,45-54,Tier 1,High,Partnership,Android,2024-03-06,,,0.0,0.0,0.0,0.0,0.0,0,0,0,0,0,0,0,0,False,False,True,0,,No transaction,0 features,0 failed,2024-03
U03773,25-34,Tier 2,Mid,Paid Ads,Android,2024-04-22,,,0.0,0.0,0.0,0.0,0.0,0,0,0,0,0,0,0,0,False,False,True,0,,No transaction,0 features,0 failed,2024-04
U03774,35-44,Tier 1,High,Paid Ads,Android,2024-03-04,,,0.0,0.0,0.0,0.0,0.0,0,0,0,0,0,0,0,0,False,False,True,0,,No transaction,0 features,0 failed,2024-03
U03775,35-44,Tier 3,High,Referral,Android,2024-02-29,,,0.0,0.0,0.0,0.0,0.0,0,0,0,0,0,0,0,0,False,False,True,0,,No transaction,0 features,0 failed,2024-02
U03776,45-54,Tier 1,High,Paid Ads,Android,2024-01-13,,,0.0,0.0,0.0,0.0,0.0,0,0,0,0,0,0,0,0,False,False,True,0,,No transaction,0 features,0 failed,2024-01
U03777,35-44,Tier 3,Mid,Organic,iOS,2024-04-12,,,0.0,0.0,0.0,0.0,0.0,0,0,0,0,0,0,0,0,False,False,True,0,,No transaction,0 features,0 failed,2024-04
U03778,25-34,Tier 1,Mid,Partnership,Android,2024-04-02,,,0.0,0.0,0.0,0.0,0.0,0,0,0,0,0,0,0,0,False,False,True,0,,No transaction,0 features,0 failed,2024-04
U03779,35-44,Tier 2,Mid,Partnership,Android,2024-03-01,2024-03-02 05:06:00,2024-03-09 10:00:00,7.0,6.0,1.0,36350000.0,5192857.142857143,1,1,0,1,0,0,3,1,True,False,True,1,7.0,Within 7 days,2+ features,1-2 failed,2024-03
U03780,45-54,Tier 1,Mid,Partnership,Android,2024-04-07,2024-04-08 17:22:00,2024-04-28 19:00:00,3.0,3.0,0.0,18417000.0,6139000.0,0,1,1,0,0,0,2,0,True,True,False,1,20.0,After 7 days,2+ features,0 failed,2024-04
U03781,25-34,Tier 1,High,Paid Ads,iOS,2024-04-17,,,0.0,0.0,0.0,0.0,0.0,0,0,0,0,0,0,0,0,False,False,True,0,,No transaction,0 features,0 failed,2024-04
U03782,25-34,Tier 3,Low,Organic,Android,2024-02-10,,,0.0,0.0,0.0,0.0,0.0,0,0,0,0,0,0,0,0,False,False,True,0,,No transaction,0 features,0 failed,2024-02
U03783,18-24,Tier 1,Mid,Organic,iOS,2024-01-27,2024-01-28 08:12:00,2024-02-05 00:00:00,4.0,2.0,2.0,22041000.0,5510250.0,0,1,0,0,1,0,2,1,True,True,False,1,7.0,Within 7 days,2+ features,1-2 failed,2024-01
U03784,35-44,Tier 2,Low,Paid Ads,iOS,2024-02-17,,,0.0,0.0,0.0,0.0,0.0,0,0,0,0,0,0,0,0,False,False,True,0,,No transaction,0 features,0 failed,2024-02
U03785,35-44,Tier 2,Low,Partnership,Android,2024-02-10,2024-02-11 12:23:00,2024-02-13 08:00:00,10.0,8.0,2.0,11090000.0,1109000.0,0,1,1,0,1,1,4,1,True,False,True,1,1.0,Within 7 days,2+ features,1-2 failed,2024-02
U03786,18-24,Tier 2,Low,Paid Ads,iOS,2024-02-22,,,0.0,0.0,0.0,0.0,0.0,0,0,0,0,0,0,0,0,False,False,True,0,,No transaction,0 features,0 failed,2024-02
U03787,25-34,Tier 2,Mid,Organic,Android,2024-01-06,,,0.0,0.0,0.0,0.0,0.0,0,0,0,0,0,0,0,0,False,False,True,0,,No transaction,0 features,0 failed,2024-01
U03788,25-34,Tier 2,Low,Branch,Android,2024-03-13,,,0.0,0.0,0.0,0.0,0.0,0,0,0,0,0,0,0,0,False,False,True,0,,No transaction,0 features,0 failed,2024-03
U03789,18-24,Tier 1,Mid,Branch,Android,2024-04-20,,,0.0,0.0,0.0,0.0,0.0,0,0,0,0,0,0,0,0,False,False,True,0,,No transaction,0 features,0 failed,2024-04
U03790,55+,Tier 2,Mid,Referral,Android,2024-01-29,,,0.0,0.0,0.0,0.0,0.0,0,0,0,0,0,0,0,0,False,False,True,0,,No transaction,0 features,0 failed,2024-01
U03791,18-24,Tier 3,Low,Paid Ads,Android,2024-04-04,,,0.0,0.0,0.0,0.0,0.0,0,0,0,0,0,0,0,0,False,False,True,0,,No transaction,0 features,0 failed,2024-04
U03792,18-24,Tier 1,Low,Partnership,Android,2024-01-19,,,0.0,0.0,0.0,0.0,0.0,0,0,0,0,0,0,0,0,False,False,True,0,,No transaction,0 features,0 failed,2024-01
U03793,25-34,Tier 1,Mid,Paid Ads,Android,2024-01-03,2024-01-04 04:08:00,,0.0,0.0,0.0,0.0,0.0,0,0,0,0,0,0,0,0,False,False,True,1,,No transaction,0 features,0 failed,2024-01
U03794,35-44,Tier 2,Mid,Branch,iOS,2024-02-03,,,0.0,0.0,0.0,0.0,0.0,0,0,0,0,0,0,0,0,False,False,True,0,,No transaction,0 features,0 failed,2024-02
U03795,18-24,Tier 1,High,Organic,Android,2024-03-11,2024-03-12 20:01:00,2024-03-24 12:00:00,4.0,4.0,0.0,58069000.0,14517250.0,0,1,0,0,0,0,1,0,True,True,False,1,11.0,After 7 days,1 feature,0 failed,2024-03
U03796,35-44,Tier 1,High,Paid Ads,iOS,2024-03-15,2024-03-16 15:03:00,2024-04-03 03:00:00,4.0,4.0,0.0,124386000.0,31096500.0,0,0,0,1,0,0,1,0,False,False,True,1,17.0,After 7 days,1 feature,0 failed,2024-03
U03797,25-34,Tier 1,High,Paid Ads,Android,2024-03-15,,,0.0,0.0,0.0,0.0,0.0,0,0,0,0,0,0,0,0,False,False,True,0,,No transaction,0 features,0 failed,2024-03
U03798,18-24,Tier 2,Mid,Partnership,Android,2024-04-02,,,0.0,0.0,0.0,0.0,0.0,0,0,0,0,0,0,0,0,False,False,True,0,,No transaction,0 features,0 failed,2024-04
U03799,18-24,Tier 1,High,Partnership,iOS,2024-02-23,,,0.0,0.0,0.0,0.0,0.0,0,0,0,0,0,0,0,0,False,False,True,0,,No transaction,0 features,0 failed,2024-02
U03800,25-34,Tier 2,High,Branch,Android,2024-02-07,2024-02-08 12:22:00,,0.0,0.0,0.0,0.0,0.0,0,0,0,0,0,0,0,0,True,False,True,1,,No transaction,0 features,0 failed,2024-02
U03801,18-24,Tier 2,High,Paid Ads,Android,2024-01-20,,,0.0,0.0,0.0,0.0,0.0,0,0,0,0,0,0,0,0,False,False,True,0,,No transaction,0 features,0 failed,2024-01
U03802,45-54,Tier 1,Low,Partnership,Android,2024-01-26,,,0.0,0.0,0.0,0.0,0.0,0,0,0,0,0,0,0,0,False,False,True,0,,No transaction,0 features,0 failed,2024-01
U03803,35-44,Tier 2,High,Referral,Android,2024-02-12,2024-02-13 15:16:00,2024-03-28 11:00:00,3.0,3.0,0.0,100463000.0,33487666.666666668,1,0,0,0,0,0,1,1,True,True,False,1,43.0,After 7 days,1 feature,0 failed,2024-02
U03804,55+,Tier 3,Mid,Referral,Android,2024-01-30,2024-01-31 14:08:00,2024-02-03 10:00:00,22.0,18.0,4.0,120536000.0,5478909.090909091,1,1,1,1,1,0,5,1,False,False,True,1,2.0,Within 7 days,2+ features,3+ failed,2024-01
U03805,18-24,Tier 2,Mid,Referral,Android,2024-02-18,,,0.0,0.0,0.0,0.0,0.0,0,0,0,0,0,0,0,0,False,False,True,0,,No transaction,0 features,0 failed,2024-02
U03806,55+,Tier 3,Low,Partnership,iOS,2024-03-13,2024-03-14 10:18:00,,0.0,0.0,0.0,0.0,0.0,0,0,0,1,0,0,1,0,False,False,True,1,,No transaction,1 feature,0 failed,2024-03
U03807,25-34,Tier 1,Mid,Branch,Android,2024-04-16,,,0.0,0.0,0.0,0.0,0.0,0,0,0,0,0,0,0,0,False,False,True,0,,No transaction,0 features,0 failed,2024-04
U03808,25-34,Tier 2,Low,Referral,Android,2024-02-01,2024-02-02 12:18:00,2024-02-05 22:00:00,8.0,7.0,1.0,11112000.0,1389000.0,1,0,0,0,1,1,3,1,True,True,False,1,3.0,Within 7 days,2+ features,1-2 failed,2024-02
U03809,18-24,Tier 1,Low,Organic,Android,2024-03-04,,,0.0,0.0,0.0,0.0,0.0,0,0,0,0,0,0,0,0,False,False,True,0,,No transaction,0 features,0 failed,2024-03
U03810,18-24,Tier 1,Low,Partnership,Android,2024-03-11,,,0.0,0.0,0.0,0.0,0.0,0,0,0,0,0,0,0,0,False,False,True,0,,No transaction,0 features,0 failed,2024-03
U03811,35-44,Tier 1,High,Paid Ads,Android,2024-03-24,,,0.0,0.0,0.0,0.0,0.0,0,0,0,0,0,0,0,0,False,False,True,0,,No transaction,0 features,0 failed,2024-03
U03812,25-34,Tier 1,Low,Branch,Android,2024-03-28,,,0.0,0.0,0.0,0.0,0.0,0,0,0,0,0,0,0,0,False,False,True,0,,No transaction,0 features,0 failed,2024-03
U03813,18-24,Tier 3,Mid,Referral,Android,2024-02-13,,,0.0,0.0,0.0,0.0,0.0,0,0,0,0,0,0,0,0,False,False,True,0,,No transaction,0 features,0 failed,2024-02
U03814,25-34,Tier 1,Low,Organic,iOS,2024-02-02,,,0.0,0.0,0.0,0.0,0.0,0,0,0,0,0,0,0,0,False,False,True,0,,No transaction,0 features,0 failed,2024-02
U03815,18-24,Tier 2,Mid,Paid Ads,Android,2024-04-07,,,0.0,0.0,0.0,0.0,0.0,0,0,0,0,0,0,0,0,False,False,True,0,,No transaction,0 features,0 failed,2024-04
U03816,25-34,Tier 2,Low,Organic,iOS,2024-04-15,2024-04-16 01:06:00,,0.0,0.0,0.0,0.0,0.0,0,1,0,0,0,0,1,0,True,True,False,1,,No transaction,1 feature,0 failed,2024-04
U03817,25-34,Tier 2,Low,Referral,Android,2024-03-03,2024-03-04 19:01:00,2024-03-16 02:00:00,4.0,3.0,1.0,4984000.0,1246000.0,1,0,0,0,1,0,2,1,True,True,False,1,11.0,After 7 days,2+ features,1-2 failed,2024-03
U03818,35-44,Tier 1,Mid,Organic,Android,2024-04-02,2024-04-03 14:30:00,2024-04-05 04:00:00,12.0,10.0,2.0,61468000.0,5122333.333333333,1,1,0,1,1,1,5,1,True,False,True,1,1.0,Within 7 days,2+ features,1-2 failed,2024-04
U03819,35-44,Tier 2,Mid,Organic,iOS,2024-03-23,,,0.0,0.0,0.0,0.0,0.0,0,0,0,0,0,0,0,0,False,False,True,0,,No transaction,0 features,0 failed,2024-03
U03820,25-34,Tier 1,Low,Organic,iOS,2024-04-04,,,0.0,0.0,0.0,0.0,0.0,0,0,0,0,0,0,0,0,False,False,True,0,,No transaction,0 features,0 failed,2024-04
U03821,25-34,Tier 1,Low,Branch,Android,2024-03-03,2024-03-03 19:04:00,,0.0,0.0,0.0,0.0,0.0,0,0,1,0,0,0,1,0,True,False,True,1,,No transaction,1 feature,0 failed,2024-03
U03822,25-34,Tier 3,Low,Referral,iOS,2024-02-28,,,0.0,0.0,0.0,0.0,0.0,0,0,0,0,0,0,0,0,False,False,True,0,,No transaction,0 features,0 failed,2024-02
U03823,35-44,Tier 1,High,Referral,iOS,2024-01-22,2024-01-23 12:08:00,2024-01-27 08:00:00,8.0,8.0,0.0,138065000.0,17258125.0,1,1,1,0,1,0,4,1,True,True,False,1,3.0,Within 7 days,2+ features,0 failed,2024-01
U03824,25-34,Tier 1,Mid,Partnership,iOS,2024-04-03,,,0.0,0.0,0.0,0.0,0.0,0,0,0,0,0,0,0,0,False,False,True,0,,No transaction,0 features,0 failed,2024-04
U03825,18-24,Tier 3,Mid,Paid Ads,Android,2024-04-11,2024-04-12 14:11:00,2024-04-21 21:00:00,10.0,10.0,0.0,28750000.0,2875000.0,0,1,1,1,1,1,5,1,True,False,True,1,9.0,After 7 days,2+ features,0 failed,2024-04
U03826,18-24,Tier 1,Low,Paid Ads,iOS,2024-02-15,2024-02-16 09:02:00,2024-03-15 23:00:00,6.0,6.0,0.0,7633000.0,1272166.6666666667,0,1,0,0,1,0,2,1,True,False,True,1,28.0,After 7 days,2+ features,0 failed,2024-02
U03827,25-34,Tier 2,Mid,Paid Ads,iOS,2024-01-22,2024-01-23 05:25:00,2024-02-06 08:00:00,5.0,5.0,0.0,21091000.0,4218200.0,0,0,0,0,1,0,1,1,False,False,True,1,14.0,After 7 days,1 feature,0 failed,2024-01
U03828,25-34,Tier 1,Low,Partnership,Android,2024-01-18,,,0.0,0.0,0.0,0.0,0.0,0,0,0,0,0,0,0,0,False,False,True,0,,No transaction,0 features,0 failed,2024-01
U03829,35-44,Tier 1,Low,Partnership,iOS,2024-04-02,,,0.0,0.0,0.0,0.0,0.0,0,0,0,0,0,0,0,0,False,False,True,0,,No transaction,0 features,0 failed,2024-04
U03830,18-24,Tier 1,Mid,Paid Ads,iOS,2024-03-10,2024-03-11 20:08:00,2024-04-10 19:00:00,6.0,4.0,2.0,38624000.0,6437333.333333333,0,0,0,1,1,1,3,1,True,False,True,1,29.0,After 7 days,2+ features,1-2 failed,2024-03
U03831,25-34,Tier 1,Mid,Partnership,Android,2024-03-03,2024-03-04 10:27:00,2024-03-26 03:00:00,5.0,4.0,1.0,19365000.0,3873000.0,1,1,1,1,0,0,4,1,False,False,True,1,21.0,After 7 days,2+ features,1-2 failed,2024-03
U03832,35-44,Tier 1,Low,Paid Ads,Android,2024-01-24,2024-01-24 21:19:00,2024-02-02 19:00:00,3.0,3.0,0.0,2587000.0,862333.3333333334,0,1,0,0,0,0,1,0,True,False,True,1,8.0,After 7 days,1 feature,0 failed,2024-01
U03833,35-44,Tier 2,Mid,Referral,Android,2024-04-23,,,0.0,0.0,0.0,0.0,0.0,0,0,0,0,0,0,0,0,False,False,True,0,,No transaction,0 features,0 failed,2024-04
U03834,25-34,Tier 2,High,Partnership,Android,2024-03-10,2024-03-11 22:17:00,2024-03-17 00:00:00,7.0,7.0,0.0,206183000.0,29454714.285714287,0,1,1,0,0,0,2,0,True,False,True,1,5.0,Within 7 days,2+ features,0 failed,2024-03
U03835,25-34,Tier 3,Mid,Paid Ads,Android,2024-03-23,2024-03-23 19:15:00,2024-03-25 17:00:00,5.0,5.0,0.0,35904000.0,7180800.0,0,0,1,0,0,0,1,0,False,False,True,1,1.0,Within 7 days,1 feature,0 failed,2024-03
U03836,25-34,Tier 1,Mid,Branch,Android,2024-01-08,2024-01-09 12:25:00,,0.0,0.0,0.0,0.0,0.0,0,0,1,0,0,0,1,0,True,False,True,1,,No transaction,1 feature,0 failed,2024-01
U03837,45-54,Tier 2,High,Organic,Android,2024-03-08,,,0.0,0.0,0.0,0.0,0.0,0,0,0,0,0,0,0,0,False,False,True,0,,No transaction,0 features,0 failed,2024-03
U03838,18-24,Tier 2,High,Referral,iOS,2024-01-05,,,0.0,0.0,0.0,0.0,0.0,0,0,0,0,0,0,0,0,False,False,True,0,,No transaction,0 features,0 failed,2024-01
U03839,45-54,Tier 3,Mid,Branch,iOS,2024-04-17,2024-04-18 04:16:00,2024-04-20 21:00:00,10.0,10.0,0.0,49329000.0,4932900.0,1,1,0,1,1,0,4,1,True,False,True,1,2.0,Within 7 days,2+ features,0 failed,2024-04
U03840,35-44,Tier 1,Mid,Organic,Android,2024-04-18,2024-04-19 17:19:00,2024-04-24 15:00:00,2.0,2.0,0.0,12326000.0,6163000.0,1,0,0,0,0,1,2,1,True,True,False,1,4.0,Within 7 days,2+ features,0 failed,2024-04
U03841,25-34,Tier 2,Low,Branch,iOS,2024-01-10,2024-01-11 14:15:00,,0.0,0.0,0.0,0.0,0.0,0,0,0,0,0,1,1,0,True,False,True,1,,No transaction,1 feature,0 failed,2024-01
U03842,18-24,Tier 3,Mid,Branch,Android,2024-04-14,,,0.0,0.0,0.0,0.0,0.0,0,0,0,0,0,0,0,0,False,False,True,0,,No transaction,0 features,0 failed,2024-04
U03843,25-34,Tier 1,Low,Partnership,iOS,2024-03-26,,,0.0,0.0,0.0,0.0,0.0,0,0,0,0,0,0,0,0,False,False,True,0,,No transaction,0 features,0 failed,2024-03
U03844,25-34,Tier 3,Low,Paid Ads,iOS,2024-01-07,,,0.0,0.0,0.0,0.0,0.0,0,0,0,0,0,0,0,0,False,False,True,0,,No transaction,0 features,0 failed,2024-01
U03845,18-24,Tier 1,Mid,Paid Ads,Android,2024-04-07,,,0.0,0.0,0.0,0.0,0.0,0,0,0,0,0,0,0,0,False,False,True,0,,No transaction,0 features,0 failed,2024-04
U03846,35-44,Tier 2,Low,Partnership,Android,2024-01-01,2024-01-02 10:13:00,2024-01-10 19:00:00,3.0,3.0,0.0,2450000.0,816666.6666666666,0,0,1,0,1,0,2,1,True,False,True,1,8.0,After 7 days,2+ features,0 failed,2024-01
U03847,55+,Tier 3,Mid,Partnership,Android,2024-02-22,2024-02-23 06:27:00,2024-03-01 03:00:00,1.0,1.0,0.0,7991000.0,7991000.0,0,0,0,0,0,1,1,0,True,False,True,1,6.0,Within 7 days,1 feature,0 failed,2024-02
U03848,25-34,Tier 2,Mid,Paid Ads,iOS,2024-01-18,2024-01-19 00:07:00,2024-01-23 22:00:00,2.0,1.0,1.0,9473000.0,4736500.0,0,0,0,0,1,0,1,1,True,True,False,1,4.0,Within 7 days,1 feature,1-2 failed,2024-01
U03849,35-44,Tier 1,Mid,Branch,iOS,2024-04-17,2024-04-18 16:29:00,2024-04-27 19:00:00,6.0,6.0,0.0,26592000.0,4432000.0,1,0,1,0,0,0,2,1,True,True,False,1,9.0,After 7 days,2+ features,0 failed,2024-04
U03850,18-24,Tier 1,Low,Paid Ads,Android,2024-03-21,,,0.0,0.0,0.0,0.0,0.0,0,0,0,0,0,0,0,0,False,False,True,0,,No transaction,0 features,0 failed,2024-03
U03851,25-34,Tier 3,Low,Branch,Android,2024-01-30,,,0.0,0.0,0.0,0.0,0.0,0,0,0,0,0,0,0,0,False,False,True,0,,No transaction,0 features,0 failed,2024-01
U03852,18-24,Tier 2,Mid,Organic,Android,2024-01-09,2024-01-10 05:03:00,2024-02-02 05:00:00,3.0,2.0,1.0,20307000.0,6769000.0,0,0,0,1,1,0,2,1,True,True,False,1,22.0,After 7 days,2+ features,1-2 failed,2024-01
U03853,25-34,Tier 1,High,Organic,Android,2024-03-31,,,0.0,0.0,0.0,0.0,0.0,0,0,0,0,0,0,0,0,False,False,True,0,,No transaction,0 features,0 failed,2024-03
U03854,45-54,Tier 2,Low,Paid Ads,iOS,2024-01-20,,,0.0,0.0,0.0,0.0,0.0,0,0,0,0,0,0,0,0,False,False,True,0,,No transaction,0 features,0 failed,2024-01
U03855,35-44,Tier 2,Low,Referral,Android,2024-01-02,2024-01-02 22:01:00,2024-02-05 12:00:00,2.0,2.0,0.0,2737000.0,1368500.0,0,0,0,1,0,0,1,0,True,True,False,1,33.0,After 7 days,1 feature,0 failed,2024-01
U03856,18-24,Tier 1,High,Partnership,iOS,2024-01-28,,,0.0,0.0,0.0,0.0,0.0,0,0,0,0,0,0,0,0,False,False,True,0,,No transaction,0 features,0 failed,2024-01
U03857,25-34,Tier 1,Low,Organic,iOS,2024-03-05,,,0.0,0.0,0.0,0.0,0.0,0,0,0,0,0,0,0,0,False,False,True,0,,No transaction,0 features,0 failed,2024-03
U03858,25-34,Tier 1,High,Branch,iOS,2024-02-28,,,0.0,0.0,0.0,0.0,0.0,0,0,0,0,0,0,0,0,False,False,True,0,,No transaction,0 features,0 failed,2024-02
U03859,25-34,Tier 2,Mid,Referral,Android,2024-02-17,2024-02-18 05:02:00,,0.0,0.0,0.0,0.0,0.0,0,0,0,0,0,0,0,0,False,False,True,1,,No transaction,0 features,0 failed,2024-02
U03860,35-44,Tier 2,Mid,Referral,Android,2024-01-08,,,0.0,0.0,0.0,0.0,0.0,0,0,0,0,0,0,0,0,False,False,True,0,,No transaction,0 features,0 failed,2024-01
U03861,35-44,Tier 2,Mid,Referral,Android,2024-03-20,2024-03-21 13:14:00,,0.0,0.0,0.0,0.0,0.0,0,1,1,0,0,0,2,0,False,False,True,1,,No transaction,2+ features,0 failed,2024-03
U03862,25-34,Tier 3,Low,Paid Ads,iOS,2024-03-22,,,0.0,0.0,0.0,0.0,0.0,0,0,0,0,0,0,0,0,False,False,True,0,,No transaction,0 features,0 failed,2024-03
U03863,25-34,Tier 3,Mid,Organic,Android,2024-03-26,,,0.0,0.0,0.0,0.0,0.0,0,0,0,0,0,0,0,0,False,False,True,0,,No transaction,0 features,0 failed,2024-03
U03864,18-24,Tier 2,High,Organic,Android,2024-03-19,2024-03-21 02:25:00,2024-03-25 03:00:00,10.0,8.0,2.0,247591000.0,24759100.0,0,1,1,1,0,0,3,0,True,True,False,1,4.0,Within 7 days,2+ features,1-2 failed,2024-03
U03865,18-24,Tier 1,Mid,Paid Ads,iOS,2024-04-26,,,0.0,0.0,0.0,0.0,0.0,0,0,0,0,0,0,0,0,False,False,True,0,,No transaction,0 features,0 failed,2024-04
U03866,25-34,Tier 2,Mid,Organic,Android,2024-03-02,2024-03-03 14:29:00,2024-03-19 09:00:00,10.0,9.0,1.0,58862000.0,5886200.0,1,1,1,1,0,0,4,1,False,False,True,1,15.0,After 7 days,2+ features,1-2 failed,2024-03
U03867,25-34,Tier 1,Mid,Organic,Android,2024-03-25,2024-03-26 15:21:00,,0.0,0.0,0.0,0.0,0.0,1,0,0,0,0,0,1,1,True,True,False,1,,No transaction,1 feature,0 failed,2024-03
U03868,35-44,Tier 2,Low,Partnership,Android,2024-03-03,,,0.0,0.0,0.0,0.0,0.0,0,0,0,0,0,0,0,0,False,False,True,0,,No transaction,0 features,0 failed,2024-03
U03869,35-44,Tier 2,Mid,Organic,Android,2024-01-03,,,0.0,0.0,0.0,0.0,0.0,0,0,0,0,0,0,0,0,False,False,True,0,,No transaction,0 features,0 failed,2024-01
U03870,18-24,Tier 1,Mid,Referral,Android,2024-01-01,,,0.0,0.0,0.0,0.0,0.0,0,0,0,0,0,0,0,0,False,False,True,0,,No transaction,0 features,0 failed,2024-01
U03871,25-34,Tier 3,Mid,Organic,Android,2024-03-09,2024-03-10 13:02:00,2024-03-13 01:00:00,7.0,6.0,1.0,36471000.0,5210142.857142857,0,1,1,0,0,0,2,0,True,True,False,1,2.0,Within 7 days,2+ features,1-2 failed,2024-03
U03872,18-24,Tier 1,Mid,Referral,iOS,2024-03-11,,,0.0,0.0,0.0,0.0,0.0,0,0,0,0,0,0,0,0,False,False,True,0,,No transaction,0 features,0 failed,2024-03
U03873,18-24,Tier 2,Mid,Paid Ads,iOS,2024-02-22,2024-02-23 07:08:00,2024-03-01 01:00:00,11.0,10.0,1.0,40241000.0,3658272.727272727,1,0,1,0,1,1,4,1,False,False,True,1,6.0,Within 7 days,2+ features,1-2 failed,2024-02
U03874,35-44,Tier 1,High,Organic,Android,2024-01-02,2024-01-03 04:07:00,2024-01-03 22:00:00,7.0,7.0,0.0,226590000.0,32370000.0,0,0,1,1,0,0,2,0,True,False,True,1,0.0,Within 7 days,2+ features,0 failed,2024-01
U03875,18-24,Tier 3,Mid,Partnership,iOS,2024-01-03,,,0.0,0.0,0.0,0.0,0.0,0,0,0,0,0,0,0,0,False,False,True,0,,No transaction,0 features,0 failed,2024-01
U03876,25-34,Tier 1,Low,Branch,Android,2024-03-08,,,0.0,0.0,0.0,0.0,0.0,0,0,0,0,0,0,0,0,False,False,True,0,,No transaction,0 features,0 failed,2024-03
U03877,18-24,Tier 1,Mid,Organic,Android,2024-04-02,2024-04-03 18:28:00,2024-04-04 20:00:00,13.0,11.0,2.0,89868000.0,6912923.076923077,1,0,1,1,0,1,4,1,True,True,False,1,1.0,Within 7 days,2+ features,1-2 failed,2024-04
U03878,45-54,Tier 1,Mid,Branch,iOS,2024-02-05,,,0.0,0.0,0.0,0.0,0.0,0,0,0,0,0,0,0,0,False,False,True,0,,No transaction,0 features,0 failed,2024-02
U03879,25-34,Tier 1,Mid,Referral,iOS,2024-03-09,,,0.0,0.0,0.0,0.0,0.0,0,0,0,0,0,0,0,0,False,False,True,0,,No transaction,0 features,0 failed,2024-03
U03880,18-24,Tier 1,High,Organic,Android,2024-02-06,,,0.0,0.0,0.0,0.0,0.0,0,0,0,0,0,0,0,0,False,False,True,0,,No transaction,0 features,0 failed,2024-02
U03881,25-34,Tier 2,Mid,Organic,Android,2024-01-03,,,0.0,0.0,0.0,0.0,0.0,0,0,0,0,0,0,0,0,False,False,True,0,,No transaction,0 features,0 failed,2024-01
U03882,35-44,Tier 1,Mid,Referral,iOS,2024-03-05,2024-03-06 16:24:00,2024-03-09 01:00:00,8.0,7.0,1.0,45666000.0,5708250.0,1,1,0,1,0,1,4,1,True,True,False,1,2.0,Within 7 days,2+ features,1-2 failed,2024-03
U03883,55+,Tier 1,Mid,Paid Ads,Android,2024-04-14,2024-04-15 16:15:00,2024-04-19 14:00:00,5.0,5.0,0.0,24290000.0,4858000.0,0,0,0,0,0,1,1,0,False,False,True,1,3.0,Within 7 days,1 feature,0 failed,2024-04
U03884,18-24,Tier 1,Low,Referral,iOS,2024-03-30,2024-03-31 17:07:00,,0.0,0.0,0.0,0.0,0.0,1,0,0,0,0,0,1,1,True,False,True,1,,No transaction,1 feature,0 failed,2024-03
U03885,45-54,Tier 3,Low,Partnership,Android,2024-03-27,,,0.0,0.0,0.0,0.0,0.0,0,0,0,0,0,0,0,0,False,False,True,0,,No transaction,0 features,0 failed,2024-03
U03886,45-54,Tier 2,High,Paid Ads,iOS,2024-02-25,,,0.0,0.0,0.0,0.0,0.0,0,0,0,0,0,0,0,0,False,False,True,0,,No transaction,0 features,0 failed,2024-02
U03887,45-54,Tier 2,Mid,Referral,Android,2024-04-13,2024-04-14 10:21:00,2024-06-01 02:00:00,1.0,1.0,0.0,8860000.0,8860000.0,0,0,1,0,0,0,1,0,True,False,True,1,47.0,After 7 days,1 feature,0 failed,2024-04
U03888,25-34,Tier 2,Low,Paid Ads,Android,2024-04-26,,,0.0,0.0,0.0,0.0,0.0,0,0,0,0,0,0,0,0,False,False,True,0,,No transaction,0 features,0 failed,2024-04
U03889,25-34,Tier 1,Low,Branch,Android,2024-01-23,,,0.0,0.0,0.0,0.0,0.0,0,0,0,0,0,0,0,0,False,False,True,0,,No transaction,0 features,0 failed,2024-01
U03890,25-34,Tier 1,Mid,Organic,Android,2024-01-14,2024-01-15 18:01:00,2024-03-07 11:00:00,1.0,1.0,0.0,2960000.0,2960000.0,0,0,0,0,1,0,1,1,True,True,False,1,51.0,After 7 days,1 feature,0 failed,2024-01
U03891,35-44,Tier 1,Mid,Referral,iOS,2024-01-13,,,0.0,0.0,0.0,0.0,0.0,0,0,0,0,0,0,0,0,False,False,True,0,,No transaction,0 features,0 failed,2024-01
U03892,25-34,Tier 3,High,Paid Ads,Android,2024-03-08,,,0.0,0.0,0.0,0.0,0.0,0,0,0,0,0,0,0,0,False,False,True,0,,No transaction,0 features,0 failed,2024-03
U03893,35-44,Tier 3,Low,Paid Ads,Android,2024-01-20,2024-01-21 14:23:00,2024-01-29 10:00:00,9.0,9.0,0.0,8107000.0,900777.7777777778,0,1,1,1,0,1,4,0,False,False,True,1,7.0,Within 7 days,2+ features,0 failed,2024-01
U03894,25-34,Tier 2,High,Paid Ads,Android,2024-01-31,,,0.0,0.0,0.0,0.0,0.0,0,0,0,0,0,0,0,0,False,False,True,0,,No transaction,0 features,0 failed,2024-01
U03895,35-44,Tier 1,Mid,Referral,Android,2024-01-25,2024-01-26 11:01:00,2024-02-05 14:00:00,15.0,14.0,1.0,89353000.0,5956866.666666667,0,1,1,1,0,1,4,0,False,False,True,1,10.0,After 7 days,2+ features,1-2 failed,2024-01
U03896,35-44,Tier 1,Mid,Paid Ads,Android,2024-03-20,,,0.0,0.0,0.0,0.0,0.0,0,0,0,0,0,0,0,0,False,False,True,0,,No transaction,0 features,0 failed,2024-03
U03897,18-24,Tier 1,Mid,Paid Ads,Android,2024-03-08,,,0.0,0.0,0.0,0.0,0.0,0,0,0,0,0,0,0,0,False,False,True,0,,No transaction,0 features,0 failed,2024-03
U03898,35-44,Tier 2,Low,Paid Ads,Android,2024-02-02,,,0.0,0.0,0.0,0.0,0.0,0,0,0,0,0,0,0,0,False,False,True,0,,No transaction,0 features,0 failed,2024-02
U03899,25-34,Tier 1,High,Organic,Android,2024-04-14,2024-04-15 02:16:00,,0.0,0.0,0.0,0.0,0.0,0,0,0,0,0,0,0,0,False,False,True,1,,No transaction,0 features,0 failed,2024-04
U03900,35-44,Tier 3,Low,Paid Ads,iOS,2024-02-15,,,0.0,0.0,0.0,0.0,0.0,0,0,0,0,0,0,0,0,False,False,True,0,,No transaction,0 features,0 failed,2024-02
U03901,25-34,Tier 1,Low,Referral,iOS,2024-02-04,,,0.0,0.0,0.0,0.0,0.0,0,0,0,0,0,0,0,0,False,False,True,0,,No transaction,0 features,0 failed,2024-02
U03902,25-34,Tier 3,High,Paid Ads,iOS,2024-04-11,2024-04-11 20:10:00,2024-05-12 22:00:00,1.0,1.0,0.0,1446000.0,1446000.0,0,0,1,0,1,0,2,1,True,False,True,1,31.0,After 7 days,2+ features,0 failed,2024-04
U03903,45-54,Tier 2,Mid,Branch,Android,2024-02-20,2024-02-21 13:19:00,2024-03-10 21:00:00,2.0,2.0,0.0,8239000.0,4119500.0,0,0,1,0,1,0,2,1,True,True,False,1,18.0,After 7 days,2+ features,0 failed,2024-02
U03904,18-24,Tier 2,High,Paid Ads,Android,2024-01-11,,,0.0,0.0,0.0,0.0,0.0,0,0,0,0,0,0,0,0,False,False,True,0,,No transaction,0 features,0 failed,2024-01
U03905,35-44,Tier 2,Mid,Organic,Android,2024-02-17,,,0.0,0.0,0.0,0.0,0.0,0,0,0,0,0,0,0,0,False,False,True,0,,No transaction,0 features,0 failed,2024-02
U03906,25-34,Tier 2,Mid,Referral,Android,2024-02-21,,,0.0,0.0,0.0,0.0,0.0,0,0,0,0,0,0,0,0,False,False,True,0,,No transaction,0 features,0 failed,2024-02
U03907,25-34,Tier 2,High,Partnership,Android,2024-02-28,,,0.0,0.0,0.0,0.0,0.0,0,0,0,0,0,0,0,0,False,False,True,0,,No transaction,0 features,0 failed,2024-02
U03908,25-34,Tier 2,Low,Partnership,Android,2024-03-13,,,0.0,0.0,0.0,0.0,0.0,0,0,0,0,0,0,0,0,False,False,True,0,,No transaction,0 features,0 failed,2024-03
U03909,25-34,Tier 2,High,Paid Ads,Android,2024-02-01,,,0.0,0.0,0.0,0.0,0.0,0,0,0,0,0,0,0,0,False,False,True,0,,No transaction,0 features,0 failed,2024-02
U03910,25-34,Tier 3,Low,Organic,iOS,2024-03-30,,,0.0,0.0,0.0,0.0,0.0,0,0,0,0,0,0,0,0,False,False,True,0,,No transaction,0 features,0 failed,2024-03
U03911,18-24,Tier 2,High,Paid Ads,iOS,2024-01-29,2024-01-30 12:18:00,2024-01-31 04:00:00,12.0,11.0,1.0,293404000.0,24450333.333333332,1,0,0,1,0,0,2,1,True,True,False,1,0.0,Within 7 days,2+ features,1-2 failed,2024-01
U03912,18-24,Tier 2,Low,Paid Ads,iOS,2024-02-08,,,0.0,0.0,0.0,0.0,0.0,0,0,0,0,0,0,0,0,False,False,True,0,,No transaction,0 features,0 failed,2024-02
U03913,18-24,Tier 3,Mid,Branch,Android,2024-03-28,,,0.0,0.0,0.0,0.0,0.0,0,0,0,0,0,0,0,0,False,False,True,0,,No transaction,0 features,0 failed,2024-03
U03914,55+,Tier 1,High,Paid Ads,Android,2024-04-15,,,0.0,0.0,0.0,0.0,0.0,0,0,0,0,0,0,0,0,False,False,True,0,,No transaction,0 features,0 failed,2024-04
U03915,55+,Tier 1,Mid,Paid Ads,Android,2024-04-18,2024-04-19 09:20:00,2024-04-19 19:00:00,7.0,7.0,0.0,43292000.0,6184571.428571428,1,1,0,0,0,1,3,1,True,True,False,1,0.0,Within 7 days,2+ features,0 failed,2024-04
U03916,25-34,Tier 2,Mid,Paid Ads,Android,2024-01-11,,,0.0,0.0,0.0,0.0,0.0,0,0,0,0,0,0,0,0,False,False,True,0,,No transaction,0 features,0 failed,2024-01
U03917,35-44,Tier 2,High,Referral,Android,2024-03-24,,,0.0,0.0,0.0,0.0,0.0,0,0,0,0,0,0,0,0,False,False,True,0,,No transaction,0 features,0 failed,2024-03
U03918,25-34,Tier 3,Mid,Partnership,Android,2024-04-19,,,0.0,0.0,0.0,0.0,0.0,0,0,0,0,0,0,0,0,False,False,True,0,,No transaction,0 features,0 failed,2024-04
U03919,35-44,Tier 1,High,Paid Ads,Android,2024-03-24,,,0.0,0.0,0.0,0.0,0.0,0,0,0,0,0,0,0,0,False,False,True,0,,No transaction,0 features,0 failed,2024-03
U03920,35-44,Tier 2,Mid,Branch,iOS,2024-04-07,,,0.0,0.0,0.0,0.0,0.0,0,0,0,0,0,0,0,0,False,False,True,0,,No transaction,0 features,0 failed,2024-04
U03921,45-54,Tier 2,Low,Paid Ads,iOS,2024-01-05,2024-01-06 10:05:00,2024-01-08 09:00:00,9.0,9.0,0.0,9233000.0,1025888.8888888889,0,1,1,0,1,1,4,1,True,False,True,1,1.0,Within 7 days,2+ features,0 failed,2024-01
U03922,25-34,Tier 1,Low,Organic,Android,2024-01-12,2024-01-13 09:30:00,2024-01-25 02:00:00,6.0,6.0,0.0,6672000.0,1112000.0,0,1,0,0,0,0,1,0,True,True,False,1,11.0,After 7 days,1 feature,0 failed,2024-01
U03923,35-44,Tier 2,Low,Paid Ads,Android,2024-02-21,,,0.0,0.0,0.0,0.0,0.0,0,0,0,0,0,0,0,0,False,False,True,0,,No transaction,0 features,0 failed,2024-02
U03924,18-24,Tier 3,Low,Organic,iOS,2024-02-18,,,0.0,0.0,0.0,0.0,0.0,0,0,0,0,0,0,0,0,False,False,True,0,,No transaction,0 features,0 failed,2024-02
U03925,55+,Tier 1,Mid,Referral,Android,2024-02-18,2024-02-19 07:13:00,,0.0,0.0,0.0,0.0,0.0,1,0,0,0,0,0,1,1,True,False,True,1,,No transaction,1 feature,0 failed,2024-02
U03926,18-24,Tier 2,Low,Referral,Android,2024-03-11,,,0.0,0.0,0.0,0.0,0.0,0,0,0,0,0,0,0,0,False,False,True,0,,No transaction,0 features,0 failed,2024-03
U03927,25-34,Tier 2,Low,Paid Ads,Android,2024-03-01,2024-03-02 12:25:00,2024-03-13 20:00:00,4.0,3.0,1.0,3321000.0,830250.0,0,0,0,0,0,0,0,0,False,False,True,1,11.0,After 7 days,0 features,1-2 failed,2024-03
U03928,35-44,Tier 1,Low,Paid Ads,Android,2024-01-08,,,0.0,0.0,0.0,0.0,0.0,0,0,0,0,0,0,0,0,False,False,True,0,,No transaction,0 features,0 failed,2024-01
U03929,35-44,Tier 1,High,Organic,Android,2024-03-22,,,0.0,0.0,0.0,0.0,0.0,0,0,0,0,0,0,0,0,False,False,True,0,,No transaction,0 features,0 failed,2024-03
U03930,18-24,Tier 3,Mid,Paid Ads,iOS,2024-01-02,,,0.0,0.0,0.0,0.0,0.0,0,0,0,0,0,0,0,0,False,False,True,0,,No transaction,0 features,0 failed,2024-01
U03931,45-54,Tier 1,Mid,Referral,Android,2024-03-30,,,0.0,0.0,0.0,0.0,0.0,0,0,0,0,0,0,0,0,False,False,True,0,,No transaction,0 features,0 failed,2024-03
U03932,18-24,Tier 1,High,Branch,Android,2024-01-22,,,0.0,0.0,0.0,0.0,0.0,0,0,0,0,0,0,0,0,False,False,True,0,,No transaction,0 features,0 failed,2024-01
U03933,25-34,Tier 1,Low,Paid Ads,Android,2024-01-11,,,0.0,0.0,0.0,0.0,0.0,0,0,0,0,0,0,0,0,False,False,True,0,,No transaction,0 features,0 failed,2024-01
U03934,18-24,Tier 2,High,Paid Ads,iOS,2024-03-04,,,0.0,0.0,0.0,0.0,0.0,0,0,0,0,0,0,0,0,False,False,True,0,,No transaction,0 features,0 failed,2024-03
U03935,25-34,Tier 2,Mid,Organic,Android,2024-04-18,2024-04-19 16:04:00,2024-05-05 21:00:00,3.0,3.0,0.0,18402000.0,6134000.0,1,1,0,0,0,0,2,1,True,False,True,1,16.0,After 7 days,2+ features,0 failed,2024-04
U03936,25-34,Tier 2,Low,Partnership,Android,2024-02-25,2024-02-26 17:02:00,2024-03-04 18:00:00,4.0,4.0,0.0,2947000.0,736750.0,0,0,0,1,0,0,1,0,True,True,False,1,7.0,Within 7 days,1 feature,0 failed,2024-02
U03937,25-34,Tier 1,Mid,Paid Ads,Android,2024-03-23,,,0.0,0.0,0.0,0.0,0.0,0,0,0,0,0,0,0,0,False,False,True,0,,No transaction,0 features,0 failed,2024-03
U03938,18-24,Tier 3,Mid,Branch,Android,2024-04-10,2024-04-12 02:19:00,2024-05-04 21:00:00,4.0,4.0,0.0,16629000.0,4157250.0,0,1,0,0,0,1,2,0,True,True,False,1,22.0,After 7 days,2+ features,0 failed,2024-04
U03939,18-24,Tier 1,Mid,Organic,Android,2024-02-12,,,0.0,0.0,0.0,0.0,0.0,0,0,0,0,0,0,0,0,False,False,True,0,,No transaction,0 features,0 failed,2024-02
U03940,25-34,Tier 1,High,Referral,Android,2024-03-13,,,0.0,0.0,0.0,0.0,0.0,0,0,0,0,0,0,0,0,False,False,True,0,,No transaction,0 features,0 failed,2024-03
U03941,35-44,Tier 2,Low,Paid Ads,iOS,2024-04-19,,,0.0,0.0,0.0,0.0,0.0,0,0,0,0,0,0,0,0,False,False,True,0,,No transaction,0 features,0 failed,2024-04
U03942,45-54,Tier 1,Low,Organic,iOS,2024-01-13,,,0.0,0.0,0.0,0.0,0.0,0,0,0,0,0,0,0,0,False,False,True,0,,No transaction,0 features,0 failed,2024-01
U03943,18-24,Tier 3,Low,Referral,Android,2024-04-24,2024-04-25 09:03:00,2024-05-31 05:00:00,1.0,1.0,0.0,1759000.0,1759000.0,0,1,1,0,0,0,2,0,True,True,False,1,35.0,After 7 days,2+ features,0 failed,2024-04
U03944,25-34,Tier 3,Low,Branch,Android,2024-03-08,2024-03-09 06:05:00,2024-03-14 13:00:00,9.0,8.0,1.0,6158000.0,684222.2222222222,0,1,1,0,0,1,3,0,True,False,True,1,5.0,Within 7 days,2+ features,1-2 failed,2024-03
U03945,18-24,Tier 1,Low,Referral,Android,2024-01-06,,,0.0,0.0,0.0,0.0,0.0,0,0,0,0,0,0,0,0,False,False,True,0,,No transaction,0 features,0 failed,2024-01
U03946,18-24,Tier 3,High,Branch,iOS,2024-01-30,,,0.0,0.0,0.0,0.0,0.0,0,0,0,0,0,0,0,0,False,False,True,0,,No transaction,0 features,0 failed,2024-01
U03947,35-44,Tier 2,Low,Organic,Android,2024-01-28,2024-01-29 17:01:00,2024-01-31 10:00:00,8.0,8.0,0.0,9229000.0,1153625.0,1,0,0,1,0,0,2,1,True,True,False,1,1.0,Within 7 days,2+ features,0 failed,2024-01
U03948,25-34,Tier 3,Mid,Paid Ads,iOS,2024-04-25,2024-04-26 13:20:00,,0.0,0.0,0.0,0.0,0.0,0,1,0,0,0,0,1,0,False,False,True,1,,No transaction,1 feature,0 failed,2024-04
U03949,18-24,Tier 1,Mid,Paid Ads,iOS,2024-04-21,,,0.0,0.0,0.0,0.0,0.0,0,0,0,0,0,0,0,0,False,False,True,0,,No transaction,0 features,0 failed,2024-04
U03950,18-24,Tier 2,High,Paid Ads,iOS,2024-03-29,,,0.0,0.0,0.0,0.0,0.0,0,0,0,0,0,0,0,0,False,False,True,0,,No transaction,0 features,0 failed,2024-03
U03951,18-24,Tier 1,High,Branch,iOS,2024-04-23,,,0.0,0.0,0.0,0.0,0.0,0,0,0,0,0,0,0,0,False,False,True,0,,No transaction,0 features,0 failed,2024-04
U03952,35-44,Tier 3,Mid,Organic,iOS,2024-03-13,2024-03-14 07:19:00,2024-04-13 03:00:00,5.0,5.0,0.0,35273000.0,7054600.0,1,0,0,1,1,0,3,1,True,False,True,1,29.0,After 7 days,2+ features,0 failed,2024-03
U03953,55+,Tier 1,High,Partnership,Android,2024-03-01,,,0.0,0.0,0.0,0.0,0.0,0,0,0,0,0,0,0,0,False,False,True,0,,No transaction,0 features,0 failed,2024-03
U03954,18-24,Tier 2,Mid,Paid Ads,Android,2024-02-04,2024-02-05 10:20:00,2024-02-08 04:00:00,15.0,15.0,0.0,82060000.0,5470666.666666667,0,1,1,0,1,1,4,1,False,False,True,1,2.0,Within 7 days,2+ features,0 failed,2024-02
U03955,18-24,Tier 1,High,Referral,Android,2024-01-06,,,0.0,0.0,0.0,0.0,0.0,0,0,0,0,0,0,0,0,False,False,True,0,,No transaction,0 features,0 failed,2024-01
U03956,45-54,Tier 1,Mid,Branch,Android,2024-01-10,2024-01-11 18:02:00,2024-02-05 19:00:00,4.0,3.0,1.0,19994000.0,4998500.0,0,1,0,0,0,0,1,0,False,False,True,1,25.0,After 7 days,1 feature,1-2 failed,2024-01
U03957,45-54,Tier 2,Low,Referral,Android,2024-03-28,2024-03-29 11:29:00,2024-04-11 08:00:00,4.0,3.0,1.0,3967000.0,991750.0,0,0,0,1,0,0,1,0,True,False,True,1,12.0,After 7 days,1 feature,1-2 failed,2024-03
U03958,25-34,Tier 3,Mid,Partnership,Android,2024-02-05,,,0.0,0.0,0.0,0.0,0.0,0,0,0,0,0,0,0,0,False,False,True,0,,No transaction,0 features,0 failed,2024-02
U03959,18-24,Tier 2,Mid,Referral,Android,2024-04-25,2024-04-26 06:10:00,2024-04-26 22:00:00,11.0,11.0,0.0,48086000.0,4371454.545454546,0,0,1,1,0,1,3,0,False,False,True,1,0.0,Within 7 days,2+ features,0 failed,2024-04
U03960,18-24,Tier 3,Mid,Partnership,Android,2024-03-10,2024-03-11 02:01:00,2024-03-21 18:00:00,1.0,1.0,0.0,5669000.0,5669000.0,0,0,0,0,0,0,0,0,False,False,True,1,10.0,After 7 days,0 features,0 failed,2024-03
U03961,25-34,Tier 1,Low,Paid Ads,Android,2024-03-13,2024-03-14 07:27:00,2024-04-23 03:00:00,3.0,2.0,1.0,5078000.0,1692666.6666666667,0,0,0,0,1,0,1,1,True,False,True,1,39.0,After 7 days,1 feature,1-2 failed,2024-03
U03962,25-34,Tier 2,Mid,Organic,Android,2024-03-25,2024-03-26 07:10:00,2024-03-29 04:00:00,9.0,8.0,1.0,41625000.0,4625000.0,0,0,1,0,1,0,2,1,True,True,False,1,2.0,Within 7 days,2+ features,1-2 failed,2024-03
U03963,18-24,Tier 2,High,Paid Ads,Android,2024-01-05,,,0.0,0.0,0.0,0.0,0.0,0,0,0,0,0,0,0,0,False,False,True,0,,No transaction,0 features,0 failed,2024-01
U03964,25-34,Tier 1,Low,Organic,Android,2024-01-23,,,0.0,0.0,0.0,0.0,0.0,0,0,0,0,0,0,0,0,False,False,True,0,,No transaction,0 features,0 failed,2024-01
U03965,18-24,Tier 2,Mid,Referral,iOS,2024-04-18,,,0.0,0.0,0.0,0.0,0.0,0,0,0,0,0,0,0,0,False,False,True,0,,No transaction,0 features,0 failed,2024-04
U03966,35-44,Tier 2,Mid,Organic,Android,2024-02-10,,,0.0,0.0,0.0,0.0,0.0,0,0,0,0,0,0,0,0,False,False,True,0,,No transaction,0 features,0 failed,2024-02
U03967,25-34,Tier 2,High,Organic,Android,2024-01-03,,,0.0,0.0,0.0,0.0,0.0,0,0,0,0,0,0,0,0,False,False,True,0,,No transaction,0 features,0 failed,2024-01
U03968,18-24,Tier 2,High,Organic,Android,2024-01-27,,,0.0,0.0,0.0,0.0,0.0,0,0,0,0,0,0,0,0,False,False,True,0,,No transaction,0 features,0 failed,2024-01
U03969,25-34,Tier 2,Mid,Paid Ads,Android,2024-03-16,,,0.0,0.0,0.0,0.0,0.0,0,0,0,0,0,0,0,0,False,False,True,0,,No transaction,0 features,0 failed,2024-03
U03970,25-34,Tier 1,Mid,Paid Ads,Android,2024-01-19,,,0.0,0.0,0.0,0.0,0.0,0,0,0,0,0,0,0,0,False,False,True,0,,No transaction,0 features,0 failed,2024-01
U03971,55+,Tier 1,Low,Paid Ads,iOS,2024-04-06,,,0.0,0.0,0.0,0.0,0.0,0,0,0,0,0,0,0,0,False,False,True,0,,No transaction,0 features,0 failed,2024-04
U03972,25-34,Tier 2,Mid,Organic,Android,2024-04-15,,,0.0,0.0,0.0,0.0,0.0,0,0,0,0,0,0,0,0,False,False,True,0,,No transaction,0 features,0 failed,2024-04
U03973,18-24,Tier 1,Mid,Paid Ads,Android,2024-04-01,,,0.0,0.0,0.0,0.0,0.0,0,0,0,0,0,0,0,0,False,False,True,0,,No transaction,0 features,0 failed,2024-04
U03974,35-44,Tier 1,High,Paid Ads,Android,2024-04-15,,,0.0,0.0,0.0,0.0,0.0,0,0,0,0,0,0,0,0,False,False,True,0,,No transaction,0 features,0 failed,2024-04
U03975,18-24,Tier 1,Mid,Referral,Android,2024-02-20,,,0.0,0.0,0.0,0.0,0.0,0,0,0,0,0,0,0,0,False,False,True,0,,No transaction,0 features,0 failed,2024-02
U03976,45-54,Tier 2,Low,Partnership,iOS,2024-01-10,2024-01-11 14:21:00,2024-03-11 11:00:00,1.0,1.0,0.0,1665000.0,1665000.0,0,0,0,0,0,1,1,0,True,True,False,1,59.0,After 7 days,1 feature,0 failed,2024-01
U03977,25-34,Tier 1,Mid,Paid Ads,Android,2024-02-08,,,0.0,0.0,0.0,0.0,0.0,0,0,0,0,0,0,0,0,False,False,True,0,,No transaction,0 features,0 failed,2024-02
U03978,25-34,Tier 2,Mid,Paid Ads,iOS,2024-01-21,,,0.0,0.0,0.0,0.0,0.0,0,0,0,0,0,0,0,0,False,False,True,0,,No transaction,0 features,0 failed,2024-01
U03979,18-24,Tier 2,Low,Referral,Android,2024-03-13,,,0.0,0.0,0.0,0.0,0.0,0,0,0,0,0,0,0,0,False,False,True,0,,No transaction,0 features,0 failed,2024-03
U03980,25-34,Tier 1,Low,Organic,iOS,2024-01-31,2024-02-01 01:13:00,2024-02-07 17:00:00,2.0,2.0,0.0,1669000.0,834500.0,1,0,0,0,0,0,1,1,False,False,True,1,6.0,Within 7 days,1 feature,0 failed,2024-01
U03981,35-44,Tier 2,Low,Partnership,Android,2024-03-13,2024-03-14 03:03:00,2024-03-22 16:00:00,8.0,6.0,2.0,8370000.0,1046250.0,0,0,1,0,0,1,2,0,True,True,False,1,8.0,After 7 days,2+ features,1-2 failed,2024-03
U03982,35-44,Tier 2,High,Partnership,Android,2024-04-16,,,0.0,0.0,0.0,0.0,0.0,0,0,0,0,0,0,0,0,False,False,True,0,,No transaction,0 features,0 failed,2024-04
U03983,18-24,Tier 2,Low,Organic,iOS,2024-04-18,,,0.0,0.0,0.0,0.0,0.0,0,0,0,0,0,0,0,0,False,False,True,0,,No transaction,0 features,0 failed,2024-04
U03984,18-24,Tier 2,Low,Referral,Android,2024-02-19,2024-02-20 11:17:00,2024-02-23 17:00:00,6.0,5.0,1.0,8223000.0,1370500.0,1,0,1,0,1,0,3,1,True,True,False,1,3.0,Within 7 days,2+ features,1-2 failed,2024-02
U03985,35-44,Tier 1,High,Paid Ads,Android,2024-03-27,2024-03-29 00:05:00,2024-04-03 12:00:00,16.0,16.0,0.0,433286000.0,27080375.0,0,0,1,1,1,1,4,1,False,False,True,1,5.0,Within 7 days,2+ features,0 failed,2024-03
U03986,45-54,Tier 2,Mid,Paid Ads,Android,2024-04-24,2024-04-25 16:07:00,2024-05-13 12:00:00,15.0,13.0,2.0,73667000.0,4911133.333333333,1,1,1,0,1,1,5,1,False,False,True,1,17.0,After 7 days,2+ features,1-2 failed,2024-04
U03987,18-24,Tier 1,Low,Partnership,Android,2024-03-10,,,0.0,0.0,0.0,0.0,0.0,0,0,0,0,0,0,0,0,False,False,True,0,,No transaction,0 features,0 failed,2024-03
U03988,25-34,Tier 3,Low,Organic,Android,2024-02-12,,,0.0,0.0,0.0,0.0,0.0,0,0,0,0,0,0,0,0,False,False,True,0,,No transaction,0 features,0 failed,2024-02
U03989,25-34,Tier 3,Low,Referral,Android,2024-02-19,2024-02-20 03:21:00,,0.0,0.0,0.0,0.0,0.0,0,0,0,0,0,0,0,0,True,False,True,1,,No transaction,0 features,0 failed,2024-02
U03990,45-54,Tier 2,Low,Organic,Android,2024-04-06,2024-04-07 08:06:00,2024-05-14 16:00:00,2.0,1.0,1.0,2719000.0,1359500.0,0,0,0,1,0,0,1,0,True,False,True,1,37.0,After 7 days,1 feature,1-2 failed,2024-04
U03991,18-24,Tier 1,Low,Referral,Android,2024-04-04,2024-04-05 00:05:00,2024-04-09 12:00:00,4.0,4.0,0.0,5862000.0,1465500.0,0,0,1,0,1,1,3,1,True,True,False,1,4.0,Within 7 days,2+ features,0 failed,2024-04
U03992,18-24,Tier 1,Mid,Organic,Android,2024-01-18,,,0.0,0.0,0.0,0.0,0.0,0,0,0,0,0,0,0,0,False,False,True,0,,No transaction,0 features,0 failed,2024-01
U03993,35-44,Tier 1,Low,Partnership,Android,2024-04-11,2024-04-12 20:25:00,2024-04-21 21:00:00,6.0,5.0,1.0,7865000.0,1310833.3333333333,0,0,0,1,1,0,2,1,True,True,False,1,9.0,After 7 days,2+ features,1-2 failed,2024-04
U03994,18-24,Tier 2,Mid,Paid Ads,iOS,2024-03-29,2024-03-30 05:23:00,,1.0,0.0,1.0,788000.0,788000.0,1,0,0,0,0,0,1,1,False,False,True,1,,No transaction,1 feature,1-2 failed,2024-03
U03995,25-34,Tier 1,High,Partnership,Android,2024-04-02,,,0.0,0.0,0.0,0.0,0.0,0,0,0,0,0,0,0,0,False,False,True,0,,No transaction,0 features,0 failed,2024-04
U03996,25-34,Tier 2,Mid,Organic,iOS,2024-01-11,,,0.0,0.0,0.0,0.0,0.0,0,0,0,0,0,0,0,0,False,False,True,0,,No transaction,0 features,0 failed,2024-01
U03997,25-34,Tier 1,High,Organic,Android,2024-03-05,,,0.0,0.0,0.0,0.0,0.0,0,0,0,0,0,0,0,0,False,False,True,0,,No transaction,0 features,0 failed,2024-03
U03998,25-34,Tier 3,Mid,Referral,Android,2024-04-05,,,0.0,0.0,0.0,0.0,0.0,0,0,0,0,0,0,0,0,False,False,True,0,,No transaction,0 features,0 failed,2024-04
U03999,25-34,Tier 1,Mid,Referral,Android,2024-02-14,,,0.0,0.0,0.0,0.0,0.0,0,0,0,0,0,0,0,0,False,False,True,0,,No transaction,0 features,0 failed,2024-02
U04000,18-24,Tier 3,Mid,Partnership,Android,2024-01-07,2024-01-09 03:24:00,,0.0,0.0,0.0,0.0,0.0,0,0,0,0,0,1,1,0,False,False,True,1,,No transaction,1 feature,0 failed,2024-01
U04001,25-34,Tier 3,Low,Referral,iOS,2024-01-13,2024-01-14 09:11:00,,0.0,0.0,0.0,0.0,0.0,0,0,0,0,0,1,1,0,True,False,True,1,,No transaction,1 feature,0 failed,2024-01
U04002,35-44,Tier 2,Low,Organic,Android,2024-02-25,2024-02-26 11:28:00,2024-03-01 22:00:00,3.0,3.0,0.0,2863000.0,954333.3333333334,0,0,0,1,1,0,2,1,True,True,False,1,4.0,Within 7 days,2+ features,0 failed,2024-02
U04003,35-44,Tier 2,Mid,Organic,Android,2024-01-30,2024-01-31 06:29:00,2024-02-16 02:00:00,2.0,2.0,0.0,11174000.0,5587000.0,0,0,1,0,0,0,1,0,True,True,False,1,15.0,After 7 days,1 feature,0 failed,2024-01
U04004,18-24,Tier 1,Mid,Organic,iOS,2024-04-17,,,0.0,0.0,0.0,0.0,0.0,0,0,0,0,0,0,0,0,False,False,True,0,,No transaction,0 features,0 failed,2024-04
U04005,18-24,Tier 2,Mid,Partnership,iOS,2024-01-10,,,0.0,0.0,0.0,0.0,0.0,0,0,0,0,0,0,0,0,False,False,True,0,,No transaction,0 features,0 failed,2024-01
U04006,18-24,Tier 1,High,Referral,Android,2024-02-13,,,0.0,0.0,0.0,0.0,0.0,0,0,0,0,0,0,0,0,False,False,True,0,,No transaction,0 features,0 failed,2024-02
U04007,25-34,Tier 1,Mid,Paid Ads,Android,2024-03-18,,,0.0,0.0,0.0,0.0,0.0,0,0,0,0,0,0,0,0,False,False,True,0,,No transaction,0 features,0 failed,2024-03
U04008,25-34,Tier 2,Mid,Paid Ads,Android,2024-04-08,,,0.0,0.0,0.0,0.0,0.0,0,0,0,0,0,0,0,0,False,False,True,0,,No transaction,0 features,0 failed,2024-04
U04009,35-44,Tier 2,Mid,Organic,Android,2024-03-19,,,0.0,0.0,0.0,0.0,0.0,0,0,0,0,0,0,0,0,False,False,True,0,,No transaction,0 features,0 failed,2024-03
U04010,18-24,Tier 2,High,Organic,Android,2024-03-17,,,0.0,0.0,0.0,0.0,0.0,0,0,0,0,0,0,0,0,False,False,True,0,,No transaction,0 features,0 failed,2024-03
U04011,18-24,Tier 1,High,Partnership,Android,2024-02-20,2024-02-21 20:28:00,2024-02-26 15:00:00,13.0,12.0,1.0,392053000.0,30157923.076923076,1,0,1,1,1,1,5,1,False,False,True,1,4.0,Within 7 days,2+ features,1-2 failed,2024-02
U04012,25-34,Tier 1,High,Paid Ads,iOS,2024-04-09,,,0.0,0.0,0.0,0.0,0.0,0,0,0,0,0,0,0,0,False,False,True,0,,No transaction,0 features,0 failed,2024-04
U04013,35-44,Tier 1,Low,Referral,Android,2024-02-11,,,0.0,0.0,0.0,0.0,0.0,0,0,0,0,0,0,0,0,False,False,True,0,,No transaction,0 features,0 failed,2024-02
U04014,18-24,Tier 1,Mid,Organic,Android,2024-01-04,2024-01-05 09:08:00,,0.0,0.0,0.0,0.0,0.0,0,0,0,0,0,1,1,0,True,True,False,1,,No transaction,1 feature,0 failed,2024-01
U04015,25-34,Tier 1,Low,Organic,iOS,2024-03-22,2024-03-23 19:07:00,2024-03-28 01:00:00,15.0,12.0,3.0,12752000.0,850133.3333333334,1,1,1,1,1,0,5,1,True,False,True,1,4.0,Within 7 days,2+ features,3+ failed,2024-03
U04016,18-24,Tier 1,Low,Referral,Android,2024-02-04,2024-02-05 07:01:00,2024-02-29 00:00:00,9.0,7.0,2.0,11047000.0,1227444.4444444445,1,1,0,1,0,1,4,1,True,True,False,1,23.0,After 7 days,2+ features,1-2 failed,2024-02
U04017,45-54,Tier 1,High,Organic,Android,2024-04-10,,,0.0,0.0,0.0,0.0,0.0,0,0,0,0,0,0,0,0,False,False,True,0,,No transaction,0 features,0 failed,2024-04
U04018,45-54,Tier 3,Low,Organic,iOS,2024-02-27,2024-02-28 21:20:00,2024-03-06 14:00:00,8.0,7.0,1.0,8899000.0,1112375.0,0,1,0,1,0,0,2,0,True,False,True,1,6.0,Within 7 days,2+ features,1-2 failed,2024-02
U04019,18-24,Tier 1,High,Referral,Android,2024-03-03,,,0.0,0.0,0.0,0.0,0.0,0,0,0,0,0,0,0,0,False,False,True,0,,No transaction,0 features,0 failed,2024-03
U04020,18-24,Tier 2,Low,Organic,Android,2024-01-30,,,0.0,0.0,0.0,0.0,0.0,0,0,0,0,0,0,0,0,False,False,True,0,,No transaction,0 features,0 failed,2024-01
U04021,25-34,Tier 1,High,Organic,Android,2024-02-15,,,0.0,0.0,0.0,0.0,0.0,0,0,0,0,0,0,0,0,False,False,True,0,,No transaction,0 features,0 failed,2024-02
U04022,18-24,Tier 3,Low,Partnership,Android,2024-03-11,,,0.0,0.0,0.0,0.0,0.0,0,0,0,0,0,0,0,0,False,False,True,0,,No transaction,0 features,0 failed,2024-03
U04023,35-44,Tier 2,Mid,Paid Ads,iOS,2024-02-18,,,0.0,0.0,0.0,0.0,0.0,0,0,0,0,0,0,0,0,False,False,True,0,,No transaction,0 features,0 failed,2024-02
U04024,35-44,Tier 1,Low,Branch,Android,2024-02-25,2024-02-26 09:24:00,2024-03-03 05:00:00,12.0,10.0,2.0,12103000.0,1008583.3333333334,0,1,1,1,0,0,3,0,True,True,False,1,5.0,Within 7 days,2+ features,1-2 failed,2024-02
U04025,35-44,Tier 2,Mid,Referral,Android,2024-01-24,2024-01-25 13:02:00,2024-02-13 12:00:00,8.0,7.0,1.0,42429000.0,5303625.0,0,1,0,1,0,1,3,0,True,True,False,1,18.0,After 7 days,2+ features,1-2 failed,2024-01
U04026,35-44,Tier 1,Mid,Paid Ads,Android,2024-03-28,,,0.0,0.0,0.0,0.0,0.0,0,0,0,0,0,0,0,0,False,False,True,0,,No transaction,0 features,0 failed,2024-03
U04027,25-34,Tier 2,Mid,Organic,iOS,2024-03-15,2024-03-16 09:10:00,2024-03-26 18:00:00,7.0,7.0,0.0,34352000.0,4907428.571428572,0,0,1,0,0,0,1,0,False,False,True,1,10.0,After 7 days,1 feature,0 failed,2024-03
U04028,18-24,Tier 1,Low,Paid Ads,Android,2024-03-25,,,0.0,0.0,0.0,0.0,0.0,0,0,0,0,0,0,0,0,False,False,True,0,,No transaction,0 features,0 failed,2024-03
U04029,35-44,Tier 3,Low,Organic,Android,2024-02-18,,,0.0,0.0,0.0,0.0,0.0,0,0,0,0,0,0,0,0,False,False,True,0,,No transaction,0 features,0 failed,2024-02
U04030,25-34,Tier 1,Low,Organic,iOS,2024-01-11,2024-01-12 08:15:00,2024-02-12 01:00:00,2.0,2.0,0.0,2044000.0,1022000.0,0,0,0,1,0,0,1,0,False,False,True,1,30.0,After 7 days,1 feature,0 failed,2024-01
U04031,35-44,Tier 1,Mid,Branch,iOS,2024-04-08,,,0.0,0.0,0.0,0.0,0.0,0,0,0,0,0,0,0,0,False,False,True,0,,No transaction,0 features,0 failed,2024-04
U04032,18-24,Tier 2,High,Paid Ads,Android,2024-03-20,,,0.0,0.0,0.0,0.0,0.0,0,0,0,0,0,0,0,0,False,False,True,0,,No transaction,0 features,0 failed,2024-03
U04033,18-24,Tier 1,High,Branch,Android,2024-02-07,,,0.0,0.0,0.0,0.0,0.0,0,0,0,0,0,0,0,0,False,False,True,0,,No transaction,0 features,0 failed,2024-02
U04034,55+,Tier 3,Low,Referral,Android,2024-04-12,2024-04-13 05:17:00,2024-05-14 16:00:00,2.0,1.0,1.0,3295000.0,1647500.0,0,1,0,0,0,1,2,0,False,False,True,1,31.0,After 7 days,2+ features,1-2 failed,2024-04
U04035,18-24,Tier 2,Mid,Referral,Android,2024-02-01,2024-02-02 05:20:00,2024-02-05 02:00:00,12.0,11.0,1.0,54585000.0,4548750.0,0,1,0,0,1,1,3,1,True,True,False,1,2.0,Within 7 days,2+ features,1-2 failed,2024-02
U04036,55+,Tier 2,Mid,Referral,Android,2024-04-01,,,0.0,0.0,0.0,0.0,0.0,0,0,0,0,0,0,0,0,False,False,True,0,,No transaction,0 features,0 failed,2024-04
U04037,55+,Tier 1,Low,Paid Ads,Android,2024-01-10,,,0.0,0.0,0.0,0.0,0.0,0,0,0,0,0,0,0,0,False,False,True,0,,No transaction,0 features,0 failed,2024-01
U04038,35-44,Tier 3,Mid,Paid Ads,Android,2024-01-11,,,0.0,0.0,0.0,0.0,0.0,0,0,0,0,0,0,0,0,False,False,True,0,,No transaction,0 features,0 failed,2024-01
U04039,35-44,Tier 2,Mid,Branch,Android,2024-02-04,2024-02-05 19:02:00,2024-02-10 11:00:00,10.0,8.0,2.0,57049000.0,5704900.0,1,0,0,0,0,1,2,1,True,False,True,1,4.0,Within 7 days,2+ features,1-2 failed,2024-02
U04040,25-34,Tier 1,Low,Organic,iOS,2024-01-20,,,0.0,0.0,0.0,0.0,0.0,0,0,0,0,0,0,0,0,False,False,True,0,,No transaction,0 features,0 failed,2024-01
U04041,45-54,Tier 1,Low,Paid Ads,Android,2024-02-18,2024-02-19 11:17:00,2024-03-02 09:00:00,8.0,6.0,2.0,6987000.0,873375.0,0,1,1,0,0,0,2,0,True,False,True,1,11.0,After 7 days,2+ features,1-2 failed,2024-02
U04042,18-24,Tier 1,Low,Referral,Android,2024-04-01,,,0.0,0.0,0.0,0.0,0.0,0,0,0,0,0,0,0,0,False,False,True,0,,No transaction,0 features,0 failed,2024-04
U04043,25-34,Tier 3,Mid,Organic,iOS,2024-04-10,2024-04-11 13:16:00,2024-05-03 02:00:00,3.0,3.0,0.0,10036000.0,3345333.3333333335,0,0,0,1,0,1,2,0,True,True,False,1,21.0,After 7 days,2+ features,0 failed,2024-04
U04044,25-34,Tier 1,Low,Paid Ads,Android,2024-03-22,,,0.0,0.0,0.0,0.0,0.0,0,0,0,0,0,0,0,0,False,False,True,0,,No transaction,0 features,0 failed,2024-03
U04045,25-34,Tier 2,Low,Paid Ads,Android,2024-01-20,,,0.0,0.0,0.0,0.0,0.0,0,0,0,0,0,0,0,0,False,False,True,0,,No transaction,0 features,0 failed,2024-01
U04046,25-34,Tier 1,Mid,Organic,Android,2024-04-04,,,0.0,0.0,0.0,0.0,0.0,0,0,0,0,0,0,0,0,False,False,True,0,,No transaction,0 features,0 failed,2024-04
U04047,25-34,Tier 1,Low,Organic,Android,2024-02-19,,,0.0,0.0,0.0,0.0,0.0,0,0,0,0,0,0,0,0,False,False,True,0,,No transaction,0 features,0 failed,2024-02
U04048,25-34,Tier 2,Low,Referral,Android,2024-02-10,2024-02-11 13:02:00,2024-02-26 17:00:00,2.0,2.0,0.0,2837000.0,1418500.0,1,0,1,0,0,0,2,1,False,False,True,1,15.0,After 7 days,2+ features,0 failed,2024-02
U04049,45-54,Tier 3,High,Referral,Android,2024-02-16,,,0.0,0.0,0.0,0.0,0.0,0,0,0,0,0,0,0,0,False,False,True,0,,No transaction,0 features,0 failed,2024-02
U04050,18-24,Tier 2,Low,Referral,Android,2024-01-14,,,0.0,0.0,0.0,0.0,0.0,0,0,0,0,0,0,0,0,False,False,True,0,,No transaction,0 features,0 failed,2024-01
U04051,45-54,Tier 3,Mid,Organic,Android,2024-01-12,,,0.0,0.0,0.0,0.0,0.0,0,0,0,0,0,0,0,0,False,False,True,0,,No transaction,0 features,0 failed,2024-01
U04052,35-44,Tier 2,Mid,Organic,Android,2024-01-01,,,0.0,0.0,0.0,0.0,0.0,0,0,0,0,0,0,0,0,False,False,True,0,,No transaction,0 features,0 failed,2024-01
U04053,35-44,Tier 1,Mid,Branch,Android,2024-02-09,2024-02-09 16:01:00,2024-02-20 20:00:00,4.0,4.0,0.0,29453000.0,7363250.0,0,1,1,0,0,0,2,0,True,True,False,1,11.0,After 7 days,2+ features,0 failed,2024-02
U04054,25-34,Tier 1,Mid,Branch,Android,2024-02-26,2024-02-27 10:25:00,2024-03-04 01:00:00,13.0,13.0,0.0,57830000.0,4448461.538461538,0,0,1,1,0,0,2,0,True,False,True,1,5.0,Within 7 days,2+ features,0 failed,2024-02
U04055,35-44,Tier 2,Low,Paid Ads,Android,2024-02-16,,,0.0,0.0,0.0,0.0,0.0,0,0,0,0,0,0,0,0,False,False,True,0,,No transaction,0 features,0 failed,2024-02
U04056,18-24,Tier 3,High,Branch,iOS,2024-04-07,,,0.0,0.0,0.0,0.0,0.0,0,0,0,0,0,0,0,0,False,False,True,0,,No transaction,0 features,0 failed,2024-04
U04057,35-44,Tier 3,Mid,Paid Ads,Android,2024-02-04,2024-02-04 21:01:00,2024-02-06 00:00:00,8.0,7.0,1.0,33667000.0,4208375.0,1,0,1,1,1,0,4,1,True,True,False,1,1.0,Within 7 days,2+ features,1-2 failed,2024-02
U04058,18-24,Tier 1,High,Organic,Android,2024-01-14,,,0.0,0.0,0.0,0.0,0.0,0,0,0,0,0,0,0,0,False,False,True,0,,No transaction,0 features,0 failed,2024-01
U04059,45-54,Tier 1,Mid,Organic,iOS,2024-01-17,2024-01-18 03:24:00,2024-01-19 20:00:00,11.0,9.0,2.0,70133000.0,6375727.2727272725,0,0,1,1,1,0,3,1,True,False,True,1,1.0,Within 7 days,2+ features,1-2 failed,2024-01
U04060,55+,Tier 1,High,Branch,Android,2024-01-12,,,0.0,0.0,0.0,0.0,0.0,0,0,0,0,0,0,0,0,False,False,True,0,,No transaction,0 features,0 failed,2024-01
U04061,18-24,Tier 3,Mid,Paid Ads,iOS,2024-01-24,,,0.0,0.0,0.0,0.0,0.0,0,0,0,0,0,0,0,0,False,False,True,0,,No transaction,0 features,0 failed,2024-01
U04062,18-24,Tier 3,High,Partnership,iOS,2024-02-25,,,0.0,0.0,0.0,0.0,0.0,0,0,0,0,0,0,0,0,False,False,True,0,,No transaction,0 features,0 failed,2024-02
U04063,35-44,Tier 2,Mid,Partnership,Android,2024-02-27,2024-02-28 03:15:00,2024-02-28 23:00:00,8.0,8.0,0.0,30582000.0,3822750.0,0,0,0,1,1,1,3,1,True,True,False,1,0.0,Within 7 days,2+ features,0 failed,2024-02
U04064,18-24,Tier 1,Mid,Referral,iOS,2024-03-12,2024-03-13 01:11:00,2024-04-03 02:00:00,8.0,5.0,3.0,45667000.0,5708375.0,0,1,0,0,1,0,2,1,False,False,True,1,21.0,After 7 days,2+ features,3+ failed,2024-03
U04065,45-54,Tier 2,Mid,Organic,Android,2024-03-12,2024-03-13 15:07:00,2024-03-21 15:00:00,5.0,5.0,0.0,29224000.0,5844800.0,0,0,1,0,1,1,3,1,True,False,True,1,7.0,Within 7 days,2+ features,0 failed,2024-03
U04066,18-24,Tier 2,High,Organic,iOS,2024-03-06,,,0.0,0.0,0.0,0.0,0.0,0,0,0,0,0,0,0,0,False,False,True,0,,No transaction,0 features,0 failed,2024-03
U04067,18-24,Tier 1,High,Organic,Android,2024-02-22,,,0.0,0.0,0.0,0.0,0.0,0,0,0,0,0,0,0,0,False,False,True,0,,No transaction,0 features,0 failed,2024-02
U04068,55+,Tier 2,Mid,Organic,Android,2024-01-14,2024-01-15 11:06:00,2024-02-15 06:00:00,5.0,5.0,0.0,24117000.0,4823400.0,1,0,0,0,0,1,2,1,True,True,False,1,30.0,After 7 days,2+ features,0 failed,2024-01
U04069,35-44,Tier 1,Mid,Referral,iOS,2024-01-04,,,0.0,0.0,0.0,0.0,0.0,0,0,0,0,0,0,0,0,False,False,True,0,,No transaction,0 features,0 failed,2024-01
U04070,35-44,Tier 1,Low,Organic,Android,2024-01-12,,,0.0,0.0,0.0,0.0,0.0,0,0,0,0,0,0,0,0,False,False,True,0,,No transaction,0 features,0 failed,2024-01
U04071,25-34,Tier 3,Mid,Organic,iOS,2024-02-15,2024-02-15 20:07:00,,0.0,0.0,0.0,0.0,0.0,0,0,0,0,0,0,0,0,True,False,True,1,,No transaction,0 features,0 failed,2024-02
U04072,35-44,Tier 2,Low,Referral,Android,2024-03-11,2024-03-12 23:24:00,2024-03-18 00:00:00,12.0,11.0,1.0,14791000.0,1232583.3333333333,1,1,1,1,1,0,5,1,True,True,False,1,5.0,Within 7 days,2+ features,1-2 failed,2024-03
U04073,25-34,Tier 1,Mid,Referral,Android,2024-01-12,2024-01-13 13:20:00,2024-02-03 00:00:00,2.0,2.0,0.0,10076000.0,5038000.0,0,0,0,0,0,0,0,0,True,True,False,1,20.0,After 7 days,0 features,0 failed,2024-01
U04074,25-34,Tier 2,High,Paid Ads,Android,2024-03-17,,,0.0,0.0,0.0,0.0,0.0,0,0,0,0,0,0,0,0,False,False,True,0,,No transaction,0 features,0 failed,2024-03
U04075,35-44,Tier 1,Low,Referral,Android,2024-03-17,,,0.0,0.0,0.0,0.0,0.0,0,0,0,0,0,0,0,0,False,False,True,0,,No transaction,0 features,0 failed,2024-03
U04076,25-34,Tier 2,Mid,Paid Ads,Android,2024-04-10,,,0.0,0.0,0.0,0.0,0.0,0,0,0,0,0,0,0,0,False,False,True,0,,No transaction,0 features,0 failed,2024-04
U04077,25-34,Tier 2,Mid,Branch,Android,2024-02-11,,,0.0,0.0,0.0,0.0,0.0,0,0,0,0,0,0,0,0,False,False,True,0,,No transaction,0 features,0 failed,2024-02
U04078,18-24,Tier 2,Low,Organic,Android,2024-04-20,,,0.0,0.0,0.0,0.0,0.0,0,0,0,0,0,0,0,0,False,False,True,0,,No transaction,0 features,0 failed,2024-04
U04079,35-44,Tier 2,Mid,Organic,iOS,2024-02-19,,,0.0,0.0,0.0,0.0,0.0,0,0,0,0,0,0,0,0,False,False,True,0,,No transaction,0 features,0 failed,2024-02
U04080,18-24,Tier 1,Mid,Partnership,Android,2024-01-02,2024-01-03 19:29:00,2024-01-15 20:00:00,2.0,2.0,0.0,7421000.0,3710500.0,0,1,0,0,1,0,2,1,True,False,True,1,12.0,After 7 days,2+ features,0 failed,2024-01
U04081,35-44,Tier 1,Low,Paid Ads,iOS,2024-02-07,,,0.0,0.0,0.0,0.0,0.0,0,0,0,0,0,0,0,0,False,False,True,0,,No transaction,0 features,0 failed,2024-02
U04082,18-24,Tier 2,High,Partnership,Android,2024-02-22,2024-02-23 13:01:00,2024-04-01 15:00:00,3.0,3.0,0.0,87739000.0,29246333.333333332,1,0,0,0,0,0,1,1,True,True,False,1,38.0,After 7 days,1 feature,0 failed,2024-02
U04083,25-34,Tier 1,High,Organic,Android,2024-02-19,2024-02-20 15:26:00,,0.0,0.0,0.0,0.0,0.0,0,0,0,0,0,0,0,0,False,False,True,1,,No transaction,0 features,0 failed,2024-02
U04084,35-44,Tier 2,Low,Partnership,Android,2024-04-09,,,0.0,0.0,0.0,0.0,0.0,0,0,0,0,0,0,0,0,False,False,True,0,,No transaction,0 features,0 failed,2024-04
U04085,18-24,Tier 1,Low,Branch,iOS,2024-01-11,2024-01-11 19:13:00,2024-01-21 02:00:00,6.0,5.0,1.0,6457000.0,1076166.6666666667,0,0,1,0,1,1,3,1,True,True,False,1,9.0,After 7 days,2+ features,1-2 failed,2024-01
U04086,18-24,Tier 1,Mid,Paid Ads,Android,2024-04-02,,,0.0,0.0,0.0,0.0,0.0,0,0,0,0,0,0,0,0,False,False,True,0,,No transaction,0 features,0 failed,2024-04
U04087,18-24,Tier 1,Mid,Organic,Android,2024-04-25,,,0.0,0.0,0.0,0.0,0.0,0,0,0,0,0,0,0,0,False,False,True,0,,No transaction,0 features,0 failed,2024-04
U04088,25-34,Tier 3,Low,Partnership,iOS,2024-03-12,,,0.0,0.0,0.0,0.0,0.0,0,0,0,0,0,0,0,0,False,False,True,0,,No transaction,0 features,0 failed,2024-03
U04089,35-44,Tier 1,Low,Partnership,Android,2024-04-25,2024-04-26 07:01:00,2024-05-01 07:00:00,3.0,3.0,0.0,4104000.0,1368000.0,0,1,0,0,0,1,2,0,True,True,False,1,4.0,Within 7 days,2+ features,0 failed,2024-04
U04090,18-24,Tier 2,Mid,Partnership,iOS,2024-02-01,,,0.0,0.0,0.0,0.0,0.0,0,0,0,0,0,0,0,0,False,False,True,0,,No transaction,0 features,0 failed,2024-02
U04091,35-44,Tier 1,High,Organic,Android,2024-03-14,,,0.0,0.0,0.0,0.0,0.0,0,0,0,0,0,0,0,0,False,False,True,0,,No transaction,0 features,0 failed,2024-03
U04092,25-34,Tier 1,Mid,Partnership,Android,2024-03-07,,,0.0,0.0,0.0,0.0,0.0,0,0,0,0,0,0,0,0,False,False,True,0,,No transaction,0 features,0 failed,2024-03
U04093,25-34,Tier 2,Mid,Organic,Android,2024-01-22,2024-01-23 22:04:00,2024-01-26 13:00:00,10.0,10.0,0.0,42085000.0,4208500.0,1,1,0,0,0,1,3,1,True,False,True,1,2.0,Within 7 days,2+ features,0 failed,2024-01
U04094,45-54,Tier 2,High,Organic,Android,2024-03-28,,,0.0,0.0,0.0,0.0,0.0,0,0,0,0,0,0,0,0,False,False,True,0,,No transaction,0 features,0 failed,2024-03
U04095,25-34,Tier 2,Mid,Paid Ads,iOS,2024-02-18,,,0.0,0.0,0.0,0.0,0.0,0,0,0,0,0,0,0,0,False,False,True,0,,No transaction,0 features,0 failed,2024-02
U04096,25-34,Tier 3,Mid,Referral,iOS,2024-01-22,,,0.0,0.0,0.0,0.0,0.0,0,0,0,0,0,0,0,0,False,False,True,0,,No transaction,0 features,0 failed,2024-01
U04097,18-24,Tier 1,Mid,Paid Ads,Android,2024-01-18,2024-01-19 13:07:00,2024-02-05 14:00:00,2.0,2.0,0.0,9962000.0,4981000.0,0,0,0,0,1,0,1,1,False,False,True,1,17.0,After 7 days,1 feature,0 failed,2024-01
U04098,18-24,Tier 1,High,Paid Ads,iOS,2024-02-04,,,0.0,0.0,0.0,0.0,0.0,0,0,0,0,0,0,0,0,False,False,True,0,,No transaction,0 features,0 failed,2024-02
U04099,18-24,Tier 3,Mid,Organic,Android,2024-02-08,,,0.0,0.0,0.0,0.0,0.0,0,0,0,0,0,0,0,0,False,False,True,0,,No transaction,0 features,0 failed,2024-02
U04100,18-24,Tier 1,High,Paid Ads,Android,2024-02-04,2024-02-05 05:15:00,2024-02-19 07:00:00,3.0,3.0,0.0,84281000.0,28093666.666666668,0,0,1,0,0,0,1,0,True,True,False,1,14.0,After 7 days,1 feature,0 failed,2024-02
U04101,25-34,Tier 2,Mid,Branch,Android,2024-03-04,,,0.0,0.0,0.0,0.0,0.0,0,0,0,0,0,0,0,0,False,False,True,0,,No transaction,0 features,0 failed,2024-03
U04102,25-34,Tier 2,Mid,Organic,Android,2024-01-19,,,0.0,0.0,0.0,0.0,0.0,0,0,0,0,0,0,0,0,False,False,True,0,,No transaction,0 features,0 failed,2024-01
U04103,25-34,Tier 1,Low,Paid Ads,Android,2024-01-09,,,0.0,0.0,0.0,0.0,0.0,0,0,0,0,0,0,0,0,False,False,True,0,,No transaction,0 features,0 failed,2024-01
U04104,18-24,Tier 2,Mid,Referral,Android,2024-01-22,2024-01-23 10:08:00,2024-01-30 07:00:00,2.0,2.0,0.0,15372000.0,7686000.0,0,0,0,1,0,0,1,0,False,False,True,1,6.0,Within 7 days,1 feature,0 failed,2024-01
U04105,18-24,Tier 1,Mid,Paid Ads,Android,2024-02-25,,,0.0,0.0,0.0,0.0,0.0,0,0,0,0,0,0,0,0,False,False,True,0,,No transaction,0 features,0 failed,2024-02
U04106,35-44,Tier 1,Low,Referral,iOS,2024-02-05,2024-02-06 10:28:00,2024-02-14 03:00:00,5.0,5.0,0.0,5976000.0,1195200.0,0,1,0,1,0,0,2,0,True,True,False,1,7.0,Within 7 days,2+ features,0 failed,2024-02
U04107,55+,Tier 1,Mid,Referral,iOS,2024-02-23,,,0.0,0.0,0.0,0.0,0.0,0,0,0,0,0,0,0,0,False,False,True,0,,No transaction,0 features,0 failed,2024-02
U04108,18-24,Tier 3,Low,Organic,Android,2024-02-08,2024-02-09 03:15:00,2024-02-20 19:00:00,8.0,7.0,1.0,5534000.0,691750.0,1,0,1,0,0,1,3,1,True,True,False,1,11.0,After 7 days,2+ features,1-2 failed,2024-02
U04109,45-54,Tier 1,High,Branch,Android,2024-03-02,2024-03-03 07:07:00,2024-03-05 02:00:00,10.0,9.0,1.0,263638000.0,26363800.0,1,0,0,1,0,0,2,1,True,False,True,1,1.0,Within 7 days,2+ features,1-2 failed,2024-03
U04110,25-34,Tier 2,Low,Paid Ads,Android,2024-04-10,,,0.0,0.0,0.0,0.0,0.0,0,0,0,0,0,0,0,0,False,False,True,0,,No transaction,0 features,0 failed,2024-04
U04111,25-34,Tier 3,High,Paid Ads,iOS,2024-01-10,,,0.0,0.0,0.0,0.0,0.0,0,0,0,0,0,0,0,0,False,False,True,0,,No transaction,0 features,0 failed,2024-01
U04112,25-34,Tier 2,Mid,Referral,Android,2024-02-16,2024-02-17 07:24:00,2024-02-28 06:00:00,7.0,6.0,1.0,25457000.0,3636714.285714286,0,1,1,0,0,0,2,0,True,True,False,1,10.0,After 7 days,2+ features,1-2 failed,2024-02
U04113,18-24,Tier 2,Low,Paid Ads,Android,2024-02-02,,,0.0,0.0,0.0,0.0,0.0,0,0,0,0,0,0,0,0,False,False,True,0,,No transaction,0 features,0 failed,2024-02
U04114,18-24,Tier 2,Mid,Referral,iOS,2024-02-01,2024-02-02 09:27:00,2024-02-04 07:00:00,14.0,14.0,0.0,64012000.0,4572285.714285715,1,1,1,1,1,0,5,1,True,False,True,1,1.0,Within 7 days,2+ features,0 failed,2024-02
U04115,25-34,Tier 1,Low,Referral,Android,2024-04-02,2024-04-03 16:24:00,,0.0,0.0,0.0,0.0,0.0,0,1,0,0,0,0,1,0,True,True,False,1,,No transaction,1 feature,0 failed,2024-04
U04116,25-34,Tier 2,Mid,Paid Ads,Android,2024-03-21,,,0.0,0.0,0.0,0.0,0.0,0,0,0,0,0,0,0,0,False,False,True,0,,No transaction,0 features,0 failed,2024-03
U04117,45-54,Tier 2,Mid,Referral,Android,2024-03-04,,,0.0,0.0,0.0,0.0,0.0,0,0,0,0,0,0,0,0,False,False,True,0,,No transaction,0 features,0 failed,2024-03
U04118,25-34,Tier 3,Low,Organic,Android,2024-03-17,2024-03-18 07:03:00,2024-03-19 08:00:00,4.0,4.0,0.0,2918000.0,729500.0,0,1,0,0,0,1,2,0,True,False,True,1,1.0,Within 7 days,2+ features,0 failed,2024-03
U04119,18-24,Tier 3,High,Paid Ads,iOS,2024-03-19,,,0.0,0.0,0.0,0.0,0.0,0,0,0,0,0,0,0,0,False,False,True,0,,No transaction,0 features,0 failed,2024-03
U04120,35-44,Tier 3,Low,Partnership,Android,2024-01-26,,,0.0,0.0,0.0,0.0,0.0,0,0,0,0,0,0,0,0,False,False,True,0,,No transaction,0 features,0 failed,2024-01
U04121,18-24,Tier 3,Mid,Organic,Android,2024-02-28,,,0.0,0.0,0.0,0.0,0.0,0,0,0,0,0,0,0,0,False,False,True,0,,No transaction,0 features,0 failed,2024-02
U04122,25-34,Tier 2,Mid,Organic,Android,2024-01-14,2024-01-15 03:17:00,2024-02-03 16:00:00,3.0,2.0,1.0,15532000.0,5177333.333333333,0,1,1,0,0,0,2,0,True,True,False,1,19.0,After 7 days,2+ features,1-2 failed,2024-01
U04123,35-44,Tier 2,Mid,Organic,Android,2024-01-18,,,0.0,0.0,0.0,0.0,0.0,0,0,0,0,0,0,0,0,False,False,True,0,,No transaction,0 features,0 failed,2024-01
U04124,45-54,Tier 3,Mid,Branch,Android,2024-02-08,2024-02-09 06:23:00,,0.0,0.0,0.0,0.0,0.0,0,0,0,0,0,0,0,0,False,False,True,1,,No transaction,0 features,0 failed,2024-02
U04125,35-44,Tier 1,Mid,Partnership,Android,2024-01-01,2024-01-02 18:24:00,,0.0,0.0,0.0,0.0,0.0,1,0,0,0,0,0,1,1,False,False,True,1,,No transaction,1 feature,0 failed,2024-01
U04126,35-44,Tier 3,Mid,Paid Ads,Android,2024-02-20,,,0.0,0.0,0.0,0.0,0.0,0,0,0,0,0,0,0,0,False,False,True,0,,No transaction,0 features,0 failed,2024-02
U04127,35-44,Tier 1,Mid,Branch,Android,2024-02-12,2024-02-13 07:10:00,,0.0,0.0,0.0,0.0,0.0,0,0,0,0,0,0,0,0,False,False,True,1,,No transaction,0 features,0 failed,2024-02
U04128,45-54,Tier 2,Low,Referral,Android,2024-04-17,2024-04-18 09:26:00,2024-04-24 08:00:00,18.0,16.0,2.0,14802000.0,822333.3333333334,1,0,1,0,1,1,4,1,True,False,True,1,5.0,Within 7 days,2+ features,1-2 failed,2024-04
U04129,18-24,Tier 2,Mid,Branch,Android,2024-03-20,,,0.0,0.0,0.0,0.0,0.0,0,0,0,0,0,0,0,0,False,False,True,0,,No transaction,0 features,0 failed,2024-03
U04130,18-24,Tier 3,Low,Referral,iOS,2024-02-18,2024-02-19 07:04:00,2024-02-28 18:00:00,6.0,6.0,0.0,6803000.0,1133833.3333333333,0,1,0,1,0,0,2,0,True,False,True,1,9.0,After 7 days,2+ features,0 failed,2024-02
U04131,18-24,Tier 1,Low,Organic,Android,2024-04-12,2024-04-13 05:23:00,2024-04-23 06:00:00,11.0,10.0,1.0,8126000.0,738727.2727272727,0,0,0,1,1,1,3,1,True,False,True,1,10.0,After 7 days,2+ features,1-2 failed,2024-04
U04132,18-24,Tier 2,Mid,Paid Ads,iOS,2024-04-20,,,0.0,0.0,0.0,0.0,0.0,0,0,0,0,0,0,0,0,False,False,True,0,,No transaction,0 features,0 failed,2024-04
U04133,35-44,Tier 2,Mid,Referral,Android,2024-02-12,,,0.0,0.0,0.0,0.0,0.0,0,0,0,0,0,0,0,0,False,False,True,0,,No transaction,0 features,0 failed,2024-02
U04134,25-34,Tier 1,Mid,Paid Ads,iOS,2024-02-26,,,0.0,0.0,0.0,0.0,0.0,0,0,0,0,0,0,0,0,False,False,True,0,,No transaction,0 features,0 failed,2024-02
U04135,25-34,Tier 2,Mid,Referral,Android,2024-02-12,2024-02-13 04:23:00,2024-02-19 04:00:00,8.0,8.0,0.0,54635000.0,6829375.0,0,0,1,1,0,0,2,0,True,True,False,1,5.0,Within 7 days,2+ features,0 failed,2024-02
U04136,18-24,Tier 2,Mid,Paid Ads,Android,2024-02-25,,,0.0,0.0,0.0,0.0,0.0,0,0,0,0,0,0,0,0,False,False,True,0,,No transaction,0 features,0 failed,2024-02
U04137,35-44,Tier 2,Mid,Referral,Android,2024-04-14,,,0.0,0.0,0.0,0.0,0.0,0,0,0,0,0,0,0,0,False,False,True,0,,No transaction,0 features,0 failed,2024-04
U04138,25-34,Tier 1,Low,Organic,Android,2024-04-15,,,0.0,0.0,0.0,0.0,0.0,0,0,0,0,0,0,0,0,False,False,True,0,,No transaction,0 features,0 failed,2024-04
U04139,35-44,Tier 2,Mid,Branch,iOS,2024-04-20,,,0.0,0.0,0.0,0.0,0.0,0,0,0,0,0,0,0,0,False,False,True,0,,No transaction,0 features,0 failed,2024-04
U04140,25-34,Tier 2,Mid,Partnership,Android,2024-03-24,,,0.0,0.0,0.0,0.0,0.0,0,0,0,0,0,0,0,0,False,False,True,0,,No transaction,0 features,0 failed,2024-03
U04141,25-34,Tier 1,Mid,Branch,Android,2024-03-17,,,0.0,0.0,0.0,0.0,0.0,0,0,0,0,0,0,0,0,False,False,True,0,,No transaction,0 features,0 failed,2024-03
U04142,18-24,Tier 1,Mid,Paid Ads,iOS,2024-01-18,,,0.0,0.0,0.0,0.0,0.0,0,0,0,0,0,0,0,0,False,False,True,0,,No transaction,0 features,0 failed,2024-01
U04143,18-24,Tier 3,Mid,Paid Ads,Android,2024-02-08,2024-02-09 13:16:00,2024-03-01 10:00:00,5.0,4.0,1.0,41368000.0,8273600.0,0,0,1,1,0,0,2,0,False,False,True,1,20.0,After 7 days,2+ features,1-2 failed,2024-02
U04144,35-44,Tier 2,Mid,Paid Ads,Android,2024-02-11,,,0.0,0.0,0.0,0.0,0.0,0,0,0,0,0,0,0,0,False,False,True,0,,No transaction,0 features,0 failed,2024-02
U04145,45-54,Tier 2,Mid,Organic,Android,2024-03-18,,,0.0,0.0,0.0,0.0,0.0,0,0,0,0,0,0,0,0,False,False,True,0,,No transaction,0 features,0 failed,2024-03
U04146,25-34,Tier 1,Mid,Organic,Android,2024-03-29,,,0.0,0.0,0.0,0.0,0.0,0,0,0,0,0,0,0,0,False,False,True,0,,No transaction,0 features,0 failed,2024-03
U04147,18-24,Tier 1,Mid,Referral,iOS,2024-01-26,2024-01-27 05:26:00,2024-02-02 20:00:00,8.0,7.0,1.0,52023000.0,6502875.0,0,1,1,0,1,0,3,1,True,True,False,1,6.0,Within 7 days,2+ features,1-2 failed,2024-01
U04148,25-34,Tier 1,Low,Partnership,Android,2024-03-02,,,0.0,0.0,0.0,0.0,0.0,0,0,0,0,0,0,0,0,False,False,True,0,,No transaction,0 features,0 failed,2024-03
U04149,35-44,Tier 1,Low,Organic,Android,2024-02-10,,,0.0,0.0,0.0,0.0,0.0,0,0,0,0,0,0,0,0,False,False,True,0,,No transaction,0 features,0 failed,2024-02
U04150,35-44,Tier 2,Low,Branch,Android,2024-01-23,,,0.0,0.0,0.0,0.0,0.0,0,0,0,0,0,0,0,0,False,False,True,0,,No transaction,0 features,0 failed,2024-01
U04151,18-24,Tier 2,Mid,Paid Ads,Android,2024-02-20,2024-02-21 03:11:00,2024-02-26 09:00:00,7.0,7.0,0.0,33880000.0,4840000.0,0,0,1,1,1,1,4,1,False,False,True,1,5.0,Within 7 days,2+ features,0 failed,2024-02
U04152,18-24,Tier 2,High,Paid Ads,Android,2024-02-10,,,0.0,0.0,0.0,0.0,0.0,0,0,0,0,0,0,0,0,False,False,True,0,,No transaction,0 features,0 failed,2024-02
U04153,35-44,Tier 1,Mid,Organic,Android,2024-02-07,,,0.0,0.0,0.0,0.0,0.0,0,0,0,0,0,0,0,0,False,False,True,0,,No transaction,0 features,0 failed,2024-02
U04154,25-34,Tier 2,Low,Referral,Android,2024-04-04,2024-04-04 15:24:00,,0.0,0.0,0.0,0.0,0.0,0,0,0,0,0,0,0,0,True,False,True,1,,No transaction,0 features,0 failed,2024-04
U04155,18-24,Tier 1,Mid,Branch,iOS,2024-03-29,,,0.0,0.0,0.0,0.0,0.0,0,0,0,0,0,0,0,0,False,False,True,0,,No transaction,0 features,0 failed,2024-03
U04156,18-24,Tier 1,High,Referral,Android,2024-03-22,,,0.0,0.0,0.0,0.0,0.0,0,0,0,0,0,0,0,0,False,False,True,0,,No transaction,0 features,0 failed,2024-03
U04157,25-34,Tier 3,High,Referral,Android,2024-03-03,2024-03-04 21:08:00,2024-03-25 17:00:00,3.0,3.0,0.0,81743000.0,27247666.666666668,0,0,0,1,0,0,1,0,True,False,True,1,20.0,After 7 days,1 feature,0 failed,2024-03
U04158,45-54,Tier 2,Mid,Organic,Android,2024-03-14,2024-03-15 06:28:00,2024-03-21 05:00:00,6.0,5.0,1.0,40142000.0,6690333.333333333,0,1,1,1,0,0,3,0,True,False,True,1,5.0,Within 7 days,2+ features,1-2 failed,2024-03
U04159,55+,Tier 2,High,Organic,iOS,2024-04-10,,,0.0,0.0,0.0,0.0,0.0,0,0,0,0,0,0,0,0,False,False,True,0,,No transaction,0 features,0 failed,2024-04
U04160,25-34,Tier 1,Low,Organic,Android,2024-02-01,2024-02-01 22:18:00,2024-02-04 05:00:00,18.0,13.0,5.0,17431000.0,968388.8888888889,1,1,1,1,1,0,5,1,True,False,True,1,2.0,Within 7 days,2+ features,3+ failed,2024-02
U04161,25-34,Tier 3,Low,Paid Ads,iOS,2024-02-11,,,0.0,0.0,0.0,0.0,0.0,0,0,0,0,0,0,0,0,False,False,True,0,,No transaction,0 features,0 failed,2024-02
U04162,18-24,Tier 2,Low,Paid Ads,iOS,2024-02-18,2024-02-19 17:04:00,2024-02-21 23:00:00,12.0,11.0,1.0,11840000.0,986666.6666666666,1,1,0,1,1,1,5,1,True,True,False,1,2.0,Within 7 days,2+ features,1-2 failed,2024-02
U04163,25-34,Tier 2,Mid,Paid Ads,iOS,2024-02-05,,,0.0,0.0,0.0,0.0,0.0,0,0,0,0,0,0,0,0,False,False,True,0,,No transaction,0 features,0 failed,2024-02
U04164,25-34,Tier 1,Low,Organic,Android,2024-04-14,2024-04-15 14:02:00,2024-04-19 06:00:00,17.0,15.0,2.0,17556000.0,1032705.8823529412,0,1,0,1,1,0,3,1,False,False,True,1,3.0,Within 7 days,2+ features,1-2 failed,2024-04
U04165,25-34,Tier 3,Mid,Partnership,Android,2024-04-10,,,0.0,0.0,0.0,0.0,0.0,0,0,0,0,0,0,0,0,False,False,True,0,,No transaction,0 features,0 failed,2024-04
U04166,25-34,Tier 3,Mid,Partnership,Android,2024-02-20,2024-02-21 15:03:00,2024-02-26 09:00:00,4.0,4.0,0.0,14752000.0,3688000.0,0,0,1,0,0,0,1,0,True,True,False,1,4.0,Within 7 days,1 feature,0 failed,2024-02
U04167,18-24,Tier 3,Mid,Organic,iOS,2024-02-16,,,0.0,0.0,0.0,0.0,0.0,0,0,0,0,0,0,0,0,False,False,True,0,,No transaction,0 features,0 failed,2024-02
U04168,18-24,Tier 1,High,Referral,iOS,2024-01-15,,,0.0,0.0,0.0,0.0,0.0,0,0,0,0,0,0,0,0,False,False,True,0,,No transaction,0 features,0 failed,2024-01
U04169,25-34,Tier 1,Low,Organic,iOS,2024-03-13,2024-03-14 12:17:00,2024-03-18 10:00:00,2.0,2.0,0.0,3178000.0,1589000.0,1,0,0,0,0,0,1,1,True,True,False,1,3.0,Within 7 days,1 feature,0 failed,2024-03
U04170,18-24,Tier 1,Mid,Partnership,Android,2024-01-26,,,0.0,0.0,0.0,0.0,0.0,0,0,0,0,0,0,0,0,False,False,True,0,,No transaction,0 features,0 failed,2024-01
U04171,18-24,Tier 1,Mid,Paid Ads,Android,2024-03-16,2024-03-17 17:19:00,2024-03-22 17:00:00,17.0,14.0,3.0,69002000.0,4058941.1764705884,0,1,0,1,1,1,4,1,True,False,True,1,4.0,Within 7 days,2+ features,3+ failed,2024-03
U04172,55+,Tier 3,Low,Branch,Android,2024-03-10,,,0.0,0.0,0.0,0.0,0.0,0,0,0,0,0,0,0,0,False,False,True,0,,No transaction,0 features,0 failed,2024-03
U04173,25-34,Tier 1,Mid,Organic,Android,2024-01-24,,,0.0,0.0,0.0,0.0,0.0,0,0,0,0,0,0,0,0,False,False,True,0,,No transaction,0 features,0 failed,2024-01
U04174,25-34,Tier 1,High,Paid Ads,Android,2024-03-28,,,0.0,0.0,0.0,0.0,0.0,0,0,0,0,0,0,0,0,False,False,True,0,,No transaction,0 features,0 failed,2024-03
U04175,45-54,Tier 1,High,Organic,Android,2024-04-08,2024-04-09 02:30:00,,0.0,0.0,0.0,0.0,0.0,0,1,1,0,0,0,2,0,False,False,True,1,,No transaction,2+ features,0 failed,2024-04
U04176,55+,Tier 1,High,Referral,iOS,2024-03-11,,,0.0,0.0,0.0,0.0,0.0,0,0,0,0,0,0,0,0,False,False,True,0,,No transaction,0 features,0 failed,2024-03
U04177,25-34,Tier 1,Mid,Paid Ads,Android,2024-01-04,2024-01-05 07:12:00,2024-01-19 15:00:00,2.0,2.0,0.0,10943000.0,5471500.0,1,0,0,0,0,0,1,1,False,False,True,1,14.0,After 7 days,1 feature,0 failed,2024-01
U04178,35-44,Tier 2,Mid,Organic,iOS,2024-04-03,,,0.0,0.0,0.0,0.0,0.0,0,0,0,0,0,0,0,0,False,False,True,0,,No transaction,0 features,0 failed,2024-04
U04179,25-34,Tier 2,Low,Paid Ads,iOS,2024-02-29,,,0.0,0.0,0.0,0.0,0.0,0,0,0,0,0,0,0,0,False,False,True,0,,No transaction,0 features,0 failed,2024-02
U04180,25-34,Tier 1,Low,Paid Ads,Android,2024-03-31,2024-04-01 04:12:00,2024-04-03 03:00:00,10.0,10.0,0.0,12552000.0,1255200.0,0,1,1,1,1,0,4,1,True,False,True,1,1.0,Within 7 days,2+ features,0 failed,2024-03
U04181,25-34,Tier 1,Low,Partnership,Android,2024-01-27,,,0.0,0.0,0.0,0.0,0.0,0,0,0,0,0,0,0,0,False,False,True,0,,No transaction,0 features,0 failed,2024-01
U04182,35-44,Tier 1,Mid,Referral,Android,2024-02-26,2024-02-27 21:19:00,2024-03-28 19:00:00,2.0,2.0,0.0,5798000.0,2899000.0,0,1,0,0,0,0,1,0,False,False,True,1,29.0,After 7 days,1 feature,0 failed,2024-02
U04183,35-44,Tier 1,High,Branch,Android,2024-04-12,,,0.0,0.0,0.0,0.0,0.0,0,0,0,0,0,0,0,0,False,False,True,0,,No transaction,0 features,0 failed,2024-04
U04184,25-34,Tier 2,Mid,Branch,Android,2024-02-07,2024-02-08 02:02:00,2024-02-14 08:00:00,9.0,7.0,2.0,37523000.0,4169222.222222222,1,0,1,0,0,1,3,1,True,True,False,1,6.0,Within 7 days,2+ features,1-2 failed,2024-02
U04185,18-24,Tier 2,Mid,Branch,Android,2024-04-16,2024-04-17 02:11:00,2024-04-25 19:00:00,5.0,4.0,1.0,25629000.0,5125800.0,0,0,0,0,1,1,2,1,True,True,False,1,8.0,After 7 days,2+ features,1-2 failed,2024-04
U04186,25-34,Tier 2,Mid,Partnership,iOS,2024-03-29,2024-03-30 14:23:00,2024-04-09 19:00:00,4.0,4.0,0.0,29329000.0,7332250.0,0,0,0,0,0,0,0,0,True,False,True,1,10.0,After 7 days,0 features,0 failed,2024-03
U04187,18-24,Tier 2,Mid,Partnership,Android,2024-01-09,,,0.0,0.0,0.0,0.0,0.0,0,0,0,0,0,0,0,0,False,False,True,0,,No transaction,0 features,0 failed,2024-01
U04188,25-34,Tier 1,High,Paid Ads,iOS,2024-04-14,,,0.0,0.0,0.0,0.0,0.0,0,0,0,0,0,0,0,0,False,False,True,0,,No transaction,0 features,0 failed,2024-04
U04189,35-44,Tier 3,Low,Organic,iOS,2024-04-18,,,0.0,0.0,0.0,0.0,0.0,0,0,0,0,0,0,0,0,False,False,True,0,,No transaction,0 features,0 failed,2024-04
U04190,35-44,Tier 3,Mid,Paid Ads,Android,2024-04-11,,,0.0,0.0,0.0,0.0,0.0,0,0,0,0,0,0,0,0,False,False,True,0,,No transaction,0 features,0 failed,2024-04
U04191,35-44,Tier 3,Mid,Paid Ads,Android,2024-04-11,,,0.0,0.0,0.0,0.0,0.0,0,0,0,0,0,0,0,0,False,False,True,0,,No transaction,0 features,0 failed,2024-04
U04192,45-54,Tier 1,Low,Branch,iOS,2024-02-22,2024-02-23 01:08:00,2024-03-15 08:00:00,4.0,3.0,1.0,3856000.0,964000.0,0,0,0,0,0,1,1,0,True,False,True,1,21.0,After 7 days,1 feature,1-2 failed,2024-02
U04193,25-34,Tier 3,Mid,Paid Ads,Android,2024-03-27,,,0.0,0.0,0.0,0.0,0.0,0,0,0,0,0,0,0,0,False,False,True,0,,No transaction,0 features,0 failed,2024-03
U04194,35-44,Tier 3,High,Referral,Android,2024-03-04,,,0.0,0.0,0.0,0.0,0.0,0,0,0,0,0,0,0,0,False,False,True,0,,No transaction,0 features,0 failed,2024-03
U04195,25-34,Tier 3,Low,Paid Ads,iOS,2024-01-18,,,0.0,0.0,0.0,0.0,0.0,0,0,0,0,0,0,0,0,False,False,True,0,,No transaction,0 features,0 failed,2024-01
U04196,18-24,Tier 1,Low,Branch,Android,2024-03-22,2024-03-23 08:26:00,2024-04-10 21:00:00,4.0,4.0,0.0,3125000.0,781250.0,0,0,0,0,0,1,1,0,True,False,True,1,18.0,After 7 days,1 feature,0 failed,2024-03
U04197,18-24,Tier 2,Low,Organic,Android,2024-02-08,,,0.0,0.0,0.0,0.0,0.0,0,0,0,0,0,0,0,0,False,False,True,0,,No transaction,0 features,0 failed,2024-02
U04198,18-24,Tier 3,Mid,Referral,Android,2024-01-31,2024-02-01 04:08:00,2024-02-23 10:00:00,7.0,6.0,1.0,32681000.0,4668714.285714285,0,0,1,0,1,0,2,1,False,False,True,1,22.0,After 7 days,2+ features,1-2 failed,2024-01
U04199,25-34,Tier 2,Mid,Paid Ads,Android,2024-02-02,2024-02-03 13:03:00,2024-03-07 15:00:00,2.0,2.0,0.0,12350000.0,6175000.0,1,0,0,1,0,0,2,1,True,False,True,1,33.0,After 7 days,2+ features,0 failed,2024-02
U04200,25-34,Tier 2,Mid,Organic,iOS,2024-03-25,,,0.0,0.0,0.0,0.0,0.0,0,0,0,0,0,0,0,0,False,False,True,0,,No transaction,0 features,0 failed,2024-03
U04201,35-44,Tier 3,Mid,Organic,iOS,2024-01-20,2024-01-20 18:10:00,,0.0,0.0,0.0,0.0,0.0,0,0,0,0,0,0,0,0,False,False,True,1,,No transaction,0 features,0 failed,2024-01
U04202,18-24,Tier 1,High,Referral,Android,2024-04-01,2024-04-02 11:07:00,2024-04-08 18:00:00,15.0,14.0,1.0,330643000.0,22042866.666666668,1,1,1,1,0,1,5,1,True,False,True,1,6.0,Within 7 days,2+ features,1-2 failed,2024-04
U04203,18-24,Tier 2,Mid,Partnership,iOS,2024-02-24,,,0.0,0.0,0.0,0.0,0.0,0,0,0,0,0,0,0,0,False,False,True,0,,No transaction,0 features,0 failed,2024-02
U04204,55+,Tier 2,High,Organic,iOS,2024-04-11,2024-04-11 22:05:00,,0.0,0.0,0.0,0.0,0.0,1,0,0,0,0,0,1,1,True,False,True,1,,No transaction,1 feature,0 failed,2024-04
U04205,18-24,Tier 3,High,Referral,Android,2024-02-18,,,0.0,0.0,0.0,0.0,0.0,0,0,0,0,0,0,0,0,False,False,True,0,,No transaction,0 features,0 failed,2024-02
U04206,25-34,Tier 1,Mid,Partnership,Android,2024-01-10,,,0.0,0.0,0.0,0.0,0.0,0,0,0,0,0,0,0,0,False,False,True,0,,No transaction,0 features,0 failed,2024-01
U04207,25-34,Tier 2,Mid,Branch,Android,2024-02-27,2024-02-27 19:07:00,2024-02-28 12:00:00,5.0,4.0,1.0,28263000.0,5652600.0,0,0,0,1,0,0,1,0,True,True,False,1,0.0,Within 7 days,1 feature,1-2 failed,2024-02
U04208,25-34,Tier 2,High,Branch,Android,2024-03-17,,,0.0,0.0,0.0,0.0,0.0,0,0,0,0,0,0,0,0,False,False,True,0,,No transaction,0 features,0 failed,2024-03
U04209,18-24,Tier 2,High,Referral,Android,2024-03-02,,,0.0,0.0,0.0,0.0,0.0,0,0,0,0,0,0,0,0,False,False,True,0,,No transaction,0 features,0 failed,2024-03
U04210,18-24,Tier 2,Low,Branch,Android,2024-03-15,2024-03-16 08:04:00,,0.0,0.0,0.0,0.0,0.0,0,0,0,0,1,0,1,1,True,False,True,1,,No transaction,1 feature,0 failed,2024-03
U04211,18-24,Tier 3,Low,Organic,Android,2024-02-21,2024-02-22 13:16:00,2024-03-02 03:00:00,10.0,10.0,0.0,9800000.0,980000.0,0,0,0,0,0,1,1,0,True,True,False,1,8.0,After 7 days,1 feature,0 failed,2024-02
U04212,25-34,Tier 3,High,Paid Ads,iOS,2024-03-09,,,0.0,0.0,0.0,0.0,0.0,0,0,0,0,0,0,0,0,False,False,True,0,,No transaction,0 features,0 failed,2024-03
U04213,25-34,Tier 1,Low,Paid Ads,iOS,2024-03-05,,,0.0,0.0,0.0,0.0,0.0,0,0,0,0,0,0,0,0,False,False,True,0,,No transaction,0 features,0 failed,2024-03
U04214,18-24,Tier 1,High,Organic,Android,2024-04-21,,,0.0,0.0,0.0,0.0,0.0,0,0,0,0,0,0,0,0,False,False,True,0,,No transaction,0 features,0 failed,2024-04
U04215,25-34,Tier 1,Mid,Paid Ads,iOS,2024-03-29,,,0.0,0.0,0.0,0.0,0.0,0,0,0,0,0,0,0,0,False,False,True,0,,No transaction,0 features,0 failed,2024-03
U04216,35-44,Tier 1,Low,Organic,Android,2024-02-23,,,0.0,0.0,0.0,0.0,0.0,0,0,0,0,0,0,0,0,False,False,True,0,,No transaction,0 features,0 failed,2024-02
U04217,18-24,Tier 2,Low,Partnership,Android,2024-03-10,,,0.0,0.0,0.0,0.0,0.0,0,0,0,0,0,0,0,0,False,False,True,0,,No transaction,0 features,0 failed,2024-03
U04218,25-34,Tier 3,Low,Referral,Android,2024-01-05,,,0.0,0.0,0.0,0.0,0.0,0,0,0,0,0,0,0,0,False,False,True,0,,No transaction,0 features,0 failed,2024-01
U04219,35-44,Tier 3,Low,Paid Ads,iOS,2024-04-11,,,0.0,0.0,0.0,0.0,0.0,0,0,0,0,0,0,0,0,False,False,True,0,,No transaction,0 features,0 failed,2024-04
U04220,18-24,Tier 1,Mid,Organic,iOS,2024-02-16,,,0.0,0.0,0.0,0.0,0.0,0,0,0,0,0,0,0,0,False,False,True,0,,No transaction,0 features,0 failed,2024-02
U04221,25-34,Tier 1,Mid,Organic,iOS,2024-03-30,,,0.0,0.0,0.0,0.0,0.0,0,0,0,0,0,0,0,0,False,False,True,0,,No transaction,0 features,0 failed,2024-03
U04222,25-34,Tier 2,High,Branch,iOS,2024-04-24,,,0.0,0.0,0.0,0.0,0.0,0,0,0,0,0,0,0,0,False,False,True,0,,No transaction,0 features,0 failed,2024-04
U04223,45-54,Tier 2,Mid,Partnership,Android,2024-04-13,2024-04-14 10:30:00,2024-04-22 02:00:00,14.0,11.0,3.0,79039000.0,5645642.857142857,1,0,1,1,1,1,5,1,True,True,False,1,7.0,Within 7 days,2+ features,3+ failed,2024-04
U04224,35-44,Tier 1,Mid,Branch,iOS,2024-03-09,,,0.0,0.0,0.0,0.0,0.0,0,0,0,0,0,0,0,0,False,False,True,0,,No transaction,0 features,0 failed,2024-03
U04225,25-34,Tier 3,Mid,Referral,Android,2024-03-17,2024-03-18 09:28:00,,0.0,0.0,0.0,0.0,0.0,0,0,0,0,0,1,1,0,True,True,False,1,,No transaction,1 feature,0 failed,2024-03
U04226,35-44,Tier 3,Mid,Organic,Android,2024-03-22,2024-03-23 05:11:00,2024-04-14 01:00:00,7.0,6.0,1.0,36093000.0,5156142.857142857,0,0,0,1,0,1,2,0,True,True,False,1,21.0,After 7 days,2+ features,1-2 failed,2024-03
U04227,25-34,Tier 1,Mid,Paid Ads,Android,2024-01-11,2024-01-12 15:22:00,2024-01-19 10:00:00,13.0,11.0,2.0,78340000.0,6026153.846153846,1,1,1,0,1,0,4,1,True,True,False,1,6.0,Within 7 days,2+ features,1-2 failed,2024-01
U04228,25-34,Tier 3,Low,Paid Ads,iOS,2024-01-14,,,0.0,0.0,0.0,0.0,0.0,0,0,0,0,0,0,0,0,False,False,True,0,,No transaction,0 features,0 failed,2024-01
U04229,25-34,Tier 1,Low,Organic,Android,2024-04-08,,,0.0,0.0,0.0,0.0,0.0,0,0,0,0,0,0,0,0,False,False,True,0,,No transaction,0 features,0 failed,2024-04
U04230,18-24,Tier 2,Low,Paid Ads,Android,2024-02-01,,,0.0,0.0,0.0,0.0,0.0,0,0,0,0,0,0,0,0,False,False,True,0,,No transaction,0 features,0 failed,2024-02
U04231,35-44,Tier 2,Low,Referral,Android,2024-03-25,2024-03-26 03:15:00,2024-04-02 20:00:00,15.0,15.0,0.0,15293000.0,1019533.3333333334,1,0,0,1,0,1,3,1,True,True,False,1,7.0,Within 7 days,2+ features,0 failed,2024-03
U04232,25-34,Tier 1,Mid,Organic,Android,2024-03-26,,,0.0,0.0,0.0,0.0,0.0,0,0,0,0,0,0,0,0,False,False,True,0,,No transaction,0 features,0 failed,2024-03
U04233,25-34,Tier 3,Low,Referral,Android,2024-02-15,,,0.0,0.0,0.0,0.0,0.0,0,0,0,0,0,0,0,0,False,False,True,0,,No transaction,0 features,0 failed,2024-02
U04234,45-54,Tier 2,High,Paid Ads,Android,2024-01-22,2024-01-24 05:20:00,2024-01-26 07:00:00,11.0,11.0,0.0,290090000.0,26371818.181818184,1,1,0,0,0,0,2,1,False,False,True,1,2.0,Within 7 days,2+ features,0 failed,2024-01
U04235,18-24,Tier 2,High,Paid Ads,Android,2024-03-23,2024-03-24 09:01:00,2024-03-28 02:00:00,8.0,7.0,1.0,157830000.0,19728750.0,0,0,1,1,1,1,4,1,True,True,False,1,3.0,Within 7 days,2+ features,1-2 failed,2024-03
U04236,25-34,Tier 1,High,Paid Ads,iOS,2024-03-19,,,0.0,0.0,0.0,0.0,0.0,0,0,0,0,0,0,0,0,False,False,True,0,,No transaction,0 features,0 failed,2024-03
U04237,18-24,Tier 1,High,Paid Ads,iOS,2024-01-06,,,0.0,0.0,0.0,0.0,0.0,0,0,0,0,0,0,0,0,False,False,True,0,,No transaction,0 features,0 failed,2024-01
U04238,35-44,Tier 1,Low,Organic,Android,2024-03-13,,,0.0,0.0,0.0,0.0,0.0,0,0,0,0,0,0,0,0,False,False,True,0,,No transaction,0 features,0 failed,2024-03
U04239,35-44,Tier 2,Mid,Branch,iOS,2024-03-23,2024-03-23 21:18:00,2024-04-07 08:00:00,8.0,8.0,0.0,37730000.0,4716250.0,0,0,1,0,1,1,3,1,True,True,False,1,14.0,After 7 days,2+ features,0 failed,2024-03
U04240,25-34,Tier 2,Low,Branch,Android,2024-03-27,2024-03-28 16:06:00,,0.0,0.0,0.0,0.0,0.0,1,0,0,0,0,0,1,1,True,True,False,1,,No transaction,1 feature,0 failed,2024-03
U04241,35-44,Tier 1,High,Paid Ads,Android,2024-03-23,,,0.0,0.0,0.0,0.0,0.0,0,0,0,0,0,0,0,0,False,False,True,0,,No transaction,0 features,0 failed,2024-03
U04242,25-34,Tier 2,High,Organic,Android,2024-02-21,2024-02-22 09:06:00,2024-02-29 03:00:00,11.0,10.0,1.0,234810000.0,21346363.636363637,0,1,1,0,1,0,3,1,True,True,False,1,6.0,Within 7 days,2+ features,1-2 failed,2024-02
U04243,35-44,Tier 2,High,Paid Ads,Android,2024-04-06,,,0.0,0.0,0.0,0.0,0.0,0,0,0,0,0,0,0,0,False,False,True,0,,No transaction,0 features,0 failed,2024-04
U04244,25-34,Tier 2,Mid,Paid Ads,Android,2024-02-12,2024-02-13 10:17:00,2024-02-17 10:00:00,16.0,13.0,3.0,61526000.0,3845375.0,1,0,0,1,1,1,4,1,True,False,True,1,3.0,Within 7 days,2+ features,3+ failed,2024-02
U04245,25-34,Tier 2,Mid,Branch,Android,2024-04-11,,,0.0,0.0,0.0,0.0,0.0,0,0,0,0,0,0,0,0,False,False,True,0,,No transaction,0 features,0 failed,2024-04
U04246,45-54,Tier 3,Low,Branch,Android,2024-02-25,,,0.0,0.0,0.0,0.0,0.0,0,0,0,0,0,0,0,0,False,False,True,0,,No transaction,0 features,0 failed,2024-02
U04247,18-24,Tier 2,Low,Partnership,Android,2024-01-14,,,0.0,0.0,0.0,0.0,0.0,0,0,0,0,0,0,0,0,False,False,True,0,,No transaction,0 features,0 failed,2024-01
U04248,18-24,Tier 2,Mid,Organic,iOS,2024-01-02,,,0.0,0.0,0.0,0.0,0.0,0,0,0,0,0,0,0,0,False,False,True,0,,No transaction,0 features,0 failed,2024-01
U04249,25-34,Tier 1,Mid,Branch,Android,2024-01-13,,,0.0,0.0,0.0,0.0,0.0,0,0,0,0,0,0,0,0,False,False,True,0,,No transaction,0 features,0 failed,2024-01
U04250,55+,Tier 1,High,Paid Ads,iOS,2024-02-03,,,0.0,0.0,0.0,0.0,0.0,0,0,0,0,0,0,0,0,False,False,True,0,,No transaction,0 features,0 failed,2024-02
U04251,25-34,Tier 1,Low,Partnership,Android,2024-01-29,2024-01-30 05:14:00,2024-03-12 05:00:00,2.0,2.0,0.0,1831000.0,915500.0,0,0,0,1,1,0,2,1,True,True,False,1,41.0,After 7 days,2+ features,0 failed,2024-01
U04252,18-24,Tier 2,High,Referral,iOS,2024-03-06,,,0.0,0.0,0.0,0.0,0.0,0,0,0,0,0,0,0,0,False,False,True,0,,No transaction,0 features,0 failed,2024-03
U04253,25-34,Tier 1,Mid,Referral,Android,2024-04-05,2024-04-06 19:16:00,2024-04-09 07:00:00,8.0,8.0,0.0,40591000.0,5073875.0,1,0,1,1,0,0,3,1,False,False,True,1,2.0,Within 7 days,2+ features,0 failed,2024-04
U04254,25-34,Tier 1,High,Paid Ads,iOS,2024-03-07,2024-03-08 08:27:00,2024-03-20 05:00:00,13.0,12.0,1.0,278368000.0,21412923.076923076,1,1,1,0,1,1,5,1,True,False,True,1,11.0,After 7 days,2+ features,1-2 failed,2024-03
U04255,18-24,Tier 2,High,Organic,iOS,2024-03-12,,,0.0,0.0,0.0,0.0,0.0,0,0,0,0,0,0,0,0,False,False,True,0,,No transaction,0 features,0 failed,2024-03
U04256,35-44,Tier 1,High,Referral,Android,2024-03-15,,,0.0,0.0,0.0,0.0,0.0,0,0,0,0,0,0,0,0,False,False,True,0,,No transaction,0 features,0 failed,2024-03
U04257,55+,Tier 1,Low,Partnership,Android,2024-03-29,,,0.0,0.0,0.0,0.0,0.0,0,0,0,0,0,0,0,0,False,False,True,0,,No transaction,0 features,0 failed,2024-03
U04258,25-34,Tier 1,High,Organic,Android,2024-03-14,,,0.0,0.0,0.0,0.0,0.0,0,0,0,0,0,0,0,0,False,False,True,0,,No transaction,0 features,0 failed,2024-03
U04259,25-34,Tier 2,Low,Organic,iOS,2024-01-29,2024-01-30 16:11:00,2024-02-03 13:00:00,11.0,9.0,2.0,10778000.0,979818.1818181818,0,1,1,1,0,0,3,0,True,True,False,1,3.0,Within 7 days,2+ features,1-2 failed,2024-01
U04260,25-34,Tier 1,Low,Organic,Android,2024-02-27,,,0.0,0.0,0.0,0.0,0.0,0,0,0,0,0,0,0,0,False,False,True,0,,No transaction,0 features,0 failed,2024-02
U04261,18-24,Tier 2,Mid,Referral,Android,2024-02-17,2024-02-18 09:18:00,2024-02-21 13:00:00,4.0,3.0,1.0,25997000.0,6499250.0,0,0,0,0,0,1,1,0,True,True,False,1,3.0,Within 7 days,1 feature,1-2 failed,2024-02
U04262,45-54,Tier 2,High,Branch,Android,2024-02-20,,,0.0,0.0,0.0,0.0,0.0,0,0,0,0,0,0,0,0,False,False,True,0,,No transaction,0 features,0 failed,2024-02
U04263,25-34,Tier 2,Mid,Organic,Android,2024-02-29,2024-03-01 00:28:00,2024-03-09 12:00:00,6.0,5.0,1.0,27885000.0,4647500.0,1,0,0,0,0,0,1,1,True,True,False,1,8.0,After 7 days,1 feature,1-2 failed,2024-02
U04264,25-34,Tier 2,High,Organic,Android,2024-04-08,,,0.0,0.0,0.0,0.0,0.0,0,0,0,0,0,0,0,0,False,False,True,0,,No transaction,0 features,0 failed,2024-04
U04265,35-44,Tier 3,Mid,Branch,iOS,2024-03-27,,,0.0,0.0,0.0,0.0,0.0,0,0,0,0,0,0,0,0,False,False,True,0,,No transaction,0 features,0 failed,2024-03
U04266,25-34,Tier 1,Low,Partnership,Android,2024-03-16,,,0.0,0.0,0.0,0.0,0.0,0,0,0,0,0,0,0,0,False,False,True,0,,No transaction,0 features,0 failed,2024-03
U04267,25-34,Tier 1,High,Organic,iOS,2024-03-29,2024-03-30 04:09:00,2024-05-18 08:00:00,4.0,3.0,1.0,54772000.0,13693000.0,0,0,1,0,1,0,2,1,True,True,False,1,49.0,After 7 days,2+ features,1-2 failed,2024-03
U04268,18-24,Tier 1,Low,Partnership,Android,2024-03-05,,,0.0,0.0,0.0,0.0,0.0,0,0,0,0,0,0,0,0,False,False,True,0,,No transaction,0 features,0 failed,2024-03
U04269,35-44,Tier 1,High,Paid Ads,Android,2024-01-20,,,0.0,0.0,0.0,0.0,0.0,0,0,0,0,0,0,0,0,False,False,True,0,,No transaction,0 features,0 failed,2024-01
U04270,45-54,Tier 1,Mid,Partnership,Android,2024-02-14,,,0.0,0.0,0.0,0.0,0.0,0,0,0,0,0,0,0,0,False,False,True,0,,No transaction,0 features,0 failed,2024-02
U04271,25-34,Tier 1,Mid,Paid Ads,iOS,2024-01-04,,,0.0,0.0,0.0,0.0,0.0,0,0,0,0,0,0,0,0,False,False,True,0,,No transaction,0 features,0 failed,2024-01
U04272,55+,Tier 2,Mid,Branch,Android,2024-03-02,2024-03-03 13:10:00,2024-03-12 12:00:00,2.0,2.0,0.0,9545000.0,4772500.0,0,0,0,1,0,0,1,0,True,True,False,1,8.0,After 7 days,1 feature,0 failed,2024-03
U04273,18-24,Tier 2,Low,Organic,Android,2024-01-14,,,0.0,0.0,0.0,0.0,0.0,0,0,0,0,0,0,0,0,False,False,True,0,,No transaction,0 features,0 failed,2024-01
U04274,25-34,Tier 1,Mid,Organic,Android,2024-02-07,2024-02-08 03:01:00,2024-02-08 22:00:00,16.0,13.0,3.0,79580000.0,4973750.0,1,1,1,1,1,0,5,1,True,True,False,1,0.0,Within 7 days,2+ features,3+ failed,2024-02
U04275,25-34,Tier 2,Low,Referral,Android,2024-02-23,,,0.0,0.0,0.0,0.0,0.0,0,0,0,0,0,0,0,0,False,False,True,0,,No transaction,0 features,0 failed,2024-02
U04276,25-34,Tier 1,Low,Referral,iOS,2024-01-11,,,0.0,0.0,0.0,0.0,0.0,0,0,0,0,0,0,0,0,False,False,True,0,,No transaction,0 features,0 failed,2024-01
U04277,25-34,Tier 1,Low,Branch,Android,2024-01-15,,,0.0,0.0,0.0,0.0,0.0,0,0,0,0,0,0,0,0,False,False,True,0,,No transaction,0 features,0 failed,2024-01
U04278,25-34,Tier 2,Mid,Paid Ads,Android,2024-04-16,,,0.0,0.0,0.0,0.0,0.0,0,0,0,0,0,0,0,0,False,False,True,0,,No transaction,0 features,0 failed,2024-04
U04279,18-24,Tier 1,Mid,Organic,Android,2024-04-03,2024-04-04 12:19:00,2024-04-13 13:00:00,5.0,5.0,0.0,25131000.0,5026200.0,0,1,0,1,0,0,2,0,True,True,False,1,9.0,After 7 days,2+ features,0 failed,2024-04
U04280,25-34,Tier 1,Mid,Referral,Android,2024-01-19,2024-01-20 13:21:00,2024-01-24 09:00:00,6.0,6.0,0.0,22621000.0,3770166.6666666665,0,0,1,0,1,0,2,1,True,True,False,1,3.0,Within 7 days,2+ features,0 failed,2024-01
U04281,18-24,Tier 1,High,Referral,Android,2024-02-14,2024-02-15 15:21:00,2024-02-27 13:00:00,12.0,12.0,0.0,273269000.0,22772416.666666668,1,0,1,0,1,0,3,1,False,False,True,1,11.0,After 7 days,2+ features,0 failed,2024-02
U04282,35-44,Tier 3,Mid,Branch,Android,2024-02-09,,,0.0,0.0,0.0,0.0,0.0,0,0,0,0,0,0,0,0,False,False,True,0,,No transaction,0 features,0 failed,2024-02
U04283,18-24,Tier 2,Mid,Paid Ads,Android,2024-02-13,,,0.0,0.0,0.0,0.0,0.0,0,0,0,0,0,0,0,0,False,False,True,0,,No transaction,0 features,0 failed,2024-02
U04284,18-24,Tier 1,Mid,Paid Ads,Android,2024-02-28,,,0.0,0.0,0.0,0.0,0.0,0,0,0,0,0,0,0,0,False,False,True,0,,No transaction,0 features,0 failed,2024-02
U04285,25-34,Tier 3,Mid,Paid Ads,Android,2024-04-10,2024-04-10 21:16:00,2024-04-20 06:00:00,12.0,12.0,0.0,59567000.0,4963916.666666667,0,1,0,0,0,1,2,0,True,False,True,1,9.0,After 7 days,2+ features,0 failed,2024-04
U04286,25-34,Tier 2,Mid,Partnership,Android,2024-01-27,,,0.0,0.0,0.0,0.0,0.0,0,0,0,0,0,0,0,0,False,False,True,0,,No transaction,0 features,0 failed,2024-01
U04287,45-54,Tier 2,Low,Paid Ads,Android,2024-03-07,,,0.0,0.0,0.0,0.0,0.0,0,0,0,0,0,0,0,0,False,False,True,0,,No transaction,0 features,0 failed,2024-03
U04288,25-34,Tier 3,High,Organic,Android,2024-03-02,,,0.0,0.0,0.0,0.0,0.0,0,0,0,0,0,0,0,0,False,False,True,0,,No transaction,0 features,0 failed,2024-03
U04289,25-34,Tier 1,Mid,Partnership,Android,2024-02-14,,,0.0,0.0,0.0,0.0,0.0,0,0,0,0,0,0,0,0,False,False,True,0,,No transaction,0 features,0 failed,2024-02
U04290,35-44,Tier 1,Low,Paid Ads,Android,2024-03-01,,,0.0,0.0,0.0,0.0,0.0,0,0,0,0,0,0,0,0,False,False,True,0,,No transaction,0 features,0 failed,2024-03
U04291,25-34,Tier 2,Mid,Paid Ads,iOS,2024-01-13,,,0.0,0.0,0.0,0.0,0.0,0,0,0,0,0,0,0,0,False,False,True,0,,No transaction,0 features,0 failed,2024-01
U04292,18-24,Tier 2,Low,Branch,Android,2024-02-26,,,0.0,0.0,0.0,0.0,0.0,0,0,0,0,0,0,0,0,False,False,True,0,,No transaction,0 features,0 failed,2024-02
U04293,25-34,Tier 2,Low,Partnership,Android,2024-04-02,,,0.0,0.0,0.0,0.0,0.0,0,0,0,0,0,0,0,0,False,False,True,0,,No transaction,0 features,0 failed,2024-04
U04294,45-54,Tier 2,Low,Partnership,Android,2024-03-30,,,0.0,0.0,0.0,0.0,0.0,0,0,0,0,0,0,0,0,False,False,True,0,,No transaction,0 features,0 failed,2024-03
U04295,25-34,Tier 3,Mid,Branch,Android,2024-02-27,2024-02-28 05:28:00,2024-04-15 08:00:00,4.0,3.0,1.0,14330000.0,3582500.0,1,0,0,0,0,1,2,1,True,True,False,1,47.0,After 7 days,2+ features,1-2 failed,2024-02
U04296,18-24,Tier 3,Mid,Organic,iOS,2024-02-10,,,0.0,0.0,0.0,0.0,0.0,0,0,0,0,0,0,0,0,False,False,True,0,,No transaction,0 features,0 failed,2024-02
U04297,18-24,Tier 3,High,Paid Ads,Android,2024-01-09,,,0.0,0.0,0.0,0.0,0.0,0,0,0,0,0,0,0,0,False,False,True,0,,No transaction,0 features,0 failed,2024-01
U04298,18-24,Tier 3,Low,Paid Ads,Android,2024-02-08,,,0.0,0.0,0.0,0.0,0.0,0,0,0,0,0,0,0,0,False,False,True,0,,No transaction,0 features,0 failed,2024-02
U04299,25-34,Tier 3,Mid,Referral,Android,2024-01-06,,,0.0,0.0,0.0,0.0,0.0,0,0,0,0,0,0,0,0,False,False,True,0,,No transaction,0 features,0 failed,2024-01
U04300,25-34,Tier 1,Mid,Partnership,iOS,2024-04-13,,,0.0,0.0,0.0,0.0,0.0,0,0,0,0,0,0,0,0,False,False,True,0,,No transaction,0 features,0 failed,2024-04
U04301,18-24,Tier 1,Low,Partnership,iOS,2024-03-31,,,0.0,0.0,0.0,0.0,0.0,0,0,0,0,0,0,0,0,False,False,True,0,,No transaction,0 features,0 failed,2024-03
U04302,45-54,Tier 2,Mid,Paid Ads,Android,2024-01-15,,,0.0,0.0,0.0,0.0,0.0,0,0,0,0,0,0,0,0,False,False,True,0,,No transaction,0 features,0 failed,2024-01
U04303,35-44,Tier 3,Low,Branch,iOS,2024-01-03,2024-01-04 16:07:00,2024-01-16 17:00:00,6.0,5.0,1.0,7064000.0,1177333.3333333333,0,0,0,0,0,0,0,0,True,True,False,1,12.0,After 7 days,0 features,1-2 failed,2024-01
U04304,25-34,Tier 2,Low,Referral,Android,2024-04-18,2024-04-19 06:25:00,2024-05-12 01:00:00,4.0,4.0,0.0,4609000.0,1152250.0,0,1,0,0,0,1,2,0,True,False,True,1,22.0,After 7 days,2+ features,0 failed,2024-04
U04305,35-44,Tier 2,Mid,Paid Ads,Android,2024-02-13,,,0.0,0.0,0.0,0.0,0.0,0,0,0,0,0,0,0,0,False,False,True,0,,No transaction,0 features,0 failed,2024-02
U04306,18-24,Tier 1,Mid,Paid Ads,Android,2024-03-23,,,0.0,0.0,0.0,0.0,0.0,0,0,0,0,0,0,0,0,False,False,True,0,,No transaction,0 features,0 failed,2024-03
U04307,25-34,Tier 1,Low,Referral,Android,2024-01-14,2024-01-15 04:24:00,2024-01-16 11:00:00,14.0,14.0,0.0,12683000.0,905928.5714285715,1,1,0,1,0,1,4,1,True,False,True,1,1.0,Within 7 days,2+ features,0 failed,2024-01
U04308,25-34,Tier 2,Low,Organic,Android,2024-03-27,,,0.0,0.0,0.0,0.0,0.0,0,0,0,0,0,0,0,0,False,False,True,0,,No transaction,0 features,0 failed,2024-03
U04309,35-44,Tier 1,Low,Partnership,iOS,2024-04-12,2024-04-13 13:01:00,2024-05-03 08:00:00,7.0,7.0,0.0,3994000.0,570571.4285714285,0,0,1,1,0,1,3,0,True,False,True,1,19.0,After 7 days,2+ features,0 failed,2024-04
U04310,35-44,Tier 1,Low,Paid Ads,Android,2024-01-22,,,0.0,0.0,0.0,0.0,0.0,0,0,0,0,0,0,0,0,False,False,True,0,,No transaction,0 features,0 failed,2024-01
U04311,18-24,Tier 1,Low,Partnership,Android,2024-04-04,,,0.0,0.0,0.0,0.0,0.0,0,0,0,0,0,0,0,0,False,False,True,0,,No transaction,0 features,0 failed,2024-04
U04312,45-54,Tier 1,Mid,Paid Ads,Android,2024-02-01,2024-02-02 05:01:00,2024-02-04 08:00:00,2.0,2.0,0.0,12672000.0,6336000.0,0,0,1,0,1,0,2,1,True,True,False,1,2.0,Within 7 days,2+ features,0 failed,2024-02
U04313,18-24,Tier 2,Mid,Organic,Android,2024-03-07,,,0.0,0.0,0.0,0.0,0.0,0,0,0,0,0,0,0,0,False,False,True,0,,No transaction,0 features,0 failed,2024-03
U04314,45-54,Tier 1,Mid,Referral,Android,2024-01-23,2024-01-24 17:06:00,2024-01-29 20:00:00,6.0,5.0,1.0,19637000.0,3272833.3333333335,0,0,0,1,0,0,1,0,True,False,True,1,5.0,Within 7 days,1 feature,1-2 failed,2024-01
U04315,55+,Tier 2,Mid,Referral,Android,2024-03-11,2024-03-12 09:01:00,2024-03-17 15:00:00,8.0,7.0,1.0,35705000.0,4463125.0,1,0,1,0,1,0,3,1,True,True,False,1,5.0,Within 7 days,2+ features,1-2 failed,2024-03
U04316,18-24,Tier 1,Mid,Branch,Android,2024-01-21,2024-01-22 19:28:00,2024-01-24 12:00:00,15.0,14.0,1.0,79780000.0,5318666.666666667,1,1,0,1,1,0,4,1,True,False,True,1,1.0,Within 7 days,2+ features,1-2 failed,2024-01
U04317,35-44,Tier 3,Low,Organic,Android,2024-02-12,,,0.0,0.0,0.0,0.0,0.0,0,0,0,0,0,0,0,0,False,False,True,0,,No transaction,0 features,0 failed,2024-02
U04318,18-24,Tier 1,Low,Branch,Android,2024-03-12,,,0.0,0.0,0.0,0.0,0.0,0,0,0,0,0,0,0,0,False,False,True,0,,No transaction,0 features,0 failed,2024-03
U04319,25-34,Tier 2,High,Branch,Android,2024-02-24,2024-02-25 07:27:00,2024-03-10 08:00:00,8.0,7.0,1.0,239985000.0,29998125.0,0,0,1,1,0,0,2,0,False,False,True,1,14.0,After 7 days,2+ features,1-2 failed,2024-02
U04320,25-34,Tier 2,Low,Branch,Android,2024-02-29,2024-02-29 22:07:00,2024-03-04 11:00:00,10.0,7.0,3.0,11155000.0,1115500.0,1,0,1,0,1,0,3,1,True,True,False,1,3.0,Within 7 days,2+ features,3+ failed,2024-02
U04321,25-34,Tier 1,Low,Paid Ads,Android,2024-01-30,,,0.0,0.0,0.0,0.0,0.0,0,0,0,0,0,0,0,0,False,False,True,0,,No transaction,0 features,0 failed,2024-01
U04322,45-54,Tier 3,Low,Branch,Android,2024-04-12,2024-04-12 21:04:00,2024-04-14 22:00:00,7.0,7.0,0.0,7259000.0,1037000.0,0,1,0,0,1,0,2,1,True,False,True,1,2.0,Within 7 days,2+ features,0 failed,2024-04
U04323,35-44,Tier 2,Mid,Referral,Android,2024-02-21,,,0.0,0.0,0.0,0.0,0.0,0,0,0,0,0,0,0,0,False,False,True,0,,No transaction,0 features,0 failed,2024-02
U04324,25-34,Tier 1,Mid,Organic,Android,2024-03-21,,,0.0,0.0,0.0,0.0,0.0,0,0,0,0,0,0,0,0,False,False,True,0,,No transaction,0 features,0 failed,2024-03
U04325,35-44,Tier 1,High,Organic,iOS,2024-01-24,,,0.0,0.0,0.0,0.0,0.0,0,0,0,0,0,0,0,0,False,False,True,0,,No transaction,0 features,0 failed,2024-01
U04326,55+,Tier 3,High,Branch,iOS,2024-01-24,,,0.0,0.0,0.0,0.0,0.0,0,0,0,0,0,0,0,0,False,False,True,0,,No transaction,0 features,0 failed,2024-01
U04327,18-24,Tier 2,Mid,Organic,iOS,2024-03-22,2024-03-23 11:04:00,2024-03-28 09:00:00,9.0,9.0,0.0,48991000.0,5443444.444444444,0,1,1,0,0,0,2,0,False,False,True,1,4.0,Within 7 days,2+ features,0 failed,2024-03
U04328,55+,Tier 1,Mid,Paid Ads,Android,2024-03-25,,,0.0,0.0,0.0,0.0,0.0,0,0,0,0,0,0,0,0,False,False,True,0,,No transaction,0 features,0 failed,2024-03
U04329,18-24,Tier 1,Low,Organic,Android,2024-02-25,,,0.0,0.0,0.0,0.0,0.0,0,0,0,0,0,0,0,0,False,False,True,0,,No transaction,0 features,0 failed,2024-02
U04330,35-44,Tier 3,Low,Referral,Android,2024-02-20,,,0.0,0.0,0.0,0.0,0.0,0,0,0,0,0,0,0,0,False,False,True,0,,No transaction,0 features,0 failed,2024-02
U04331,18-24,Tier 2,Low,Organic,Android,2024-01-04,2024-01-05 03:08:00,2024-01-06 00:00:00,14.0,13.0,1.0,17419000.0,1244214.2857142857,1,1,1,1,0,0,4,1,True,True,False,1,0.0,Within 7 days,2+ features,1-2 failed,2024-01
U04332,18-24,Tier 2,Low,Partnership,Android,2024-04-04,,,0.0,0.0,0.0,0.0,0.0,0,0,0,0,0,0,0,0,False,False,True,0,,No transaction,0 features,0 failed,2024-04
U04333,25-34,Tier 1,Low,Paid Ads,iOS,2024-03-19,2024-03-20 12:22:00,,0.0,0.0,0.0,0.0,0.0,0,0,0,0,0,0,0,0,False,False,True,1,,No transaction,0 features,0 failed,2024-03
U04334,25-34,Tier 2,Low,Branch,Android,2024-04-23,,,0.0,0.0,0.0,0.0,0.0,0,0,0,0,0,0,0,0,False,False,True,0,,No transaction,0 features,0 failed,2024-04
U04335,25-34,Tier 1,Mid,Paid Ads,Android,2024-01-26,,,0.0,0.0,0.0,0.0,0.0,0,0,0,0,0,0,0,0,False,False,True,0,,No transaction,0 features,0 failed,2024-01
U04336,18-24,Tier 1,High,Branch,Android,2024-02-27,,,0.0,0.0,0.0,0.0,0.0,0,0,0,0,0,0,0,0,False,False,True,0,,No transaction,0 features,0 failed,2024-02
U04337,25-34,Tier 2,Mid,Paid Ads,Android,2024-03-16,2024-03-16 16:24:00,2024-04-01 18:00:00,7.0,7.0,0.0,37900000.0,5414285.714285715,0,0,1,0,0,1,2,0,True,True,False,1,16.0,After 7 days,2+ features,0 failed,2024-03
U04338,45-54,Tier 3,High,Paid Ads,Android,2024-02-24,2024-02-25 08:10:00,2024-03-08 02:00:00,7.0,6.0,1.0,170775000.0,24396428.57142857,1,0,0,0,0,0,1,1,True,False,True,1,11.0,After 7 days,1 feature,1-2 failed,2024-02
U04339,25-34,Tier 1,Mid,Paid Ads,Android,2024-02-19,,,0.0,0.0,0.0,0.0,0.0,0,0,0,0,0,0,0,0,False,False,True,0,,No transaction,0 features,0 failed,2024-02
U04340,18-24,Tier 2,Mid,Paid Ads,Android,2024-01-01,2024-01-02 12:02:00,2024-01-04 16:00:00,3.0,3.0,0.0,19181000.0,6393666.666666667,0,0,0,0,1,0,1,1,True,True,False,1,2.0,Within 7 days,1 feature,0 failed,2024-01
U04341,25-34,Tier 2,Mid,Partnership,iOS,2024-03-31,2024-04-01 00:30:00,2024-04-16 00:00:00,7.0,5.0,2.0,38059000.0,5437000.0,1,0,1,0,0,1,3,1,True,True,False,1,14.0,After 7 days,2+ features,1-2 failed,2024-03
U04342,18-24,Tier 2,Low,Paid Ads,Android,2024-01-28,,,0.0,0.0,0.0,0.0,0.0,0,0,0,0,0,0,0,0,False,False,True,0,,No transaction,0 features,0 failed,2024-01
U04343,35-44,Tier 3,Low,Partnership,iOS,2024-01-27,2024-01-28 08:06:00,,0.0,0.0,0.0,0.0,0.0,0,0,0,0,0,0,0,0,False,False,True,1,,No transaction,0 features,0 failed,2024-01
U04344,35-44,Tier 2,High,Partnership,Android,2024-02-05,2024-02-06 10:25:00,2024-02-26 00:00:00,8.0,7.0,1.0,142013000.0,17751625.0,0,1,0,0,0,1,2,0,True,True,False,1,19.0,After 7 days,2+ features,1-2 failed,2024-02
U04345,25-34,Tier 1,High,Organic,Android,2024-04-06,2024-04-07 09:23:00,2024-05-17 09:00:00,2.0,2.0,0.0,47892000.0,23946000.0,0,0,0,0,1,0,1,1,True,False,True,1,39.0,After 7 days,1 feature,0 failed,2024-04
U04346,25-34,Tier 3,Low,Paid Ads,Android,2024-03-31,,,0.0,0.0,0.0,0.0,0.0,0,0,0,0,0,0,0,0,False,False,True,0,,No transaction,0 features,0 failed,2024-03
U04347,35-44,Tier 2,Low,Organic,iOS,2024-04-13,,,0.0,0.0,0.0,0.0,0.0,0,0,0,0,0,0,0,0,False,False,True,0,,No transaction,0 features,0 failed,2024-04
U04348,25-34,Tier 3,Mid,Paid Ads,Android,2024-04-11,,,0.0,0.0,0.0,0.0,0.0,0,0,0,0,0,0,0,0,False,False,True,0,,No transaction,0 features,0 failed,2024-04
U04349,35-44,Tier 2,Low,Paid Ads,Android,2024-01-09,,,0.0,0.0,0.0,0.0,0.0,0,0,0,0,0,0,0,0,False,False,True,0,,No transaction,0 features,0 failed,2024-01
U04350,25-34,Tier 3,Mid,Branch,Android,2024-03-14,,,0.0,0.0,0.0,0.0,0.0,0,0,0,0,0,0,0,0,False,False,True,0,,No transaction,0 features,0 failed,2024-03
U04351,35-44,Tier 1,Low,Organic,Android,2024-01-14,2024-01-15 02:11:00,2024-01-17 12:00:00,10.0,9.0,1.0,12261000.0,1226100.0,0,0,1,1,1,0,3,1,True,False,True,1,2.0,Within 7 days,2+ features,1-2 failed,2024-01
U04352,25-34,Tier 1,Mid,Organic,Android,2024-04-12,2024-04-13 01:12:00,2024-05-13 17:00:00,2.0,2.0,0.0,10556000.0,5278000.0,1,0,0,0,0,0,1,1,True,True,False,1,30.0,After 7 days,1 feature,0 failed,2024-04
U04353,25-34,Tier 3,Low,Organic,iOS,2024-04-21,2024-04-22 13:29:00,2024-04-24 10:00:00,12.0,11.0,1.0,9584000.0,798666.6666666666,1,0,1,0,0,1,3,1,True,True,False,1,1.0,Within 7 days,2+ features,1-2 failed,2024-04
U04354,55+,Tier 1,Mid,Referral,Android,2024-03-09,,,0.0,0.0,0.0,0.0,0.0,0,0,0,0,0,0,0,0,False,False,True,0,,No transaction,0 features,0 failed,2024-03
U04355,25-34,Tier 1,Low,Partnership,Android,2024-01-24,2024-01-25 12:14:00,2024-01-30 09:00:00,9.0,9.0,0.0,10519000.0,1168777.7777777778,0,0,1,1,0,1,3,0,True,True,False,1,4.0,Within 7 days,2+ features,0 failed,2024-01
U04356,25-34,Tier 2,Mid,Partnership,iOS,2024-02-16,2024-02-17 13:26:00,2024-02-18 12:00:00,19.0,16.0,3.0,91396000.0,4810315.7894736845,1,1,1,1,0,1,5,1,False,False,True,1,0.0,Within 7 days,2+ features,3+ failed,2024-02
U04357,18-24,Tier 3,High,Paid Ads,iOS,2024-02-11,,,0.0,0.0,0.0,0.0,0.0,0,0,0,0,0,0,0,0,False,False,True,0,,No transaction,0 features,0 failed,2024-02
U04358,25-34,Tier 1,Mid,Partnership,Android,2024-01-26,2024-01-27 03:10:00,2024-02-12 00:00:00,16.0,15.0,1.0,86919000.0,5432437.5,1,1,1,1,0,0,4,1,True,True,False,1,15.0,After 7 days,2+ features,1-2 failed,2024-01
U04359,25-34,Tier 3,High,Referral,Android,2024-02-28,2024-02-29 20:19:00,2024-04-03 00:00:00,2.0,2.0,0.0,45370000.0,22685000.0,0,0,0,1,0,0,1,0,True,True,False,1,33.0,After 7 days,1 feature,0 failed,2024-02
U04360,18-24,Tier 2,High,Organic,Android,2024-01-15,2024-01-16 15:12:00,2024-01-20 09:00:00,4.0,4.0,0.0,58462000.0,14615500.0,0,0,0,0,0,0,0,0,True,True,False,1,3.0,Within 7 days,0 features,0 failed,2024-01
U04361,18-24,Tier 2,High,Organic,iOS,2024-02-03,,,0.0,0.0,0.0,0.0,0.0,0,0,0,0,0,0,0,0,False,False,True,0,,No transaction,0 features,0 failed,2024-02
U04362,25-34,Tier 3,Mid,Partnership,iOS,2024-03-26,,,0.0,0.0,0.0,0.0,0.0,0,0,0,0,0,0,0,0,False,False,True,0,,No transaction,0 features,0 failed,2024-03
U04363,35-44,Tier 1,Mid,Paid Ads,iOS,2024-04-20,,,0.0,0.0,0.0,0.0,0.0,0,0,0,0,0,0,0,0,False,False,True,0,,No transaction,0 features,0 failed,2024-04
U04364,25-34,Tier 1,High,Paid Ads,Android,2024-03-03,2024-03-04 11:07:00,2024-03-07 00:00:00,7.0,7.0,0.0,194423000.0,27774714.285714287,0,0,1,0,1,1,3,1,True,True,False,1,2.0,Within 7 days,2+ features,0 failed,2024-03
U04365,18-24,Tier 1,Low,Referral,Android,2024-03-08,,,0.0,0.0,0.0,0.0,0.0,0,0,0,0,0,0,0,0,False,False,True,0,,No transaction,0 features,0 failed,2024-03
U04366,35-44,Tier 2,Mid,Referral,Android,2024-03-22,,,0.0,0.0,0.0,0.0,0.0,0,0,0,0,0,0,0,0,False,False,True,0,,No transaction,0 features,0 failed,2024-03
U04367,18-24,Tier 2,High,Branch,Android,2024-02-10,,,0.0,0.0,0.0,0.0,0.0,0,0,0,0,0,0,0,0,False,False,True,0,,No transaction,0 features,0 failed,2024-02
U04368,25-34,Tier 3,Mid,Organic,iOS,2024-03-17,,,0.0,0.0,0.0,0.0,0.0,0,0,0,0,0,0,0,0,False,False,True,0,,No transaction,0 features,0 failed,2024-03
U04369,18-24,Tier 2,High,Partnership,Android,2024-02-19,2024-02-20 21:14:00,2024-02-28 17:00:00,6.0,6.0,0.0,210393000.0,35065500.0,0,0,0,0,1,1,2,1,False,False,True,1,7.0,Within 7 days,2+ features,0 failed,2024-02
U04370,18-24,Tier 2,Mid,Referral,Android,2024-03-19,2024-03-20 14:20:00,,0.0,0.0,0.0,0.0,0.0,0,0,0,0,0,0,0,0,True,False,True,1,,No transaction,0 features,0 failed,2024-03
U04371,18-24,Tier 2,High,Organic,iOS,2024-02-20,,,0.0,0.0,0.0,0.0,0.0,0,0,0,0,0,0,0,0,False,False,True,0,,No transaction,0 features,0 failed,2024-02
U04372,25-34,Tier 1,Mid,Paid Ads,Android,2024-03-16,,,0.0,0.0,0.0,0.0,0.0,0,0,0,0,0,0,0,0,False,False,True,0,,No transaction,0 features,0 failed,2024-03
U04373,18-24,Tier 1,Mid,Referral,Android,2024-01-15,,,0.0,0.0,0.0,0.0,0.0,0,0,0,0,0,0,0,0,False,False,True,0,,No transaction,0 features,0 failed,2024-01
U04374,25-34,Tier 3,Mid,Paid Ads,iOS,2024-02-14,2024-02-15 10:06:00,2024-03-08 14:00:00,4.0,4.0,0.0,22292000.0,5573000.0,0,0,0,0,0,1,1,0,False,False,True,1,22.0,After 7 days,1 feature,0 failed,2024-02
U04375,25-34,Tier 1,High,Paid Ads,iOS,2024-02-15,2024-02-16 12:18:00,2024-03-10 09:00:00,6.0,5.0,1.0,95258000.0,15876333.333333334,0,0,1,1,0,0,2,0,True,True,False,1,22.0,After 7 days,2+ features,1-2 failed,2024-02
U04376,25-34,Tier 1,High,Paid Ads,iOS,2024-04-18,,,0.0,0.0,0.0,0.0,0.0,0,0,0,0,0,0,0,0,False,False,True,0,,No transaction,0 features,0 failed,2024-04
U04377,25-34,Tier 2,High,Partnership,Android,2024-02-28,2024-02-29 01:15:00,2024-03-04 15:00:00,13.0,13.0,0.0,346761000.0,26673923.076923076,1,1,1,1,0,0,4,1,True,False,True,1,4.0,Within 7 days,2+ features,0 failed,2024-02
U04378,35-44,Tier 1,Mid,Paid Ads,Android,2024-03-20,2024-03-21 13:22:00,2024-03-22 03:00:00,7.0,7.0,0.0,39063000.0,5580428.571428572,0,1,1,1,1,0,4,1,True,True,False,1,0.0,Within 7 days,2+ features,0 failed,2024-03
U04379,18-24,Tier 3,Mid,Referral,Android,2024-01-23,,,0.0,0.0,0.0,0.0,0.0,0,0,0,0,0,0,0,0,False,False,True,0,,No transaction,0 features,0 failed,2024-01
U04380,25-34,Tier 1,Low,Paid Ads,iOS,2024-04-14,,,0.0,0.0,0.0,0.0,0.0,0,0,0,0,0,0,0,0,False,False,True,0,,No transaction,0 features,0 failed,2024-04
U04381,18-24,Tier 1,High,Paid Ads,Android,2024-03-27,,,0.0,0.0,0.0,0.0,0.0,0,0,0,0,0,0,0,0,False,False,True,0,,No transaction,0 features,0 failed,2024-03
U04382,18-24,Tier 1,Mid,Organic,iOS,2024-03-31,2024-04-02 03:24:00,,0.0,0.0,0.0,0.0,0.0,0,0,1,0,0,0,1,0,True,True,False,1,,No transaction,1 feature,0 failed,2024-03
U04383,25-34,Tier 2,Low,Branch,Android,2024-04-12,,,0.0,0.0,0.0,0.0,0.0,0,0,0,0,0,0,0,0,False,False,True,0,,No transaction,0 features,0 failed,2024-04
U04384,25-34,Tier 1,Low,Paid Ads,Android,2024-02-08,,,0.0,0.0,0.0,0.0,0.0,0,0,0,0,0,0,0,0,False,False,True,0,,No transaction,0 features,0 failed,2024-02
U04385,45-54,Tier 2,High,Partnership,iOS,2024-03-19,,,0.0,0.0,0.0,0.0,0.0,0,0,0,0,0,0,0,0,False,False,True,0,,No transaction,0 features,0 failed,2024-03
U04386,25-34,Tier 3,High,Partnership,iOS,2024-03-16,,,0.0,0.0,0.0,0.0,0.0,0,0,0,0,0,0,0,0,False,False,True,0,,No transaction,0 features,0 failed,2024-03
U04387,55+,Tier 3,High,Referral,Android,2024-01-11,,,0.0,0.0,0.0,0.0,0.0,0,0,0,0,0,0,0,0,False,False,True,0,,No transaction,0 features,0 failed,2024-01
U04388,18-24,Tier 1,Mid,Paid Ads,iOS,2024-03-27,,,0.0,0.0,0.0,0.0,0.0,0,0,0,0,0,0,0,0,False,False,True,0,,No transaction,0 features,0 failed,2024-03
U04389,18-24,Tier 2,Mid,Referral,iOS,2024-01-18,,,0.0,0.0,0.0,0.0,0.0,0,0,0,0,0,0,0,0,False,False,True,0,,No transaction,0 features,0 failed,2024-01
U04390,18-24,Tier 2,Mid,Referral,iOS,2024-02-10,2024-02-11 03:20:00,2024-02-29 20:00:00,2.0,2.0,0.0,12713000.0,6356500.0,0,0,0,0,1,1,2,1,True,False,True,1,18.0,After 7 days,2+ features,0 failed,2024-02
U04391,18-24,Tier 3,Low,Partnership,iOS,2024-01-16,,,0.0,0.0,0.0,0.0,0.0,0,0,0,0,0,0,0,0,False,False,True,0,,No transaction,0 features,0 failed,2024-01
U04392,25-34,Tier 3,High,Partnership,iOS,2024-01-31,,,0.0,0.0,0.0,0.0,0.0,0,0,0,0,0,0,0,0,False,False,True,0,,No transaction,0 features,0 failed,2024-01
U04393,25-34,Tier 1,Low,Organic,Android,2024-02-09,2024-02-10 02:18:00,,1.0,0.0,1.0,681000.0,681000.0,0,0,0,0,0,0,0,0,False,False,True,1,,No transaction,0 features,1-2 failed,2024-02
U04394,18-24,Tier 2,Mid,Paid Ads,Android,2024-01-15,,,0.0,0.0,0.0,0.0,0.0,0,0,0,0,0,0,0,0,False,False,True,0,,No transaction,0 features,0 failed,2024-01
U04395,45-54,Tier 1,Mid,Branch,Android,2024-01-24,,,0.0,0.0,0.0,0.0,0.0,0,0,0,0,0,0,0,0,False,False,True,0,,No transaction,0 features,0 failed,2024-01
U04396,35-44,Tier 1,Mid,Paid Ads,Android,2024-02-17,,,0.0,0.0,0.0,0.0,0.0,0,0,0,0,0,0,0,0,False,False,True,0,,No transaction,0 features,0 failed,2024-02
U04397,18-24,Tier 1,High,Partnership,Android,2024-03-29,,,0.0,0.0,0.0,0.0,0.0,0,0,0,0,0,0,0,0,False,False,True,0,,No transaction,0 features,0 failed,2024-03
U04398,18-24,Tier 2,Low,Partnership,Android,2024-01-19,,,0.0,0.0,0.0,0.0,0.0,0,0,0,0,0,0,0,0,False,False,True,0,,No transaction,0 features,0 failed,2024-01
U04399,18-24,Tier 2,Mid,Referral,Android,2024-03-06,2024-03-07 12:06:00,2024-03-17 04:00:00,8.0,8.0,0.0,49252000.0,6156500.0,1,0,0,1,0,0,2,1,True,True,False,1,9.0,After 7 days,2+ features,0 failed,2024-03
U04400,18-24,Tier 1,Low,Referral,iOS,2024-02-19,2024-02-20 08:22:00,2024-02-22 04:00:00,12.0,10.0,2.0,12235000.0,1019583.3333333334,1,0,0,1,1,0,3,1,True,False,True,1,1.0,Within 7 days,2+ features,1-2 failed,2024-02
U04401,18-24,Tier 2,Low,Paid Ads,iOS,2024-02-23,,,0.0,0.0,0.0,0.0,0.0,0,0,0,0,0,0,0,0,False,False,True,0,,No transaction,0 features,0 failed,2024-02
U04402,25-34,Tier 1,Mid,Paid Ads,Android,2024-03-17,2024-03-18 18:18:00,2024-04-01 08:00:00,7.0,7.0,0.0,31265000.0,4466428.571428572,1,1,0,0,1,0,3,1,True,True,False,1,13.0,After 7 days,2+ features,0 failed,2024-03
U04403,18-24,Tier 2,Low,Paid Ads,Android,2024-01-18,,,0.0,0.0,0.0,0.0,0.0,0,0,0,0,0,0,0,0,False,False,True,0,,No transaction,0 features,0 failed,2024-01
U04404,25-34,Tier 1,Mid,Paid Ads,iOS,2024-03-14,,,0.0,0.0,0.0,0.0,0.0,0,0,0,0,0,0,0,0,False,False,True,0,,No transaction,0 features,0 failed,2024-03
U04405,55+,Tier 1,Mid,Partnership,iOS,2024-02-19,,,0.0,0.0,0.0,0.0,0.0,0,0,0,0,0,0,0,0,False,False,True,0,,No transaction,0 features,0 failed,2024-02
U04406,35-44,Tier 1,Low,Referral,iOS,2024-02-24,2024-02-25 08:18:00,2024-03-13 21:00:00,6.0,6.0,0.0,6207000.0,1034500.0,0,0,0,1,1,0,2,1,True,False,True,1,17.0,After 7 days,2+ features,0 failed,2024-02
U04407,45-54,Tier 1,Low,Organic,iOS,2024-01-24,,,0.0,0.0,0.0,0.0,0.0,0,0,0,0,0,0,0,0,False,False,True,0,,No transaction,0 features,0 failed,2024-01
U04408,18-24,Tier 2,Mid,Referral,iOS,2024-03-03,,,0.0,0.0,0.0,0.0,0.0,0,0,0,0,0,0,0,0,False,False,True,0,,No transaction,0 features,0 failed,2024-03
U04409,25-34,Tier 1,High,Paid Ads,Android,2024-03-22,,,0.0,0.0,0.0,0.0,0.0,0,0,0,0,0,0,0,0,False,False,True,0,,No transaction,0 features,0 failed,2024-03
U04410,25-34,Tier 2,Mid,Referral,Android,2024-03-09,2024-03-10 14:15:00,,0.0,0.0,0.0,0.0,0.0,0,0,0,0,0,0,0,0,False,False,True,1,,No transaction,0 features,0 failed,2024-03
U04411,18-24,Tier 1,Mid,Paid Ads,iOS,2024-03-29,,,0.0,0.0,0.0,0.0,0.0,0,0,0,0,0,0,0,0,False,False,True,0,,No transaction,0 features,0 failed,2024-03
U04412,18-24,Tier 2,Mid,Organic,Android,2024-03-23,2024-03-24 07:09:00,2024-04-08 21:00:00,10.0,8.0,2.0,51872000.0,5187200.0,1,0,0,0,1,0,2,1,True,False,True,1,15.0,After 7 days,2+ features,1-2 failed,2024-03
U04413,35-44,Tier 2,Mid,Paid Ads,iOS,2024-01-23,,,0.0,0.0,0.0,0.0,0.0,0,0,0,0,0,0,0,0,False,False,True,0,,No transaction,0 features,0 failed,2024-01
U04414,25-34,Tier 1,Low,Referral,Android,2024-03-12,2024-03-13 11:16:00,2024-03-23 20:00:00,9.0,7.0,2.0,7841000.0,871222.2222222222,0,1,1,0,1,1,4,1,False,False,True,1,10.0,After 7 days,2+ features,1-2 failed,2024-03
U04415,25-34,Tier 2,Mid,Paid Ads,iOS,2024-01-22,,,0.0,0.0,0.0,0.0,0.0,0,0,0,0,0,0,0,0,False,False,True,0,,No transaction,0 features,0 failed,2024-01
U04416,25-34,Tier 1,Mid,Referral,Android,2024-03-03,,,0.0,0.0,0.0,0.0,0.0,0,0,0,0,0,0,0,0,False,False,True,0,,No transaction,0 features,0 failed,2024-03
U04417,25-34,Tier 2,Mid,Referral,Android,2024-02-06,,,0.0,0.0,0.0,0.0,0.0,0,0,0,0,0,0,0,0,False,False,True,0,,No transaction,0 features,0 failed,2024-02
U04418,18-24,Tier 1,Mid,Branch,Android,2024-01-18,2024-01-19 18:04:00,2024-01-24 14:00:00,6.0,6.0,0.0,29278000.0,4879666.666666667,0,0,0,0,1,0,1,1,True,True,False,1,4.0,Within 7 days,1 feature,0 failed,2024-01
U04419,25-34,Tier 2,High,Organic,iOS,2024-01-24,2024-01-25 01:13:00,2024-02-25 18:00:00,2.0,2.0,0.0,67615000.0,33807500.0,0,0,0,0,0,1,1,0,True,True,False,1,31.0,After 7 days,1 feature,0 failed,2024-01
U04420,18-24,Tier 2,Low,Paid Ads,Android,2024-02-10,2024-02-10 22:02:00,2024-02-11 19:00:00,13.0,11.0,2.0,13787000.0,1060538.4615384615,1,0,1,0,0,1,3,1,False,False,True,1,0.0,Within 7 days,2+ features,1-2 failed,2024-02
U04421,18-24,Tier 3,High,Branch,iOS,2024-04-17,,,0.0,0.0,0.0,0.0,0.0,0,0,0,0,0,0,0,0,False,False,True,0,,No transaction,0 features,0 failed,2024-04
U04422,55+,Tier 2,Mid,Paid Ads,iOS,2024-02-27,,,0.0,0.0,0.0,0.0,0.0,0,0,0,0,0,0,0,0,False,False,True,0,,No transaction,0 features,0 failed,2024-02
U04423,25-34,Tier 2,Mid,Partnership,iOS,2024-03-20,,,0.0,0.0,0.0,0.0,0.0,0,0,0,0,0,0,0,0,False,False,True,0,,No transaction,0 features,0 failed,2024-03
U04424,35-44,Tier 1,Low,Organic,iOS,2024-01-07,2024-01-08 06:02:00,2024-01-26 04:00:00,9.0,9.0,0.0,8491000.0,943444.4444444445,1,0,1,1,0,0,3,1,False,False,True,1,17.0,After 7 days,2+ features,0 failed,2024-01
U04425,25-34,Tier 3,Mid,Paid Ads,Android,2024-04-20,,,0.0,0.0,0.0,0.0,0.0,0,0,0,0,0,0,0,0,False,False,True,0,,No transaction,0 features,0 failed,2024-04
U04426,25-34,Tier 2,Mid,Paid Ads,Android,2024-02-15,2024-02-16 03:18:00,2024-02-27 19:00:00,12.0,11.0,1.0,71302000.0,5941833.333333333,1,0,0,1,1,1,4,1,False,False,True,1,11.0,After 7 days,2+ features,1-2 failed,2024-02
U04427,18-24,Tier 1,Mid,Organic,Android,2024-01-02,,,0.0,0.0,0.0,0.0,0.0,0,0,0,0,0,0,0,0,False,False,True,0,,No transaction,0 features,0 failed,2024-01
U04428,18-24,Tier 3,Low,Referral,iOS,2024-03-03,,,0.0,0.0,0.0,0.0,0.0,0,0,0,0,0,0,0,0,False,False,True,0,,No transaction,0 features,0 failed,2024-03
U04429,18-24,Tier 1,Mid,Referral,iOS,2024-01-18,,,0.0,0.0,0.0,0.0,0.0,0,0,0,0,0,0,0,0,False,False,True,0,,No transaction,0 features,0 failed,2024-01
U04430,35-44,Tier 3,Low,Paid Ads,Android,2024-01-25,2024-01-26 02:15:00,2024-03-13 18:00:00,3.0,3.0,0.0,1887000.0,629000.0,0,1,0,1,0,0,2,0,True,False,True,1,47.0,After 7 days,2+ features,0 failed,2024-01
U04431,35-44,Tier 3,High,Branch,Android,2024-04-14,,,0.0,0.0,0.0,0.0,0.0,0,0,0,0,0,0,0,0,False,False,True,0,,No transaction,0 features,0 failed,2024-04
U04432,25-34,Tier 1,High,Organic,Android,2024-02-19,2024-02-20 12:08:00,2024-02-23 15:00:00,12.0,11.0,1.0,316686000.0,26390500.0,0,1,0,0,1,0,2,1,True,True,False,1,3.0,Within 7 days,2+ features,1-2 failed,2024-02
U04433,25-34,Tier 2,Low,Referral,Android,2024-03-12,2024-03-13 09:22:00,2024-03-29 02:00:00,8.0,7.0,1.0,7704000.0,963000.0,1,1,0,0,0,0,2,1,True,False,True,1,15.0,After 7 days,2+ features,1-2 failed,2024-03
U04434,45-54,Tier 1,High,Referral,Android,2024-03-05,2024-03-06 11:04:00,2024-03-10 07:00:00,13.0,11.0,2.0,304202000.0,23400153.846153848,0,1,1,1,0,1,4,0,True,True,False,1,3.0,Within 7 days,2+ features,1-2 failed,2024-03
U04435,18-24,Tier 1,High,Paid Ads,Android,2024-03-24,,,0.0,0.0,0.0,0.0,0.0,0,0,0,0,0,0,0,0,False,False,True,0,,No transaction,0 features,0 failed,2024-03
U04436,18-24,Tier 1,Mid,Partnership,Android,2024-03-04,2024-03-05 01:18:00,2024-03-08 19:00:00,9.0,7.0,2.0,32573000.0,3619222.222222222,1,0,1,1,0,0,3,1,True,True,False,1,3.0,Within 7 days,2+ features,1-2 failed,2024-03
U04437,25-34,Tier 2,Mid,Referral,Android,2024-02-22,2024-02-23 01:30:00,2024-02-28 01:00:00,10.0,8.0,2.0,48865000.0,4886500.0,1,0,1,0,1,1,4,1,False,False,True,1,4.0,Within 7 days,2+ features,1-2 failed,2024-02
U04438,35-44,Tier 1,Mid,Organic,Android,2024-03-28,,,0.0,0.0,0.0,0.0,0.0,0,0,0,0,0,0,0,0,False,False,True,0,,No transaction,0 features,0 failed,2024-03
U04439,55+,Tier 1,Mid,Paid Ads,Android,2024-03-03,,,0.0,0.0,0.0,0.0,0.0,0,0,0,0,0,0,0,0,False,False,True,0,,No transaction,0 features,0 failed,2024-03
U04440,18-24,Tier 2,Mid,Partnership,Android,2024-02-23,,,0.0,0.0,0.0,0.0,0.0,0,0,0,0,0,0,0,0,False,False,True,0,,No transaction,0 features,0 failed,2024-02
U04441,45-54,Tier 1,Mid,Paid Ads,Android,2024-03-31,,,0.0,0.0,0.0,0.0,0.0,0,0,0,0,0,0,0,0,False,False,True,0,,No transaction,0 features,0 failed,2024-03
U04442,35-44,Tier 1,Mid,Paid Ads,Android,2024-04-17,2024-04-18 10:18:00,2024-04-22 02:00:00,5.0,5.0,0.0,25525000.0,5105000.0,1,0,0,0,0,0,1,1,True,True,False,1,3.0,Within 7 days,1 feature,0 failed,2024-04
U04443,18-24,Tier 1,Low,Organic,Android,2024-02-26,2024-02-26 20:28:00,2024-03-10 22:00:00,8.0,7.0,1.0,9594000.0,1199250.0,1,1,0,1,0,0,3,1,True,False,True,1,13.0,After 7 days,2+ features,1-2 failed,2024-02
U04444,25-34,Tier 1,High,Organic,Android,2024-03-03,,,0.0,0.0,0.0,0.0,0.0,0,0,0,0,0,0,0,0,False,False,True,0,,No transaction,0 features,0 failed,2024-03
U04445,25-34,Tier 2,Mid,Organic,Android,2024-01-22,,,0.0,0.0,0.0,0.0,0.0,0,0,0,0,0,0,0,0,False,False,True,0,,No transaction,0 features,0 failed,2024-01
U04446,55+,Tier 1,Mid,Referral,iOS,2024-01-11,,,0.0,0.0,0.0,0.0,0.0,0,0,0,0,0,0,0,0,False,False,True,0,,No transaction,0 features,0 failed,2024-01
U04447,18-24,Tier 3,High,Branch,Android,2024-03-13,2024-03-14 09:21:00,2024-03-23 05:00:00,6.0,6.0,0.0,192905000.0,32150833.333333332,1,0,0,1,0,0,2,1,True,True,False,1,8.0,After 7 days,2+ features,0 failed,2024-03
U04448,35-44,Tier 2,Mid,Paid Ads,Android,2024-01-04,,,0.0,0.0,0.0,0.0,0.0,0,0,0,0,0,0,0,0,False,False,True,0,,No transaction,0 features,0 failed,2024-01
U04449,25-34,Tier 1,Mid,Organic,Android,2024-04-11,,,0.0,0.0,0.0,0.0,0.0,0,0,0,0,0,0,0,0,False,False,True,0,,No transaction,0 features,0 failed,2024-04
U04450,35-44,Tier 1,High,Referral,Android,2024-04-07,,,0.0,0.0,0.0,0.0,0.0,0,0,0,0,0,0,0,0,False,False,True,0,,No transaction,0 features,0 failed,2024-04
U04451,25-34,Tier 1,High,Referral,iOS,2024-01-29,,,0.0,0.0,0.0,0.0,0.0,0,0,0,0,0,0,0,0,False,False,True,0,,No transaction,0 features,0 failed,2024-01
U04452,25-34,Tier 2,Low,Paid Ads,Android,2024-02-07,,,0.0,0.0,0.0,0.0,0.0,0,0,0,0,0,0,0,0,False,False,True,0,,No transaction,0 features,0 failed,2024-02
U04453,35-44,Tier 1,Mid,Referral,Android,2024-01-05,2024-01-06 02:28:00,2024-01-28 01:00:00,2.0,1.0,1.0,15765000.0,7882500.0,0,0,0,0,0,0,0,0,True,True,False,1,21.0,After 7 days,0 features,1-2 failed,2024-01
U04454,35-44,Tier 1,High,Referral,Android,2024-02-05,2024-02-06 23:07:00,,0.0,0.0,0.0,0.0,0.0,0,0,0,0,0,0,0,0,False,False,True,1,,No transaction,0 features,0 failed,2024-02
U04455,45-54,Tier 3,Mid,Paid Ads,Android,2024-01-29,,,0.0,0.0,0.0,0.0,0.0,0,0,0,0,0,0,0,0,False,False,True,0,,No transaction,0 features,0 failed,2024-01
U04456,18-24,Tier 1,Mid,Organic,Android,2024-03-09,,,0.0,0.0,0.0,0.0,0.0,0,0,0,0,0,0,0,0,False,False,True,0,,No transaction,0 features,0 failed,2024-03
U04457,35-44,Tier 1,Low,Organic,Android,2024-02-06,2024-02-07 13:30:00,2024-02-08 11:00:00,9.0,9.0,0.0,9147000.0,1016333.3333333334,1,0,1,0,0,1,3,1,True,True,False,1,0.0,Within 7 days,2+ features,0 failed,2024-02
U04458,18-24,Tier 3,Low,Organic,Android,2024-01-22,2024-01-23 08:25:00,2024-02-12 03:00:00,10.0,8.0,2.0,11854000.0,1185400.0,0,1,1,0,0,0,2,0,False,False,True,1,19.0,After 7 days,2+ features,1-2 failed,2024-01
U04459,25-34,Tier 2,Mid,Referral,Android,2024-04-09,2024-04-10 05:22:00,2024-04-26 19:00:00,9.0,9.0,0.0,47759000.0,5306555.555555556,1,0,1,0,1,1,4,1,True,True,False,1,16.0,After 7 days,2+ features,0 failed,2024-04
U04460,25-34,Tier 1,Mid,Organic,Android,2024-02-28,,,0.0,0.0,0.0,0.0,0.0,0,0,0,0,0,0,0,0,False,False,True,0,,No transaction,0 features,0 failed,2024-02
U04461,25-34,Tier 2,High,Referral,iOS,2024-03-13,,,0.0,0.0,0.0,0.0,0.0,0,0,0,0,0,0,0,0,False,False,True,0,,No transaction,0 features,0 failed,2024-03
U04462,25-34,Tier 1,Mid,Partnership,Android,2024-04-05,,,0.0,0.0,0.0,0.0,0.0,0,0,0,0,0,0,0,0,False,False,True,0,,No transaction,0 features,0 failed,2024-04
U04463,55+,Tier 2,Low,Paid Ads,Android,2024-04-08,,,0.0,0.0,0.0,0.0,0.0,0,0,0,0,0,0,0,0,False,False,True,0,,No transaction,0 features,0 failed,2024-04
U04464,18-24,Tier 2,Low,Paid Ads,Android,2024-04-08,,,0.0,0.0,0.0,0.0,0.0,0,0,0,0,0,0,0,0,False,False,True,0,,No transaction,0 features,0 failed,2024-04
U04465,35-44,Tier 3,High,Partnership,Android,2024-03-04,,,0.0,0.0,0.0,0.0,0.0,0,0,0,0,0,0,0,0,False,False,True,0,,No transaction,0 features,0 failed,2024-03
U04466,25-34,Tier 3,Mid,Referral,iOS,2024-03-11,,,0.0,0.0,0.0,0.0,0.0,0,0,0,0,0,0,0,0,False,False,True,0,,No transaction,0 features,0 failed,2024-03
U04467,18-24,Tier 3,Mid,Partnership,Android,2024-03-06,,,0.0,0.0,0.0,0.0,0.0,0,0,0,0,0,0,0,0,False,False,True,0,,No transaction,0 features,0 failed,2024-03
U04468,18-24,Tier 3,High,Referral,Android,2024-01-15,2024-01-16 00:21:00,2024-01-17 13:00:00,4.0,3.0,1.0,79795000.0,19948750.0,0,1,0,1,1,0,3,1,True,False,True,1,1.0,Within 7 days,2+ features,1-2 failed,2024-01
U04469,45-54,Tier 2,Mid,Referral,Android,2024-03-14,,,0.0,0.0,0.0,0.0,0.0,0,0,0,0,0,0,0,0,False,False,True,0,,No transaction,0 features,0 failed,2024-03
U04470,45-54,Tier 1,Low,Referral,iOS,2024-01-15,2024-01-16 14:19:00,,0.0,0.0,0.0,0.0,0.0,0,0,0,0,0,0,0,0,False,False,True,1,,No transaction,0 features,0 failed,2024-01
U04471,45-54,Tier 2,High,Organic,Android,2024-02-04,2024-02-05 11:15:00,2024-02-13 08:00:00,9.0,9.0,0.0,197575000.0,21952777.777777776,1,0,1,0,0,1,3,1,False,False,True,1,7.0,Within 7 days,2+ features,0 failed,2024-02
U04472,55+,Tier 2,High,Branch,iOS,2024-04-09,,,0.0,0.0,0.0,0.0,0.0,0,0,0,0,0,0,0,0,False,False,True,0,,No transaction,0 features,0 failed,2024-04
U04473,18-24,Tier 3,Low,Organic,iOS,2024-03-10,,,0.0,0.0,0.0,0.0,0.0,0,0,0,0,0,0,0,0,False,False,True,0,,No transaction,0 features,0 failed,2024-03
U04474,25-34,Tier 1,High,Referral,Android,2024-04-15,,,0.0,0.0,0.0,0.0,0.0,0,0,0,0,0,0,0,0,False,False,True,0,,No transaction,0 features,0 failed,2024-04
U04475,35-44,Tier 3,Mid,Referral,iOS,2024-02-16,2024-02-17 03:21:00,2024-02-20 02:00:00,5.0,5.0,0.0,27413000.0,5482600.0,1,0,0,0,0,0,1,1,True,True,False,1,2.0,Within 7 days,1 feature,0 failed,2024-02
U04476,25-34,Tier 3,Mid,Organic,Android,2024-03-10,2024-03-11 18:29:00,2024-03-29 15:00:00,3.0,2.0,1.0,15318000.0,5106000.0,0,1,0,0,0,1,2,0,True,True,False,1,17.0,After 7 days,2+ features,1-2 failed,2024-03
U04477,25-34,Tier 3,High,Organic,iOS,2024-04-15,,,0.0,0.0,0.0,0.0,0.0,0,0,0,0,0,0,0,0,False,False,True,0,,No transaction,0 features,0 failed,2024-04
U04478,25-34,Tier 3,High,Organic,iOS,2024-04-06,2024-04-07 17:17:00,2024-04-11 19:00:00,17.0,15.0,2.0,469522000.0,27618941.17647059,1,0,0,0,1,0,2,1,True,False,True,1,4.0,Within 7 days,2+ features,1-2 failed,2024-04
U04479,25-34,Tier 1,Low,Referral,Android,2024-01-06,,,0.0,0.0,0.0,0.0,0.0,0,0,0,0,0,0,0,0,False,False,True,0,,No transaction,0 features,0 failed,2024-01
U04480,25-34,Tier 1,Low,Partnership,Android,2024-04-07,,,0.0,0.0,0.0,0.0,0.0,0,0,0,0,0,0,0,0,False,False,True,0,,No transaction,0 features,0 failed,2024-04
U04481,18-24,Tier 1,Low,Referral,iOS,2024-04-02,2024-04-03 18:09:00,2024-04-09 08:00:00,12.0,10.0,2.0,12952000.0,1079333.3333333333,1,1,0,1,1,0,4,1,True,True,False,1,5.0,Within 7 days,2+ features,1-2 failed,2024-04
U04482,25-34,Tier 1,Mid,Organic,Android,2024-02-26,,,0.0,0.0,0.0,0.0,0.0,0,0,0,0,0,0,0,0,False,False,True,0,,No transaction,0 features,0 failed,2024-02
U04483,25-34,Tier 2,Low,Paid Ads,Android,2024-03-10,,,0.0,0.0,0.0,0.0,0.0,0,0,0,0,0,0,0,0,False,False,True,0,,No transaction,0 features,0 failed,2024-03
U04484,25-34,Tier 3,Mid,Branch,Android,2024-01-28,2024-01-29 08:08:00,2024-01-31 03:00:00,6.0,6.0,0.0,40309000.0,6718166.666666667,1,0,1,0,0,0,2,1,True,True,False,1,1.0,Within 7 days,2+ features,0 failed,2024-01
U04485,18-24,Tier 3,Low,Organic,iOS,2024-02-24,,,0.0,0.0,0.0,0.0,0.0,0,0,0,0,0,0,0,0,False,False,True,0,,No transaction,0 features,0 failed,2024-02
U04486,35-44,Tier 2,Mid,Referral,iOS,2024-01-14,,,0.0,0.0,0.0,0.0,0.0,0,0,0,0,0,0,0,0,False,False,True,0,,No transaction,0 features,0 failed,2024-01
U04487,18-24,Tier 1,Low,Branch,Android,2024-04-04,2024-04-06 00:13:00,2024-04-11 23:00:00,5.0,5.0,0.0,3330000.0,666000.0,1,0,1,0,1,0,3,1,True,False,True,1,5.0,Within 7 days,2+ features,0 failed,2024-04
U04488,25-34,Tier 1,High,Organic,iOS,2024-04-16,,,0.0,0.0,0.0,0.0,0.0,0,0,0,0,0,0,0,0,False,False,True,0,,No transaction,0 features,0 failed,2024-04
U04489,35-44,Tier 1,Low,Paid Ads,Android,2024-03-24,,,0.0,0.0,0.0,0.0,0.0,0,0,0,0,0,0,0,0,False,False,True,0,,No transaction,0 features,0 failed,2024-03
U04490,25-34,Tier 1,Mid,Organic,iOS,2024-04-06,2024-04-07 20:29:00,2024-05-16 13:00:00,4.0,4.0,0.0,24578000.0,6144500.0,0,0,0,1,1,1,3,1,True,True,False,1,38.0,After 7 days,2+ features,0 failed,2024-04
U04491,18-24,Tier 2,High,Branch,Android,2024-02-01,2024-02-01 22:28:00,,0.0,0.0,0.0,0.0,0.0,0,0,0,0,1,1,2,1,True,False,True,1,,No transaction,2+ features,0 failed,2024-02
U04492,35-44,Tier 1,Mid,Branch,Android,2024-02-08,2024-02-09 14:15:00,2024-02-12 14:00:00,10.0,10.0,0.0,53553000.0,5355300.0,1,0,0,1,0,0,2,1,True,False,True,1,2.0,Within 7 days,2+ features,0 failed,2024-02
U04493,25-34,Tier 1,Low,Partnership,Android,2024-04-21,,,0.0,0.0,0.0,0.0,0.0,0,0,0,0,0,0,0,0,False,False,True,0,,No transaction,0 features,0 failed,2024-04
U04494,35-44,Tier 1,Low,Referral,Android,2024-01-05,,,0.0,0.0,0.0,0.0,0.0,0,0,0,0,0,0,0,0,False,False,True,0,,No transaction,0 features,0 failed,2024-01
U04495,35-44,Tier 2,Mid,Referral,Android,2024-02-27,,,0.0,0.0,0.0,0.0,0.0,0,0,0,0,0,0,0,0,False,False,True,0,,No transaction,0 features,0 failed,2024-02
U04496,25-34,Tier 2,Mid,Organic,iOS,2024-02-03,,,0.0,0.0,0.0,0.0,0.0,0,0,0,0,0,0,0,0,False,False,True,0,,No transaction,0 features,0 failed,2024-02
U04497,25-34,Tier 2,Mid,Partnership,Android,2024-02-14,,,0.0,0.0,0.0,0.0,0.0,0,0,0,0,0,0,0,0,False,False,True,0,,No transaction,0 features,0 failed,2024-02
U04498,18-24,Tier 1,Mid,Branch,iOS,2024-04-20,,,0.0,0.0,0.0,0.0,0.0,0,0,0,0,0,0,0,0,False,False,True,0,,No transaction,0 features,0 failed,2024-04
U04499,18-24,Tier 3,Mid,Referral,Android,2024-04-14,2024-04-15 06:08:00,2024-04-23 02:00:00,12.0,11.0,1.0,67607000.0,5633916.666666667,1,0,0,1,1,0,3,1,True,False,True,1,7.0,Within 7 days,2+ features,1-2 failed,2024-04
U04500,25-34,Tier 1,Mid,Paid Ads,iOS,2024-01-12,,,0.0,0.0,0.0,0.0,0.0,0,0,0,0,0,0,0,0,False,False,True,0,,No transaction,0 features,0 failed,2024-01
U04501,25-34,Tier 2,Mid,Organic,Android,2024-02-26,2024-02-27 11:20:00,,0.0,0.0,0.0,0.0,0.0,0,0,0,0,0,0,0,0,True,False,True,1,,No transaction,0 features,0 failed,2024-02
U04502,25-34,Tier 2,High,Referral,iOS,2024-04-20,,,0.0,0.0,0.0,0.0,0.0,0,0,0,0,0,0,0,0,False,False,True,0,,No transaction,0 features,0 failed,2024-04
U04503,18-24,Tier 2,Low,Paid Ads,Android,2024-01-16,,,0.0,0.0,0.0,0.0,0.0,0,0,0,0,0,0,0,0,False,False,True,0,,No transaction,0 features,0 failed,2024-01
U04504,18-24,Tier 3,Mid,Referral,iOS,2024-04-09,,,0.0,0.0,0.0,0.0,0.0,0,0,0,0,0,0,0,0,False,False,True,0,,No transaction,0 features,0 failed,2024-04
U04505,25-34,Tier 1,Low,Referral,iOS,2024-04-13,,,0.0,0.0,0.0,0.0,0.0,0,0,0,0,0,0,0,0,False,False,True,0,,No transaction,0 features,0 failed,2024-04
U04506,18-24,Tier 2,Mid,Organic,Android,2024-01-31,2024-02-01 08:15:00,2024-02-09 20:00:00,8.0,8.0,0.0,45086000.0,5635750.0,1,0,1,0,1,1,4,1,True,True,False,1,8.0,After 7 days,2+ features,0 failed,2024-01
U04507,35-44,Tier 1,High,Partnership,Android,2024-01-27,,,0.0,0.0,0.0,0.0,0.0,0,0,0,0,0,0,0,0,False,False,True,0,,No transaction,0 features,0 failed,2024-01
U04508,18-24,Tier 2,Mid,Partnership,iOS,2024-04-13,2024-04-14 01:29:00,2024-04-17 02:00:00,8.0,8.0,0.0,28790000.0,3598750.0,0,1,0,1,1,0,3,1,True,False,True,1,3.0,Within 7 days,2+ features,0 failed,2024-04
U04509,25-34,Tier 1,High,Branch,iOS,2024-04-04,,,0.0,0.0,0.0,0.0,0.0,0,0,0,0,0,0,0,0,False,False,True,0,,No transaction,0 features,0 failed,2024-04
U04510,45-54,Tier 1,Mid,Paid Ads,Android,2024-03-16,,,0.0,0.0,0.0,0.0,0.0,0,0,0,0,0,0,0,0,False,False,True,0,,No transaction,0 features,0 failed,2024-03
U04511,18-24,Tier 2,High,Paid Ads,Android,2024-03-29,,,0.0,0.0,0.0,0.0,0.0,0,0,0,0,0,0,0,0,False,False,True,0,,No transaction,0 features,0 failed,2024-03
U04512,25-34,Tier 2,Mid,Referral,Android,2024-02-14,,,0.0,0.0,0.0,0.0,0.0,0,0,0,0,0,0,0,0,False,False,True,0,,No transaction,0 features,0 failed,2024-02
U04513,18-24,Tier 1,Low,Branch,Android,2024-04-20,,,0.0,0.0,0.0,0.0,0.0,0,0,0,0,0,0,0,0,False,False,True,0,,No transaction,0 features,0 failed,2024-04
U04514,25-34,Tier 2,Low,Paid Ads,Android,2024-03-31,,,0.0,0.0,0.0,0.0,0.0,0,0,0,0,0,0,0,0,False,False,True,0,,No transaction,0 features,0 failed,2024-03
U04515,25-34,Tier 2,Mid,Paid Ads,Android,2024-03-19,,,0.0,0.0,0.0,0.0,0.0,0,0,0,0,0,0,0,0,False,False,True,0,,No transaction,0 features,0 failed,2024-03
U04516,25-34,Tier 1,Low,Paid Ads,Android,2024-03-21,,,0.0,0.0,0.0,0.0,0.0,0,0,0,0,0,0,0,0,False,False,True,0,,No transaction,0 features,0 failed,2024-03
U04517,25-34,Tier 2,Mid,Partnership,Android,2024-02-24,,,0.0,0.0,0.0,0.0,0.0,0,0,0,0,0,0,0,0,False,False,True,0,,No transaction,0 features,0 failed,2024-02
U04518,45-54,Tier 2,Mid,Organic,iOS,2024-01-22,,,0.0,0.0,0.0,0.0,0.0,0,0,0,0,0,0,0,0,False,False,True,0,,No transaction,0 features,0 failed,2024-01
U04519,18-24,Tier 2,High,Organic,iOS,2024-03-19,2024-03-20 12:05:00,2024-04-23 11:00:00,7.0,6.0,1.0,143718000.0,20531142.85714286,0,0,1,0,0,0,1,0,False,False,True,1,33.0,After 7 days,1 feature,1-2 failed,2024-03
U04520,18-24,Tier 1,Mid,Paid Ads,iOS,2024-01-18,,,0.0,0.0,0.0,0.0,0.0,0,0,0,0,0,0,0,0,False,False,True,0,,No transaction,0 features,0 failed,2024-01
U04521,45-54,Tier 1,Mid,Partnership,iOS,2024-04-10,,,0.0,0.0,0.0,0.0,0.0,0,0,0,0,0,0,0,0,False,False,True,0,,No transaction,0 features,0 failed,2024-04
U04522,25-34,Tier 2,High,Paid Ads,Android,2024-01-27,,,0.0,0.0,0.0,0.0,0.0,0,0,0,0,0,0,0,0,False,False,True,0,,No transaction,0 features,0 failed,2024-01
U04523,45-54,Tier 3,High,Referral,iOS,2024-04-14,2024-04-15 10:27:00,2024-04-22 03:00:00,13.0,12.0,1.0,299125000.0,23009615.384615384,1,0,1,1,1,1,5,1,True,False,True,1,6.0,Within 7 days,2+ features,1-2 failed,2024-04
U04524,25-34,Tier 2,Low,Referral,iOS,2024-01-27,,,0.0,0.0,0.0,0.0,0.0,0,0,0,0,0,0,0,0,False,False,True,0,,No transaction,0 features,0 failed,2024-01
U04525,35-44,Tier 1,Mid,Paid Ads,iOS,2024-04-13,,,0.0,0.0,0.0,0.0,0.0,0,0,0,0,0,0,0,0,False,False,True,0,,No transaction,0 features,0 failed,2024-04
U04526,25-34,Tier 2,Mid,Paid Ads,iOS,2024-01-08,,,0.0,0.0,0.0,0.0,0.0,0,0,0,0,0,0,0,0,False,False,True,0,,No transaction,0 features,0 failed,2024-01
U04527,35-44,Tier 3,Mid,Paid Ads,Android,2024-03-13,,,0.0,0.0,0.0,0.0,0.0,0,0,0,0,0,0,0,0,False,False,True,0,,No transaction,0 features,0 failed,2024-03
U04528,45-54,Tier 1,Mid,Referral,Android,2024-02-14,,,0.0,0.0,0.0,0.0,0.0,0,0,0,0,0,0,0,0,False,False,True,0,,No transaction,0 features,0 failed,2024-02
U04529,25-34,Tier 3,High,Branch,Android,2024-03-09,,,0.0,0.0,0.0,0.0,0.0,0,0,0,0,0,0,0,0,False,False,True,0,,No transaction,0 features,0 failed,2024-03
U04530,18-24,Tier 3,Mid,Paid Ads,iOS,2024-02-05,,,0.0,0.0,0.0,0.0,0.0,0,0,0,0,0,0,0,0,False,False,True,0,,No transaction,0 features,0 failed,2024-02
U04531,18-24,Tier 1,Mid,Partnership,Android,2024-03-17,,,0.0,0.0,0.0,0.0,0.0,0,0,0,0,0,0,0,0,False,False,True,0,,No transaction,0 features,0 failed,2024-03
U04532,18-24,Tier 3,High,Organic,iOS,2024-03-09,2024-03-10 08:03:00,,0.0,0.0,0.0,0.0,0.0,0,0,0,0,1,0,1,1,False,False,True,1,,No transaction,1 feature,0 failed,2024-03
U04533,18-24,Tier 1,Low,Referral,Android,2024-01-22,2024-01-23 01:14:00,2024-01-24 04:00:00,10.0,10.0,0.0,12291000.0,1229100.0,0,1,0,1,1,1,4,1,True,True,False,1,1.0,Within 7 days,2+ features,0 failed,2024-01
U04534,25-34,Tier 3,Mid,Partnership,Android,2024-02-11,,,0.0,0.0,0.0,0.0,0.0,0,0,0,0,0,0,0,0,False,False,True,0,,No transaction,0 features,0 failed,2024-02
U04535,25-34,Tier 1,Mid,Organic,Android,2024-03-31,2024-04-01 08:12:00,2024-04-15 03:00:00,2.0,2.0,0.0,11035000.0,5517500.0,0,0,1,0,0,0,1,0,True,False,True,1,13.0,After 7 days,1 feature,0 failed,2024-03
U04536,25-34,Tier 1,Low,Paid Ads,Android,2024-02-07,,,0.0,0.0,0.0,0.0,0.0,0,0,0,0,0,0,0,0,False,False,True,0,,No transaction,0 features,0 failed,2024-02
U04537,25-34,Tier 2,Mid,Paid Ads,Android,2024-02-07,,,0.0,0.0,0.0,0.0,0.0,0,0,0,0,0,0,0,0,False,False,True,0,,No transaction,0 features,0 failed,2024-02
U04538,25-34,Tier 2,Low,Partnership,Android,2024-03-14,2024-03-15 08:15:00,2024-03-30 09:00:00,11.0,10.0,1.0,12086000.0,1098727.2727272727,0,0,1,1,0,1,3,0,True,True,False,1,15.0,After 7 days,2+ features,1-2 failed,2024-03
U04539,18-24,Tier 1,High,Referral,Android,2024-02-04,2024-02-05 01:09:00,,0.0,0.0,0.0,0.0,0.0,0,0,1,1,0,0,2,0,False,False,True,1,,No transaction,2+ features,0 failed,2024-02
U04540,18-24,Tier 2,Mid,Organic,iOS,2024-04-19,,,0.0,0.0,0.0,0.0,0.0,0,0,0,0,0,0,0,0,False,False,True,0,,No transaction,0 features,0 failed,2024-04
U04541,18-24,Tier 1,Mid,Branch,Android,2024-03-06,,,0.0,0.0,0.0,0.0,0.0,0,0,0,0,0,0,0,0,False,False,True,0,,No transaction,0 features,0 failed,2024-03
U04542,25-34,Tier 1,Mid,Paid Ads,iOS,2024-04-25,,,0.0,0.0,0.0,0.0,0.0,0,0,0,0,0,0,0,0,False,False,True,0,,No transaction,0 features,0 failed,2024-04
U04543,18-24,Tier 1,Low,Organic,Android,2024-03-27,,,0.0,0.0,0.0,0.0,0.0,0,0,0,0,0,0,0,0,False,False,True,0,,No transaction,0 features,0 failed,2024-03
U04544,18-24,Tier 2,Low,Organic,Android,2024-04-14,,,0.0,0.0,0.0,0.0,0.0,0,0,0,0,0,0,0,0,False,False,True,0,,No transaction,0 features,0 failed,2024-04
U04545,25-34,Tier 1,Mid,Branch,Android,2024-01-13,,,0.0,0.0,0.0,0.0,0.0,0,0,0,0,0,0,0,0,False,False,True,0,,No transaction,0 features,0 failed,2024-01
U04546,35-44,Tier 1,Mid,Organic,iOS,2024-01-18,2024-01-18 20:11:00,2024-02-02 20:00:00,9.0,8.0,1.0,29194000.0,3243777.777777778,1,0,0,1,1,0,3,1,True,True,False,1,14.0,After 7 days,2+ features,1-2 failed,2024-01
U04547,18-24,Tier 1,Mid,Paid Ads,Android,2024-04-06,,,0.0,0.0,0.0,0.0,0.0,0,0,0,0,0,0,0,0,False,False,True,0,,No transaction,0 features,0 failed,2024-04
U04548,25-34,Tier 1,Mid,Referral,Android,2024-04-10,2024-04-11 08:09:00,,0.0,0.0,0.0,0.0,0.0,1,0,0,0,0,0,1,1,True,True,False,1,,No transaction,1 feature,0 failed,2024-04
U04549,35-44,Tier 2,Mid,Partnership,iOS,2024-02-22,,,0.0,0.0,0.0,0.0,0.0,0,0,0,0,0,0,0,0,False,False,True,0,,No transaction,0 features,0 failed,2024-02
U04550,35-44,Tier 3,Mid,Partnership,Android,2024-01-08,,,0.0,0.0,0.0,0.0,0.0,0,0,0,0,0,0,0,0,False,False,True,0,,No transaction,0 features,0 failed,2024-01
U04551,45-54,Tier 1,Mid,Paid Ads,Android,2024-02-05,,,0.0,0.0,0.0,0.0,0.0,0,0,0,0,0,0,0,0,False,False,True,0,,No transaction,0 features,0 failed,2024-02
U04552,18-24,Tier 3,Low,Organic,iOS,2024-04-20,,,0.0,0.0,0.0,0.0,0.0,0,0,0,0,0,0,0,0,False,False,True,0,,No transaction,0 features,0 failed,2024-04
U04553,18-24,Tier 2,Mid,Partnership,Android,2024-03-24,2024-03-25 12:06:00,2024-04-06 17:00:00,1.0,1.0,0.0,7796000.0,7796000.0,0,0,1,0,0,0,1,0,False,False,True,1,12.0,After 7 days,1 feature,0 failed,2024-03
U04554,45-54,Tier 2,High,Referral,Android,2024-01-17,,,0.0,0.0,0.0,0.0,0.0,0,0,0,0,0,0,0,0,False,False,True,0,,No transaction,0 features,0 failed,2024-01
U04555,25-34,Tier 2,Low,Branch,Android,2024-03-30,2024-03-31 08:22:00,2024-04-13 07:00:00,2.0,2.0,0.0,1835000.0,917500.0,0,0,0,0,0,0,0,0,False,False,True,1,12.0,After 7 days,0 features,0 failed,2024-03
U04556,25-34,Tier 3,Mid,Paid Ads,Android,2024-04-20,,,0.0,0.0,0.0,0.0,0.0,0,0,0,0,0,0,0,0,False,False,True,0,,No transaction,0 features,0 failed,2024-04
U04557,35-44,Tier 1,Mid,Paid Ads,Android,2024-01-17,2024-01-17 22:08:00,2024-01-18 17:00:00,8.0,6.0,2.0,54848000.0,6856000.0,1,0,1,1,0,1,4,1,False,False,True,1,0.0,Within 7 days,2+ features,1-2 failed,2024-01
U04558,35-44,Tier 2,Mid,Organic,Android,2024-02-01,2024-02-02 12:04:00,2024-02-16 11:00:00,3.0,3.0,0.0,13188000.0,4396000.0,1,0,0,0,0,0,1,1,True,False,True,1,13.0,After 7 days,1 feature,0 failed,2024-02
U04559,45-54,Tier 2,Mid,Paid Ads,iOS,2024-01-19,,,0.0,0.0,0.0,0.0,0.0,0,0,0,0,0,0,0,0,False,False,True,0,,No transaction,0 features,0 failed,2024-01
U04560,55+,Tier 2,Low,Referral,Android,2024-04-01,,,0.0,0.0,0.0,0.0,0.0,0,0,0,0,0,0,0,0,False,False,True,0,,No transaction,0 features,0 failed,2024-04
U04561,35-44,Tier 3,Mid,Referral,Android,2024-02-11,,,0.0,0.0,0.0,0.0,0.0,0,0,0,0,0,0,0,0,False,False,True,0,,No transaction,0 features,0 failed,2024-02
U04562,18-24,Tier 1,Low,Organic,iOS,2024-04-16,2024-04-17 05:27:00,2024-04-20 02:00:00,10.0,10.0,0.0,9186000.0,918600.0,0,0,1,0,1,1,3,1,True,True,False,1,2.0,Within 7 days,2+ features,0 failed,2024-04
U04563,45-54,Tier 2,Mid,Organic,Android,2024-02-01,2024-02-02 06:07:00,2024-02-07 04:00:00,10.0,10.0,0.0,53514000.0,5351400.0,0,0,1,1,1,0,3,1,True,False,True,1,4.0,Within 7 days,2+ features,0 failed,2024-02
U04564,18-24,Tier 2,High,Organic,iOS,2024-04-07,,,0.0,0.0,0.0,0.0,0.0,0,0,0,0,0,0,0,0,False,False,True,0,,No transaction,0 features,0 failed,2024-04
U04565,18-24,Tier 1,Mid,Referral,iOS,2024-04-17,,,0.0,0.0,0.0,0.0,0.0,0,0,0,0,0,0,0,0,False,False,True,0,,No transaction,0 features,0 failed,2024-04
U04566,45-54,Tier 1,Low,Partnership,Android,2024-03-27,2024-03-28 11:26:00,2024-04-05 07:00:00,14.0,13.0,1.0,13395000.0,956785.7142857143,1,0,1,1,1,0,4,1,False,False,True,1,7.0,Within 7 days,2+ features,1-2 failed,2024-03
U04567,18-24,Tier 2,High,Referral,Android,2024-02-20,,,0.0,0.0,0.0,0.0,0.0,0,0,0,0,0,0,0,0,False,False,True,0,,No transaction,0 features,0 failed,2024-02
U04568,18-24,Tier 3,High,Paid Ads,iOS,2024-03-03,,,0.0,0.0,0.0,0.0,0.0,0,0,0,0,0,0,0,0,False,False,True,0,,No transaction,0 features,0 failed,2024-03
U04569,18-24,Tier 2,Mid,Organic,iOS,2024-01-19,2024-01-20 04:20:00,2024-01-29 17:00:00,4.0,3.0,1.0,18397000.0,4599250.0,0,0,0,0,1,0,1,1,True,True,False,1,9.0,After 7 days,1 feature,1-2 failed,2024-01
U04570,45-54,Tier 3,Mid,Paid Ads,Android,2024-03-14,,,0.0,0.0,0.0,0.0,0.0,0,0,0,0,0,0,0,0,False,False,True,0,,No transaction,0 features,0 failed,2024-03
U04571,25-34,Tier 1,Low,Paid Ads,Android,2024-03-21,2024-03-22 14:12:00,2024-03-24 00:00:00,14.0,14.0,0.0,15040000.0,1074285.7142857143,1,1,0,1,0,1,4,1,False,False,True,1,1.0,Within 7 days,2+ features,0 failed,2024-03
U04572,35-44,Tier 1,High,Branch,Android,2024-02-04,,,0.0,0.0,0.0,0.0,0.0,0,0,0,0,0,0,0,0,False,False,True,0,,No transaction,0 features,0 failed,2024-02
U04573,18-24,Tier 1,Mid,Partnership,Android,2024-03-21,,,0.0,0.0,0.0,0.0,0.0,0,0,0,0,0,0,0,0,False,False,True,0,,No transaction,0 features,0 failed,2024-03
U04574,35-44,Tier 1,High,Paid Ads,Android,2024-02-23,,,0.0,0.0,0.0,0.0,0.0,0,0,0,0,0,0,0,0,False,False,True,0,,No transaction,0 features,0 failed,2024-02
U04575,35-44,Tier 1,Mid,Partnership,Android,2024-02-18,,,0.0,0.0,0.0,0.0,0.0,0,0,0,0,0,0,0,0,False,False,True,0,,No transaction,0 features,0 failed,2024-02
U04576,25-34,Tier 1,Mid,Organic,iOS,2024-02-27,,,0.0,0.0,0.0,0.0,0.0,0,0,0,0,0,0,0,0,False,False,True,0,,No transaction,0 features,0 failed,2024-02
U04577,25-34,Tier 2,High,Paid Ads,Android,2024-01-10,,,0.0,0.0,0.0,0.0,0.0,0,0,0,0,0,0,0,0,False,False,True,0,,No transaction,0 features,0 failed,2024-01
U04578,18-24,Tier 2,Mid,Organic,iOS,2024-03-22,,,0.0,0.0,0.0,0.0,0.0,0,0,0,0,0,0,0,0,False,False,True,0,,No transaction,0 features,0 failed,2024-03
U04579,55+,Tier 1,Low,Referral,Android,2024-04-11,,,0.0,0.0,0.0,0.0,0.0,0,0,0,0,0,0,0,0,False,False,True,0,,No transaction,0 features,0 failed,2024-04
U04580,25-34,Tier 1,Low,Organic,Android,2024-04-22,2024-04-22 22:19:00,,0.0,0.0,0.0,0.0,0.0,1,0,0,0,0,0,1,1,False,False,True,1,,No transaction,1 feature,0 failed,2024-04
U04581,45-54,Tier 1,Mid,Paid Ads,Android,2024-04-08,,,0.0,0.0,0.0,0.0,0.0,0,0,0,0,0,0,0,0,False,False,True,0,,No transaction,0 features,0 failed,2024-04
U04582,25-34,Tier 2,Low,Paid Ads,Android,2024-01-12,,,0.0,0.0,0.0,0.0,0.0,0,0,0,0,0,0,0,0,False,False,True,0,,No transaction,0 features,0 failed,2024-01
U04583,35-44,Tier 1,Mid,Partnership,Android,2024-02-21,,,0.0,0.0,0.0,0.0,0.0,0,0,0,0,0,0,0,0,False,False,True,0,,No transaction,0 features,0 failed,2024-02
U04584,35-44,Tier 1,Mid,Paid Ads,iOS,2024-03-06,,,0.0,0.0,0.0,0.0,0.0,0,0,0,0,0,0,0,0,False,False,True,0,,No transaction,0 features,0 failed,2024-03
U04585,35-44,Tier 3,Mid,Organic,Android,2024-04-05,,,0.0,0.0,0.0,0.0,0.0,0,0,0,0,0,0,0,0,False,False,True,0,,No transaction,0 features,0 failed,2024-04
U04586,55+,Tier 3,Mid,Paid Ads,iOS,2024-02-05,,,0.0,0.0,0.0,0.0,0.0,0,0,0,0,0,0,0,0,False,False,True,0,,No transaction,0 features,0 failed,2024-02
U04587,25-34,Tier 1,High,Partnership,Android,2024-03-29,2024-03-30 03:14:00,2024-04-02 07:00:00,13.0,13.0,0.0,367163000.0,28243307.692307692,0,1,1,0,1,0,3,1,True,False,True,1,3.0,Within 7 days,2+ features,0 failed,2024-03
U04588,18-24,Tier 1,Low,Branch,Android,2024-04-22,,,0.0,0.0,0.0,0.0,0.0,0,0,0,0,0,0,0,0,False,False,True,0,,No transaction,0 features,0 failed,2024-04
U04589,35-44,Tier 1,Mid,Paid Ads,Android,2024-02-17,,,0.0,0.0,0.0,0.0,0.0,0,0,0,0,0,0,0,0,False,False,True,0,,No transaction,0 features,0 failed,2024-02
U04590,35-44,Tier 2,Low,Partnership,iOS,2024-02-28,,,0.0,0.0,0.0,0.0,0.0,0,0,0,0,0,0,0,0,False,False,True,0,,No transaction,0 features,0 failed,2024-02
U04591,25-34,Tier 2,Mid,Partnership,Android,2024-03-03,2024-03-04 11:30:00,2024-03-05 02:00:00,5.0,5.0,0.0,33375000.0,6675000.0,0,1,1,0,0,1,3,0,True,False,True,1,0.0,Within 7 days,2+ features,0 failed,2024-03
U04592,18-24,Tier 1,High,Organic,Android,2024-02-11,,,0.0,0.0,0.0,0.0,0.0,0,0,0,0,0,0,0,0,False,False,True,0,,No transaction,0 features,0 failed,2024-02
U04593,25-34,Tier 2,High,Organic,iOS,2024-03-15,,,0.0,0.0,0.0,0.0,0.0,0,0,0,0,0,0,0,0,False,False,True,0,,No transaction,0 features,0 failed,2024-03
U04594,25-34,Tier 1,Mid,Organic,iOS,2024-01-01,2024-01-02 11:24:00,2024-02-18 10:00:00,1.0,1.0,0.0,2225000.0,2225000.0,0,0,0,0,0,0,0,0,True,False,True,1,46.0,After 7 days,0 features,0 failed,2024-01
U04595,25-34,Tier 1,Mid,Referral,Android,2024-04-21,,,0.0,0.0,0.0,0.0,0.0,0,0,0,0,0,0,0,0,False,False,True,0,,No transaction,0 features,0 failed,2024-04
U04596,25-34,Tier 1,High,Paid Ads,iOS,2024-04-09,,,0.0,0.0,0.0,0.0,0.0,0,0,0,0,0,0,0,0,False,False,True,0,,No transaction,0 features,0 failed,2024-04
U04597,35-44,Tier 2,High,Branch,Android,2024-04-18,2024-04-19 11:27:00,,0.0,0.0,0.0,0.0,0.0,0,0,1,0,0,0,1,0,True,False,True,1,,No transaction,1 feature,0 failed,2024-04
U04598,18-24,Tier 1,High,Referral,iOS,2024-04-03,2024-04-04 14:30:00,,0.0,0.0,0.0,0.0,0.0,0,0,1,0,1,0,2,1,True,True,False,1,,No transaction,2+ features,0 failed,2024-04
U04599,25-34,Tier 1,Mid,Paid Ads,Android,2024-01-12,,,0.0,0.0,0.0,0.0,0.0,0,0,0,0,0,0,0,0,False,False,True,0,,No transaction,0 features,0 failed,2024-01
U04600,18-24,Tier 1,High,Paid Ads,Android,2024-04-03,,,0.0,0.0,0.0,0.0,0.0,0,0,0,0,0,0,0,0,False,False,True,0,,No transaction,0 features,0 failed,2024-04
U04601,18-24,Tier 1,Low,Organic,Android,2024-02-28,,,0.0,0.0,0.0,0.0,0.0,0,0,0,0,0,0,0,0,False,False,True,0,,No transaction,0 features,0 failed,2024-02
U04602,35-44,Tier 2,Low,Organic,Android,2024-03-22,,,0.0,0.0,0.0,0.0,0.0,0,0,0,0,0,0,0,0,False,False,True,0,,No transaction,0 features,0 failed,2024-03
U04603,45-54,Tier 1,Low,Paid Ads,Android,2024-03-26,2024-03-27 11:21:00,2024-03-28 06:00:00,4.0,4.0,0.0,3152000.0,788000.0,0,0,1,0,0,1,2,0,True,True,False,1,0.0,Within 7 days,2+ features,0 failed,2024-03
U04604,25-34,Tier 1,Low,Paid Ads,iOS,2024-03-30,2024-03-30 10:21:00,2024-04-01 10:00:00,11.0,11.0,0.0,11685000.0,1062272.7272727273,1,1,0,1,1,0,4,1,True,True,False,1,1.0,Within 7 days,2+ features,0 failed,2024-03
U04605,35-44,Tier 2,Mid,Branch,iOS,2024-02-15,,,0.0,0.0,0.0,0.0,0.0,0,0,0,0,0,0,0,0,False,False,True,0,,No transaction,0 features,0 failed,2024-02
U04606,45-54,Tier 2,High,Referral,Android,2024-04-18,2024-04-19 12:26:00,2024-04-20 14:00:00,10.0,10.0,0.0,161744000.0,16174400.0,0,1,0,0,1,0,2,1,True,False,True,1,1.0,Within 7 days,2+ features,0 failed,2024-04
U04607,35-44,Tier 3,Mid,Partnership,Android,2024-01-09,,,0.0,0.0,0.0,0.0,0.0,0,0,0,0,0,0,0,0,False,False,True,0,,No transaction,0 features,0 failed,2024-01
U04608,18-24,Tier 2,Mid,Referral,Android,2024-04-11,,,0.0,0.0,0.0,0.0,0.0,0,0,0,0,0,0,0,0,False,False,True,0,,No transaction,0 features,0 failed,2024-04
U04609,55+,Tier 1,Mid,Paid Ads,Android,2024-03-09,,,0.0,0.0,0.0,0.0,0.0,0,0,0,0,0,0,0,0,False,False,True,0,,No transaction,0 features,0 failed,2024-03
U04610,25-34,Tier 2,Mid,Paid Ads,iOS,2024-02-20,,,0.0,0.0,0.0,0.0,0.0,0,0,0,0,0,0,0,0,False,False,True,0,,No transaction,0 features,0 failed,2024-02
U04611,25-34,Tier 2,Mid,Organic,Android,2024-01-28,2024-01-29 00:15:00,2024-02-05 12:00:00,17.0,16.0,1.0,87343000.0,5137823.529411765,0,1,1,0,1,1,4,1,True,True,False,1,7.0,Within 7 days,2+ features,1-2 failed,2024-01
U04612,18-24,Tier 1,High,Organic,Android,2024-02-24,2024-02-25 17:10:00,2024-03-01 20:00:00,5.0,5.0,0.0,116530000.0,23306000.0,1,0,0,1,0,0,2,1,True,True,False,1,5.0,Within 7 days,2+ features,0 failed,2024-02
U04613,25-34,Tier 3,Mid,Organic,Android,2024-04-15,,,0.0,0.0,0.0,0.0,0.0,0,0,0,0,0,0,0,0,False,False,True,0,,No transaction,0 features,0 failed,2024-04
U04614,18-24,Tier 1,Mid,Referral,Android,2024-01-28,,,0.0,0.0,0.0,0.0,0.0,0,0,0,0,0,0,0,0,False,False,True,0,,No transaction,0 features,0 failed,2024-01
U04615,18-24,Tier 3,Mid,Paid Ads,Android,2024-03-04,,,0.0,0.0,0.0,0.0,0.0,0,0,0,0,0,0,0,0,False,False,True,0,,No transaction,0 features,0 failed,2024-03
U04616,25-34,Tier 3,High,Organic,Android,2024-02-04,,,0.0,0.0,0.0,0.0,0.0,0,0,0,0,0,0,0,0,False,False,True,0,,No transaction,0 features,0 failed,2024-02
U04617,35-44,Tier 2,Low,Paid Ads,Android,2024-02-11,,,0.0,0.0,0.0,0.0,0.0,0,0,0,0,0,0,0,0,False,False,True,0,,No transaction,0 features,0 failed,2024-02
U04618,45-54,Tier 3,Mid,Referral,Android,2024-04-16,2024-04-17 20:24:00,2024-04-18 23:00:00,10.0,9.0,1.0,42523000.0,4252300.0,1,1,1,1,0,1,5,1,False,False,True,1,1.0,Within 7 days,2+ features,1-2 failed,2024-04
U04619,25-34,Tier 2,Mid,Partnership,Android,2024-02-06,,,0.0,0.0,0.0,0.0,0.0,0,0,0,0,0,0,0,0,False,False,True,0,,No transaction,0 features,0 failed,2024-02
U04620,45-54,Tier 1,Mid,Partnership,Android,2024-02-13,,,0.0,0.0,0.0,0.0,0.0,0,0,0,0,0,0,0,0,False,False,True,0,,No transaction,0 features,0 failed,2024-02
U04621,45-54,Tier 1,High,Partnership,Android,2024-03-11,2024-03-12 23:17:00,2024-03-26 21:00:00,5.0,4.0,1.0,75297000.0,15059400.0,0,0,1,0,1,1,3,1,False,False,True,1,13.0,After 7 days,2+ features,1-2 failed,2024-03
U04622,35-44,Tier 1,Mid,Paid Ads,iOS,2024-03-14,,,0.0,0.0,0.0,0.0,0.0,0,0,0,0,0,0,0,0,False,False,True,0,,No transaction,0 features,0 failed,2024-03
U04623,18-24,Tier 1,Mid,Referral,Android,2024-01-17,,,0.0,0.0,0.0,0.0,0.0,0,0,0,0,0,0,0,0,False,False,True,0,,No transaction,0 features,0 failed,2024-01
U04624,35-44,Tier 2,High,Partnership,iOS,2024-03-13,,,0.0,0.0,0.0,0.0,0.0,0,0,0,0,0,0,0,0,False,False,True,0,,No transaction,0 features,0 failed,2024-03
U04625,45-54,Tier 1,Mid,Organic,Android,2024-04-19,,,0.0,0.0,0.0,0.0,0.0,0,0,0,0,0,0,0,0,False,False,True,0,,No transaction,0 features,0 failed,2024-04
U04626,35-44,Tier 1,Mid,Referral,Android,2024-03-03,,,0.0,0.0,0.0,0.0,0.0,0,0,0,0,0,0,0,0,False,False,True,0,,No transaction,0 features,0 failed,2024-03
U04627,25-34,Tier 2,Mid,Organic,Android,2024-04-10,2024-04-12 00:17:00,2024-04-13 18:00:00,11.0,11.0,0.0,72409000.0,6582636.363636363,1,1,0,0,1,0,3,1,True,True,False,1,1.0,Within 7 days,2+ features,0 failed,2024-04
U04628,25-34,Tier 3,Low,Paid Ads,Android,2024-02-13,,,0.0,0.0,0.0,0.0,0.0,0,0,0,0,0,0,0,0,False,False,True,0,,No transaction,0 features,0 failed,2024-02
U04629,25-34,Tier 1,Mid,Paid Ads,iOS,2024-04-24,,,0.0,0.0,0.0,0.0,0.0,0,0,0,0,0,0,0,0,False,False,True,0,,No transaction,0 features,0 failed,2024-04
U04630,25-34,Tier 1,Low,Paid Ads,Android,2024-03-28,2024-03-29 03:05:00,2024-04-02 20:00:00,5.0,4.0,1.0,4520000.0,904000.0,0,0,0,0,0,1,1,0,False,False,True,1,4.0,Within 7 days,1 feature,1-2 failed,2024-03
U04631,18-24,Tier 1,High,Referral,Android,2024-04-07,2024-04-08 15:03:00,2024-04-10 20:00:00,4.0,4.0,0.0,124917000.0,31229250.0,0,1,0,0,1,0,2,1,True,True,False,1,2.0,Within 7 days,2+ features,0 failed,2024-04
U04632,25-34,Tier 2,Mid,Organic,iOS,2024-01-07,2024-01-08 17:20:00,,0.0,0.0,0.0,0.0,0.0,0,0,0,0,0,1,1,0,False,False,True,1,,No transaction,1 feature,0 failed,2024-01
U04633,35-44,Tier 1,Low,Branch,Android,2024-01-06,,,0.0,0.0,0.0,0.0,0.0,0,0,0,0,0,0,0,0,False,False,True,0,,No transaction,0 features,0 failed,2024-01
U04634,45-54,Tier 2,Mid,Paid Ads,Android,2024-01-13,,,0.0,0.0,0.0,0.0,0.0,0,0,0,0,0,0,0,0,False,False,True,0,,No transaction,0 features,0 failed,2024-01
U04635,18-24,Tier 1,Mid,Referral,Android,2024-03-21,2024-03-22 18:26:00,2024-03-26 10:00:00,5.0,4.0,1.0,30476000.0,6095200.0,0,0,0,1,0,0,1,0,True,True,False,1,3.0,Within 7 days,1 feature,1-2 failed,2024-03
U04636,55+,Tier 1,Low,Paid Ads,Android,2024-04-10,,,0.0,0.0,0.0,0.0,0.0,0,0,0,0,0,0,0,0,False,False,True,0,,No transaction,0 features,0 failed,2024-04
U04637,25-34,Tier 3,Low,Organic,Android,2024-04-17,2024-04-18 06:21:00,2024-05-29 06:00:00,2.0,2.0,0.0,3782000.0,1891000.0,1,0,1,0,0,0,2,1,True,True,False,1,40.0,After 7 days,2+ features,0 failed,2024-04
U04638,35-44,Tier 1,Mid,Organic,Android,2024-02-28,2024-02-29 12:25:00,2024-03-19 13:00:00,7.0,6.0,1.0,16547000.0,2363857.1428571427,0,0,1,0,1,1,3,1,True,True,False,1,19.0,After 7 days,2+ features,1-2 failed,2024-02
U04639,35-44,Tier 1,Mid,Referral,iOS,2024-01-03,,,0.0,0.0,0.0,0.0,0.0,0,0,0,0,0,0,0,0,False,False,True,0,,No transaction,0 features,0 failed,2024-01
U04640,35-44,Tier 1,Mid,Organic,iOS,2024-01-16,2024-01-16 18:20:00,2024-01-29 17:00:00,1.0,1.0,0.0,2292000.0,2292000.0,0,0,0,0,0,0,0,0,False,False,True,1,12.0,After 7 days,0 features,0 failed,2024-01
U04641,45-54,Tier 2,Mid,Organic,Android,2024-04-19,,,0.0,0.0,0.0,0.0,0.0,0,0,0,0,0,0,0,0,False,False,True,0,,No transaction,0 features,0 failed,2024-04
U04642,25-34,Tier 2,Mid,Partnership,Android,2024-01-21,2024-01-22 07:25:00,,0.0,0.0,0.0,0.0,0.0,0,0,0,1,0,1,2,0,True,True,False,1,,No transaction,2+ features,0 failed,2024-01
U04643,45-54,Tier 1,Mid,Paid Ads,Android,2024-02-26,,,0.0,0.0,0.0,0.0,0.0,0,0,0,0,0,0,0,0,False,False,True,0,,No transaction,0 features,0 failed,2024-02
U04644,18-24,Tier 1,Mid,Paid Ads,Android,2024-02-28,,,0.0,0.0,0.0,0.0,0.0,0,0,0,0,0,0,0,0,False,False,True,0,,No transaction,0 features,0 failed,2024-02
U04645,35-44,Tier 1,Mid,Paid Ads,Android,2024-01-01,,,0.0,0.0,0.0,0.0,0.0,0,0,0,0,0,0,0,0,False,False,True,0,,No transaction,0 features,0 failed,2024-01
U04646,35-44,Tier 2,Mid,Branch,iOS,2024-02-24,,,0.0,0.0,0.0,0.0,0.0,0,0,0,0,0,0,0,0,False,False,True,0,,No transaction,0 features,0 failed,2024-02
U04647,35-44,Tier 2,High,Organic,iOS,2024-01-26,,,0.0,0.0,0.0,0.0,0.0,0,0,0,0,0,0,0,0,False,False,True,0,,No transaction,0 features,0 failed,2024-01
U04648,18-24,Tier 2,Mid,Partnership,Android,2024-03-29,,,0.0,0.0,0.0,0.0,0.0,0,0,0,0,0,0,0,0,False,False,True,0,,No transaction,0 features,0 failed,2024-03
U04649,45-54,Tier 2,High,Paid Ads,Android,2024-04-26,,,0.0,0.0,0.0,0.0,0.0,0,0,0,0,0,0,0,0,False,False,True,0,,No transaction,0 features,0 failed,2024-04
U04650,18-24,Tier 1,Mid,Organic,Android,2024-01-17,2024-01-17 16:16:00,2024-01-21 07:00:00,8.0,8.0,0.0,43611000.0,5451375.0,1,0,0,0,1,0,2,1,True,True,False,1,3.0,Within 7 days,2+ features,0 failed,2024-01
U04651,18-24,Tier 1,Low,Referral,Android,2024-04-22,2024-04-23 22:02:00,2024-04-27 08:00:00,7.0,7.0,0.0,5188000.0,741142.8571428572,0,0,0,0,0,0,0,0,True,False,True,1,3.0,Within 7 days,0 features,0 failed,2024-04
U04652,35-44,Tier 1,Mid,Paid Ads,Android,2024-03-24,,,0.0,0.0,0.0,0.0,0.0,0,0,0,0,0,0,0,0,False,False,True,0,,No transaction,0 features,0 failed,2024-03
U04653,25-34,Tier 1,Mid,Paid Ads,Android,2024-02-08,2024-02-09 01:21:00,2024-02-22 00:00:00,6.0,4.0,2.0,39377000.0,6562833.333333333,0,0,1,1,0,0,2,0,True,False,True,1,12.0,After 7 days,2+ features,1-2 failed,2024-02
U04654,35-44,Tier 1,Mid,Organic,Android,2024-01-21,,,0.0,0.0,0.0,0.0,0.0,0,0,0,0,0,0,0,0,False,False,True,0,,No transaction,0 features,0 failed,2024-01
U04655,25-34,Tier 2,Mid,Paid Ads,Android,2024-04-21,2024-04-22 11:17:00,2024-04-30 12:00:00,8.0,7.0,1.0,54077000.0,6759625.0,0,0,0,1,1,1,3,1,True,True,False,1,8.0,After 7 days,2+ features,1-2 failed,2024-04
U04656,18-24,Tier 2,High,Paid Ads,Android,2024-04-22,2024-04-23 03:14:00,,0.0,0.0,0.0,0.0,0.0,0,0,0,0,0,0,0,0,False,False,True,1,,No transaction,0 features,0 failed,2024-04
U04657,35-44,Tier 3,Mid,Referral,iOS,2024-02-05,,,0.0,0.0,0.0,0.0,0.0,0,0,0,0,0,0,0,0,False,False,True,0,,No transaction,0 features,0 failed,2024-02
U04658,25-34,Tier 1,Mid,Partnership,Android,2024-01-12,,,0.0,0.0,0.0,0.0,0.0,0,0,0,0,0,0,0,0,False,False,True,0,,No transaction,0 features,0 failed,2024-01
U04659,18-24,Tier 2,Low,Partnership,Android,2024-03-24,2024-03-25 15:12:00,2024-03-30 16:00:00,9.0,9.0,0.0,8008000.0,889777.7777777778,1,0,1,0,0,1,3,1,True,False,True,1,5.0,Within 7 days,2+ features,0 failed,2024-03
U04660,35-44,Tier 3,High,Paid Ads,Android,2024-02-16,,,0.0,0.0,0.0,0.0,0.0,0,0,0,0,0,0,0,0,False,False,True,0,,No transaction,0 features,0 failed,2024-02
U04661,25-34,Tier 2,High,Branch,Android,2024-02-02,,,0.0,0.0,0.0,0.0,0.0,0,0,0,0,0,0,0,0,False,False,True,0,,No transaction,0 features,0 failed,2024-02
U04662,25-34,Tier 1,Mid,Organic,iOS,2024-01-11,,,0.0,0.0,0.0,0.0,0.0,0,0,0,0,0,0,0,0,False,False,True,0,,No transaction,0 features,0 failed,2024-01
U04663,25-34,Tier 1,Mid,Organic,Android,2024-02-17,2024-02-18 04:09:00,2024-02-29 23:00:00,3.0,2.0,1.0,18554000.0,6184666.666666667,1,1,0,0,0,0,2,1,True,True,False,1,11.0,After 7 days,2+ features,1-2 failed,2024-02
U04664,35-44,Tier 1,Mid,Referral,iOS,2024-03-26,,,0.0,0.0,0.0,0.0,0.0,0,0,0,0,0,0,0,0,False,False,True,0,,No transaction,0 features,0 failed,2024-03
U04665,35-44,Tier 1,Low,Paid Ads,Android,2024-04-25,,,0.0,0.0,0.0,0.0,0.0,0,0,0,0,0,0,0,0,False,False,True,0,,No transaction,0 features,0 failed,2024-04
U04666,35-44,Tier 2,Mid,Paid Ads,Android,2024-03-24,2024-03-25 05:01:00,2024-04-16 10:00:00,8.0,6.0,2.0,42931000.0,5366375.0,1,0,1,0,1,1,4,1,False,False,True,1,22.0,After 7 days,2+ features,1-2 failed,2024-03
U04667,18-24,Tier 1,Low,Paid Ads,Android,2024-01-22,,,0.0,0.0,0.0,0.0,0.0,0,0,0,0,0,0,0,0,False,False,True,0,,No transaction,0 features,0 failed,2024-01
U04668,35-44,Tier 1,Mid,Organic,iOS,2024-01-07,2024-01-08 13:20:00,2024-03-07 12:00:00,1.0,1.0,0.0,260000.0,260000.0,0,0,0,0,1,0,1,1,True,True,False,1,58.0,After 7 days,1 feature,0 failed,2024-01
U04669,35-44,Tier 2,Mid,Organic,Android,2024-02-20,,,0.0,0.0,0.0,0.0,0.0,0,0,0,0,0,0,0,0,False,False,True,0,,No transaction,0 features,0 failed,2024-02
U04670,35-44,Tier 2,Mid,Partnership,iOS,2024-03-21,2024-03-22 13:22:00,2024-04-05 08:00:00,12.0,12.0,0.0,53014000.0,4417833.333333333,1,0,1,0,1,1,4,1,True,True,False,1,13.0,After 7 days,2+ features,0 failed,2024-03
U04671,25-34,Tier 2,Mid,Partnership,Android,2024-02-09,,,0.0,0.0,0.0,0.0,0.0,0,0,0,0,0,0,0,0,False,False,True,0,,No transaction,0 features,0 failed,2024-02
U04672,45-54,Tier 2,High,Paid Ads,Android,2024-04-02,,,0.0,0.0,0.0,0.0,0.0,0,0,0,0,0,0,0,0,False,False,True,0,,No transaction,0 features,0 failed,2024-04
U04673,35-44,Tier 1,Low,Paid Ads,Android,2024-03-30,,,0.0,0.0,0.0,0.0,0.0,0,0,0,0,0,0,0,0,False,False,True,0,,No transaction,0 features,0 failed,2024-03
U04674,18-24,Tier 1,Mid,Paid Ads,Android,2024-04-06,,,0.0,0.0,0.0,0.0,0.0,0,0,0,0,0,0,0,0,False,False,True,0,,No transaction,0 features,0 failed,2024-04
U04675,25-34,Tier 1,Low,Organic,Android,2024-01-30,2024-01-31 00:03:00,,0.0,0.0,0.0,0.0,0.0,0,0,0,0,0,0,0,0,False,False,True,1,,No transaction,0 features,0 failed,2024-01
U04676,45-54,Tier 2,Low,Referral,Android,2024-02-24,2024-02-25 15:10:00,2024-04-09 17:00:00,1.0,1.0,0.0,672000.0,672000.0,0,0,1,1,0,0,2,0,True,True,False,1,44.0,After 7 days,2+ features,0 failed,2024-02
U04677,18-24,Tier 3,Low,Paid Ads,Android,2024-03-24,2024-03-25 07:15:00,2024-04-09 08:00:00,1.0,1.0,0.0,1544000.0,1544000.0,0,0,0,1,0,0,1,0,True,False,True,1,15.0,After 7 days,1 feature,0 failed,2024-03
U04678,55+,Tier 1,Mid,Paid Ads,iOS,2024-01-12,,,0.0,0.0,0.0,0.0,0.0,0,0,0,0,0,0,0,0,False,False,True,0,,No transaction,0 features,0 failed,2024-01
U04679,35-44,Tier 2,Mid,Organic,iOS,2024-03-31,2024-03-31 23:21:00,2024-04-01 09:00:00,7.0,7.0,0.0,23365000.0,3337857.1428571427,1,0,1,0,1,1,4,1,True,False,True,1,0.0,Within 7 days,2+ features,0 failed,2024-03
U04680,25-34,Tier 1,High,Branch,iOS,2024-01-13,2024-01-14 12:26:00,2024-01-18 04:00:00,11.0,11.0,0.0,285527000.0,25957000.0,0,1,1,0,0,1,3,0,True,True,False,1,3.0,Within 7 days,2+ features,0 failed,2024-01
U04681,18-24,Tier 2,Mid,Partnership,Android,2024-01-01,,,0.0,0.0,0.0,0.0,0.0,0,0,0,0,0,0,0,0,False,False,True,0,,No transaction,0 features,0 failed,2024-01
U04682,18-24,Tier 1,Low,Referral,iOS,2024-01-28,2024-01-28 18:08:00,,0.0,0.0,0.0,0.0,0.0,0,0,0,0,0,0,0,0,False,False,True,1,,No transaction,0 features,0 failed,2024-01
U04683,45-54,Tier 1,Mid,Paid Ads,iOS,2024-03-02,2024-03-03 02:12:00,,0.0,0.0,0.0,0.0,0.0,0,0,0,0,0,0,0,0,False,False,True,1,,No transaction,0 features,0 failed,2024-03
U04684,18-24,Tier 3,Low,Branch,Android,2024-01-10,,,0.0,0.0,0.0,0.0,0.0,0,0,0,0,0,0,0,0,False,False,True,0,,No transaction,0 features,0 failed,2024-01
U04685,35-44,Tier 2,Mid,Organic,Android,2024-01-17,,,0.0,0.0,0.0,0.0,0.0,0,0,0,0,0,0,0,0,False,False,True,0,,No transaction,0 features,0 failed,2024-01
U04686,25-34,Tier 2,Low,Paid Ads,Android,2024-03-16,,,0.0,0.0,0.0,0.0,0.0,0,0,0,0,0,0,0,0,False,False,True,0,,No transaction,0 features,0 failed,2024-03
U04687,18-24,Tier 1,Mid,Paid Ads,Android,2024-01-29,,,0.0,0.0,0.0,0.0,0.0,0,0,0,0,0,0,0,0,False,False,True,0,,No transaction,0 features,0 failed,2024-01
U04688,18-24,Tier 1,Mid,Referral,iOS,2024-03-07,,,0.0,0.0,0.0,0.0,0.0,0,0,0,0,0,0,0,0,False,False,True,0,,No transaction,0 features,0 failed,2024-03
U04689,25-34,Tier 1,High,Partnership,iOS,2024-03-28,,,0.0,0.0,0.0,0.0,0.0,0,0,0,0,0,0,0,0,False,False,True,0,,No transaction,0 features,0 failed,2024-03
U04690,55+,Tier 3,Mid,Referral,iOS,2024-02-26,2024-02-27 17:10:00,2024-03-13 12:00:00,7.0,7.0,0.0,29004000.0,4143428.5714285714,0,0,0,1,0,0,1,0,False,False,True,1,14.0,After 7 days,1 feature,0 failed,2024-02
U04691,25-34,Tier 3,High,Organic,Android,2024-01-02,2024-01-03 06:30:00,2024-02-04 23:00:00,2.0,2.0,0.0,70184000.0,35092000.0,0,0,0,1,0,0,1,0,True,False,True,1,32.0,After 7 days,1 feature,0 failed,2024-01
U04692,25-34,Tier 1,Low,Organic,Android,2024-01-02,,,0.0,0.0,0.0,0.0,0.0,0,0,0,0,0,0,0,0,False,False,True,0,,No transaction,0 features,0 failed,2024-01
U04693,25-34,Tier 1,High,Organic,Android,2024-03-30,2024-03-31 19:17:00,2024-04-07 12:00:00,9.0,7.0,2.0,274961000.0,30551222.222222224,0,1,0,0,1,1,3,1,True,False,True,1,6.0,Within 7 days,2+ features,1-2 failed,2024-03
U04694,25-34,Tier 3,Mid,Referral,Android,2024-02-13,,,0.0,0.0,0.0,0.0,0.0,0,0,0,0,0,0,0,0,False,False,True,0,,No transaction,0 features,0 failed,2024-02
U04695,25-34,Tier 1,Low,Paid Ads,iOS,2024-04-14,,,0.0,0.0,0.0,0.0,0.0,0,0,0,0,0,0,0,0,False,False,True,0,,No transaction,0 features,0 failed,2024-04
U04696,45-54,Tier 2,Mid,Organic,Android,2024-01-16,,,0.0,0.0,0.0,0.0,0.0,0,0,0,0,0,0,0,0,False,False,True,0,,No transaction,0 features,0 failed,2024-01
U04697,25-34,Tier 1,Low,Paid Ads,Android,2024-04-20,,,0.0,0.0,0.0,0.0,0.0,0,0,0,0,0,0,0,0,False,False,True,0,,No transaction,0 features,0 failed,2024-04
U04698,25-34,Tier 2,Mid,Paid Ads,Android,2024-02-24,,,0.0,0.0,0.0,0.0,0.0,0,0,0,0,0,0,0,0,False,False,True,0,,No transaction,0 features,0 failed,2024-02
U04699,18-24,Tier 2,Low,Referral,iOS,2024-03-29,,,0.0,0.0,0.0,0.0,0.0,0,0,0,0,0,0,0,0,False,False,True,0,,No transaction,0 features,0 failed,2024-03
U04700,55+,Tier 3,Mid,Paid Ads,Android,2024-01-17,2024-01-18 07:07:00,2024-01-19 19:00:00,8.0,8.0,0.0,24098000.0,3012250.0,1,0,0,1,1,0,3,1,True,True,False,1,1.0,Within 7 days,2+ features,0 failed,2024-01
U04701,18-24,Tier 2,High,Paid Ads,iOS,2024-03-02,,,0.0,0.0,0.0,0.0,0.0,0,0,0,0,0,0,0,0,False,False,True,0,,No transaction,0 features,0 failed,2024-03
U04702,18-24,Tier 1,Low,Paid Ads,iOS,2024-01-10,,,0.0,0.0,0.0,0.0,0.0,0,0,0,0,0,0,0,0,False,False,True,0,,No transaction,0 features,0 failed,2024-01
U04703,35-44,Tier 2,Mid,Referral,iOS,2024-01-30,2024-01-31 09:15:00,2024-01-31 22:00:00,10.0,10.0,0.0,60821000.0,6082100.0,1,1,1,0,1,0,4,1,True,True,False,1,0.0,Within 7 days,2+ features,0 failed,2024-01
U04704,25-34,Tier 3,Mid,Paid Ads,iOS,2024-02-19,2024-02-20 23:01:00,2024-02-24 02:00:00,18.0,16.0,2.0,72194000.0,4010777.777777778,1,1,1,0,1,1,5,1,False,False,True,1,3.0,Within 7 days,2+ features,1-2 failed,2024-02
U04705,25-34,Tier 1,High,Branch,Android,2024-01-12,,,0.0,0.0,0.0,0.0,0.0,0,0,0,0,0,0,0,0,False,False,True,0,,No transaction,0 features,0 failed,2024-01
U04706,25-34,Tier 1,Mid,Referral,Android,2024-04-03,2024-04-04 05:04:00,2024-05-08 10:00:00,7.0,7.0,0.0,29085000.0,4155000.0,0,1,0,1,1,0,3,1,True,True,False,1,34.0,After 7 days,2+ features,0 failed,2024-04
U04707,35-44,Tier 1,Mid,Referral,iOS,2024-04-13,2024-04-14 01:27:00,,0.0,0.0,0.0,0.0,0.0,0,0,0,0,0,0,0,0,False,False,True,1,,No transaction,0 features,0 failed,2024-04
U04708,18-24,Tier 2,Mid,Paid Ads,iOS,2024-01-14,2024-01-14 23:24:00,2024-01-30 00:00:00,7.0,5.0,2.0,49996000.0,7142285.714285715,0,1,0,0,1,0,2,1,False,False,True,1,15.0,After 7 days,2+ features,1-2 failed,2024-01
U04709,35-44,Tier 1,Low,Organic,Android,2024-01-14,,,0.0,0.0,0.0,0.0,0.0,0,0,0,0,0,0,0,0,False,False,True,0,,No transaction,0 features,0 failed,2024-01
U04710,25-34,Tier 2,Low,Paid Ads,iOS,2024-02-10,2024-02-11 21:14:00,,0.0,0.0,0.0,0.0,0.0,1,0,1,0,0,0,2,1,True,False,True,1,,No transaction,2+ features,0 failed,2024-02
U04711,25-34,Tier 1,Mid,Referral,Android,2024-02-17,,,0.0,0.0,0.0,0.0,0.0,0,0,0,0,0,0,0,0,False,False,True,0,,No transaction,0 features,0 failed,2024-02
U04712,25-34,Tier 3,Low,Organic,Android,2024-04-22,,,0.0,0.0,0.0,0.0,0.0,0,0,0,0,0,0,0,0,False,False,True,0,,No transaction,0 features,0 failed,2024-04
U04713,18-24,Tier 1,Mid,Paid Ads,Android,2024-02-08,,,0.0,0.0,0.0,0.0,0.0,0,0,0,0,0,0,0,0,False,False,True,0,,No transaction,0 features,0 failed,2024-02
U04714,35-44,Tier 1,Mid,Organic,Android,2024-01-18,,,0.0,0.0,0.0,0.0,0.0,0,0,0,0,0,0,0,0,False,False,True,0,,No transaction,0 features,0 failed,2024-01
U04715,25-34,Tier 2,Mid,Referral,Android,2024-02-18,,,0.0,0.0,0.0,0.0,0.0,0,0,0,0,0,0,0,0,False,False,True,0,,No transaction,0 features,0 failed,2024-02
U04716,25-34,Tier 2,Low,Organic,Android,2024-04-09,,,0.0,0.0,0.0,0.0,0.0,0,0,0,0,0,0,0,0,False,False,True,0,,No transaction,0 features,0 failed,2024-04
U04717,25-34,Tier 1,High,Organic,Android,2024-04-14,,,0.0,0.0,0.0,0.0,0.0,0,0,0,0,0,0,0,0,False,False,True,0,,No transaction,0 features,0 failed,2024-04
U04718,55+,Tier 1,High,Partnership,iOS,2024-04-06,,,0.0,0.0,0.0,0.0,0.0,0,0,0,0,0,0,0,0,False,False,True,0,,No transaction,0 features,0 failed,2024-04
U04719,25-34,Tier 1,Low,Branch,Android,2024-04-21,,,0.0,0.0,0.0,0.0,0.0,0,0,0,0,0,0,0,0,False,False,True,0,,No transaction,0 features,0 failed,2024-04
U04720,45-54,Tier 2,Mid,Organic,Android,2024-01-18,,,0.0,0.0,0.0,0.0,0.0,0,0,0,0,0,0,0,0,False,False,True,0,,No transaction,0 features,0 failed,2024-01
U04721,25-34,Tier 2,Mid,Paid Ads,Android,2024-03-23,,,0.0,0.0,0.0,0.0,0.0,0,0,0,0,0,0,0,0,False,False,True,0,,No transaction,0 features,0 failed,2024-03
U04722,18-24,Tier 2,Low,Referral,Android,2024-03-27,,,0.0,0.0,0.0,0.0,0.0,0,0,0,0,0,0,0,0,False,False,True,0,,No transaction,0 features,0 failed,2024-03
U04723,18-24,Tier 2,Mid,Paid Ads,Android,2024-01-19,2024-01-19 23:08:00,2024-01-23 00:00:00,5.0,5.0,0.0,24188000.0,4837600.0,0,1,1,0,0,0,2,0,True,False,True,1,3.0,Within 7 days,2+ features,0 failed,2024-01
U04724,25-34,Tier 2,Low,Referral,Android,2024-01-09,,,0.0,0.0,0.0,0.0,0.0,0,0,0,0,0,0,0,0,False,False,True,0,,No transaction,0 features,0 failed,2024-01
U04725,18-24,Tier 1,High,Referral,iOS,2024-03-08,,,0.0,0.0,0.0,0.0,0.0,0,0,0,0,0,0,0,0,False,False,True,0,,No transaction,0 features,0 failed,2024-03
U04726,18-24,Tier 3,High,Paid Ads,Android,2024-03-13,,,0.0,0.0,0.0,0.0,0.0,0,0,0,0,0,0,0,0,False,False,True,0,,No transaction,0 features,0 failed,2024-03
U04727,45-54,Tier 3,Mid,Organic,iOS,2024-01-02,2024-01-03 09:18:00,2024-01-25 04:00:00,4.0,4.0,0.0,26906000.0,6726500.0,0,0,0,1,1,0,2,1,True,True,False,1,21.0,After 7 days,2+ features,0 failed,2024-01
U04728,35-44,Tier 1,Mid,Organic,iOS,2024-03-19,2024-03-20 06:12:00,2024-03-22 15:00:00,14.0,14.0,0.0,69186000.0,4941857.142857143,1,1,1,1,1,0,5,1,True,False,True,1,2.0,Within 7 days,2+ features,0 failed,2024-03
U04729,35-44,Tier 1,High,Partnership,iOS,2024-03-24,,,0.0,0.0,0.0,0.0,0.0,0,0,0,0,0,0,0,0,False,False,True,0,,No transaction,0 features,0 failed,2024-03
U04730,18-24,Tier 1,High,Paid Ads,Android,2024-01-22,,,0.0,0.0,0.0,0.0,0.0,0,0,0,0,0,0,0,0,False,False,True,0,,No transaction,0 features,0 failed,2024-01
U04731,18-24,Tier 1,High,Paid Ads,Android,2024-02-26,,,0.0,0.0,0.0,0.0,0.0,0,0,0,0,0,0,0,0,False,False,True,0,,No transaction,0 features,0 failed,2024-02
U04732,18-24,Tier 2,Low,Paid Ads,Android,2024-02-14,,,0.0,0.0,0.0,0.0,0.0,0,0,0,0,0,0,0,0,False,False,True,0,,No transaction,0 features,0 failed,2024-02
U04733,35-44,Tier 2,Low,Paid Ads,Android,2024-04-02,,,0.0,0.0,0.0,0.0,0.0,0,0,0,0,0,0,0,0,False,False,True,0,,No transaction,0 features,0 failed,2024-04
U04734,45-54,Tier 2,Mid,Referral,Android,2024-01-28,,,0.0,0.0,0.0,0.0,0.0,0,0,0,0,0,0,0,0,False,False,True,0,,No transaction,0 features,0 failed,2024-01
U04735,25-34,Tier 2,Mid,Referral,iOS,2024-03-21,,,0.0,0.0,0.0,0.0,0.0,0,0,0,0,0,0,0,0,False,False,True,0,,No transaction,0 features,0 failed,2024-03
U04736,18-24,Tier 2,Low,Paid Ads,Android,2024-04-05,,,0.0,0.0,0.0,0.0,0.0,0,0,0,0,0,0,0,0,False,False,True,0,,No transaction,0 features,0 failed,2024-04
U04737,25-34,Tier 2,Low,Paid Ads,Android,2024-01-20,2024-01-21 15:05:00,2024-01-22 08:00:00,10.0,9.0,1.0,14070000.0,1407000.0,0,1,1,1,1,0,4,1,True,True,False,1,0.0,Within 7 days,2+ features,1-2 failed,2024-01
U04738,25-34,Tier 1,High,Paid Ads,Android,2024-02-22,,,0.0,0.0,0.0,0.0,0.0,0,0,0,0,0,0,0,0,False,False,True,0,,No transaction,0 features,0 failed,2024-02
U04739,25-34,Tier 1,High,Paid Ads,iOS,2024-03-19,,,0.0,0.0,0.0,0.0,0.0,0,0,0,0,0,0,0,0,False,False,True,0,,No transaction,0 features,0 failed,2024-03
U04740,25-34,Tier 2,Mid,Referral,Android,2024-03-28,,,0.0,0.0,0.0,0.0,0.0,0,0,0,0,0,0,0,0,False,False,True,0,,No transaction,0 features,0 failed,2024-03
U04741,35-44,Tier 1,High,Referral,Android,2024-02-26,,,0.0,0.0,0.0,0.0,0.0,0,0,0,0,0,0,0,0,False,False,True,0,,No transaction,0 features,0 failed,2024-02
U04742,18-24,Tier 1,Mid,Referral,Android,2024-04-20,,,0.0,0.0,0.0,0.0,0.0,0,0,0,0,0,0,0,0,False,False,True,0,,No transaction,0 features,0 failed,2024-04
U04743,18-24,Tier 3,High,Paid Ads,Android,2024-01-28,,,0.0,0.0,0.0,0.0,0.0,0,0,0,0,0,0,0,0,False,False,True,0,,No transaction,0 features,0 failed,2024-01
U04744,55+,Tier 2,Mid,Paid Ads,iOS,2024-01-12,,,0.0,0.0,0.0,0.0,0.0,0,0,0,0,0,0,0,0,False,False,True,0,,No transaction,0 features,0 failed,2024-01
U04745,18-24,Tier 1,Low,Partnership,iOS,2024-04-24,,,0.0,0.0,0.0,0.0,0.0,0,0,0,0,0,0,0,0,False,False,True,0,,No transaction,0 features,0 failed,2024-04
U04746,18-24,Tier 2,Mid,Paid Ads,Android,2024-01-13,2024-01-14 14:20:00,2024-02-02 10:00:00,4.0,4.0,0.0,32565000.0,8141250.0,1,0,0,0,0,0,1,1,True,False,True,1,18.0,After 7 days,1 feature,0 failed,2024-01
U04747,18-24,Tier 2,Mid,Partnership,Android,2024-01-18,,,0.0,0.0,0.0,0.0,0.0,0,0,0,0,0,0,0,0,False,False,True,0,,No transaction,0 features,0 failed,2024-01
U04748,18-24,Tier 1,Mid,Paid Ads,iOS,2024-04-06,,,0.0,0.0,0.0,0.0,0.0,0,0,0,0,0,0,0,0,False,False,True,0,,No transaction,0 features,0 failed,2024-04
U04749,25-34,Tier 1,Low,Branch,Android,2024-01-16,2024-01-17 20:20:00,2024-01-23 07:00:00,6.0,6.0,0.0,7145000.0,1190833.3333333333,0,1,0,0,0,0,1,0,False,False,True,1,5.0,Within 7 days,1 feature,0 failed,2024-01
U04750,35-44,Tier 3,High,Paid Ads,iOS,2024-03-16,,,0.0,0.0,0.0,0.0,0.0,0,0,0,0,0,0,0,0,False,False,True,0,,No transaction,0 features,0 failed,2024-03
U04751,25-34,Tier 1,Low,Branch,Android,2024-04-03,,,0.0,0.0,0.0,0.0,0.0,0,0,0,0,0,0,0,0,False,False,True,0,,No transaction,0 features,0 failed,2024-04
U04752,25-34,Tier 1,Low,Organic,Android,2024-02-19,,,0.0,0.0,0.0,0.0,0.0,0,0,0,0,0,0,0,0,False,False,True,0,,No transaction,0 features,0 failed,2024-02
U04753,35-44,Tier 2,Mid,Organic,Android,2024-02-14,,,0.0,0.0,0.0,0.0,0.0,0,0,0,0,0,0,0,0,False,False,True,0,,No transaction,0 features,0 failed,2024-02
U04754,25-34,Tier 2,Mid,Paid Ads,Android,2024-02-24,2024-02-25 05:28:00,2024-02-26 23:00:00,13.0,11.0,2.0,64072000.0,4928615.384615385,1,0,0,1,1,1,4,1,True,True,False,1,1.0,Within 7 days,2+ features,1-2 failed,2024-02
U04755,45-54,Tier 1,Mid,Branch,iOS,2024-02-10,2024-02-11 16:14:00,2024-02-19 12:00:00,7.0,7.0,0.0,26103000.0,3729000.0,0,1,0,0,1,1,3,1,False,False,True,1,7.0,Within 7 days,2+ features,0 failed,2024-02
U04756,45-54,Tier 1,Mid,Referral,iOS,2024-04-11,,,0.0,0.0,0.0,0.0,0.0,0,0,0,0,0,0,0,0,False,False,True,0,,No transaction,0 features,0 failed,2024-04
U04757,18-24,Tier 1,Mid,Organic,Android,2024-01-18,,,0.0,0.0,0.0,0.0,0.0,0,0,0,0,0,0,0,0,False,False,True,0,,No transaction,0 features,0 failed,2024-01
U04758,35-44,Tier 3,Mid,Paid Ads,Android,2024-02-01,,,0.0,0.0,0.0,0.0,0.0,0,0,0,0,0,0,0,0,False,False,True,0,,No transaction,0 features,0 failed,2024-02
U04759,25-34,Tier 1,Mid,Paid Ads,Android,2024-02-05,,,0.0,0.0,0.0,0.0,0.0,0,0,0,0,0,0,0,0,False,False,True,0,,No transaction,0 features,0 failed,2024-02
U04760,55+,Tier 2,Low,Referral,iOS,2024-03-23,,,0.0,0.0,0.0,0.0,0.0,0,0,0,0,0,0,0,0,False,False,True,0,,No transaction,0 features,0 failed,2024-03
U04761,25-34,Tier 3,Mid,Paid Ads,Android,2024-01-11,,,0.0,0.0,0.0,0.0,0.0,0,0,0,0,0,0,0,0,False,False,True,0,,No transaction,0 features,0 failed,2024-01
U04762,55+,Tier 1,High,Branch,Android,2024-02-01,,,0.0,0.0,0.0,0.0,0.0,0,0,0,0,0,0,0,0,False,False,True,0,,No transaction,0 features,0 failed,2024-02
U04763,35-44,Tier 3,Low,Partnership,Android,2024-03-11,2024-03-12 23:24:00,2024-03-23 21:00:00,4.0,3.0,1.0,6337000.0,1584250.0,0,0,0,0,1,0,1,1,True,False,True,1,10.0,After 7 days,1 feature,1-2 failed,2024-03
U04764,18-24,Tier 3,Mid,Referral,Android,2024-03-17,,,0.0,0.0,0.0,0.0,0.0,0,0,0,0,0,0,0,0,False,False,True,0,,No transaction,0 features,0 failed,2024-03
U04765,25-34,Tier 3,High,Referral,iOS,2024-03-17,,,0.0,0.0,0.0,0.0,0.0,0,0,0,0,0,0,0,0,False,False,True,0,,No transaction,0 features,0 failed,2024-03
U04766,55+,Tier 1,Mid,Referral,iOS,2024-04-02,,,0.0,0.0,0.0,0.0,0.0,0,0,0,0,0,0,0,0,False,False,True,0,,No transaction,0 features,0 failed,2024-04
U04767,45-54,Tier 2,Mid,Referral,Android,2024-03-18,,,0.0,0.0,0.0,0.0,0.0,0,0,0,0,0,0,0,0,False,False,True,0,,No transaction,0 features,0 failed,2024-03
U04768,18-24,Tier 2,High,Organic,iOS,2024-02-06,2024-02-07 06:04:00,2024-02-21 11:00:00,11.0,11.0,0.0,254570000.0,23142727.272727273,1,0,1,1,0,0,3,1,True,True,False,1,14.0,After 7 days,2+ features,0 failed,2024-02
U04769,35-44,Tier 3,Low,Partnership,Android,2024-04-09,,,0.0,0.0,0.0,0.0,0.0,0,0,0,0,0,0,0,0,False,False,True,0,,No transaction,0 features,0 failed,2024-04
U04770,25-34,Tier 1,Low,Referral,iOS,2024-03-29,2024-03-31 01:05:00,2024-03-31 13:00:00,10.0,8.0,2.0,8975000.0,897500.0,1,0,1,0,1,0,3,1,True,False,True,1,0.0,Within 7 days,2+ features,1-2 failed,2024-03
U04771,18-24,Tier 2,High,Partnership,Android,2024-01-04,,,0.0,0.0,0.0,0.0,0.0,0,0,0,0,0,0,0,0,False,False,True,0,,No transaction,0 features,0 failed,2024-01
U04772,25-34,Tier 1,High,Branch,Android,2024-04-18,,,0.0,0.0,0.0,0.0,0.0,0,0,0,0,0,0,0,0,False,False,True,0,,No transaction,0 features,0 failed,2024-04
U04773,18-24,Tier 1,Mid,Organic,Android,2024-04-18,,,0.0,0.0,0.0,0.0,0.0,0,0,0,0,0,0,0,0,False,False,True,0,,No transaction,0 features,0 failed,2024-04
U04774,35-44,Tier 1,Mid,Branch,Android,2024-03-25,,,0.0,0.0,0.0,0.0,0.0,0,0,0,0,0,0,0,0,False,False,True,0,,No transaction,0 features,0 failed,2024-03
U04775,25-34,Tier 2,High,Paid Ads,Android,2024-04-22,,,0.0,0.0,0.0,0.0,0.0,0,0,0,0,0,0,0,0,False,False,True,0,,No transaction,0 features,0 failed,2024-04
U04776,35-44,Tier 2,Mid,Paid Ads,iOS,2024-02-08,,,0.0,0.0,0.0,0.0,0.0,0,0,0,0,0,0,0,0,False,False,True,0,,No transaction,0 features,0 failed,2024-02
U04777,18-24,Tier 2,Low,Referral,iOS,2024-01-27,2024-01-27 16:03:00,2024-01-29 20:00:00,9.0,8.0,1.0,9624000.0,1069333.3333333333,0,0,1,1,0,0,2,0,True,True,False,1,2.0,Within 7 days,2+ features,1-2 failed,2024-01
U04778,25-34,Tier 3,Low,Paid Ads,Android,2024-03-07,2024-03-08 07:09:00,,0.0,0.0,0.0,0.0,0.0,0,1,0,0,0,0,1,0,True,False,True,1,,No transaction,1 feature,0 failed,2024-03
U04779,18-24,Tier 1,Mid,Referral,Android,2024-03-18,,,0.0,0.0,0.0,0.0,0.0,0,0,0,0,0,0,0,0,False,False,True,0,,No transaction,0 features,0 failed,2024-03
U04780,18-24,Tier 2,High,Paid Ads,Android,2024-03-06,,,0.0,0.0,0.0,0.0,0.0,0,0,0,0,0,0,0,0,False,False,True,0,,No transaction,0 features,0 failed,2024-03
U04781,18-24,Tier 1,High,Organic,Android,2024-01-25,2024-01-25 22:17:00,2024-01-31 11:00:00,12.0,10.0,2.0,351341000.0,29278416.666666668,1,0,1,1,0,1,4,1,True,True,False,1,5.0,Within 7 days,2+ features,1-2 failed,2024-01
U04782,18-24,Tier 1,High,Paid Ads,Android,2024-04-05,,,0.0,0.0,0.0,0.0,0.0,0,0,0,0,0,0,0,0,False,False,True,0,,No transaction,0 features,0 failed,2024-04
U04783,25-34,Tier 2,High,Referral,Android,2024-02-20,2024-02-21 02:18:00,2024-03-01 16:00:00,9.0,8.0,1.0,271356000.0,30150666.666666668,0,0,0,1,1,1,3,1,True,True,False,1,9.0,After 7 days,2+ features,1-2 failed,2024-02
U04784,18-24,Tier 3,Mid,Organic,Android,2024-02-07,2024-02-08 05:23:00,,0.0,0.0,0.0,0.0,0.0,0,0,0,0,0,1,1,0,False,False,True,1,,No transaction,1 feature,0 failed,2024-02
U04785,25-34,Tier 2,Mid,Paid Ads,Android,2024-03-23,,,0.0,0.0,0.0,0.0,0.0,0,0,0,0,0,0,0,0,False,False,True,0,,No transaction,0 features,0 failed,2024-03
U04786,25-34,Tier 2,Mid,Paid Ads,Android,2024-01-07,2024-01-07 21:09:00,2024-01-10 14:00:00,9.0,8.0,1.0,52900000.0,5877777.777777778,0,1,0,0,1,1,3,1,False,False,True,1,2.0,Within 7 days,2+ features,1-2 failed,2024-01
U04787,45-54,Tier 1,Mid,Referral,Android,2024-04-10,2024-04-11 12:12:00,2024-04-21 08:00:00,11.0,11.0,0.0,72732000.0,6612000.0,1,0,0,0,1,1,3,1,True,False,True,1,9.0,After 7 days,2+ features,0 failed,2024-04
U04788,45-54,Tier 1,Mid,Organic,iOS,2024-04-24,2024-04-25 09:04:00,2024-05-13 11:00:00,11.0,11.0,0.0,57639000.0,5239909.090909091,0,1,1,1,0,1,4,0,True,True,False,1,18.0,After 7 days,2+ features,0 failed,2024-04
U04789,25-34,Tier 2,Low,Partnership,Android,2024-04-11,2024-04-12 09:20:00,2024-04-15 13:00:00,4.0,4.0,0.0,5570000.0,1392500.0,1,0,0,0,0,0,1,1,False,False,True,1,3.0,Within 7 days,1 feature,0 failed,2024-04
U04790,25-34,Tier 1,High,Paid Ads,Android,2024-01-31,,,0.0,0.0,0.0,0.0,0.0,0,0,0,0,0,0,0,0,False,False,True,0,,No transaction,0 features,0 failed,2024-01
U04791,18-24,Tier 1,Mid,Organic,Android,2024-03-04,2024-03-05 07:26:00,2024-03-10 06:00:00,18.0,16.0,2.0,82750000.0,4597222.222222222,0,1,1,1,1,1,5,1,True,True,False,1,4.0,Within 7 days,2+ features,1-2 failed,2024-03
U04792,55+,Tier 2,Mid,Paid Ads,Android,2024-02-19,,,0.0,0.0,0.0,0.0,0.0,0,0,0,0,0,0,0,0,False,False,True,0,,No transaction,0 features,0 failed,2024-02
U04793,18-24,Tier 1,Mid,Paid Ads,iOS,2024-01-15,,,0.0,0.0,0.0,0.0,0.0,0,0,0,0,0,0,0,0,False,False,True,0,,No transaction,0 features,0 failed,2024-01
U04794,18-24,Tier 1,Mid,Organic,Android,2024-01-31,2024-02-01 09:19:00,2024-02-26 09:00:00,7.0,7.0,0.0,25745000.0,3677857.1428571427,0,0,0,0,1,0,1,1,True,True,False,1,24.0,After 7 days,1 feature,0 failed,2024-01
U04795,18-24,Tier 2,Low,Paid Ads,iOS,2024-03-04,,,0.0,0.0,0.0,0.0,0.0,0,0,0,0,0,0,0,0,False,False,True,0,,No transaction,0 features,0 failed,2024-03
U04796,25-34,Tier 2,High,Partnership,Android,2024-03-22,,,0.0,0.0,0.0,0.0,0.0,0,0,0,0,0,0,0,0,False,False,True,0,,No transaction,0 features,0 failed,2024-03
U04797,18-24,Tier 3,Low,Paid Ads,iOS,2024-03-17,,,0.0,0.0,0.0,0.0,0.0,0,0,0,0,0,0,0,0,False,False,True,0,,No transaction,0 features,0 failed,2024-03
U04798,35-44,Tier 2,Low,Organic,iOS,2024-01-10,,,0.0,0.0,0.0,0.0,0.0,0,0,0,0,0,0,0,0,False,False,True,0,,No transaction,0 features,0 failed,2024-01
U04799,18-24,Tier 1,Mid,Partnership,Android,2024-03-08,,,0.0,0.0,0.0,0.0,0.0,0,0,0,0,0,0,0,0,False,False,True,0,,No transaction,0 features,0 failed,2024-03
U04800,25-34,Tier 3,Mid,Referral,iOS,2024-04-23,2024-04-24 15:29:00,2024-04-26 00:00:00,9.0,8.0,1.0,62371000.0,6930111.111111111,1,1,0,0,0,0,2,1,True,True,False,1,1.0,Within 7 days,2+ features,1-2 failed,2024-04
U04801,18-24,Tier 2,High,Branch,Android,2024-01-02,2024-01-03 07:07:00,2024-01-08 04:00:00,13.0,13.0,0.0,316305000.0,24331153.846153848,1,1,0,1,0,0,3,1,True,True,False,1,4.0,Within 7 days,2+ features,0 failed,2024-01
U04802,18-24,Tier 1,High,Organic,iOS,2024-02-16,,,0.0,0.0,0.0,0.0,0.0,0,0,0,0,0,0,0,0,False,False,True,0,,No transaction,0 features,0 failed,2024-02
U04803,45-54,Tier 1,High,Paid Ads,iOS,2024-02-10,,,0.0,0.0,0.0,0.0,0.0,0,0,0,0,0,0,0,0,False,False,True,0,,No transaction,0 features,0 failed,2024-02
U04804,18-24,Tier 2,Low,Paid Ads,iOS,2024-01-17,2024-01-18 08:05:00,2024-02-22 03:00:00,4.0,3.0,1.0,4357000.0,1089250.0,0,0,1,0,1,0,2,1,True,False,True,1,34.0,After 7 days,2+ features,1-2 failed,2024-01
U04805,35-44,Tier 2,Low,Organic,Android,2024-02-19,,,0.0,0.0,0.0,0.0,0.0,0,0,0,0,0,0,0,0,False,False,True,0,,No transaction,0 features,0 failed,2024-02
U04806,25-34,Tier 2,Mid,Partnership,iOS,2024-04-20,,,0.0,0.0,0.0,0.0,0.0,0,0,0,0,0,0,0,0,False,False,True,0,,No transaction,0 features,0 failed,2024-04
U04807,18-24,Tier 2,Low,Paid Ads,Android,2024-04-17,,,0.0,0.0,0.0,0.0,0.0,0,0,0,0,0,0,0,0,False,False,True,0,,No transaction,0 features,0 failed,2024-04
U04808,55+,Tier 2,High,Organic,Android,2024-03-13,2024-03-14 18:04:00,2024-03-22 20:00:00,4.0,4.0,0.0,80736000.0,20184000.0,1,0,0,0,1,0,2,1,True,True,False,1,8.0,After 7 days,2+ features,0 failed,2024-03
U04809,18-24,Tier 3,Mid,Paid Ads,Android,2024-02-23,,,0.0,0.0,0.0,0.0,0.0,0,0,0,0,0,0,0,0,False,False,True,0,,No transaction,0 features,0 failed,2024-02
U04810,45-54,Tier 2,High,Paid Ads,iOS,2024-02-16,,,0.0,0.0,0.0,0.0,0.0,0,0,0,0,0,0,0,0,False,False,True,0,,No transaction,0 features,0 failed,2024-02
U04811,18-24,Tier 1,Low,Organic,Android,2024-03-10,,,0.0,0.0,0.0,0.0,0.0,0,0,0,0,0,0,0,0,False,False,True,0,,No transaction,0 features,0 failed,2024-03
U04812,45-54,Tier 3,Mid,Branch,Android,2024-03-28,,,0.0,0.0,0.0,0.0,0.0,0,0,0,0,0,0,0,0,False,False,True,0,,No transaction,0 features,0 failed,2024-03
U04813,18-24,Tier 1,Mid,Partnership,Android,2024-01-23,2024-01-24 07:20:00,2024-01-27 03:00:00,4.0,4.0,0.0,22246000.0,5561500.0,1,1,0,1,1,0,4,1,True,False,True,1,2.0,Within 7 days,2+ features,0 failed,2024-01
U04814,25-34,Tier 2,Low,Referral,Android,2024-04-07,2024-04-08 11:17:00,2024-04-25 16:00:00,5.0,5.0,0.0,3337000.0,667400.0,1,1,0,0,1,0,3,1,True,True,False,1,17.0,After 7 days,2+ features,0 failed,2024-04
U04815,35-44,Tier 3,Mid,Paid Ads,iOS,2024-03-01,2024-03-02 17:07:00,2024-03-08 09:00:00,9.0,8.0,1.0,45852000.0,5094666.666666667,1,0,1,0,0,0,2,1,True,False,True,1,5.0,Within 7 days,2+ features,1-2 failed,2024-03
U04816,45-54,Tier 2,Mid,Referral,iOS,2024-04-08,2024-04-09 15:27:00,2024-05-20 19:00:00,1.0,1.0,0.0,2606000.0,2606000.0,1,0,0,0,0,0,1,1,True,True,False,1,41.0,After 7 days,1 feature,0 failed,2024-04
U04817,45-54,Tier 2,Mid,Partnership,Android,2024-01-10,,,0.0,0.0,0.0,0.0,0.0,0,0,0,0,0,0,0,0,False,False,True,0,,No transaction,0 features,0 failed,2024-01
U04818,35-44,Tier 2,Mid,Branch,Android,2024-01-03,,,0.0,0.0,0.0,0.0,0.0,0,0,0,0,0,0,0,0,False,False,True,0,,No transaction,0 features,0 failed,2024-01
U04819,45-54,Tier 1,Low,Referral,Android,2024-03-16,2024-03-17 02:07:00,2024-05-06 02:00:00,1.0,1.0,0.0,343000.0,343000.0,0,0,0,0,0,0,0,0,True,False,True,1,49.0,After 7 days,0 features,0 failed,2024-03
U04820,18-24,Tier 1,Mid,Partnership,Android,2024-01-09,,,0.0,0.0,0.0,0.0,0.0,0,0,0,0,0,0,0,0,False,False,True,0,,No transaction,0 features,0 failed,2024-01
U04821,18-24,Tier 2,Mid,Paid Ads,Android,2024-01-02,,,0.0,0.0,0.0,0.0,0.0,0,0,0,0,0,0,0,0,False,False,True,0,,No transaction,0 features,0 failed,2024-01
U04822,18-24,Tier 2,Low,Referral,Android,2024-02-03,,,0.0,0.0,0.0,0.0,0.0,0,0,0,0,0,0,0,0,False,False,True,0,,No transaction,0 features,0 failed,2024-02
U04823,25-34,Tier 2,Mid,Branch,Android,2024-01-28,2024-01-29 12:07:00,2024-02-18 12:00:00,3.0,3.0,0.0,15259000.0,5086333.333333333,0,0,0,0,1,0,1,1,True,False,True,1,19.0,After 7 days,1 feature,0 failed,2024-01
U04824,25-34,Tier 1,Low,Paid Ads,Android,2024-01-06,,,0.0,0.0,0.0,0.0,0.0,0,0,0,0,0,0,0,0,False,False,True,0,,No transaction,0 features,0 failed,2024-01
U04825,25-34,Tier 2,Mid,Paid Ads,Android,2024-01-08,2024-01-09 09:19:00,2024-01-10 05:00:00,18.0,18.0,0.0,86708000.0,4817111.111111111,1,1,1,1,0,1,5,1,False,False,True,1,0.0,Within 7 days,2+ features,0 failed,2024-01
U04826,18-24,Tier 2,Low,Paid Ads,Android,2024-04-11,,,0.0,0.0,0.0,0.0,0.0,0,0,0,0,0,0,0,0,False,False,True,0,,No transaction,0 features,0 failed,2024-04
U04827,35-44,Tier 2,Mid,Referral,Android,2024-02-20,,,0.0,0.0,0.0,0.0,0.0,0,0,0,0,0,0,0,0,False,False,True,0,,No transaction,0 features,0 failed,2024-02
U04828,18-24,Tier 2,Mid,Referral,Android,2024-03-05,,,0.0,0.0,0.0,0.0,0.0,0,0,0,0,0,0,0,0,False,False,True,0,,No transaction,0 features,0 failed,2024-03
U04829,25-34,Tier 2,Mid,Branch,iOS,2024-02-06,,,0.0,0.0,0.0,0.0,0.0,0,0,0,0,0,0,0,0,False,False,True,0,,No transaction,0 features,0 failed,2024-02
U04830,25-34,Tier 2,High,Paid Ads,Android,2024-03-21,,,0.0,0.0,0.0,0.0,0.0,0,0,0,0,0,0,0,0,False,False,True,0,,No transaction,0 features,0 failed,2024-03
U04831,35-44,Tier 1,Mid,Partnership,Android,2024-04-01,,,0.0,0.0,0.0,0.0,0.0,0,0,0,0,0,0,0,0,False,False,True,0,,No transaction,0 features,0 failed,2024-04
U04832,35-44,Tier 3,Mid,Referral,Android,2024-03-05,,,0.0,0.0,0.0,0.0,0.0,0,0,0,0,0,0,0,0,False,False,True,0,,No transaction,0 features,0 failed,2024-03
U04833,25-34,Tier 1,High,Paid Ads,iOS,2024-04-08,,,0.0,0.0,0.0,0.0,0.0,0,0,0,0,0,0,0,0,False,False,True,0,,No transaction,0 features,0 failed,2024-04
U04834,18-24,Tier 3,Mid,Branch,iOS,2024-02-23,,,0.0,0.0,0.0,0.0,0.0,0,0,0,0,0,0,0,0,False,False,True,0,,No transaction,0 features,0 failed,2024-02
U04835,25-34,Tier 1,Mid,Referral,iOS,2024-02-24,,,0.0,0.0,0.0,0.0,0.0,0,0,0,0,0,0,0,0,False,False,True,0,,No transaction,0 features,0 failed,2024-02
U04836,18-24,Tier 1,Mid,Organic,Android,2024-03-30,,,0.0,0.0,0.0,0.0,0.0,0,0,0,0,0,0,0,0,False,False,True,0,,No transaction,0 features,0 failed,2024-03
U04837,25-34,Tier 3,Mid,Paid Ads,Android,2024-02-21,,,0.0,0.0,0.0,0.0,0.0,0,0,0,0,0,0,0,0,False,False,True,0,,No transaction,0 features,0 failed,2024-02
U04838,25-34,Tier 1,Mid,Referral,iOS,2024-01-11,2024-01-12 10:10:00,2024-01-15 17:00:00,2.0,2.0,0.0,7841000.0,3920500.0,0,1,0,1,1,0,3,1,True,True,False,1,3.0,Within 7 days,2+ features,0 failed,2024-01
U04839,18-24,Tier 2,Low,Organic,Android,2024-03-22,,,0.0,0.0,0.0,0.0,0.0,0,0,0,0,0,0,0,0,False,False,True,0,,No transaction,0 features,0 failed,2024-03
U04840,18-24,Tier 3,Mid,Partnership,iOS,2024-03-09,,,0.0,0.0,0.0,0.0,0.0,0,0,0,0,0,0,0,0,False,False,True,0,,No transaction,0 features,0 failed,2024-03
U04841,55+,Tier 3,Low,Branch,Android,2024-03-09,2024-03-10 06:16:00,2024-03-19 21:00:00,16.0,14.0,2.0,21799000.0,1362437.5,1,1,1,0,1,1,5,1,False,False,True,1,9.0,After 7 days,2+ features,1-2 failed,2024-03
U04842,55+,Tier 3,Mid,Paid Ads,Android,2024-03-19,,,0.0,0.0,0.0,0.0,0.0,0,0,0,0,0,0,0,0,False,False,True,0,,No transaction,0 features,0 failed,2024-03
U04843,25-34,Tier 1,Low,Partnership,iOS,2024-01-20,,,0.0,0.0,0.0,0.0,0.0,0,0,0,0,0,0,0,0,False,False,True,0,,No transaction,0 features,0 failed,2024-01
U04844,18-24,Tier 2,Mid,Partnership,Android,2024-02-05,,,0.0,0.0,0.0,0.0,0.0,0,0,0,0,0,0,0,0,False,False,True,0,,No transaction,0 features,0 failed,2024-02
U04845,18-24,Tier 1,Mid,Paid Ads,Android,2024-01-11,,,0.0,0.0,0.0,0.0,0.0,0,0,0,0,0,0,0,0,False,False,True,0,,No transaction,0 features,0 failed,2024-01
U04846,25-34,Tier 1,Mid,Organic,Android,2024-02-09,2024-02-10 05:04:00,2024-02-17 14:00:00,1.0,1.0,0.0,8288000.0,8288000.0,0,0,0,0,0,0,0,0,False,False,True,1,7.0,Within 7 days,0 features,0 failed,2024-02
U04847,45-54,Tier 3,Mid,Organic,iOS,2024-01-11,,,0.0,0.0,0.0,0.0,0.0,0,0,0,0,0,0,0,0,False,False,True,0,,No transaction,0 features,0 failed,2024-01
U04848,18-24,Tier 1,High,Organic,Android,2024-03-06,2024-03-07 07:13:00,2024-03-08 04:00:00,6.0,6.0,0.0,157657000.0,26276166.666666668,0,1,1,0,0,1,3,0,True,True,False,1,0.0,Within 7 days,2+ features,0 failed,2024-03
U04849,35-44,Tier 2,Mid,Organic,Android,2024-01-27,2024-01-28 08:28:00,2024-03-22 10:00:00,2.0,2.0,0.0,10415000.0,5207500.0,0,0,0,0,0,0,0,0,False,False,True,1,54.0,After 7 days,0 features,0 failed,2024-01
U04850,18-24,Tier 2,Mid,Referral,Android,2024-04-13,2024-04-14 03:02:00,2024-05-08 17:00:00,4.0,4.0,0.0,18134000.0,4533500.0,0,0,0,1,1,1,3,1,True,True,False,1,24.0,After 7 days,2+ features,0 failed,2024-04
U04851,55+,Tier 2,High,Referral,iOS,2024-01-20,2024-01-21 05:20:00,2024-01-22 01:00:00,9.0,5.0,4.0,266196000.0,29577333.333333332,0,0,0,1,1,0,2,1,True,False,True,1,0.0,Within 7 days,2+ features,3+ failed,2024-01
U04852,25-34,Tier 3,Mid,Organic,iOS,2024-03-09,2024-03-10 06:19:00,,0.0,0.0,0.0,0.0,0.0,0,0,0,0,0,0,0,0,False,False,True,1,,No transaction,0 features,0 failed,2024-03
U04853,35-44,Tier 1,Mid,Organic,Android,2024-02-11,,,0.0,0.0,0.0,0.0,0.0,0,0,0,0,0,0,0,0,False,False,True,0,,No transaction,0 features,0 failed,2024-02
U04854,25-34,Tier 2,Low,Paid Ads,Android,2024-02-20,,,0.0,0.0,0.0,0.0,0.0,0,0,0,0,0,0,0,0,False,False,True,0,,No transaction,0 features,0 failed,2024-02
U04855,25-34,Tier 3,Mid,Referral,Android,2024-03-16,,,0.0,0.0,0.0,0.0,0.0,0,0,0,0,0,0,0,0,False,False,True,0,,No transaction,0 features,0 failed,2024-03
U04856,18-24,Tier 2,High,Partnership,Android,2024-03-22,,,0.0,0.0,0.0,0.0,0.0,0,0,0,0,0,0,0,0,False,False,True,0,,No transaction,0 features,0 failed,2024-03
U04857,18-24,Tier 1,Mid,Organic,iOS,2024-04-07,,,0.0,0.0,0.0,0.0,0.0,0,0,0,0,0,0,0,0,False,False,True,0,,No transaction,0 features,0 failed,2024-04
U04858,45-54,Tier 2,Mid,Partnership,Android,2024-04-16,,,0.0,0.0,0.0,0.0,0.0,0,0,0,0,0,0,0,0,False,False,True,0,,No transaction,0 features,0 failed,2024-04
U04859,45-54,Tier 1,Mid,Branch,Android,2024-03-24,,,0.0,0.0,0.0,0.0,0.0,0,0,0,0,0,0,0,0,False,False,True,0,,No transaction,0 features,0 failed,2024-03
U04860,45-54,Tier 1,High,Paid Ads,Android,2024-03-28,,,0.0,0.0,0.0,0.0,0.0,0,0,0,0,0,0,0,0,False,False,True,0,,No transaction,0 features,0 failed,2024-03
U04861,25-34,Tier 3,Low,Paid Ads,Android,2024-03-23,,,0.0,0.0,0.0,0.0,0.0,0,0,0,0,0,0,0,0,False,False,True,0,,No transaction,0 features,0 failed,2024-03
U04862,35-44,Tier 2,Mid,Branch,Android,2024-01-09,,,0.0,0.0,0.0,0.0,0.0,0,0,0,0,0,0,0,0,False,False,True,0,,No transaction,0 features,0 failed,2024-01
U04863,18-24,Tier 3,Low,Organic,Android,2024-02-09,,,0.0,0.0,0.0,0.0,0.0,0,0,0,0,0,0,0,0,False,False,True,0,,No transaction,0 features,0 failed,2024-02
U04864,25-34,Tier 3,Mid,Branch,iOS,2024-03-30,,,0.0,0.0,0.0,0.0,0.0,0,0,0,0,0,0,0,0,False,False,True,0,,No transaction,0 features,0 failed,2024-03
U04865,25-34,Tier 2,Mid,Partnership,Android,2024-02-25,2024-02-26 04:03:00,2024-02-27 22:00:00,3.0,3.0,0.0,12977000.0,4325666.666666667,0,1,0,1,0,0,2,0,True,False,True,1,1.0,Within 7 days,2+ features,0 failed,2024-02
U04866,25-34,Tier 1,Low,Paid Ads,Android,2024-04-03,2024-04-03 21:14:00,2024-04-07 09:00:00,2.0,1.0,1.0,2471000.0,1235500.0,0,0,1,0,0,0,1,0,False,False,True,1,3.0,Within 7 days,1 feature,1-2 failed,2024-04
U04867,25-34,Tier 1,Mid,Referral,Android,2024-04-18,2024-04-19 19:11:00,2024-04-29 13:00:00,9.0,9.0,0.0,45376000.0,5041777.777777778,1,1,0,1,0,0,3,1,True,True,False,1,9.0,After 7 days,2+ features,0 failed,2024-04
U04868,18-24,Tier 1,Mid,Paid Ads,iOS,2024-01-31,,,0.0,0.0,0.0,0.0,0.0,0,0,0,0,0,0,0,0,False,False,True,0,,No transaction,0 features,0 failed,2024-01
U04869,25-34,Tier 3,Low,Paid Ads,Android,2024-01-08,2024-01-08 22:13:00,2024-01-15 08:00:00,3.0,3.0,0.0,3311000.0,1103666.6666666667,1,1,1,0,0,0,3,1,True,False,True,1,6.0,Within 7 days,2+ features,0 failed,2024-01
U04870,35-44,Tier 1,Mid,Paid Ads,iOS,2024-02-01,,,0.0,0.0,0.0,0.0,0.0,0,0,0,0,0,0,0,0,False,False,True,0,,No transaction,0 features,0 failed,2024-02
U04871,25-34,Tier 1,Low,Paid Ads,iOS,2024-01-12,,,0.0,0.0,0.0,0.0,0.0,0,0,0,0,0,0,0,0,False,False,True,0,,No transaction,0 features,0 failed,2024-01
U04872,18-24,Tier 2,Mid,Organic,iOS,2024-02-25,,,0.0,0.0,0.0,0.0,0.0,0,0,0,0,0,0,0,0,False,False,True,0,,No transaction,0 features,0 failed,2024-02
U04873,18-24,Tier 1,Mid,Referral,Android,2024-01-15,2024-01-15 22:11:00,2024-01-28 14:00:00,12.0,10.0,2.0,71610000.0,5967500.0,1,1,1,0,0,0,3,1,True,True,False,1,12.0,After 7 days,2+ features,1-2 failed,2024-01
U04874,18-24,Tier 1,Mid,Referral,Android,2024-02-28,,,0.0,0.0,0.0,0.0,0.0,0,0,0,0,0,0,0,0,False,False,True,0,,No transaction,0 features,0 failed,2024-02
U04875,18-24,Tier 2,Mid,Referral,Android,2024-03-19,,,0.0,0.0,0.0,0.0,0.0,0,0,0,0,0,0,0,0,False,False,True,0,,No transaction,0 features,0 failed,2024-03
U04876,25-34,Tier 1,Mid,Organic,Android,2024-03-18,,,0.0,0.0,0.0,0.0,0.0,0,0,0,0,0,0,0,0,False,False,True,0,,No transaction,0 features,0 failed,2024-03
U04877,25-34,Tier 1,Low,Organic,iOS,2024-01-08,2024-01-09 10:26:00,2024-01-12 02:00:00,17.0,14.0,3.0,16379000.0,963470.5882352941,1,1,0,1,1,1,5,1,True,True,False,1,2.0,Within 7 days,2+ features,3+ failed,2024-01
U04878,35-44,Tier 1,High,Referral,Android,2024-02-09,,,0.0,0.0,0.0,0.0,0.0,0,0,0,0,0,0,0,0,False,False,True,0,,No transaction,0 features,0 failed,2024-02
U04879,25-34,Tier 2,Mid,Paid Ads,Android,2024-03-26,,,0.0,0.0,0.0,0.0,0.0,0,0,0,0,0,0,0,0,False,False,True,0,,No transaction,0 features,0 failed,2024-03
U04880,35-44,Tier 2,Low,Organic,Android,2024-04-04,2024-04-05 04:04:00,2024-04-05 23:00:00,11.0,10.0,1.0,11073000.0,1006636.3636363636,0,0,0,1,0,1,2,0,True,False,True,1,0.0,Within 7 days,2+ features,1-2 failed,2024-04
U04881,18-24,Tier 1,High,Branch,iOS,2024-03-25,,,0.0,0.0,0.0,0.0,0.0,0,0,0,0,0,0,0,0,False,False,True,0,,No transaction,0 features,0 failed,2024-03
U04882,25-34,Tier 2,Low,Partnership,Android,2024-04-04,2024-04-05 09:10:00,2024-04-08 03:00:00,8.0,8.0,0.0,8930000.0,1116250.0,1,0,1,0,0,0,2,1,True,True,False,1,2.0,Within 7 days,2+ features,0 failed,2024-04
U04883,35-44,Tier 1,Mid,Paid Ads,Android,2024-01-23,,,0.0,0.0,0.0,0.0,0.0,0,0,0,0,0,0,0,0,False,False,True,0,,No transaction,0 features,0 failed,2024-01
U04884,18-24,Tier 3,Mid,Organic,Android,2024-01-16,,,0.0,0.0,0.0,0.0,0.0,0,0,0,0,0,0,0,0,False,False,True,0,,No transaction,0 features,0 failed,2024-01
U04885,18-24,Tier 1,Mid,Paid Ads,iOS,2024-01-02,,,0.0,0.0,0.0,0.0,0.0,0,0,0,0,0,0,0,0,False,False,True,0,,No transaction,0 features,0 failed,2024-01
U04886,45-54,Tier 2,High,Paid Ads,Android,2024-03-31,,,0.0,0.0,0.0,0.0,0.0,0,0,0,0,0,0,0,0,False,False,True,0,,No transaction,0 features,0 failed,2024-03
U04887,25-34,Tier 3,Mid,Branch,Android,2024-01-18,,,0.0,0.0,0.0,0.0,0.0,0,0,0,0,0,0,0,0,False,False,True,0,,No transaction,0 features,0 failed,2024-01
U04888,35-44,Tier 3,Low,Paid Ads,Android,2024-03-30,,,0.0,0.0,0.0,0.0,0.0,0,0,0,0,0,0,0,0,False,False,True,0,,No transaction,0 features,0 failed,2024-03
U04889,18-24,Tier 1,High,Paid Ads,iOS,2024-01-02,,,0.0,0.0,0.0,0.0,0.0,0,0,0,0,0,0,0,0,False,False,True,0,,No transaction,0 features,0 failed,2024-01
U04890,35-44,Tier 1,High,Partnership,Android,2024-01-21,2024-01-22 07:05:00,2024-01-30 01:00:00,6.0,6.0,0.0,130910000.0,21818333.333333332,0,1,0,1,1,0,3,1,True,True,False,1,7.0,Within 7 days,2+ features,0 failed,2024-01
U04891,25-34,Tier 2,Mid,Organic,iOS,2024-03-04,,,0.0,0.0,0.0,0.0,0.0,0,0,0,0,0,0,0,0,False,False,True,0,,No transaction,0 features,0 failed,2024-03
U04892,18-24,Tier 1,Mid,Organic,Android,2024-02-14,,,0.0,0.0,0.0,0.0,0.0,0,0,0,0,0,0,0,0,False,False,True,0,,No transaction,0 features,0 failed,2024-02
U04893,25-34,Tier 3,Low,Paid Ads,Android,2024-03-07,2024-03-08 03:08:00,2024-03-29 01:00:00,2.0,2.0,0.0,592000.0,296000.0,0,1,1,0,0,0,2,0,True,True,False,1,20.0,After 7 days,2+ features,0 failed,2024-03
U04894,18-24,Tier 2,Mid,Organic,Android,2024-03-07,2024-03-08 12:20:00,,0.0,0.0,0.0,0.0,0.0,0,0,0,0,0,0,0,0,True,False,True,1,,No transaction,0 features,0 failed,2024-03
U04895,25-34,Tier 2,Low,Organic,Android,2024-04-10,,,0.0,0.0,0.0,0.0,0.0,0,0,0,0,0,0,0,0,False,False,True,0,,No transaction,0 features,0 failed,2024-04
U04896,18-24,Tier 1,Low,Paid Ads,Android,2024-04-15,,,0.0,0.0,0.0,0.0,0.0,0,0,0,0,0,0,0,0,False,False,True,0,,No transaction,0 features,0 failed,2024-04
U04897,18-24,Tier 2,Mid,Referral,Android,2024-04-02,2024-04-03 02:29:00,2024-04-09 09:00:00,18.0,18.0,0.0,103527000.0,5751500.0,0,0,1,1,1,1,4,1,True,True,False,1,6.0,Within 7 days,2+ features,0 failed,2024-04
U04898,18-24,Tier 2,Low,Paid Ads,Android,2024-02-03,,,0.0,0.0,0.0,0.0,0.0,0,0,0,0,0,0,0,0,False,False,True,0,,No transaction,0 features,0 failed,2024-02
U04899,18-24,Tier 3,Low,Branch,Android,2024-01-22,,,0.0,0.0,0.0,0.0,0.0,0,0,0,0,0,0,0,0,False,False,True,0,,No transaction,0 features,0 failed,2024-01
U04900,45-54,Tier 1,Mid,Referral,Android,2024-02-17,,,0.0,0.0,0.0,0.0,0.0,0,0,0,0,0,0,0,0,False,False,True,0,,No transaction,0 features,0 failed,2024-02
U04901,18-24,Tier 1,Low,Organic,iOS,2024-01-17,,,0.0,0.0,0.0,0.0,0.0,0,0,0,0,0,0,0,0,False,False,True,0,,No transaction,0 features,0 failed,2024-01
U04902,25-34,Tier 1,Low,Organic,iOS,2024-04-05,,,0.0,0.0,0.0,0.0,0.0,0,0,0,0,0,0,0,0,False,False,True,0,,No transaction,0 features,0 failed,2024-04
U04903,18-24,Tier 1,Low,Organic,Android,2024-04-09,2024-04-09 20:06:00,,0.0,0.0,0.0,0.0,0.0,0,0,0,0,0,0,0,0,False,False,True,1,,No transaction,0 features,0 failed,2024-04
U04904,25-34,Tier 2,Low,Organic,Android,2024-04-21,,,0.0,0.0,0.0,0.0,0.0,0,0,0,0,0,0,0,0,False,False,True,0,,No transaction,0 features,0 failed,2024-04
U04905,45-54,Tier 3,Mid,Organic,iOS,2024-02-04,,,0.0,0.0,0.0,0.0,0.0,0,0,0,0,0,0,0,0,False,False,True,0,,No transaction,0 features,0 failed,2024-02
U04906,18-24,Tier 1,High,Referral,iOS,2024-04-03,2024-04-04 07:10:00,2024-04-17 06:00:00,3.0,3.0,0.0,83856000.0,27952000.0,1,0,0,0,0,0,1,1,True,False,True,1,12.0,After 7 days,1 feature,0 failed,2024-04
U04907,55+,Tier 3,Mid,Referral,iOS,2024-04-23,,,0.0,0.0,0.0,0.0,0.0,0,0,0,0,0,0,0,0,False,False,True,0,,No transaction,0 features,0 failed,2024-04
U04908,18-24,Tier 1,Mid,Paid Ads,Android,2024-01-16,2024-01-17 11:28:00,2024-01-23 15:00:00,7.0,7.0,0.0,31997000.0,4571000.0,1,0,0,0,0,0,1,1,False,False,True,1,6.0,Within 7 days,1 feature,0 failed,2024-01
U04909,35-44,Tier 1,Low,Partnership,Android,2024-04-08,,,0.0,0.0,0.0,0.0,0.0,0,0,0,0,0,0,0,0,False,False,True,0,,No transaction,0 features,0 failed,2024-04
U04910,25-34,Tier 1,Low,Partnership,Android,2024-04-25,,,0.0,0.0,0.0,0.0,0.0,0,0,0,0,0,0,0,0,False,False,True,0,,No transaction,0 features,0 failed,2024-04
U04911,45-54,Tier 1,Low,Paid Ads,Android,2024-01-04,2024-01-05 14:04:00,,0.0,0.0,0.0,0.0,0.0,0,0,0,0,0,0,0,0,False,False,True,1,,No transaction,0 features,0 failed,2024-01
U04912,25-34,Tier 3,Mid,Organic,Android,2024-02-12,,,0.0,0.0,0.0,0.0,0.0,0,0,0,0,0,0,0,0,False,False,True,0,,No transaction,0 features,0 failed,2024-02
U04913,25-34,Tier 1,Mid,Paid Ads,Android,2024-04-13,,,0.0,0.0,0.0,0.0,0.0,0,0,0,0,0,0,0,0,False,False,True,0,,No transaction,0 features,0 failed,2024-04
U04914,18-24,Tier 2,Mid,Referral,Android,2024-02-24,,,0.0,0.0,0.0,0.0,0.0,0,0,0,0,0,0,0,0,False,False,True,0,,No transaction,0 features,0 failed,2024-02
U04915,18-24,Tier 2,Mid,Organic,iOS,2024-02-04,,,0.0,0.0,0.0,0.0,0.0,0,0,0,0,0,0,0,0,False,False,True,0,,No transaction,0 features,0 failed,2024-02
U04916,45-54,Tier 3,Low,Partnership,Android,2024-03-08,,,0.0,0.0,0.0,0.0,0.0,0,0,0,0,0,0,0,0,False,False,True,0,,No transaction,0 features,0 failed,2024-03
U04917,25-34,Tier 1,Mid,Referral,Android,2024-01-09,2024-01-10 02:02:00,2024-02-05 21:00:00,1.0,1.0,0.0,8066000.0,8066000.0,0,0,0,0,0,0,0,0,True,False,True,1,26.0,After 7 days,0 features,0 failed,2024-01
U04918,25-34,Tier 1,Mid,Organic,iOS,2024-02-03,,,0.0,0.0,0.0,0.0,0.0,0,0,0,0,0,0,0,0,False,False,True,0,,No transaction,0 features,0 failed,2024-02
U04919,35-44,Tier 1,Mid,Partnership,iOS,2024-04-01,2024-04-02 02:22:00,2024-05-01 19:00:00,1.0,1.0,0.0,5857000.0,5857000.0,0,0,0,0,0,0,0,0,False,False,True,1,29.0,After 7 days,0 features,0 failed,2024-04
U04920,25-34,Tier 1,Mid,Branch,Android,2024-03-14,,,0.0,0.0,0.0,0.0,0.0,0,0,0,0,0,0,0,0,False,False,True,0,,No transaction,0 features,0 failed,2024-03
U04921,55+,Tier 1,Mid,Referral,iOS,2024-03-21,,,0.0,0.0,0.0,0.0,0.0,0,0,0,0,0,0,0,0,False,False,True,0,,No transaction,0 features,0 failed,2024-03
U04922,35-44,Tier 3,High,Referral,Android,2024-01-10,,,0.0,0.0,0.0,0.0,0.0,0,0,0,0,0,0,0,0,False,False,True,0,,No transaction,0 features,0 failed,2024-01
U04923,25-34,Tier 2,High,Paid Ads,Android,2024-03-04,2024-03-05 02:05:00,2024-03-11 22:00:00,8.0,8.0,0.0,217925000.0,27240625.0,0,1,0,1,0,0,2,0,False,False,True,1,6.0,Within 7 days,2+ features,0 failed,2024-03
U04924,45-54,Tier 2,Mid,Paid Ads,iOS,2024-02-28,2024-02-29 15:21:00,2024-03-18 17:00:00,5.0,5.0,0.0,29899000.0,5979800.0,1,0,0,0,0,0,1,1,False,False,True,1,18.0,After 7 days,1 feature,0 failed,2024-02
U04925,18-24,Tier 2,Mid,Organic,Android,2024-03-06,,,0.0,0.0,0.0,0.0,0.0,0,0,0,0,0,0,0,0,False,False,True,0,,No transaction,0 features,0 failed,2024-03
U04926,18-24,Tier 1,Low,Paid Ads,Android,2024-02-16,,,0.0,0.0,0.0,0.0,0.0,0,0,0,0,0,0,0,0,False,False,True,0,,No transaction,0 features,0 failed,2024-02
U04927,25-34,Tier 1,High,Branch,Android,2024-01-08,,,0.0,0.0,0.0,0.0,0.0,0,0,0,0,0,0,0,0,False,False,True,0,,No transaction,0 features,0 failed,2024-01
U04928,18-24,Tier 3,Mid,Referral,Android,2024-03-04,,,0.0,0.0,0.0,0.0,0.0,0,0,0,0,0,0,0,0,False,False,True,0,,No transaction,0 features,0 failed,2024-03
U04929,35-44,Tier 3,Low,Branch,Android,2024-04-19,,,0.0,0.0,0.0,0.0,0.0,0,0,0,0,0,0,0,0,False,False,True,0,,No transaction,0 features,0 failed,2024-04
U04930,45-54,Tier 3,Mid,Branch,Android,2024-03-13,,,0.0,0.0,0.0,0.0,0.0,0,0,0,0,0,0,0,0,False,False,True,0,,No transaction,0 features,0 failed,2024-03
U04931,25-34,Tier 3,Low,Referral,Android,2024-01-22,,,0.0,0.0,0.0,0.0,0.0,0,0,0,0,0,0,0,0,False,False,True,0,,No transaction,0 features,0 failed,2024-01
U04932,25-34,Tier 1,Mid,Partnership,iOS,2024-02-17,2024-02-18 17:05:00,2024-03-11 00:00:00,2.0,2.0,0.0,15638000.0,7819000.0,0,1,0,0,0,0,1,0,False,False,True,1,21.0,After 7 days,1 feature,0 failed,2024-02
U04933,55+,Tier 1,Mid,Organic,Android,2024-01-21,,,0.0,0.0,0.0,0.0,0.0,0,0,0,0,0,0,0,0,False,False,True,0,,No transaction,0 features,0 failed,2024-01
U04934,25-34,Tier 1,Mid,Paid Ads,Android,2024-02-02,,,0.0,0.0,0.0,0.0,0.0,0,0,0,0,0,0,0,0,False,False,True,0,,No transaction,0 features,0 failed,2024-02
U04935,25-34,Tier 1,Low,Partnership,Android,2024-04-08,2024-04-09 03:14:00,2024-04-30 04:00:00,4.0,4.0,0.0,2932000.0,733000.0,0,0,0,1,1,1,3,1,True,True,False,1,21.0,After 7 days,2+ features,0 failed,2024-04
U04936,25-34,Tier 1,High,Organic,iOS,2024-01-14,,,0.0,0.0,0.0,0.0,0.0,0,0,0,0,0,0,0,0,False,False,True,0,,No transaction,0 features,0 failed,2024-01
U04937,45-54,Tier 2,Mid,Paid Ads,iOS,2024-04-24,,,0.0,0.0,0.0,0.0,0.0,0,0,0,0,0,0,0,0,False,False,True,0,,No transaction,0 features,0 failed,2024-04
U04938,25-34,Tier 2,High,Partnership,iOS,2024-03-14,,,0.0,0.0,0.0,0.0,0.0,0,0,0,0,0,0,0,0,False,False,True,0,,No transaction,0 features,0 failed,2024-03
U04939,35-44,Tier 3,Mid,Referral,Android,2024-03-27,2024-03-28 04:02:00,2024-04-04 04:00:00,1.0,1.0,0.0,6534000.0,6534000.0,0,0,0,0,1,0,1,1,True,True,False,1,6.0,Within 7 days,1 feature,0 failed,2024-03
U04940,35-44,Tier 2,Mid,Organic,Android,2024-04-02,,,0.0,0.0,0.0,0.0,0.0,0,0,0,0,0,0,0,0,False,False,True,0,,No transaction,0 features,0 failed,2024-04
U04941,25-34,Tier 3,Mid,Organic,Android,2024-01-15,2024-01-16 08:28:00,2024-02-23 22:00:00,2.0,2.0,0.0,1572000.0,786000.0,0,0,0,0,0,0,0,0,True,True,False,1,38.0,After 7 days,0 features,0 failed,2024-01
U04942,25-34,Tier 1,Low,Paid Ads,Android,2024-01-30,,,0.0,0.0,0.0,0.0,0.0,0,0,0,0,0,0,0,0,False,False,True,0,,No transaction,0 features,0 failed,2024-01
U04943,35-44,Tier 1,Low,Branch,Android,2024-04-04,,,0.0,0.0,0.0,0.0,0.0,0,0,0,0,0,0,0,0,False,False,True,0,,No transaction,0 features,0 failed,2024-04
U04944,25-34,Tier 2,Mid,Partnership,iOS,2024-03-06,2024-03-07 16:22:00,2024-03-08 11:00:00,11.0,11.0,0.0,69640000.0,6330909.090909091,1,0,0,0,1,0,2,1,True,False,True,1,0.0,Within 7 days,2+ features,0 failed,2024-03
U04945,35-44,Tier 1,Low,Referral,Android,2024-01-01,,,0.0,0.0,0.0,0.0,0.0,0,0,0,0,0,0,0,0,False,False,True,0,,No transaction,0 features,0 failed,2024-01
U04946,45-54,Tier 1,High,Paid Ads,iOS,2024-01-06,,,0.0,0.0,0.0,0.0,0.0,0,0,0,0,0,0,0,0,False,False,True,0,,No transaction,0 features,0 failed,2024-01
U04947,25-34,Tier 1,Low,Referral,Android,2024-04-19,,,0.0,0.0,0.0,0.0,0.0,0,0,0,0,0,0,0,0,False,False,True,0,,No transaction,0 features,0 failed,2024-04
U04948,35-44,Tier 1,Mid,Organic,iOS,2024-04-20,2024-04-21 17:06:00,,0.0,0.0,0.0,0.0,0.0,0,0,0,0,1,0,1,1,True,True,False,1,,No transaction,1 feature,0 failed,2024-04
U04949,35-44,Tier 2,Mid,Paid Ads,Android,2024-01-02,2024-01-02 14:03:00,,0.0,0.0,0.0,0.0,0.0,0,0,0,0,1,0,1,1,False,False,True,1,,No transaction,1 feature,0 failed,2024-01
U04950,35-44,Tier 1,Mid,Paid Ads,iOS,2024-02-01,,,0.0,0.0,0.0,0.0,0.0,0,0,0,0,0,0,0,0,False,False,True,0,,No transaction,0 features,0 failed,2024-02
U04951,25-34,Tier 2,Mid,Paid Ads,Android,2024-01-06,,,0.0,0.0,0.0,0.0,0.0,0,0,0,0,0,0,0,0,False,False,True,0,,No transaction,0 features,0 failed,2024-01
U04952,18-24,Tier 2,Low,Branch,iOS,2024-03-01,2024-03-02 06:15:00,2024-03-13 18:00:00,1.0,1.0,0.0,473000.0,473000.0,0,1,0,1,0,0,2,0,True,True,False,1,11.0,After 7 days,2+ features,0 failed,2024-03
U04953,25-34,Tier 1,Mid,Paid Ads,Android,2024-02-16,,,0.0,0.0,0.0,0.0,0.0,0,0,0,0,0,0,0,0,False,False,True,0,,No transaction,0 features,0 failed,2024-02
U04954,35-44,Tier 1,Mid,Paid Ads,Android,2024-02-19,,,0.0,0.0,0.0,0.0,0.0,0,0,0,0,0,0,0,0,False,False,True,0,,No transaction,0 features,0 failed,2024-02
U04955,25-34,Tier 1,Mid,Organic,Android,2024-01-20,,,0.0,0.0,0.0,0.0,0.0,0,0,0,0,0,0,0,0,False,False,True,0,,No transaction,0 features,0 failed,2024-01
U04956,35-44,Tier 1,Mid,Branch,Android,2024-01-23,,,0.0,0.0,0.0,0.0,0.0,0,0,0,0,0,0,0,0,False,False,True,0,,No transaction,0 features,0 failed,2024-01
U04957,25-34,Tier 2,High,Partnership,Android,2024-04-19,2024-04-19 21:13:00,2024-04-22 21:00:00,6.0,6.0,0.0,155424000.0,25904000.0,0,1,1,0,0,1,3,0,True,True,False,1,2.0,Within 7 days,2+ features,0 failed,2024-04
U04958,25-34,Tier 2,High,Partnership,iOS,2024-01-05,,,0.0,0.0,0.0,0.0,0.0,0,0,0,0,0,0,0,0,False,False,True,0,,No transaction,0 features,0 failed,2024-01
U04959,18-24,Tier 2,Mid,Referral,Android,2024-03-11,,,0.0,0.0,0.0,0.0,0.0,0,0,0,0,0,0,0,0,False,False,True,0,,No transaction,0 features,0 failed,2024-03
U04960,35-44,Tier 1,Mid,Paid Ads,iOS,2024-04-12,,,0.0,0.0,0.0,0.0,0.0,0,0,0,0,0,0,0,0,False,False,True,0,,No transaction,0 features,0 failed,2024-04
U04961,25-34,Tier 2,Mid,Paid Ads,Android,2024-04-26,2024-04-27 18:04:00,2024-05-03 14:00:00,8.0,8.0,0.0,34213000.0,4276625.0,0,0,1,0,0,1,2,0,False,False,True,1,5.0,Within 7 days,2+ features,0 failed,2024-04
U04962,18-24,Tier 2,Mid,Organic,Android,2024-04-01,2024-04-02 05:09:00,2024-04-05 18:00:00,15.0,15.0,0.0,75968000.0,5064533.333333333,1,0,1,1,0,1,4,1,True,True,False,1,3.0,Within 7 days,2+ features,0 failed,2024-04
U04963,18-24,Tier 2,High,Paid Ads,Android,2024-04-04,,,0.0,0.0,0.0,0.0,0.0,0,0,0,0,0,0,0,0,False,False,True,0,,No transaction,0 features,0 failed,2024-04
U04964,35-44,Tier 2,Low,Branch,iOS,2024-03-24,,,0.0,0.0,0.0,0.0,0.0,0,0,0,0,0,0,0,0,False,False,True,0,,No transaction,0 features,0 failed,2024-03
U04965,25-34,Tier 2,Mid,Organic,Android,2024-02-23,2024-02-24 08:08:00,,0.0,0.0,0.0,0.0,0.0,0,0,0,1,0,1,2,0,True,True,False,1,,No transaction,2+ features,0 failed,2024-02
U04966,18-24,Tier 2,Mid,Organic,Android,2024-01-29,,,0.0,0.0,0.0,0.0,0.0,0,0,0,0,0,0,0,0,False,False,True,0,,No transaction,0 features,0 failed,2024-01
U04967,55+,Tier 2,Mid,Paid Ads,Android,2024-02-11,,,0.0,0.0,0.0,0.0,0.0,0,0,0,0,0,0,0,0,False,False,True,0,,No transaction,0 features,0 failed,2024-02
U04968,35-44,Tier 1,Mid,Referral,Android,2024-02-01,,,0.0,0.0,0.0,0.0,0.0,0,0,0,0,0,0,0,0,False,False,True,0,,No transaction,0 features,0 failed,2024-02
U04969,55+,Tier 2,Mid,Paid Ads,Android,2024-02-23,,,0.0,0.0,0.0,0.0,0.0,0,0,0,0,0,0,0,0,False,False,True,0,,No transaction,0 features,0 failed,2024-02
U04970,25-34,Tier 1,Mid,Paid Ads,Android,2024-04-02,,,0.0,0.0,0.0,0.0,0.0,0,0,0,0,0,0,0,0,False,False,True,0,,No transaction,0 features,0 failed,2024-04
U04971,25-34,Tier 1,High,Referral,Android,2024-02-10,2024-02-11 12:21:00,2024-02-17 04:00:00,2.0,2.0,0.0,67585000.0,33792500.0,0,1,0,0,0,1,2,0,False,False,True,1,5.0,Within 7 days,2+ features,0 failed,2024-02
U04972,45-54,Tier 3,Mid,Partnership,Android,2024-02-04,2024-02-05 08:25:00,,0.0,0.0,0.0,0.0,0.0,0,0,0,0,1,0,1,1,False,False,True,1,,No transaction,1 feature,0 failed,2024-02
U04973,25-34,Tier 3,Low,Paid Ads,iOS,2024-04-15,,,0.0,0.0,0.0,0.0,0.0,0,0,0,0,0,0,0,0,False,False,True,0,,No transaction,0 features,0 failed,2024-04
U04974,35-44,Tier 1,Low,Partnership,Android,2024-01-10,,,0.0,0.0,0.0,0.0,0.0,0,0,0,0,0,0,0,0,False,False,True,0,,No transaction,0 features,0 failed,2024-01
U04975,18-24,Tier 1,Low,Partnership,iOS,2024-03-14,,,0.0,0.0,0.0,0.0,0.0,0,0,0,0,0,0,0,0,False,False,True,0,,No transaction,0 features,0 failed,2024-03
U04976,25-34,Tier 1,Mid,Partnership,Android,2024-02-17,2024-02-18 01:05:00,2024-02-28 05:00:00,6.0,6.0,0.0,30720000.0,5120000.0,0,1,1,0,0,1,3,0,False,False,True,1,10.0,After 7 days,2+ features,0 failed,2024-02
U04977,18-24,Tier 2,Mid,Organic,Android,2024-01-16,2024-01-17 10:11:00,2024-01-20 11:00:00,2.0,2.0,0.0,9106000.0,4553000.0,0,0,1,0,0,0,1,0,True,False,True,1,3.0,Within 7 days,1 feature,0 failed,2024-01
U04978,18-24,Tier 3,Low,Organic,Android,2024-03-05,,,0.0,0.0,0.0,0.0,0.0,0,0,0,0,0,0,0,0,False,False,True,0,,No transaction,0 features,0 failed,2024-03
U04979,18-24,Tier 3,Mid,Organic,Android,2024-03-27,2024-03-27 20:14:00,2024-04-03 21:00:00,4.0,3.0,1.0,19755000.0,4938750.0,0,0,1,1,0,0,2,0,True,True,False,1,7.0,Within 7 days,2+ features,1-2 failed,2024-03
U04980,18-24,Tier 2,Mid,Referral,Android,2024-04-25,2024-04-26 18:17:00,2024-05-06 18:00:00,7.0,6.0,1.0,33604000.0,4800571.428571428,0,0,1,1,0,0,2,0,True,True,False,1,9.0,After 7 days,2+ features,1-2 failed,2024-04
U04981,55+,Tier 1,Low,Partnership,Android,2024-01-07,,,0.0,0.0,0.0,0.0,0.0,0,0,0,0,0,0,0,0,False,False,True,0,,No transaction,0 features,0 failed,2024-01
U04982,18-24,Tier 2,Mid,Paid Ads,Android,2024-01-23,2024-01-24 14:29:00,2024-03-09 01:00:00,3.0,3.0,0.0,9365000.0,3121666.6666666665,0,0,0,1,1,1,3,1,True,True,False,1,44.0,After 7 days,2+ features,0 failed,2024-01
U04983,35-44,Tier 1,High,Partnership,Android,2024-01-29,,,0.0,0.0,0.0,0.0,0.0,0,0,0,0,0,0,0,0,False,False,True,0,,No transaction,0 features,0 failed,2024-01
U04984,35-44,Tier 3,Mid,Referral,Android,2024-04-12,,,0.0,0.0,0.0,0.0,0.0,0,0,0,0,0,0,0,0,False,False,True,0,,No transaction,0 features,0 failed,2024-04
U04985,25-34,Tier 3,Mid,Referral,Android,2024-03-07,,,0.0,0.0,0.0,0.0,0.0,0,0,0,0,0,0,0,0,False,False,True,0,,No transaction,0 features,0 failed,2024-03
U04986,18-24,Tier 2,Mid,Partnership,iOS,2024-01-06,2024-01-07 07:29:00,2024-01-11 02:00:00,10.0,8.0,2.0,36285000.0,3628500.0,0,0,1,1,1,1,4,1,False,False,True,1,3.0,Within 7 days,2+ features,1-2 failed,2024-01
U04987,35-44,Tier 1,Mid,Referral,iOS,2024-02-21,,,0.0,0.0,0.0,0.0,0.0,0,0,0,0,0,0,0,0,False,False,True,0,,No transaction,0 features,0 failed,2024-02
U04988,25-34,Tier 1,Mid,Partnership,Android,2024-01-09,,,0.0,0.0,0.0,0.0,0.0,0,0,0,0,0,0,0,0,False,False,True,0,,No transaction,0 features,0 failed,2024-01
U04989,35-44,Tier 1,Mid,Organic,iOS,2024-04-22,,,0.0,0.0,0.0,0.0,0.0,0,0,0,0,0,0,0,0,False,False,True,0,,No transaction,0 features,0 failed,2024-04
U04990,35-44,Tier 3,High,Branch,iOS,2024-02-29,,,0.0,0.0,0.0,0.0,0.0,0,0,0,0,0,0,0,0,False,False,True,0,,No transaction,0 features,0 failed,2024-02
U04991,55+,Tier 2,High,Paid Ads,Android,2024-04-20,,,0.0,0.0,0.0,0.0,0.0,0,0,0,0,0,0,0,0,False,False,True,0,,No transaction,0 features,0 failed,2024-04
U04992,25-34,Tier 1,Mid,Partnership,Android,2024-02-06,2024-02-07 10:27:00,2024-02-12 08:00:00,16.0,15.0,1.0,79900000.0,4993750.0,0,1,1,1,1,0,4,1,True,True,False,1,4.0,Within 7 days,2+ features,1-2 failed,2024-02
U04993,25-34,Tier 2,Low,Organic,iOS,2024-04-09,,,0.0,0.0,0.0,0.0,0.0,0,0,0,0,0,0,0,0,False,False,True,0,,No transaction,0 features,0 failed,2024-04
U04994,25-34,Tier 3,Mid,Paid Ads,Android,2024-04-18,,,0.0,0.0,0.0,0.0,0.0,0,0,0,0,0,0,0,0,False,False,True,0,,No transaction,0 features,0 failed,2024-04
U04995,18-24,Tier 1,Mid,Branch,Android,2024-02-09,2024-02-10 03:11:00,2024-02-12 04:00:00,7.0,7.0,0.0,29994000.0,4284857.142857143,0,0,1,0,0,0,1,0,False,False,True,1,2.0,Within 7 days,1 feature,0 failed,2024-02
U04996,45-54,Tier 3,Mid,Partnership,Android,2024-02-11,,,0.0,0.0,0.0,0.0,0.0,0,0,0,0,0,0,0,0,False,False,True,0,,No transaction,0 features,0 failed,2024-02
U04997,18-24,Tier 3,Low,Organic,iOS,2024-01-12,2024-01-13 17:08:00,2024-01-22 14:00:00,7.0,6.0,1.0,5160000.0,737142.8571428572,1,0,0,0,0,0,1,1,True,True,False,1,8.0,After 7 days,1 feature,1-2 failed,2024-01
U04998,25-34,Tier 3,Low,Referral,iOS,2024-03-11,,,0.0,0.0,0.0,0.0,0.0,0,0,0,0,0,0,0,0,False,False,True,0,,No transaction,0 features,0 failed,2024-03
U04999,35-44,Tier 1,Mid,Referral,Android,2024-02-28,2024-02-29 03:27:00,2024-03-07 11:00:00,10.0,10.0,0.0,63078000.0,6307800.0,1,0,1,1,0,0,3,1,True,True,False,1,7.0,Within 7 days,2+ features,0 failed,2024-02
U05000,25-34,Tier 1,Low,Organic,iOS,2024-01-02,,,0.0,0.0,0.0,0.0,0.0,0,0,0,0,0,0,0,0,False,False,True,0,,No transaction,0 features,0 failed,2024-01
