user_id,is_active_d30,is_active_d60,churn_flag
U00001,False,False,True
U00002,False,False,True
U00003,False,False,True
U00004,False,False,True
U00005,False,False,True
U00006,False,False,True
U00007,True,True,False
U00008,False,False,True
U00009,False,False,True
U00010,False,False,True
U00011,False,False,True
U00012,True,True,False
U00013,False,False,True
U00014,False,False,True
U00015,False,False,True
U00016,False,False,True
U00017,True,True,False
U00018,False,False,True
U00019,False,False,True
U00020,False,False,True
U00021,True,True,False
U00022,False,False,True
U00023,False,False,True
U00024,False,False,True
U00025,False,False,True
U00026,True,True,False
U00027,True,True,False
U00028,False,False,True
U00029,True,True,False
U00030,True,False,True
U00031,False,False,True
U00032,False,False,True
U00033,True,False,True
U00034,False,False,True
U00035,False,False,True
U00036,False,False,True
U00037,False,False,True
U00038,False,False,True
U00039,False,False,True
U00040,True,True,False
U00041,False,False,True
U00042,True,True,False
U00043,False,False,True
U00044,False,False,True
U00045,False,False,True
U00046,True,True,False
U00047,True,True,False
U00048,True,True,False
U00049,False,False,True
U00050,False,False,True
U00051,False,False,True
U00052,False,False,True
U00053,True,True,False
U00054,False,False,True
U00055,False,False,True
U00056,False,False,True
U00057,False,False,True
U00058,False,False,True
U00059,True,False,True
U00060,False,False,True
U00061,False,False,True
U00062,False,False,True
U00063,False,False,True
U00064,False,False,True
U00065,True,True,False
U00066,False,False,True
U00067,False,False,True
U00068,False,False,True
U00069,False,False,True
U00070,False,False,True
U00071,False,False,True
U00072,False,False,True
U00073,False,False,True
U00074,False,False,True
U00075,False,False,True
U00076,False,False,True
U00077,False,False,True
U00078,False,False,True
U00079,True,False,True
U00080,False,False,True
U00081,False,False,True
U00082,False,False,True
U00083,False,False,True
U00084,False,False,True
U00085,False,False,True
U00086,False,False,True
U00087,False,False,True
U00088,False,False,True
U00089,False,False,True
U00090,False,False,True
U00091,False,False,True
U00092,False,False,True
U00093,True,True,False
U00094,True,False,True
U00095,False,False,True
U00096,False,False,True
U00097,True,True,False
U00098,False,False,True
U00099,True,False,True
U00100,True,True,False
U00101,False,False,True
U00102,False,False,True
U00103,False,False,True
U00104,False,False,True
U00105,False,False,True
U00106,False,False,True
U00107,False,False,True
U00108,True,True,False
U00109,False,False,True
U00110,False,False,True
U00111,False,False,True
U00112,False,False,True
U00113,False,False,True
U00114,False,False,True
U00115,False,False,True
U00116,True,True,False
U00117,False,False,True
U00118,False,False,True
U00119,False,False,True
U00120,False,False,True
U00121,False,False,True
U00122,True,True,False
U00123,False,False,True
U00124,False,False,True
U00125,False,False,True
U00126,True,False,True
U00127,False,False,True
U00128,False,False,True
U00129,False,False,True
U00130,False,False,True
U00131,True,False,True
U00132,False,False,True
U00133,True,True,False
U00134,False,False,True
U00135,False,False,True
U00136,False,False,True
U00137,False,False,True
U00138,False,False,True
U00139,False,False,True
U00140,True,False,True
U00141,False,False,True
U00142,True,True,False
U00143,False,False,True
U00144,True,True,False
U00145,False,False,True
U00146,False,False,True
U00147,False,False,True
U00148,True,True,False
U00149,False,False,True
U00150,False,False,True
U00151,False,False,True
U00152,True,True,False
U00153,False,False,True
U00154,False,False,True
U00155,False,False,True
U00156,False,False,True
U00157,False,False,True
U00158,True,True,False
U00159,True,True,False
U00160,False,False,True
U00161,False,False,True
U00162,False,False,True
U00163,True,True,False
U00164,False,False,True
U00165,True,True,False
U00166,False,False,True
U00167,False,False,True
U00168,False,False,True
U00169,False,False,True
U00170,False,False,True
U00171,False,False,True
U00172,True,True,False
U00173,False,False,True
U00174,False,False,True
U00175,False,False,True
U00176,False,False,True
U00177,False,False,True
U00178,False,False,True
U00179,False,False,True
U00180,False,False,True
U00181,False,False,True
U00182,True,True,False
U00183,False,False,True
U00184,False,False,True
U00185,True,True,False
U00186,False,False,True
U00187,True,True,False
U00188,True,False,True
U00189,False,False,True
U00190,False,False,True
U00191,False,False,True
U00192,False,False,True
U00193,False,False,True
U00194,False,False,True
U00195,True,False,True
U00196,True,True,False
U00197,False,False,True
U00198,False,False,True
U00199,False,False,True
U00200,False,False,True
U00201,False,False,True
U00202,False,False,True
U00203,True,True,False
U00204,False,False,True
U00205,False,False,True
U00206,True,False,True
U00207,False,False,True
U00208,True,False,True
U00209,False,False,True
U00210,False,False,True
U00211,False,False,True
U00212,False,False,True
U00213,False,False,True
U00214,True,True,False
U00215,False,False,True
U00216,True,True,False
U00217,False,False,True
U00218,True,False,True
U00219,False,False,True
U00220,False,False,True
U00221,False,False,True
U00222,True,True,False
U00223,False,False,True
U00224,False,False,True
U00225,True,True,False
U00226,False,False,True
U00227,True,True,False
U00228,True,True,False
U00229,False,False,True
U00230,False,False,True
U00231,False,False,True
U00232,False,False,True
U00233,True,True,False
U00234,False,False,True
U00235,False,False,True
U00236,False,False,True
U00237,False,False,True
U00238,False,False,True
U00239,False,False,True
U00240,False,False,True
U00241,False,False,True
U00242,False,False,True
U00243,False,False,True
U00244,False,False,True
U00245,True,True,False
U00246,False,False,True
U00247,True,True,False
U00248,False,False,True
U00249,False,False,True
U00250,False,False,True
U00251,True,True,False
U00252,False,False,True
U00253,True,False,True
U00254,False,False,True
U00255,False,False,True
U00256,False,False,True
U00257,False,False,True
U00258,False,False,True
U00259,True,False,True
U00260,False,False,True
U00261,False,False,True
U00262,False,False,True
U00263,False,False,True
U00264,False,False,True
U00265,True,False,True
U00266,False,False,True
U00267,False,False,True
U00268,False,False,True
U00269,False,False,True
U00270,True,True,False
U00271,False,False,True
U00272,False,False,True
U00273,False,False,True
U00274,False,False,True
U00275,False,False,True
U00276,False,False,True
U00277,True,True,False
U00278,False,False,True
U00279,True,False,True
U00280,False,False,True
U00281,True,False,True
U00282,True,False,True
U00283,False,False,True
U00284,True,False,True
U00285,False,False,True
U00286,False,False,True
U00287,False,False,True
U00288,False,False,True
U00289,False,False,True
U00290,False,False,True
U00291,False,False,True
U00292,True,True,False
U00293,False,False,True
U00294,False,False,True
U00295,False,False,True
U00296,False,False,True
U00297,False,False,True
U00298,False,False,True
U00299,False,False,True
U00300,True,True,False
U00301,False,False,True
U00302,False,False,True
U00303,False,False,True
U00304,False,False,True
U00305,True,True,False
U00306,True,True,False
U00307,False,False,True
U00308,False,False,True
U00309,False,False,True
U00310,False,False,True
U00311,False,False,True
U00312,False,False,True
U00313,False,False,True
U00314,False,False,True
U00315,True,False,True
U00316,False,False,True
U00317,False,False,True
U00318,True,False,True
U00319,False,False,True
U00320,False,False,True
U00321,True,False,True
U00322,False,False,True
U00323,False,False,True
U00324,False,False,True
U00325,False,False,True
U00326,False,False,True
U00327,False,False,True
U00328,True,True,False
U00329,False,False,True
U00330,False,False,True
U00331,False,False,True
U00332,False,False,True
U00333,False,False,True
U00334,False,False,True
U00335,False,False,True
U00336,False,False,True
U00337,False,False,True
U00338,False,False,True
U00339,False,False,True
U00340,False,False,True
U00341,True,True,False
U00342,False,False,True
U00343,False,False,True
U00344,True,False,True
U00345,False,False,True
U00346,False,False,True
U00347,True,True,False
U00348,False,False,True
U00349,False,False,True
U00350,False,False,True
U00351,True,True,False
U00352,False,False,True
U00353,False,False,True
U00354,False,False,True
U00355,False,False,True
U00356,True,False,True
U00357,False,False,True
U00358,True,True,False
U00359,False,False,True
U00360,False,False,True
U00361,False,False,True
U00362,False,False,True
U00363,False,False,True
U00364,False,False,True
U00365,True,True,False
U00366,True,True,False
U00367,False,False,True
U00368,False,False,True
U00369,False,False,True
U00370,False,False,True
U00371,False,False,True
U00372,False,False,True
U00373,False,False,True
U00374,True,False,True
U00375,True,True,False
U00376,False,False,True
U00377,False,False,True
U00378,False,False,True
U00379,False,False,True
U00380,True,False,True
U00381,False,False,True
U00382,False,False,True
U00383,True,True,False
U00384,True,True,False
U00385,False,False,True
U00386,False,False,True
U00387,False,False,True
U00388,False,False,True
U00389,False,False,True
U00390,False,False,True
U00391,True,False,True
U00392,True,False,True
U00393,False,False,True
U00394,True,False,True
U00395,False,False,True
U00396,False,False,True
U00397,False,False,True
U00398,False,False,True
U00399,False,False,True
U00400,False,False,True
U00401,False,False,True
U00402,False,False,True
U00403,True,False,True
U00404,False,False,True
U00405,True,False,True
U00406,False,False,True
U00407,False,False,True
U00408,False,False,True
U00409,False,False,True
U00410,False,False,True
U00411,True,True,False
U00412,True,False,True
U00413,False,False,True
U00414,False,False,True
U00415,False,False,True
U00416,False,False,True
U00417,False,False,True
U00418,False,False,True
U00419,False,False,True
U00420,False,False,True
U00421,False,False,True
U00422,True,False,True
U00423,False,False,True
U00424,False,False,True
U00425,True,True,False
U00426,False,False,True
U00427,True,False,True
U00428,False,False,True
U00429,False,False,True
U00430,False,False,True
U00431,False,False,True
U00432,False,False,True
U00433,False,False,True
U00434,False,False,True
U00435,True,True,False
U00436,False,False,True
U00437,False,False,True
U00438,False,False,True
U00439,False,False,True
U00440,False,False,True
U00441,True,True,False
U00442,False,False,True
U00443,False,False,True
U00444,False,False,True
U00445,False,False,True
U00446,False,False,True
U00447,False,False,True
U00448,False,False,True
U00449,True,True,False
U00450,False,False,True
U00451,False,False,True
U00452,False,False,True
U00453,True,False,True
U00454,False,False,True
U00455,False,False,True
U00456,False,False,True
U00457,False,False,True
U00458,False,False,True
U00459,False,False,True
U00460,True,True,False
U00461,False,False,True
U00462,False,False,True
U00463,False,False,True
U00464,False,False,True
U00465,False,False,True
U00466,False,False,True
U00467,True,False,True
U00468,False,False,True
U00469,False,False,True
U00470,True,True,False
U00471,False,False,True
U00472,False,False,True
U00473,False,False,True
U00474,True,True,False
U00475,False,False,True
U00476,False,False,True
U00477,False,False,True
U00478,False,False,True
U00479,False,False,True
U00480,False,False,True
U00481,False,False,True
U00482,False,False,True
U00483,True,False,True
U00484,False,False,True
U00485,False,False,True
U00486,False,False,True
U00487,True,False,True
U00488,False,False,True
U00489,False,False,True
U00490,False,False,True
U00491,False,False,True
U00492,False,False,True
U00493,False,False,True
U00494,False,False,True
U00495,False,False,True
U00496,False,False,True
U00497,True,True,False
U00498,False,False,True
U00499,False,False,True
U00500,True,True,False
U00501,False,False,True
U00502,False,False,True
U00503,False,False,True
U00504,True,True,False
U00505,True,False,True
U00506,False,False,True
U00507,False,False,True
U00508,True,True,False
U00509,False,False,True
U00510,False,False,True
U00511,True,True,False
U00512,False,False,True
U00513,False,False,True
U00514,False,False,True
U00515,False,False,True
U00516,False,False,True
U00517,False,False,True
U00518,False,False,True
U00519,False,False,True
U00520,False,False,True
U00521,False,False,True
U00522,False,False,True
U00523,True,True,False
U00524,False,False,True
U00525,False,False,True
U00526,False,False,True
U00527,False,False,True
U00528,False,False,True
U00529,False,False,True
U00530,False,False,True
U00531,False,False,True
U00532,False,False,True
U00533,True,True,False
U00534,False,False,True
U00535,True,False,True
U00536,False,False,True
U00537,False,False,True
U00538,False,False,True
U00539,False,False,True
U00540,True,True,False
U00541,False,False,True
U00542,True,False,True
U00543,True,False,True
U00544,False,False,True
U00545,False,False,True
U00546,False,False,True
U00547,False,False,True
U00548,False,False,True
U00549,False,False,True
U00550,True,True,False
U00551,False,False,True
U00552,True,True,False
U00553,True,True,False
U00554,True,True,False
U00555,True,False,True
U00556,True,True,False
U00557,False,False,True
U00558,False,False,True
U00559,True,True,False
U00560,False,False,True
U00561,False,False,True
U00562,False,False,True
U00563,False,False,True
U00564,True,True,False
U00565,False,False,True
U00566,False,False,True
U00567,False,False,True
U00568,True,True,False
U00569,False,False,True
U00570,False,False,True
U00571,False,False,True
U00572,False,False,True
U00573,False,False,True
U00574,True,True,False
U00575,False,False,True
U00576,True,True,False
U00577,True,False,True
U00578,False,False,True
U00579,False,False,True
U00580,False,False,True
U00581,False,False,True
U00582,False,False,True
U00583,False,False,True
U00584,False,False,True
U00585,False,False,True
U00586,False,False,True
U00587,True,True,False
U00588,False,False,True
U00589,False,False,True
U00590,False,False,True
U00591,False,False,True
U00592,True,True,False
U00593,False,False,True
U00594,True,False,True
U00595,False,False,True
U00596,True,False,True
U00597,False,False,True
U00598,False,False,True
U00599,False,False,True
U00600,False,False,True
U00601,True,True,False
U00602,False,False,True
U00603,False,False,True
U00604,False,False,True
U00605,True,False,True
U00606,False,False,True
U00607,False,False,True
U00608,False,False,True
U00609,False,False,True
U00610,False,False,True
U00611,False,False,True
U00612,False,False,True
U00613,True,False,True
U00614,False,False,True
U00615,False,False,True
U00616,False,False,True
U00617,False,False,True
U00618,False,False,True
U00619,False,False,True
U00620,False,False,True
U00621,True,False,True
U00622,False,False,True
U00623,False,False,True
U00624,False,False,True
U00625,False,False,True
U00626,True,False,True
U00627,False,False,True
U00628,False,False,True
U00629,False,False,True
U00630,False,False,True
U00631,False,False,True
U00632,False,False,True
U00633,True,False,True
U00634,True,False,True
U00635,True,False,True
U00636,False,False,True
U00637,False,False,True
U00638,False,False,True
U00639,False,False,True
U00640,False,False,True
U00641,False,False,True
U00642,False,False,True
U00643,False,False,True
U00644,False,False,True
U00645,False,False,True
U00646,False,False,True
U00647,False,False,True
U00648,False,False,True
U00649,True,False,True
U00650,False,False,True
U00651,False,False,True
U00652,False,False,True
U00653,False,False,True
U00654,False,False,True
U00655,True,True,False
U00656,False,False,True
U00657,True,True,False
U00658,False,False,True
U00659,False,False,True
U00660,True,True,False
U00661,True,True,False
U00662,False,False,True
U00663,True,True,False
U00664,False,False,True
U00665,False,False,True
U00666,True,False,True
U00667,False,False,True
U00668,True,True,False
U00669,False,False,True
U00670,True,True,False
U00671,False,False,True
U00672,True,True,False
U00673,False,False,True
U00674,True,True,False
U00675,False,False,True
U00676,False,False,True
U00677,False,False,True
U00678,False,False,True
U00679,True,False,True
U00680,False,False,True
U00681,False,False,True
U00682,False,False,True
U00683,False,False,True
U00684,False,False,True
U00685,False,False,True
U00686,False,False,True
U00687,False,False,True
U00688,True,True,False
U00689,False,False,True
U00690,False,False,True
U00691,True,True,False
U00692,False,False,True
U00693,False,False,True
U00694,False,False,True
U00695,False,False,True
U00696,False,False,True
U00697,True,False,True
U00698,False,False,True
U00699,False,False,True
U00700,False,False,True
U00701,False,False,True
U00702,False,False,True
U00703,False,False,True
U00704,False,False,True
U00705,True,False,True
U00706,True,False,True
U00707,False,False,True
U00708,False,False,True
U00709,False,False,True
U00710,False,False,True
U00711,False,False,True
U00712,False,False,True
U00713,True,False,True
U00714,True,True,False
U00715,False,False,True
U00716,False,False,True
U00717,True,False,True
U00718,False,False,True
U00719,True,True,False
U00720,True,True,False
U00721,False,False,True
U00722,True,True,False
U00723,True,True,False
U00724,True,True,False
U00725,False,False,True
U00726,True,True,False
U00727,False,False,True
U00728,False,False,True
U00729,True,True,False
U00730,False,False,True
U00731,False,False,True
U00732,False,False,True
U00733,True,True,False
U00734,True,True,False
U00735,False,False,True
U00736,False,False,True
U00737,False,False,True
U00738,False,False,True
U00739,False,False,True
U00740,False,False,True
U00741,False,False,True
U00742,False,False,True
U00743,False,False,True
U00744,False,False,True
U00745,False,False,True
U00746,True,False,True
U00747,False,False,True
U00748,False,False,True
U00749,False,False,True
U00750,False,False,True
U00751,False,False,True
U00752,True,False,True
U00753,False,False,True
U00754,False,False,True
U00755,True,False,True
U00756,False,False,True
U00757,False,False,True
U00758,False,False,True
U00759,False,False,True
U00760,False,False,True
U00761,False,False,True
U00762,False,False,True
U00763,False,False,True
U00764,False,False,True
U00765,False,False,True
U00766,True,False,True
U00767,False,False,True
U00768,False,False,True
U00769,False,False,True
U00770,True,True,False
U00771,False,False,True
U00772,False,False,True
U00773,True,False,True
U00774,False,False,True
U00775,False,False,True
U00776,False,False,True
U00777,False,False,True
U00778,False,False,True
U00779,True,True,False
U00780,False,False,True
U00781,False,False,True
U00782,False,False,True
U00783,False,False,True
U00784,True,True,False
U00785,False,False,True
U00786,True,True,False
U00787,False,False,True
U00788,False,False,True
U00789,False,False,True
U00790,False,False,True
U00791,False,False,True
U00792,False,False,True
U00793,False,False,True
U00794,False,False,True
U00795,False,False,True
U00796,True,True,False
U00797,False,False,True
U00798,False,False,True
U00799,False,False,True
U00800,False,False,True
U00801,False,False,True
U00802,False,False,True
U00803,False,False,True
U00804,False,False,True
U00805,False,False,True
U00806,False,False,True
U00807,True,True,False
U00808,False,False,True
U00809,False,False,True
U00810,False,False,True
U00811,False,False,True
U00812,True,True,False
U00813,False,False,True
U00814,False,False,True
U00815,False,False,True
U00816,False,False,True
U00817,False,False,True
U00818,True,False,True
U00819,False,False,True
U00820,False,False,True
U00821,True,True,False
U00822,True,False,True
U00823,True,False,True
U00824,False,False,True
U00825,False,False,True
U00826,False,False,True
U00827,True,False,True
U00828,False,False,True
U00829,False,False,True
U00830,False,False,True
U00831,False,False,True
U00832,False,False,True
U00833,True,True,False
U00834,False,False,True
U00835,False,False,True
U00836,False,False,True
U00837,False,False,True
U00838,False,False,True
U00839,False,False,True
U00840,False,False,True
U00841,False,False,True
U00842,False,False,True
U00843,False,False,True
U00844,False,False,True
U00845,False,False,True
U00846,False,False,True
U00847,False,False,True
U00848,True,False,True
U00849,True,False,True
U00850,False,False,True
U00851,False,False,True
U00852,False,False,True
U00853,False,False,True
U00854,True,False,True
U00855,False,False,True
U00856,False,False,True
U00857,False,False,True
U00858,False,False,True
U00859,False,False,True
U00860,False,False,True
U00861,False,False,True
U00862,True,True,False
U00863,False,False,True
U00864,True,True,False
U00865,True,False,True
U00866,False,False,True
U00867,True,True,False
U00868,False,False,True
U00869,False,False,True
U00870,False,False,True
U00871,False,False,True
U00872,False,False,True
U00873,False,False,True
U00874,False,False,True
U00875,False,False,True
U00876,False,False,True
U00877,False,False,True
U00878,True,True,False
U00879,True,True,False
U00880,False,False,True
U00881,False,False,True
U00882,False,False,True
U00883,False,False,True
U00884,False,False,True
U00885,True,True,False
U00886,False,False,True
U00887,False,False,True
U00888,False,False,True
U00889,False,False,True
U00890,True,True,False
U00891,True,True,False
U00892,False,False,True
U00893,True,False,True
U00894,True,True,False
U00895,True,False,True
U00896,False,False,True
U00897,False,False,True
U00898,False,False,True
U00899,False,False,True
U00900,False,False,True
U00901,False,False,True
U00902,True,True,False
U00903,False,False,True
U00904,False,False,True
U00905,True,False,True
U00906,False,False,True
U00907,False,False,True
U00908,True,True,False
U00909,True,True,False
U00910,False,False,True
U00911,False,False,True
U00912,False,False,True
U00913,False,False,True
U00914,False,False,True
U00915,True,True,False
U00916,False,False,True
U00917,False,False,True
U00918,True,False,True
U00919,True,False,True
U00920,False,False,True
U00921,False,False,True
U00922,True,False,True
U00923,False,False,True
U00924,False,False,True
U00925,False,False,True
U00926,False,False,True
U00927,False,False,True
U00928,False,False,True
U00929,True,False,True
U00930,False,False,True
U00931,False,False,True
U00932,False,False,True
U00933,False,False,True
U00934,True,True,False
U00935,False,False,True
U00936,False,False,True
U00937,False,False,True
U00938,False,False,True
U00939,False,False,True
U00940,False,False,True
U00941,True,True,False
U00942,True,True,False
U00943,True,True,False
U00944,True,False,True
U00945,False,False,True
U00946,False,False,True
U00947,False,False,True
U00948,False,False,True
U00949,True,False,True
U00950,False,False,True
U00951,False,False,True
U00952,False,False,True
U00953,True,False,True
U00954,True,False,True
U00955,False,False,True
U00956,False,False,True
U00957,True,False,True
U00958,False,False,True
U00959,False,False,True
U00960,True,False,True
U00961,False,False,True
U00962,True,False,True
U00963,False,False,True
U00964,True,True,False
U00965,False,False,True
U00966,False,False,True
U00967,False,False,True
U00968,False,False,True
U00969,False,False,True
U00970,False,False,True
U00971,False,False,True
U00972,False,False,True
U00973,False,False,True
U00974,False,False,True
U00975,False,False,True
U00976,False,False,True
U00977,True,False,True
U00978,False,False,True
U00979,True,False,True
U00980,True,True,False
U00981,False,False,True
U00982,False,False,True
U00983,False,False,True
U00984,False,False,True
U00985,False,False,True
U00986,True,False,True
U00987,False,False,True
U00988,False,False,True
U00989,True,True,False
U00990,False,False,True
U00991,False,False,True
U00992,True,True,False
U00993,True,True,False
U00994,False,False,True
U00995,False,False,True
U00996,False,False,True
U00997,True,True,False
U00998,True,False,True
U00999,False,False,True
U01000,True,False,True
U01001,False,False,True
U01002,False,False,True
U01003,False,False,True
U01004,False,False,True
U01005,True,False,True
U01006,False,False,True
U01007,False,False,True
U01008,True,True,False
U01009,False,False,True
U01010,False,False,True
U01011,False,False,True
U01012,False,False,True
U01013,False,False,True
U01014,False,False,True
U01015,False,False,True
U01016,False,False,True
U01017,False,False,True
U01018,False,False,True
U01019,False,False,True
U01020,False,False,True
U01021,True,True,False
U01022,False,False,True
U01023,False,False,True
U01024,False,False,True
U01025,False,False,True
U01026,False,False,True
U01027,False,False,True
U01028,False,False,True
U01029,False,False,True
U01030,False,False,True
U01031,False,False,True
U01032,False,False,True
U01033,False,False,True
U01034,False,False,True
U01035,False,False,True
U01036,False,False,True
U01037,False,False,True
U01038,False,False,True
U01039,False,False,True
U01040,False,False,True
U01041,True,True,False
U01042,False,False,True
U01043,False,False,True
U01044,False,False,True
U01045,True,True,False
U01046,False,False,True
U01047,False,False,True
U01048,True,True,False
U01049,False,False,True
U01050,False,False,True
U01051,False,False,True
U01052,False,False,True
U01053,False,False,True
U01054,False,False,True
U01055,False,False,True
U01056,False,False,True
U01057,True,False,True
U01058,True,True,False
U01059,False,False,True
U01060,True,True,False
U01061,False,False,True
U01062,True,False,True
U01063,False,False,True
U01064,True,True,False
U01065,False,False,True
U01066,False,False,True
U01067,True,False,True
U01068,False,False,True
U01069,True,True,False
U01070,False,False,True
U01071,False,False,True
U01072,False,False,True
U01073,True,True,False
U01074,False,False,True
U01075,False,False,True
U01076,True,False,True
U01077,True,True,False
U01078,False,False,True
U01079,False,False,True
U01080,False,False,True
U01081,False,False,True
U01082,False,False,True
U01083,True,False,True
U01084,False,False,True
U01085,False,False,True
U01086,False,False,True
U01087,False,False,True
U01088,False,False,True
U01089,False,False,True
U01090,False,False,True
U01091,True,True,False
U01092,False,False,True
U01093,False,False,True
U01094,True,True,False
U01095,False,False,True
U01096,True,False,True
U01097,False,False,True
U01098,True,False,True
U01099,False,False,True
U01100,False,False,True
U01101,False,False,True
U01102,False,False,True
U01103,True,False,True
U01104,False,False,True
U01105,False,False,True
U01106,False,False,True
U01107,False,False,True
U01108,True,True,False
U01109,False,False,True
U01110,True,False,True
U01111,False,False,True
U01112,True,True,False
U01113,False,False,True
U01114,False,False,True
U01115,False,False,True
U01116,False,False,True
U01117,True,True,False
U01118,False,False,True
U01119,False,False,True
U01120,False,False,True
U01121,True,True,False
U01122,False,False,True
U01123,True,True,False
U01124,False,False,True
U01125,False,False,True
U01126,False,False,True
U01127,True,True,False
U01128,True,False,True
U01129,False,False,True
U01130,False,False,True
U01131,False,False,True
U01132,False,False,True
U01133,True,True,False
U01134,False,False,True
U01135,False,False,True
U01136,False,False,True
U01137,True,True,False
U01138,False,False,True
U01139,False,False,True
U01140,False,False,True
U01141,False,False,True
U01142,False,False,True
U01143,True,False,True
U01144,False,False,True
U01145,False,False,True
U01146,False,False,True
U01147,False,False,True
U01148,False,False,True
U01149,False,False,True
U01150,False,False,True
U01151,True,True,False
U01152,False,False,True
U01153,False,False,True
U01154,False,False,True
U01155,False,False,True
U01156,False,False,True
U01157,False,False,True
U01158,True,False,True
U01159,False,False,True
U01160,False,False,True
U01161,False,False,True
U01162,False,False,True
U01163,False,False,True
U01164,False,False,True
U01165,True,True,False
U01166,False,False,True
U01167,False,False,True
U01168,True,False,True
U01169,False,False,True
U01170,False,False,True
U01171,True,True,False
U01172,False,False,True
U01173,False,False,True
U01174,False,False,True
U01175,False,False,True
U01176,False,False,True
U01177,True,True,False
U01178,False,False,True
U01179,False,False,True
U01180,False,False,True
U01181,True,False,True
U01182,False,False,True
U01183,False,False,True
U01184,True,False,True
U01185,False,False,True
U01186,True,True,False
U01187,False,False,True
U01188,False,False,True
U01189,False,False,True
U01190,True,False,True
U01191,False,False,True
U01192,False,False,True
U01193,False,False,True
U01194,False,False,True
U01195,False,False,True
U01196,True,True,False
U01197,False,False,True
U01198,False,False,True
U01199,False,False,True
U01200,False,False,True
U01201,False,False,True
U01202,False,False,True
U01203,True,True,False
U01204,False,False,True
U01205,False,False,True
U01206,False,False,True
U01207,False,False,True
U01208,False,False,True
U01209,False,False,True
U01210,False,False,True
U01211,False,False,True
U01212,True,True,False
U01213,False,False,True
U01214,False,False,True
U01215,False,False,True
U01216,False,False,True
U01217,False,False,True
U01218,False,False,True
U01219,False,False,True
U01220,False,False,True
U01221,True,True,False
U01222,False,False,True
U01223,False,False,True
U01224,True,False,True
U01225,False,False,True
U01226,False,False,True
U01227,False,False,True
U01228,False,False,True
U01229,True,True,False
U01230,False,False,True
U01231,True,False,True
U01232,False,False,True
U01233,False,False,True
U01234,True,True,False
U01235,False,False,True
U01236,False,False,True
U01237,False,False,True
U01238,False,False,True
U01239,False,False,True
U01240,True,False,True
U01241,False,False,True
U01242,False,False,True
U01243,False,False,True
U01244,False,False,True
U01245,False,False,True
U01246,False,False,True
U01247,True,True,False
U01248,True,True,False
U01249,False,False,True
U01250,True,True,False
U01251,True,True,False
U01252,True,True,False
U01253,True,True,False
U01254,True,True,False
U01255,True,True,False
U01256,False,False,True
U01257,False,False,True
U01258,True,True,False
U01259,False,False,True
U01260,False,False,True
U01261,False,False,True
U01262,False,False,True
U01263,False,False,True
U01264,True,False,True
U01265,False,False,True
U01266,False,False,True
U01267,False,False,True
U01268,False,False,True
U01269,False,False,True
U01270,False,False,True
U01271,True,True,False
U01272,False,False,True
U01273,True,True,False
U01274,False,False,True
U01275,False,False,True
U01276,False,False,True
U01277,False,False,True
U01278,False,False,True
U01279,False,False,True
U01280,False,False,True
U01281,False,False,True
U01282,False,False,True
U01283,False,False,True
U01284,False,False,True
U01285,False,False,True
U01286,False,False,True
U01287,True,True,False
U01288,False,False,True
U01289,False,False,True
U01290,True,False,True
U01291,False,False,True
U01292,False,False,True
U01293,True,True,False
U01294,True,False,True
U01295,True,True,False
U01296,False,False,True
U01297,False,False,True
U01298,False,False,True
U01299,False,False,True
U01300,False,False,True
U01301,False,False,True
U01302,False,False,True
U01303,False,False,True
U01304,False,False,True
U01305,False,False,True
U01306,False,False,True
U01307,False,False,True
U01308,True,True,False
U01309,False,False,True
U01310,False,False,True
U01311,False,False,True
U01312,True,True,False
U01313,True,True,False
U01314,False,False,True
U01315,True,False,True
U01316,False,False,True
U01317,False,False,True
U01318,False,False,True
U01319,False,False,True
U01320,False,False,True
U01321,False,False,True
U01322,True,False,True
U01323,False,False,True
U01324,False,False,True
U01325,False,False,True
U01326,False,False,True
U01327,True,True,False
U01328,False,False,True
U01329,True,False,True
U01330,False,False,True
U01331,False,False,True
U01332,False,False,True
U01333,False,False,True
U01334,True,False,True
U01335,True,True,False
U01336,False,False,True
U01337,True,False,True
U01338,True,True,False
U01339,False,False,True
U01340,False,False,True
U01341,False,False,True
U01342,False,False,True
U01343,True,True,False
U01344,False,False,True
U01345,True,True,False
U01346,False,False,True
U01347,False,False,True
U01348,False,False,True
U01349,False,False,True
U01350,False,False,True
U01351,False,False,True
U01352,False,False,True
U01353,False,False,True
U01354,False,False,True
U01355,True,False,True
U01356,True,True,False
U01357,True,True,False
U01358,False,False,True
U01359,True,True,False
U01360,False,False,True
U01361,False,False,True
U01362,False,False,True
U01363,True,True,False
U01364,False,False,True
U01365,False,False,True
U01366,True,True,False
U01367,False,False,True
U01368,False,False,True
U01369,True,True,False
U01370,False,False,True
U01371,False,False,True
U01372,True,True,False
U01373,False,False,True
U01374,False,False,True
U01375,True,True,False
U01376,False,False,True
U01377,False,False,True
U01378,False,False,True
U01379,False,False,True
U01380,False,False,True
U01381,True,True,False
U01382,False,False,True
U01383,False,False,True
U01384,False,False,True
U01385,False,False,True
U01386,False,False,True
U01387,False,False,True
U01388,False,False,True
U01389,True,True,False
U01390,True,True,False
U01391,False,False,True
U01392,True,True,False
U01393,False,False,True
U01394,True,True,False
U01395,False,False,True
U01396,False,False,True
U01397,False,False,True
U01398,False,False,True
U01399,True,False,True
U01400,True,True,False
U01401,False,False,True
U01402,False,False,True
U01403,True,True,False
U01404,False,False,True
U01405,False,False,True
U01406,False,False,True
U01407,False,False,True
U01408,False,False,True
U01409,False,False,True
U01410,True,False,True
U01411,False,False,True
U01412,False,False,True
U01413,False,False,True
U01414,False,False,True
U01415,True,True,False
U01416,False,False,True
U01417,False,False,True
U01418,True,False,True
U01419,False,False,True
U01420,True,True,False
U01421,False,False,True
U01422,False,False,True
U01423,False,False,True
U01424,False,False,True
U01425,False,False,True
U01426,False,False,True
U01427,False,False,True
U01428,False,False,True
U01429,True,True,False
U01430,False,False,True
U01431,True,True,False
U01432,False,False,True
U01433,False,False,True
U01434,False,False,True
U01435,False,False,True
U01436,False,False,True
U01437,False,False,True
U01438,False,False,True
U01439,True,True,False
U01440,False,False,True
U01441,False,False,True
U01442,False,False,True
U01443,False,False,True
U01444,False,False,True
U01445,False,False,True
U01446,False,False,True
U01447,False,False,True
U01448,False,False,True
U01449,False,False,True
U01450,True,False,True
U01451,False,False,True
U01452,True,True,False
U01453,False,False,True
U01454,False,False,True
U01455,True,True,False
U01456,True,False,True
U01457,False,False,True
U01458,True,True,False
U01459,False,False,True
U01460,False,False,True
U01461,False,False,True
U01462,False,False,True
U01463,False,False,True
U01464,False,False,True
U01465,True,True,False
U01466,False,False,True
U01467,False,False,True
U01468,False,False,True
U01469,False,False,True
U01470,False,False,True
U01471,False,False,True
U01472,False,False,True
U01473,False,False,True
U01474,False,False,True
U01475,True,True,False
U01476,False,False,True
U01477,False,False,True
U01478,False,False,True
U01479,False,False,True
U01480,False,False,True
U01481,False,False,True
U01482,True,True,False
U01483,True,True,False
U01484,False,False,True
U01485,True,True,False
U01486,True,False,True
U01487,False,False,True
U01488,True,True,False
U01489,False,False,True
U01490,True,True,False
U01491,True,True,False
U01492,False,False,True
U01493,False,False,True
U01494,True,True,False
U01495,False,False,True
U01496,False,False,True
U01497,True,True,False
U01498,False,False,True
U01499,False,False,True
U01500,True,False,True
U01501,False,False,True
U01502,False,False,True
U01503,False,False,True
U01504,True,True,False
U01505,False,False,True
U01506,False,False,True
U01507,False,False,True
U01508,True,False,True
U01509,False,False,True
U01510,False,False,True
U01511,False,False,True
U01512,False,False,True
U01513,False,False,True
U01514,False,False,True
U01515,False,False,True
U01516,False,False,True
U01517,False,False,True
U01518,True,True,False
U01519,False,False,True
U01520,False,False,True
U01521,False,False,True
U01522,False,False,True
U01523,False,False,True
U01524,False,False,True
U01525,False,False,True
U01526,False,False,True
U01527,False,False,True
U01528,False,False,True
U01529,False,False,True
U01530,False,False,True
U01531,False,False,True
U01532,False,False,True
U01533,True,True,False
U01534,False,False,True
U01535,True,True,False
U01536,False,False,True
U01537,False,False,True
U01538,False,False,True
U01539,False,False,True
U01540,False,False,True
U01541,False,False,True
U01542,False,False,True
U01543,False,False,True
U01544,False,False,True
U01545,False,False,True
U01546,True,False,True
U01547,False,False,True
U01548,True,False,True
U01549,False,False,True
U01550,False,False,True
U01551,False,False,True
U01552,False,False,True
U01553,False,False,True
U01554,False,False,True
U01555,True,True,False
U01556,True,False,True
U01557,False,False,True
U01558,False,False,True
U01559,False,False,True
U01560,False,False,True
U01561,False,False,True
U01562,False,False,True
U01563,True,True,False
U01564,False,False,True
U01565,False,False,True
U01566,True,False,True
U01567,False,False,True
U01568,True,True,False
U01569,False,False,True
U01570,False,False,True
U01571,True,True,False
U01572,False,False,True
U01573,False,False,True
U01574,False,False,True
U01575,True,True,False
U01576,False,False,True
U01577,False,False,True
U01578,True,True,False
U01579,True,True,False
U01580,False,False,True
U01581,False,False,True
U01582,False,False,True
U01583,False,False,True
U01584,False,False,True
U01585,False,False,True
U01586,True,True,False
U01587,True,True,False
U01588,False,False,True
U01589,True,True,False
U01590,False,False,True
U01591,True,False,True
U01592,False,False,True
U01593,False,False,True
U01594,True,True,False
U01595,False,False,True
U01596,True,False,True
U01597,False,False,True
U01598,False,False,True
U01599,False,False,True
U01600,True,True,False
U01601,True,False,True
U01602,False,False,True
U01603,False,False,True
U01604,True,True,False
U01605,True,True,False
U01606,False,False,True
U01607,False,False,True
U01608,False,False,True
U01609,False,False,True
U01610,False,False,True
U01611,False,False,True
U01612,True,True,False
U01613,False,False,True
U01614,False,False,True
U01615,False,False,True
U01616,False,False,True
U01617,False,False,True
U01618,True,True,False
U01619,False,False,True
U01620,False,False,True
U01621,False,False,True
U01622,True,True,False
U01623,True,True,False
U01624,True,True,False
U01625,False,False,True
U01626,False,False,True
U01627,False,False,True
U01628,False,False,True
U01629,False,False,True
U01630,False,False,True
U01631,True,False,True
U01632,False,False,True
U01633,False,False,True
U01634,True,True,False
U01635,True,False,True
U01636,False,False,True
U01637,True,True,False
U01638,True,True,False
U01639,True,True,False
U01640,False,False,True
U01641,False,False,True
U01642,False,False,True
U01643,True,False,True
U01644,True,False,True
U01645,False,False,True
U01646,False,False,True
U01647,False,False,True
U01648,True,False,True
U01649,True,False,True
U01650,False,False,True
U01651,False,False,True
U01652,True,True,False
U01653,True,False,True
U01654,False,False,True
U01655,True,True,False
U01656,False,False,True
U01657,False,False,True
U01658,True,True,False
U01659,False,False,True
U01660,False,False,True
U01661,False,False,True
U01662,False,False,True
U01663,True,True,False
U01664,False,False,True
U01665,False,False,True
U01666,False,False,True
U01667,False,False,True
U01668,False,False,True
U01669,False,False,True
U01670,False,False,True
U01671,False,False,True
U01672,False,False,True
U01673,False,False,True
U01674,False,False,True
U01675,True,True,False
U01676,False,False,True
U01677,False,False,True
U01678,False,False,True
U01679,False,False,True
U01680,False,False,True
U01681,True,False,True
U01682,False,False,True
U01683,False,False,True
U01684,False,False,True
U01685,True,True,False
U01686,False,False,True
U01687,False,False,True
U01688,False,False,True
U01689,False,False,True
U01690,False,False,True
U01691,False,False,True
U01692,True,False,True
U01693,False,False,True
U01694,True,False,True
U01695,False,False,True
U01696,False,False,True
U01697,False,False,True
U01698,False,False,True
U01699,False,False,True
U01700,False,False,True
U01701,False,False,True
U01702,False,False,True
U01703,True,False,True
U01704,False,False,True
U01705,False,False,True
U01706,False,False,True
U01707,False,False,True
U01708,False,False,True
U01709,False,False,True
U01710,False,False,True
U01711,False,False,True
U01712,True,True,False
U01713,False,False,True
U01714,False,False,True
U01715,False,False,True
U01716,True,False,True
U01717,True,False,True
U01718,False,False,True
U01719,True,False,True
U01720,False,False,True
U01721,False,False,True
U01722,False,False,True
U01723,False,False,True
U01724,False,False,True
U01725,False,False,True
U01726,False,False,True
U01727,False,False,True
U01728,True,False,True
U01729,True,True,False
U01730,False,False,True
U01731,False,False,True
U01732,False,False,True
U01733,False,False,True
U01734,False,False,True
U01735,False,False,True
U01736,False,False,True
U01737,False,False,True
U01738,True,False,True
U01739,True,False,True
U01740,False,False,True
U01741,False,False,True
U01742,True,True,False
U01743,False,False,True
U01744,True,True,False
U01745,False,False,True
U01746,False,False,True
U01747,True,False,True
U01748,True,False,True
U01749,False,False,True
U01750,True,True,False
U01751,False,False,True
U01752,False,False,True
U01753,False,False,True
U01754,False,False,True
U01755,False,False,True
U01756,True,False,True
U01757,False,False,True
U01758,False,False,True
U01759,False,False,True
U01760,False,False,True
U01761,False,False,True
U01762,False,False,True
U01763,True,False,True
U01764,False,False,True
U01765,False,False,True
U01766,True,False,True
U01767,False,False,True
U01768,False,False,True
U01769,True,False,True
U01770,False,False,True
U01771,False,False,True
U01772,False,False,True
U01773,False,False,True
U01774,False,False,True
U01775,False,False,True
U01776,False,False,True
U01777,False,False,True
U01778,True,True,False
U01779,False,False,True
U01780,False,False,True
U01781,False,False,True
U01782,True,False,True
U01783,True,True,False
U01784,True,True,False
U01785,False,False,True
U01786,False,False,True
U01787,False,False,True
U01788,False,False,True
U01789,False,False,True
U01790,False,False,True
U01791,False,False,True
U01792,False,False,True
U01793,True,False,True
U01794,False,False,True
U01795,False,False,True
U01796,True,False,True
U01797,True,True,False
U01798,False,False,True
U01799,False,False,True
U01800,False,False,True
U01801,False,False,True
U01802,False,False,True
U01803,False,False,True
U01804,False,False,True
U01805,True,True,False
U01806,True,True,False
U01807,False,False,True
U01808,False,False,True
U01809,False,False,True
U01810,False,False,True
U01811,False,False,True
U01812,False,False,True
U01813,False,False,True
U01814,False,False,True
U01815,False,False,True
U01816,False,False,True
U01817,True,True,False
U01818,False,False,True
U01819,True,False,True
U01820,False,False,True
U01821,False,False,True
U01822,False,False,True
U01823,False,False,True
U01824,False,False,True
U01825,True,True,False
U01826,False,False,True
U01827,False,False,True
U01828,False,False,True
U01829,False,False,True
U01830,False,False,True
U01831,False,False,True
U01832,True,True,False
U01833,False,False,True
U01834,False,False,True
U01835,False,False,True
U01836,False,False,True
U01837,False,False,True
U01838,False,False,True
U01839,False,False,True
U01840,False,False,True
U01841,False,False,True
U01842,False,False,True
U01843,False,False,True
U01844,False,False,True
U01845,False,False,True
U01846,False,False,True
U01847,True,False,True
U01848,True,False,True
U01849,False,False,True
U01850,False,False,True
U01851,True,False,True
U01852,False,False,True
U01853,True,False,True
U01854,True,False,True
U01855,True,True,False
U01856,False,False,True
U01857,True,False,True
U01858,True,False,True
U01859,False,False,True
U01860,False,False,True
U01861,True,True,False
U01862,False,False,True
U01863,False,False,True
U01864,False,False,True
U01865,True,False,True
U01866,True,False,True
U01867,False,False,True
U01868,False,False,True
U01869,False,False,True
U01870,False,False,True
U01871,False,False,True
U01872,False,False,True
U01873,False,False,True
U01874,False,False,True
U01875,False,False,True
U01876,True,True,False
U01877,True,True,False
U01878,True,True,False
U01879,False,False,True
U01880,True,False,True
U01881,False,False,True
U01882,True,True,False
U01883,False,False,True
U01884,False,False,True
U01885,True,True,False
U01886,True,True,False
U01887,False,False,True
U01888,True,True,False
U01889,False,False,True
U01890,False,False,True
U01891,True,True,False
U01892,True,True,False
U01893,True,False,True
U01894,True,True,False
U01895,False,False,True
U01896,False,False,True
U01897,False,False,True
U01898,False,False,True
U01899,False,False,True
U01900,False,False,True
U01901,False,False,True
U01902,True,False,True
U01903,False,False,True
U01904,False,False,True
U01905,False,False,True
U01906,True,True,False
U01907,False,False,True
U01908,False,False,True
U01909,False,False,True
U01910,True,True,False
U01911,True,True,False
U01912,True,False,True
U01913,False,False,True
U01914,False,False,True
U01915,False,False,True
U01916,True,False,True
U01917,False,False,True
U01918,True,False,True
U01919,False,False,True
U01920,False,False,True
U01921,False,False,True
U01922,False,False,True
U01923,False,False,True
U01924,False,False,True
U01925,False,False,True
U01926,False,False,True
U01927,False,False,True
U01928,False,False,True
U01929,False,False,True
U01930,True,True,False
U01931,True,True,False
U01932,False,False,True
U01933,False,False,True
U01934,False,False,True
U01935,False,False,True
U01936,False,False,True
U01937,False,False,True
U01938,False,False,True
U01939,False,False,True
U01940,False,False,True
U01941,False,False,True
U01942,False,False,True
U01943,True,True,False
U01944,True,True,False
U01945,True,True,False
U01946,False,False,True
U01947,False,False,True
U01948,False,False,True
U01949,True,True,False
U01950,True,False,True
U01951,False,False,True
U01952,True,False,True
U01953,False,False,True
U01954,False,False,True
U01955,False,False,True
U01956,False,False,True
U01957,False,False,True
U01958,True,False,True
U01959,True,True,False
U01960,False,False,True
U01961,False,False,True
U01962,True,True,False
U01963,False,False,True
U01964,False,False,True
U01965,False,False,True
U01966,False,False,True
U01967,True,True,False
U01968,False,False,True
U01969,True,False,True
U01970,False,False,True
U01971,False,False,True
U01972,True,False,True
U01973,False,False,True
U01974,False,False,True
U01975,False,False,True
U01976,False,False,True
U01977,True,True,False
U01978,False,False,True
U01979,True,True,False
U01980,False,False,True
U01981,False,False,True
U01982,False,False,True
U01983,True,True,False
U01984,False,False,True
U01985,False,False,True
U01986,False,False,True
U01987,False,False,True
U01988,False,False,True
U01989,True,True,False
U01990,True,False,True
U01991,False,False,True
U01992,False,False,True
U01993,False,False,True
U01994,True,True,False
U01995,True,False,True
U01996,False,False,True
U01997,False,False,True
U01998,False,False,True
U01999,False,False,True
U02000,False,False,True
U02001,False,False,True
U02002,False,False,True
U02003,True,False,True
U02004,True,False,True
U02005,True,True,False
U02006,False,False,True
U02007,True,False,True
U02008,False,False,True
U02009,False,False,True
U02010,False,False,True
U02011,False,False,True
U02012,False,False,True
U02013,False,False,True
U02014,True,True,False
U02015,False,False,True
U02016,True,True,False
U02017,False,False,True
U02018,True,True,False
U02019,False,False,True
U02020,False,False,True
U02021,True,True,False
U02022,False,False,True
U02023,False,False,True
U02024,False,False,True
U02025,False,False,True
U02026,False,False,True
U02027,True,True,False
U02028,True,True,False
U02029,False,False,True
U02030,True,False,True
U02031,False,False,True
U02032,False,False,True
U02033,False,False,True
U02034,False,False,True
U02035,False,False,True
U02036,False,False,True
U02037,False,False,True
U02038,True,False,True
U02039,False,False,True
U02040,False,False,True
U02041,False,False,True
U02042,False,False,True
U02043,False,False,True
U02044,True,True,False
U02045,True,True,False
U02046,False,False,True
U02047,False,False,True
U02048,False,False,True
U02049,False,False,True
U02050,True,True,False
U02051,False,False,True
U02052,True,False,True
U02053,True,True,False
U02054,False,False,True
U02055,False,False,True
U02056,False,False,True
U02057,False,False,True
U02058,False,False,True
U02059,False,False,True
U02060,False,False,True
U02061,False,False,True
U02062,False,False,True
U02063,False,False,True
U02064,True,False,True
U02065,False,False,True
U02066,False,False,True
U02067,False,False,True
U02068,True,True,False
U02069,False,False,True
U02070,False,False,True
U02071,False,False,True
U02072,False,False,True
U02073,False,False,True
U02074,False,False,True
U02075,False,False,True
U02076,False,False,True
U02077,False,False,True
U02078,False,False,True
U02079,False,False,True
U02080,False,False,True
U02081,False,False,True
U02082,True,False,True
U02083,True,False,True
U02084,False,False,True
U02085,False,False,True
U02086,False,False,True
U02087,True,False,True
U02088,False,False,True
U02089,False,False,True
U02090,False,False,True
U02091,False,False,True
U02092,False,False,True
U02093,False,False,True
U02094,False,False,True
U02095,False,False,True
U02096,False,False,True
U02097,False,False,True
U02098,False,False,True
U02099,True,True,False
U02100,False,False,True
U02101,False,False,True
U02102,False,False,True
U02103,False,False,True
U02104,False,False,True
U02105,False,False,True
U02106,False,False,True
U02107,True,True,False
U02108,False,False,True
U02109,True,False,True
U02110,False,False,True
U02111,False,False,True
U02112,False,False,True
U02113,False,False,True
U02114,False,False,True
U02115,False,False,True
U02116,False,False,True
U02117,False,False,True
U02118,False,False,True
U02119,False,False,True
U02120,True,True,False
U02121,False,False,True
U02122,False,False,True
U02123,False,False,True
U02124,False,False,True
U02125,False,False,True
U02126,False,False,True
U02127,True,False,True
U02128,True,True,False
U02129,False,False,True
U02130,True,False,True
U02131,False,False,True
U02132,False,False,True
U02133,False,False,True
U02134,True,False,True
U02135,False,False,True
U02136,False,False,True
U02137,False,False,True
U02138,False,False,True
U02139,True,True,False
U02140,False,False,True
U02141,False,False,True
U02142,False,False,True
U02143,False,False,True
U02144,False,False,True
U02145,False,False,True
U02146,False,False,True
U02147,False,False,True
U02148,False,False,True
U02149,True,True,False
U02150,False,False,True
U02151,False,False,True
U02152,False,False,True
U02153,False,False,True
U02154,True,False,True
U02155,False,False,True
U02156,False,False,True
U02157,True,False,True
U02158,False,False,True
U02159,False,False,True
U02160,False,False,True
U02161,False,False,True
U02162,False,False,True
U02163,False,False,True
U02164,True,True,False
U02165,False,False,True
U02166,False,False,True
U02167,False,False,True
U02168,True,False,True
U02169,False,False,True
U02170,False,False,True
U02171,False,False,True
U02172,False,False,True
U02173,False,False,True
U02174,False,False,True
U02175,True,True,False
U02176,False,False,True
U02177,True,True,False
U02178,False,False,True
U02179,True,False,True
U02180,True,True,False
U02181,False,False,True
U02182,True,False,True
U02183,False,False,True
U02184,True,True,False
U02185,False,False,True
U02186,True,True,False
U02187,False,False,True
U02188,False,False,True
U02189,False,False,True
U02190,False,False,True
U02191,False,False,True
U02192,False,False,True
U02193,False,False,True
U02194,False,False,True
U02195,True,True,False
U02196,False,False,True
U02197,False,False,True
U02198,False,False,True
U02199,True,True,False
U02200,False,False,True
U02201,True,False,True
U02202,False,False,True
U02203,True,True,False
U02204,False,False,True
U02205,True,False,True
U02206,False,False,True
U02207,False,False,True
U02208,False,False,True
U02209,False,False,True
U02210,False,False,True
U02211,False,False,True
U02212,False,False,True
U02213,False,False,True
U02214,False,False,True
U02215,False,False,True
U02216,True,True,False
U02217,False,False,True
U02218,False,False,True
U02219,False,False,True
U02220,True,False,True
U02221,False,False,True
U02222,False,False,True
U02223,False,False,True
U02224,False,False,True
U02225,False,False,True
U02226,True,False,True
U02227,False,False,True
U02228,False,False,True
U02229,False,False,True
U02230,False,False,True
U02231,False,False,True
U02232,False,False,True
U02233,False,False,True
U02234,False,False,True
U02235,False,False,True
U02236,False,False,True
U02237,False,False,True
U02238,False,False,True
U02239,False,False,True
U02240,False,False,True
U02241,False,False,True
U02242,False,False,True
U02243,False,False,True
U02244,False,False,True
U02245,False,False,True
U02246,False,False,True
U02247,False,False,True
U02248,False,False,True
U02249,False,False,True
U02250,False,False,True
U02251,False,False,True
U02252,False,False,True
U02253,False,False,True
U02254,False,False,True
U02255,False,False,True
U02256,False,False,True
U02257,True,False,True
U02258,False,False,True
U02259,True,True,False
U02260,False,False,True
U02261,True,True,False
U02262,False,False,True
U02263,False,False,True
U02264,True,True,False
U02265,False,False,True
U02266,True,True,False
U02267,True,True,False
U02268,False,False,True
U02269,True,False,True
U02270,False,False,True
U02271,True,False,True
U02272,False,False,True
U02273,False,False,True
U02274,True,True,False
U02275,False,False,True
U02276,True,True,False
U02277,False,False,True
U02278,False,False,True
U02279,False,False,True
U02280,False,False,True
U02281,True,False,True
U02282,False,False,True
U02283,False,False,True
U02284,False,False,True
U02285,False,False,True
U02286,False,False,True
U02287,False,False,True
U02288,False,False,True
U02289,False,False,True
U02290,False,False,True
U02291,False,False,True
U02292,False,False,True
U02293,False,False,True
U02294,False,False,True
U02295,True,False,True
U02296,False,False,True
U02297,False,False,True
U02298,True,False,True
U02299,False,False,True
U02300,False,False,True
U02301,False,False,True
U02302,False,False,True
U02303,True,True,False
U02304,True,True,False
U02305,False,False,True
U02306,False,False,True
U02307,False,False,True
U02308,False,False,True
U02309,False,False,True
U02310,False,False,True
U02311,True,True,False
U02312,False,False,True
U02313,False,False,True
U02314,False,False,True
U02315,False,False,True
U02316,False,False,True
U02317,False,False,True
U02318,False,False,True
U02319,False,False,True
U02320,True,False,True
U02321,False,False,True
U02322,True,True,False
U02323,False,False,True
U02324,False,False,True
U02325,False,False,True
U02326,True,True,False
U02327,True,True,False
U02328,True,True,False
U02329,False,False,True
U02330,False,False,True
U02331,False,False,True
U02332,False,False,True
U02333,True,False,True
U02334,True,True,False
U02335,False,False,True
U02336,True,False,True
U02337,True,True,False
U02338,False,False,True
U02339,False,False,True
U02340,False,False,True
U02341,True,False,True
U02342,False,False,True
U02343,False,False,True
U02344,True,True,False
U02345,False,False,True
U02346,False,False,True
U02347,False,False,True
U02348,False,False,True
U02349,False,False,True
U02350,True,False,True
U02351,False,False,True
U02352,False,False,True
U02353,False,False,True
U02354,True,True,False
U02355,True,False,True
U02356,False,False,True
U02357,False,False,True
U02358,False,False,True
U02359,False,False,True
U02360,False,False,True
U02361,True,True,False
U02362,False,False,True
U02363,False,False,True
U02364,True,True,False
U02365,False,False,True
U02366,False,False,True
U02367,False,False,True
U02368,False,False,True
U02369,False,False,True
U02370,False,False,True
U02371,False,False,True
U02372,True,False,True
U02373,True,True,False
U02374,False,False,True
U02375,False,False,True
U02376,False,False,True
U02377,True,True,False
U02378,True,True,False
U02379,True,False,True
U02380,False,False,True
U02381,False,False,True
U02382,True,False,True
U02383,True,True,False
U02384,False,False,True
U02385,True,True,False
U02386,False,False,True
U02387,False,False,True
U02388,False,False,True
U02389,False,False,True
U02390,False,False,True
U02391,True,True,False
U02392,False,False,True
U02393,False,False,True
U02394,False,False,True
U02395,True,True,False
U02396,False,False,True
U02397,True,True,False
U02398,True,True,False
U02399,False,False,True
U02400,False,False,True
U02401,False,False,True
U02402,False,False,True
U02403,False,False,True
U02404,False,False,True
U02405,False,False,True
U02406,True,True,False
U02407,True,True,False
U02408,True,True,False
U02409,False,False,True
U02410,False,False,True
U02411,False,False,True
U02412,False,False,True
U02413,False,False,True
U02414,False,False,True
U02415,False,False,True
U02416,True,False,True
U02417,False,False,True
U02418,False,False,True
U02419,False,False,True
U02420,False,False,True
U02421,False,False,True
U02422,False,False,True
U02423,False,False,True
U02424,True,False,True
U02425,False,False,True
U02426,False,False,True
U02427,True,True,False
U02428,True,True,False
U02429,False,False,True
U02430,False,False,True
U02431,True,False,True
U02432,True,False,True
U02433,False,False,True
U02434,True,True,False
U02435,False,False,True
U02436,False,False,True
U02437,False,False,True
U02438,False,False,True
U02439,True,True,False
U02440,False,False,True
U02441,False,False,True
U02442,True,False,True
U02443,False,False,True
U02444,False,False,True
U02445,True,True,False
U02446,True,True,False
U02447,False,False,True
U02448,False,False,True
U02449,False,False,True
U02450,False,False,True
U02451,False,False,True
U02452,True,True,False
U02453,False,False,True
U02454,False,False,True
U02455,False,False,True
U02456,False,False,True
U02457,True,True,False
U02458,False,False,True
U02459,True,True,False
U02460,False,False,True
U02461,True,False,True
U02462,False,False,True
U02463,False,False,True
U02464,False,False,True
U02465,False,False,True
U02466,False,False,True
U02467,False,False,True
U02468,False,False,True
U02469,False,False,True
U02470,True,True,False
U02471,False,False,True
U02472,False,False,True
U02473,True,False,True
U02474,True,True,False
U02475,True,True,False
U02476,True,True,False
U02477,True,True,False
U02478,True,False,True
U02479,False,False,True
U02480,False,False,True
U02481,False,False,True
U02482,True,True,False
U02483,False,False,True
U02484,False,False,True
U02485,True,True,False
U02486,False,False,True
U02487,True,False,True
U02488,False,False,True
U02489,True,True,False
U02490,False,False,True
U02491,False,False,True
U02492,False,False,True
U02493,False,False,True
U02494,False,False,True
U02495,False,False,True
U02496,False,False,True
U02497,False,False,True
U02498,False,False,True
U02499,False,False,True
U02500,False,False,True
U02501,True,True,False
U02502,True,True,False
U02503,False,False,True
U02504,False,False,True
U02505,False,False,True
U02506,False,False,True
U02507,False,False,True
U02508,False,False,True
U02509,False,False,True
U02510,False,False,True
U02511,True,True,False
U02512,True,True,False
U02513,False,False,True
U02514,True,True,False
U02515,False,False,True
U02516,True,False,True
U02517,False,False,True
U02518,False,False,True
U02519,False,False,True
U02520,False,False,True
U02521,False,False,True
U02522,False,False,True
U02523,False,False,True
U02524,False,False,True
U02525,True,False,True
U02526,False,False,True
U02527,True,False,True
U02528,False,False,True
U02529,False,False,True
U02530,False,False,True
U02531,False,False,True
U02532,False,False,True
U02533,False,False,True
U02534,False,False,True
U02535,False,False,True
U02536,False,False,True
U02537,False,False,True
U02538,True,False,True
U02539,False,False,True
U02540,True,True,False
U02541,False,False,True
U02542,True,False,True
U02543,False,False,True
U02544,False,False,True
U02545,False,False,True
U02546,True,True,False
U02547,True,False,True
U02548,False,False,True
U02549,True,True,False
U02550,False,False,True
U02551,False,False,True
U02552,True,True,False
U02553,False,False,True
U02554,False,False,True
U02555,False,False,True
U02556,False,False,True
U02557,False,False,True
U02558,False,False,True
U02559,False,False,True
U02560,False,False,True
U02561,False,False,True
U02562,False,False,True
U02563,False,False,True
U02564,True,True,False
U02565,False,False,True
U02566,False,False,True
U02567,False,False,True
U02568,False,False,True
U02569,False,False,True
U02570,True,True,False
U02571,True,False,True
U02572,True,True,False
U02573,False,False,True
U02574,True,True,False
U02575,False,False,True
U02576,True,True,False
U02577,True,False,True
U02578,False,False,True
U02579,True,False,True
U02580,False,False,True
U02581,False,False,True
U02582,False,False,True
U02583,False,False,True
U02584,False,False,True
U02585,False,False,True
U02586,False,False,True
U02587,False,False,True
U02588,False,False,True
U02589,True,False,True
U02590,False,False,True
U02591,True,True,False
U02592,False,False,True
U02593,False,False,True
U02594,False,False,True
U02595,False,False,True
U02596,False,False,True
U02597,False,False,True
U02598,False,False,True
U02599,False,False,True
U02600,False,False,True
U02601,False,False,True
U02602,False,False,True
U02603,False,False,True
U02604,False,False,True
U02605,False,False,True
U02606,False,False,True
U02607,True,False,True
U02608,False,False,True
U02609,True,True,False
U02610,False,False,True
U02611,False,False,True
U02612,False,False,True
U02613,False,False,True
U02614,True,True,False
U02615,False,False,True
U02616,False,False,True
U02617,False,False,True
U02618,False,False,True
U02619,False,False,True
U02620,True,True,False
U02621,False,False,True
U02622,False,False,True
U02623,True,True,False
U02624,False,False,True
U02625,False,False,True
U02626,True,False,True
U02627,True,False,True
U02628,False,False,True
U02629,False,False,True
U02630,False,False,True
U02631,False,False,True
U02632,False,False,True
U02633,False,False,True
U02634,False,False,True
U02635,False,False,True
U02636,False,False,True
U02637,False,False,True
U02638,False,False,True
U02639,False,False,True
U02640,False,False,True
U02641,True,True,False
U02642,False,False,True
U02643,True,False,True
U02644,True,True,False
U02645,False,False,True
U02646,True,False,True
U02647,False,False,True
U02648,False,False,True
U02649,False,False,True
U02650,False,False,True
U02651,True,True,False
U02652,False,False,True
U02653,False,False,True
U02654,False,False,True
U02655,False,False,True
U02656,False,False,True
U02657,False,False,True
U02658,True,True,False
U02659,True,False,True
U02660,True,True,False
U02661,False,False,True
U02662,False,False,True
U02663,False,False,True
U02664,False,False,True
U02665,False,False,True
U02666,False,False,True
U02667,False,False,True
U02668,False,False,True
U02669,False,False,True
U02670,False,False,True
U02671,False,False,True
U02672,True,False,True
U02673,False,False,True
U02674,True,True,False
U02675,False,False,True
U02676,False,False,True
U02677,False,False,True
U02678,True,False,True
U02679,False,False,True
U02680,False,False,True
U02681,False,False,True
U02682,False,False,True
U02683,True,False,True
U02684,False,False,True
U02685,False,False,True
U02686,False,False,True
U02687,False,False,True
U02688,False,False,True
U02689,False,False,True
U02690,False,False,True
U02691,True,True,False
U02692,False,False,True
U02693,False,False,True
U02694,True,True,False
U02695,False,False,True
U02696,False,False,True
U02697,True,True,False
U02698,False,False,True
U02699,False,False,True
U02700,True,True,False
U02701,False,False,True
U02702,False,False,True
U02703,False,False,True
U02704,False,False,True
U02705,False,False,True
U02706,True,True,False
U02707,False,False,True
U02708,True,False,True
U02709,False,False,True
U02710,True,False,True
U02711,False,False,True
U02712,False,False,True
U02713,False,False,True
U02714,False,False,True
U02715,True,True,False
U02716,False,False,True
U02717,False,False,True
U02718,True,True,False
U02719,False,False,True
U02720,True,False,True
U02721,True,False,True
U02722,False,False,True
U02723,False,False,True
U02724,True,True,False
U02725,False,False,True
U02726,True,True,False
U02727,True,True,False
U02728,True,True,False
U02729,False,False,True
U02730,False,False,True
U02731,False,False,True
U02732,False,False,True
U02733,True,True,False
U02734,False,False,True
U02735,False,False,True
U02736,True,True,False
U02737,True,False,True
U02738,False,False,True
U02739,True,True,False
U02740,False,False,True
U02741,True,False,True
U02742,True,True,False
U02743,False,False,True
U02744,False,False,True
U02745,False,False,True
U02746,False,False,True
U02747,False,False,True
U02748,True,True,False
U02749,False,False,True
U02750,False,False,True
U02751,False,False,True
U02752,False,False,True
U02753,False,False,True
U02754,True,True,False
U02755,False,False,True
U02756,True,True,False
U02757,False,False,True
U02758,False,False,True
U02759,True,False,True
U02760,False,False,True
U02761,False,False,True
U02762,False,False,True
U02763,False,False,True
U02764,False,False,True
U02765,False,False,True
U02766,False,False,True
U02767,False,False,True
U02768,False,False,True
U02769,False,False,True
U02770,False,False,True
U02771,False,False,True
U02772,True,True,False
U02773,False,False,True
U02774,False,False,True
U02775,True,True,False
U02776,False,False,True
U02777,False,False,True
U02778,False,False,True
U02779,True,False,True
U02780,True,True,False
U02781,True,True,False
U02782,False,False,True
U02783,False,False,True
U02784,False,False,True
U02785,True,False,True
U02786,False,False,True
U02787,False,False,True
U02788,False,False,True
U02789,False,False,True
U02790,False,False,True
U02791,False,False,True
U02792,False,False,True
U02793,False,False,True
U02794,False,False,True
U02795,False,False,True
U02796,False,False,True
U02797,True,True,False
U02798,False,False,True
U02799,False,False,True
U02800,True,True,False
U02801,False,False,True
U02802,True,False,True
U02803,True,True,False
U02804,False,False,True
U02805,False,False,True
U02806,True,True,False
U02807,True,True,False
U02808,False,False,True
U02809,False,False,True
U02810,True,True,False
U02811,False,False,True
U02812,False,False,True
U02813,False,False,True
U02814,True,False,True
U02815,False,False,True
U02816,False,False,True
U02817,False,False,True
U02818,False,False,True
U02819,True,False,True
U02820,False,False,True
U02821,False,False,True
U02822,False,False,True
U02823,False,False,True
U02824,True,True,False
U02825,True,False,True
U02826,False,False,True
U02827,False,False,True
U02828,False,False,True
U02829,True,True,False
U02830,False,False,True
U02831,False,False,True
U02832,False,False,True
U02833,True,False,True
U02834,False,False,True
U02835,False,False,True
U02836,False,False,True
U02837,False,False,True
U02838,False,False,True
U02839,False,False,True
U02840,False,False,True
U02841,False,False,True
U02842,False,False,True
U02843,False,False,True
U02844,False,False,True
U02845,False,False,True
U02846,True,False,True
U02847,True,True,False
U02848,False,False,True
U02849,False,False,True
U02850,True,False,True
U02851,False,False,True
U02852,False,False,True
U02853,True,True,False
U02854,False,False,True
U02855,False,False,True
U02856,False,False,True
U02857,False,False,True
U02858,False,False,True
U02859,False,False,True
U02860,True,True,False
U02861,False,False,True
U02862,True,False,True
U02863,False,False,True
U02864,False,False,True
U02865,False,False,True
U02866,False,False,True
U02867,False,False,True
U02868,False,False,True
U02869,False,False,True
U02870,False,False,True
U02871,True,True,False
U02872,True,False,True
U02873,False,False,True
U02874,False,False,True
U02875,False,False,True
U02876,False,False,True
U02877,False,False,True
U02878,False,False,True
U02879,False,False,True
U02880,False,False,True
U02881,False,False,True
U02882,True,True,False
U02883,False,False,True
U02884,True,True,False
U02885,False,False,True
U02886,False,False,True
U02887,True,False,True
U02888,False,False,True
U02889,False,False,True
U02890,True,True,False
U02891,False,False,True
U02892,False,False,True
U02893,False,False,True
U02894,True,True,False
U02895,False,False,True
U02896,True,False,True
U02897,True,True,False
U02898,False,False,True
U02899,False,False,True
U02900,True,True,False
U02901,False,False,True
U02902,False,False,True
U02903,False,False,True
U02904,False,False,True
U02905,False,False,True
U02906,True,True,False
U02907,True,True,False
U02908,False,False,True
U02909,False,False,True
U02910,False,False,True
U02911,False,False,True
U02912,True,True,False
U02913,False,False,True
U02914,False,False,True
U02915,False,False,True
U02916,False,False,True
U02917,False,False,True
U02918,False,False,True
U02919,False,False,True
U02920,False,False,True
U02921,False,False,True
U02922,False,False,True
U02923,False,False,True
U02924,False,False,True
U02925,True,False,True
U02926,False,False,True
U02927,False,False,True
U02928,False,False,True
U02929,False,False,True
U02930,False,False,True
U02931,False,False,True
U02932,False,False,True
U02933,True,False,True
U02934,False,False,True
U02935,True,True,False
U02936,False,False,True
U02937,False,False,True
U02938,False,False,True
U02939,False,False,True
U02940,False,False,True
U02941,False,False,True
U02942,True,True,False
U02943,False,False,True
U02944,False,False,True
U02945,True,False,True
U02946,True,True,False
U02947,False,False,True
U02948,False,False,True
U02949,True,False,True
U02950,False,False,True
U02951,False,False,True
U02952,False,False,True
U02953,False,False,True
U02954,True,True,False
U02955,False,False,True
U02956,True,True,False
U02957,False,False,True
U02958,False,False,True
U02959,False,False,True
U02960,False,False,True
U02961,False,False,True
U02962,False,False,True
U02963,False,False,True
U02964,False,False,True
U02965,False,False,True
U02966,False,False,True
U02967,True,True,False
U02968,False,False,True
U02969,True,True,False
U02970,False,False,True
U02971,False,False,True
U02972,False,False,True
U02973,False,False,True
U02974,False,False,True
U02975,False,False,True
U02976,False,False,True
U02977,True,False,True
U02978,False,False,True
U02979,False,False,True
U02980,False,False,True
U02981,False,False,True
U02982,True,True,False
U02983,False,False,True
U02984,False,False,True
U02985,False,False,True
U02986,True,False,True
U02987,False,False,True
U02988,False,False,True
U02989,False,False,True
U02990,True,False,True
U02991,False,False,True
U02992,False,False,True
U02993,True,True,False
U02994,False,False,True
U02995,False,False,True
U02996,False,False,True
U02997,False,False,True
U02998,False,False,True
U02999,False,False,True
U03000,False,False,True
U03001,False,False,True
U03002,False,False,True
U03003,False,False,True
U03004,False,False,True
U03005,False,False,True
U03006,True,True,False
U03007,False,False,True
U03008,False,False,True
U03009,False,False,True
U03010,True,False,True
U03011,True,True,False
U03012,False,False,True
U03013,False,False,True
U03014,True,False,True
U03015,True,False,True
U03016,False,False,True
U03017,True,False,True
U03018,False,False,True
U03019,False,False,True
U03020,False,False,True
U03021,False,False,True
U03022,True,True,False
U03023,False,False,True
U03024,False,False,True
U03025,False,False,True
U03026,False,False,True
U03027,False,False,True
U03028,True,True,False
U03029,False,False,True
U03030,False,False,True
U03031,False,False,True
U03032,False,False,True
U03033,False,False,True
U03034,False,False,True
U03035,False,False,True
U03036,False,False,True
U03037,False,False,True
U03038,True,True,False
U03039,False,False,True
U03040,True,False,True
U03041,True,True,False
U03042,False,False,True
U03043,False,False,True
U03044,False,False,True
U03045,False,False,True
U03046,True,False,True
U03047,False,False,True
U03048,True,False,True
U03049,False,False,True
U03050,False,False,True
U03051,False,False,True
U03052,False,False,True
U03053,False,False,True
U03054,False,False,True
U03055,True,True,False
U03056,False,False,True
U03057,False,False,True
U03058,False,False,True
U03059,False,False,True
U03060,False,False,True
U03061,True,False,True
U03062,False,False,True
U03063,True,True,False
U03064,False,False,True
U03065,False,False,True
U03066,False,False,True
U03067,False,False,True
U03068,False,False,True
U03069,False,False,True
U03070,False,False,True
U03071,False,False,True
U03072,False,False,True
U03073,False,False,True
U03074,False,False,True
U03075,False,False,True
U03076,False,False,True
U03077,False,False,True
U03078,False,False,True
U03079,False,False,True
U03080,False,False,True
U03081,True,True,False
U03082,False,False,True
U03083,False,False,True
U03084,False,False,True
U03085,False,False,True
U03086,False,False,True
U03087,False,False,True
U03088,True,True,False
U03089,True,False,True
U03090,True,True,False
U03091,False,False,True
U03092,False,False,True
U03093,True,False,True
U03094,False,False,True
U03095,False,False,True
U03096,False,False,True
U03097,False,False,True
U03098,True,True,False
U03099,True,False,True
U03100,False,False,True
U03101,False,False,True
U03102,False,False,True
U03103,False,False,True
U03104,True,True,False
U03105,False,False,True
U03106,False,False,True
U03107,False,False,True
U03108,False,False,True
U03109,False,False,True
U03110,False,False,True
U03111,True,False,True
U03112,False,False,True
U03113,False,False,True
U03114,False,False,True
U03115,False,False,True
U03116,False,False,True
U03117,True,True,False
U03118,False,False,True
U03119,False,False,True
U03120,False,False,True
U03121,False,False,True
U03122,False,False,True
U03123,False,False,True
U03124,False,False,True
U03125,True,True,False
U03126,True,True,False
U03127,False,False,True
U03128,False,False,True
U03129,True,True,False
U03130,False,False,True
U03131,False,False,True
U03132,False,False,True
U03133,True,True,False
U03134,False,False,True
U03135,False,False,True
U03136,False,False,True
U03137,False,False,True
U03138,False,False,True
U03139,False,False,True
U03140,False,False,True
U03141,False,False,True
U03142,False,False,True
U03143,False,False,True
U03144,False,False,True
U03145,True,False,True
U03146,False,False,True
U03147,True,True,False
U03148,True,True,False
U03149,False,False,True
U03150,False,False,True
U03151,False,False,True
U03152,False,False,True
U03153,True,True,False
U03154,False,False,True
U03155,True,True,False
U03156,False,False,True
U03157,True,False,True
U03158,False,False,True
U03159,False,False,True
U03160,False,False,True
U03161,False,False,True
U03162,False,False,True
U03163,False,False,True
U03164,False,False,True
U03165,False,False,True
U03166,False,False,True
U03167,False,False,True
U03168,True,True,False
U03169,False,False,True
U03170,False,False,True
U03171,False,False,True
U03172,False,False,True
U03173,False,False,True
U03174,True,True,False
U03175,False,False,True
U03176,False,False,True
U03177,True,False,True
U03178,False,False,True
U03179,False,False,True
U03180,True,True,False
U03181,False,False,True
U03182,True,True,False
U03183,False,False,True
U03184,False,False,True
U03185,True,True,False
U03186,True,False,True
U03187,False,False,True
U03188,True,True,False
U03189,True,False,True
U03190,False,False,True
U03191,False,False,True
U03192,False,False,True
U03193,False,False,True
U03194,False,False,True
U03195,False,False,True
U03196,False,False,True
U03197,False,False,True
U03198,False,False,True
U03199,False,False,True
U03200,True,True,False
U03201,False,False,True
U03202,False,False,True
U03203,True,True,False
U03204,False,False,True
U03205,False,False,True
U03206,True,True,False
U03207,False,False,True
U03208,False,False,True
U03209,False,False,True
U03210,True,True,False
U03211,False,False,True
U03212,True,True,False
U03213,True,True,False
U03214,False,False,True
U03215,False,False,True
U03216,True,True,False
U03217,False,False,True
U03218,False,False,True
U03219,False,False,True
U03220,False,False,True
U03221,False,False,True
U03222,True,True,False
U03223,False,False,True
U03224,False,False,True
U03225,False,False,True
U03226,False,False,True
U03227,False,False,True
U03228,True,True,False
U03229,False,False,True
U03230,True,False,True
U03231,False,False,True
U03232,True,False,True
U03233,False,False,True
U03234,False,False,True
U03235,True,True,False
U03236,False,False,True
U03237,False,False,True
U03238,False,False,True
U03239,False,False,True
U03240,False,False,True
U03241,False,False,True
U03242,True,False,True
U03243,True,True,False
U03244,False,False,True
U03245,False,False,True
U03246,False,False,True
U03247,False,False,True
U03248,True,True,False
U03249,True,True,False
U03250,False,False,True
U03251,False,False,True
U03252,False,False,True
U03253,False,False,True
U03254,False,False,True
U03255,False,False,True
U03256,True,False,True
U03257,True,True,False
U03258,False,False,True
U03259,False,False,True
U03260,True,False,True
U03261,False,False,True
U03262,True,False,True
U03263,True,True,False
U03264,False,False,True
U03265,False,False,True
U03266,False,False,True
U03267,False,False,True
U03268,False,False,True
U03269,False,False,True
U03270,False,False,True
U03271,False,False,True
U03272,True,True,False
U03273,False,False,True
U03274,True,False,True
U03275,False,False,True
U03276,False,False,True
U03277,True,False,True
U03278,False,False,True
U03279,True,False,True
U03280,False,False,True
U03281,False,False,True
U03282,False,False,True
U03283,False,False,True
U03284,False,False,True
U03285,False,False,True
U03286,False,False,True
U03287,False,False,True
U03288,False,False,True
U03289,False,False,True
U03290,False,False,True
U03291,True,True,False
U03292,False,False,True
U03293,True,False,True
U03294,False,False,True
U03295,False,False,True
U03296,False,False,True
U03297,True,False,True
U03298,False,False,True
U03299,False,False,True
U03300,False,False,True
U03301,False,False,True
U03302,True,True,False
U03303,True,True,False
U03304,False,False,True
U03305,True,True,False
U03306,False,False,True
U03307,False,False,True
U03308,False,False,True
U03309,False,False,True
U03310,False,False,True
U03311,False,False,True
U03312,False,False,True
U03313,False,False,True
U03314,False,False,True
U03315,False,False,True
U03316,False,False,True
U03317,False,False,True
U03318,False,False,True
U03319,False,False,True
U03320,True,True,False
U03321,False,False,True
U03322,False,False,True
U03323,False,False,True
U03324,False,False,True
U03325,False,False,True
U03326,False,False,True
U03327,False,False,True
U03328,False,False,True
U03329,True,False,True
U03330,False,False,True
U03331,False,False,True
U03332,False,False,True
U03333,True,True,False
U03334,True,False,True
U03335,False,False,True
U03336,False,False,True
U03337,False,False,True
U03338,True,True,False
U03339,True,True,False
U03340,False,False,True
U03341,False,False,True
U03342,False,False,True
U03343,True,True,False
U03344,False,False,True
U03345,False,False,True
U03346,False,False,True
U03347,False,False,True
U03348,False,False,True
U03349,True,True,False
U03350,False,False,True
U03351,False,False,True
U03352,False,False,True
U03353,False,False,True
U03354,True,True,False
U03355,False,False,True
U03356,False,False,True
U03357,True,False,True
U03358,False,False,True
U03359,False,False,True
U03360,True,False,True
U03361,False,False,True
U03362,False,False,True
U03363,False,False,True
U03364,False,False,True
U03365,False,False,True
U03366,False,False,True
U03367,False,False,True
U03368,False,False,True
U03369,True,False,True
U03370,False,False,True
U03371,False,False,True
U03372,False,False,True
U03373,False,False,True
U03374,False,False,True
U03375,False,False,True
U03376,False,False,True
U03377,True,True,False
U03378,False,False,True
U03379,False,False,True
U03380,False,False,True
U03381,True,False,True
U03382,True,True,False
U03383,True,False,True
U03384,False,False,True
U03385,True,False,True
U03386,False,False,True
U03387,True,False,True
U03388,True,False,True
U03389,True,False,True
U03390,False,False,True
U03391,False,False,True
U03392,False,False,True
U03393,False,False,True
U03394,False,False,True
U03395,False,False,True
U03396,False,False,True
U03397,False,False,True
U03398,False,False,True
U03399,False,False,True
U03400,False,False,True
U03401,True,False,True
U03402,False,False,True
U03403,False,False,True
U03404,False,False,True
U03405,False,False,True
U03406,False,False,True
U03407,False,False,True
U03408,False,False,True
U03409,False,False,True
U03410,False,False,True
U03411,False,False,True
U03412,False,False,True
U03413,False,False,True
U03414,False,False,True
U03415,False,False,True
U03416,False,False,True
U03417,False,False,True
U03418,False,False,True
U03419,False,False,True
U03420,False,False,True
U03421,False,False,True
U03422,True,True,False
U03423,False,False,True
U03424,False,False,True
U03425,False,False,True
U03426,False,False,True
U03427,False,False,True
U03428,False,False,True
U03429,False,False,True
U03430,False,False,True
U03431,False,False,True
U03432,False,False,True
U03433,True,True,False
U03434,False,False,True
U03435,False,False,True
U03436,False,False,True
U03437,False,False,True
U03438,False,False,True
U03439,False,False,True
U03440,True,False,True
U03441,False,False,True
U03442,False,False,True
U03443,False,False,True
U03444,False,False,True
U03445,False,False,True
U03446,False,False,True
U03447,False,False,True
U03448,True,True,False
U03449,False,False,True
U03450,True,True,False
U03451,False,False,True
U03452,False,False,True
U03453,False,False,True
U03454,False,False,True
U03455,False,False,True
U03456,False,False,True
U03457,False,False,True
U03458,False,False,True
U03459,False,False,True
U03460,False,False,True
U03461,True,True,False
U03462,False,False,True
U03463,False,False,True
U03464,False,False,True
U03465,True,False,True
U03466,False,False,True
U03467,False,False,True
U03468,True,True,False
U03469,False,False,True
U03470,False,False,True
U03471,True,False,True
U03472,False,False,True
U03473,False,False,True
U03474,True,True,False
U03475,True,False,True
U03476,False,False,True
U03477,False,False,True
U03478,False,False,True
U03479,False,False,True
U03480,False,False,True
U03481,False,False,True
U03482,False,False,True
U03483,False,False,True
U03484,False,False,True
U03485,False,False,True
U03486,False,False,True
U03487,False,False,True
U03488,True,False,True
U03489,False,False,True
U03490,True,False,True
U03491,False,False,True
U03492,False,False,True
U03493,False,False,True
U03494,False,False,True
U03495,True,False,True
U03496,False,False,True
U03497,False,False,True
U03498,False,False,True
U03499,False,False,True
U03500,True,True,False
U03501,False,False,True
U03502,False,False,True
U03503,True,False,True
U03504,True,False,True
U03505,False,False,True
U03506,False,False,True
U03507,False,False,True
U03508,False,False,True
U03509,False,False,True
U03510,False,False,True
U03511,False,False,True
U03512,False,False,True
U03513,False,False,True
U03514,False,False,True
U03515,False,False,True
U03516,False,False,True
U03517,True,False,True
U03518,True,False,True
U03519,False,False,True
U03520,True,False,True
U03521,False,False,True
U03522,False,False,True
U03523,False,False,True
U03524,True,True,False
U03525,False,False,True
U03526,True,False,True
U03527,False,False,True
U03528,True,True,False
U03529,False,False,True
U03530,False,False,True
U03531,False,False,True
U03532,False,False,True
U03533,False,False,True
U03534,True,True,False
U03535,False,False,True
U03536,False,False,True
U03537,True,False,True
U03538,False,False,True
U03539,False,False,True
U03540,False,False,True
U03541,False,False,True
U03542,False,False,True
U03543,False,False,True
U03544,True,False,True
U03545,False,False,True
U03546,False,False,True
U03547,False,False,True
U03548,False,False,True
U03549,True,True,False
U03550,False,False,True
U03551,False,False,True
U03552,False,False,True
U03553,False,False,True
U03554,False,False,True
U03555,False,False,True
U03556,False,False,True
U03557,False,False,True
U03558,False,False,True
U03559,False,False,True
U03560,True,True,False
U03561,False,False,True
U03562,True,False,True
U03563,False,False,True
U03564,True,True,False
U03565,False,False,True
U03566,False,False,True
U03567,False,False,True
U03568,False,False,True
U03569,True,True,False
U03570,False,False,True
U03571,False,False,True
U03572,True,True,False
U03573,False,False,True
U03574,False,False,True
U03575,True,True,False
U03576,False,False,True
U03577,False,False,True
U03578,False,False,True
U03579,True,True,False
U03580,False,False,True
U03581,False,False,True
U03582,False,False,True
U03583,False,False,True
U03584,False,False,True
U03585,False,False,True
U03586,False,False,True
U03587,True,False,True
U03588,False,False,True
U03589,True,False,True
U03590,False,False,True
U03591,False,False,True
U03592,False,False,True
U03593,False,False,True
U03594,False,False,True
U03595,False,False,True
U03596,False,False,True
U03597,True,True,False
U03598,True,True,False
U03599,False,False,True
U03600,False,False,True
U03601,False,False,True
U03602,False,False,True
U03603,False,False,True
U03604,False,False,True
U03605,False,False,True
U03606,False,False,True
U03607,False,False,True
U03608,True,True,False
U03609,False,False,True
U03610,False,False,True
U03611,False,False,True
U03612,False,False,True
U03613,False,False,True
U03614,False,False,True
U03615,False,False,True
U03616,False,False,True
U03617,False,False,True
U03618,False,False,True
U03619,False,False,True
U03620,False,False,True
U03621,False,False,True
U03622,True,True,False
U03623,False,False,True
U03624,False,False,True
U03625,False,False,True
U03626,True,True,False
U03627,True,True,False
U03628,True,True,False
U03629,False,False,True
U03630,False,False,True
U03631,False,False,True
U03632,False,False,True
U03633,False,False,True
U03634,False,False,True
U03635,True,False,True
U03636,False,False,True
U03637,False,False,True
U03638,False,False,True
U03639,True,True,False
U03640,False,False,True
U03641,False,False,True
U03642,False,False,True
U03643,False,False,True
U03644,False,False,True
U03645,False,False,True
U03646,False,False,True
U03647,False,False,True
U03648,False,False,True
U03649,True,False,True
U03650,False,False,True
U03651,False,False,True
U03652,False,False,True
U03653,True,False,True
U03654,True,True,False
U03655,False,False,True
U03656,False,False,True
U03657,False,False,True
U03658,True,False,True
U03659,False,False,True
U03660,False,False,True
U03661,True,True,False
U03662,False,False,True
U03663,False,False,True
U03664,False,False,True
U03665,False,False,True
U03666,False,False,True
U03667,False,False,True
U03668,True,False,True
U03669,False,False,True
U03670,True,False,True
U03671,False,False,True
U03672,True,True,False
U03673,False,False,True
U03674,False,False,True
U03675,False,False,True
U03676,False,False,True
U03677,True,True,False
U03678,False,False,True
U03679,False,False,True
U03680,False,False,True
U03681,True,False,True
U03682,True,False,True
U03683,False,False,True
U03684,False,False,True
U03685,False,False,True
U03686,True,True,False
U03687,False,False,True
U03688,False,False,True
U03689,False,False,True
U03690,True,True,False
U03691,False,False,True
U03692,False,False,True
U03693,False,False,True
U03694,False,False,True
U03695,False,False,True
U03696,False,False,True
U03697,False,False,True
U03698,False,False,True
U03699,True,False,True
U03700,False,False,True
U03701,True,False,True
U03702,False,False,True
U03703,False,False,True
U03704,False,False,True
U03705,False,False,True
U03706,False,False,True
U03707,False,False,True
U03708,False,False,True
U03709,False,False,True
U03710,False,False,True
U03711,True,True,False
U03712,False,False,True
U03713,True,False,True
U03714,True,False,True
U03715,False,False,True
U03716,False,False,True
U03717,False,False,True
U03718,False,False,True
U03719,False,False,True
U03720,True,False,True
U03721,True,False,True
U03722,False,False,True
U03723,True,True,False
U03724,True,True,False
U03725,True,False,True
U03726,True,True,False
U03727,False,False,True
U03728,True,True,False
U03729,False,False,True
U03730,False,False,True
U03731,False,False,True
U03732,True,False,True
U03733,False,False,True
U03734,True,False,True
U03735,False,False,True
U03736,False,False,True
U03737,False,False,True
U03738,False,False,True
U03739,False,False,True
U03740,False,False,True
U03741,False,False,True
U03742,False,False,True
U03743,False,False,True
U03744,False,False,True
U03745,True,True,False
U03746,False,False,True
U03747,True,True,False
U03748,False,False,True
U03749,False,False,True
U03750,False,False,True
U03751,False,False,True
U03752,False,False,True
U03753,True,True,False
U03754,True,True,False
U03755,False,False,True
U03756,False,False,True
U03757,False,False,True
U03758,False,False,True
U03759,False,False,True
U03760,False,False,True
U03761,False,False,True
U03762,False,False,True
U03763,True,True,False
U03764,False,False,True
U03765,True,False,True
U03766,False,False,True
U03767,False,False,True
U03768,True,True,False
U03769,False,False,True
U03770,False,False,True
U03771,False,False,True
U03772,False,False,True
U03773,False,False,True
U03774,False,False,True
U03775,False,False,True
U03776,False,False,True
U03777,False,False,True
U03778,False,False,True
U03779,True,False,True
U03780,True,True,False
U03781,False,False,True
U03782,False,False,True
U03783,True,True,False
U03784,False,False,True
U03785,True,False,True
U03786,False,False,True
U03787,False,False,True
U03788,False,False,True
U03789,False,False,True
U03790,False,False,True
U03791,False,False,True
U03792,False,False,True
U03793,False,False,True
U03794,False,False,True
U03795,True,True,False
U03796,False,False,True
U03797,False,False,True
U03798,False,False,True
U03799,False,False,True
U03800,True,False,True
U03801,False,False,True
U03802,False,False,True
U03803,True,True,False
U03804,False,False,True
U03805,False,False,True
U03806,False,False,True
U03807,False,False,True
U03808,True,True,False
U03809,False,False,True
U03810,False,False,True
U03811,False,False,True
U03812,False,False,True
U03813,False,False,True
U03814,False,False,True
U03815,False,False,True
U03816,True,True,False
U03817,True,True,False
U03818,True,False,True
U03819,False,False,True
U03820,False,False,True
U03821,True,False,True
U03822,False,False,True
U03823,True,True,False
U03824,False,False,True
U03825,True,False,True
U03826,True,False,True
U03827,False,False,True
U03828,False,False,True
U03829,False,False,True
U03830,True,False,True
U03831,False,False,True
U03832,True,False,True
U03833,False,False,True
U03834,True,False,True
U03835,False,False,True
U03836,True,False,True
U03837,False,False,True
U03838,False,False,True
U03839,True,False,True
U03840,True,True,False
U03841,True,False,True
U03842,False,False,True
U03843,False,False,True
U03844,False,False,True
U03845,False,False,True
U03846,True,False,True
U03847,True,False,True
U03848,True,True,False
U03849,True,True,False
U03850,False,False,True
U03851,False,False,True
U03852,True,True,False
U03853,False,False,True
U03854,False,False,True
U03855,True,True,False
U03856,False,False,True
U03857,False,False,True
U03858,False,False,True
U03859,False,False,True
U03860,False,False,True
U03861,False,False,True
U03862,False,False,True
U03863,False,False,True
U03864,True,True,False
U03865,False,False,True
U03866,False,False,True
U03867,True,True,False
U03868,False,False,True
U03869,False,False,True
U03870,False,False,True
U03871,True,True,False
U03872,False,False,True
U03873,False,False,True
U03874,True,False,True
U03875,False,False,True
U03876,False,False,True
U03877,True,True,False
U03878,False,False,True
U03879,False,False,True
U03880,False,False,True
U03881,False,False,True
U03882,True,True,False
U03883,False,False,True
U03884,True,False,True
U03885,False,False,True
U03886,False,False,True
U03887,True,False,True
U03888,False,False,True
U03889,False,False,True
U03890,True,True,False
U03891,False,False,True
U03892,False,False,True
U03893,False,False,True
U03894,False,False,True
U03895,False,False,True
U03896,False,False,True
U03897,False,False,True
U03898,False,False,True
U03899,False,False,True
U03900,False,False,True
U03901,False,False,True
U03902,True,False,True
U03903,True,True,False
U03904,False,False,True
U03905,False,False,True
U03906,False,False,True
U03907,False,False,True
U03908,False,False,True
U03909,False,False,True
U03910,False,False,True
U03911,True,True,False
U03912,False,False,True
U03913,False,False,True
U03914,False,False,True
U03915,True,True,False
U03916,False,False,True
U03917,False,False,True
U03918,False,False,True
U03919,False,False,True
U03920,False,False,True
U03921,True,False,True
U03922,True,True,False
U03923,False,False,True
U03924,False,False,True
U03925,True,False,True
U03926,False,False,True
U03927,False,False,True
U03928,False,False,True
U03929,False,False,True
U03930,False,False,True
U03931,False,False,True
U03932,False,False,True
U03933,False,False,True
U03934,False,False,True
U03935,True,False,True
U03936,True,True,False
U03937,False,False,True
U03938,True,True,False
U03939,False,False,True
U03940,False,False,True
U03941,False,False,True
U03942,False,False,True
U03943,True,True,False
U03944,True,False,True
U03945,False,False,True
U03946,False,False,True
U03947,True,True,False
U03948,False,False,True
U03949,False,False,True
U03950,False,False,True
U03951,False,False,True
U03952,True,False,True
U03953,False,False,True
U03954,False,False,True
U03955,False,False,True
U03956,False,False,True
U03957,True,False,True
U03958,False,False,True
U03959,False,False,True
U03960,False,False,True
U03961,True,False,True
U03962,True,True,False
U03963,False,False,True
U03964,False,False,True
U03965,False,False,True
U03966,False,False,True
U03967,False,False,True
U03968,False,False,True
U03969,False,False,True
U03970,False,False,True
U03971,False,False,True
U03972,False,False,True
U03973,False,False,True
U03974,False,False,True
U03975,False,False,True
U03976,True,True,False
U03977,False,False,True
U03978,False,False,True
U03979,False,False,True
U03980,False,False,True
U03981,True,True,False
U03982,False,False,True
U03983,False,False,True
U03984,True,True,False
U03985,False,False,True
U03986,False,False,True
U03987,False,False,True
U03988,False,False,True
U03989,True,False,True
U03990,True,False,True
U03991,True,True,False
U03992,False,False,True
U03993,True,True,False
U03994,False,False,True
U03995,False,False,True
U03996,False,False,True
U03997,False,False,True
U03998,False,False,True
U03999,False,False,True
U04000,False,False,True
U04001,True,False,True
U04002,True,True,False
U04003,True,True,False
U04004,False,False,True
U04005,False,False,True
U04006,False,False,True
U04007,False,False,True
U04008,False,False,True
U04009,False,False,True
U04010,False,False,True
U04011,False,False,True
U04012,False,False,True
U04013,False,False,True
U04014,True,True,False
U04015,True,False,True
U04016,True,True,False
U04017,False,False,True
U04018,True,False,True
U04019,False,False,True
U04020,False,False,True
U04021,False,False,True
U04022,False,False,True
U04023,False,False,True
U04024,True,True,False
U04025,True,True,False
U04026,False,False,True
U04027,False,False,True
U04028,False,False,True
U04029,False,False,True
U04030,False,False,True
U04031,False,False,True
U04032,False,False,True
U04033,False,False,True
U04034,False,False,True
U04035,True,True,False
U04036,False,False,True
U04037,False,False,True
U04038,False,False,True
U04039,True,False,True
U04040,False,False,True
U04041,True,False,True
U04042,False,False,True
U04043,True,True,False
U04044,False,False,True
U04045,False,False,True
U04046,False,False,True
U04047,False,False,True
U04048,False,False,True
U04049,False,False,True
U04050,False,False,True
U04051,False,False,True
U04052,False,False,True
U04053,True,True,False
U04054,True,False,True
U04055,False,False,True
U04056,False,False,True
U04057,True,True,False
U04058,False,False,True
U04059,True,False,True
U04060,False,False,True
U04061,False,False,True
U04062,False,False,True
U04063,True,True,False
U04064,False,False,True
U04065,True,False,True
U04066,False,False,True
U04067,False,False,True
U04068,True,True,False
U04069,False,False,True
U04070,False,False,True
U04071,True,False,True
U04072,True,True,False
U04073,True,True,False
U04074,False,False,True
U04075,False,False,True
U04076,False,False,True
U04077,False,False,True
U04078,False,False,True
U04079,False,False,True
U04080,True,False,True
U04081,False,False,True
U04082,True,True,False
U04083,False,False,True
U04084,False,False,True
U04085,True,True,False
U04086,False,False,True
U04087,False,False,True
U04088,False,False,True
U04089,True,True,False
U04090,False,False,True
U04091,False,False,True
U04092,False,False,True
U04093,True,False,True
U04094,False,False,True
U04095,False,False,True
U04096,False,False,True
U04097,False,False,True
U04098,False,False,True
U04099,False,False,True
U04100,True,True,False
U04101,False,False,True
U04102,False,False,True
U04103,False,False,True
U04104,False,False,True
U04105,False,False,True
U04106,True,True,False
U04107,False,False,True
U04108,True,True,False
U04109,True,False,True
U04110,False,False,True
U04111,False,False,True
U04112,True,True,False
U04113,False,False,True
U04114,True,False,True
U04115,True,True,False
U04116,False,False,True
U04117,False,False,True
U04118,True,False,True
U04119,False,False,True
U04120,False,False,True
U04121,False,False,True
U04122,True,True,False
U04123,False,False,True
U04124,False,False,True
U04125,False,False,True
U04126,False,False,True
U04127,False,False,True
U04128,True,False,True
U04129,False,False,True
U04130,True,False,True
U04131,True,False,True
U04132,False,False,True
U04133,False,False,True
U04134,False,False,True
U04135,True,True,False
U04136,False,False,True
U04137,False,False,True
U04138,False,False,True
U04139,False,False,True
U04140,False,False,True
U04141,False,False,True
U04142,False,False,True
U04143,False,False,True
U04144,False,False,True
U04145,False,False,True
U04146,False,False,True
U04147,True,True,False
U04148,False,False,True
U04149,False,False,True
U04150,False,False,True
U04151,False,False,True
U04152,False,False,True
U04153,False,False,True
U04154,True,False,True
U04155,False,False,True
U04156,False,False,True
U04157,True,False,True
U04158,True,False,True
U04159,False,False,True
U04160,True,False,True
U04161,False,False,True
U04162,True,True,False
U04163,False,False,True
U04164,False,False,True
U04165,False,False,True
U04166,True,True,False
U04167,False,False,True
U04168,False,False,True
U04169,True,True,False
U04170,False,False,True
U04171,True,False,True
U04172,False,False,True
U04173,False,False,True
U04174,False,False,True
U04175,False,False,True
U04176,False,False,True
U04177,False,False,True
U04178,False,False,True
U04179,False,False,True
U04180,True,False,True
U04181,False,False,True
U04182,False,False,True
U04183,False,False,True
U04184,True,True,False
U04185,True,True,False
U04186,True,False,True
U04187,False,False,True
U04188,False,False,True
U04189,False,False,True
U04190,False,False,True
U04191,False,False,True
U04192,True,False,True
U04193,False,False,True
U04194,False,False,True
U04195,False,False,True
U04196,True,False,True
U04197,False,False,True
U04198,False,False,True
U04199,True,False,True
U04200,False,False,True
U04201,False,False,True
U04202,True,False,True
U04203,False,False,True
U04204,True,False,True
U04205,False,False,True
U04206,False,False,True
U04207,True,True,False
U04208,False,False,True
U04209,False,False,True
U04210,True,False,True
U04211,True,True,False
U04212,False,False,True
U04213,False,False,True
U04214,False,False,True
U04215,False,False,True
U04216,False,False,True
U04217,False,False,True
U04218,False,False,True
U04219,False,False,True
U04220,False,False,True
U04221,False,False,True
U04222,False,False,True
U04223,True,True,False
U04224,False,False,True
U04225,True,True,False
U04226,True,True,False
U04227,True,True,False
U04228,False,False,True
U04229,False,False,True
U04230,False,False,True
U04231,True,True,False
U04232,False,False,True
U04233,False,False,True
U04234,False,False,True
U04235,True,True,False
U04236,False,False,True
U04237,False,False,True
U04238,False,False,True
U04239,True,True,False
U04240,True,True,False
U04241,False,False,True
U04242,True,True,False
U04243,False,False,True
U04244,True,False,True
U04245,False,False,True
U04246,False,False,True
U04247,False,False,True
U04248,False,False,True
U04249,False,False,True
U04250,False,False,True
U04251,True,True,False
U04252,False,False,True
U04253,False,False,True
U04254,True,False,True
U04255,False,False,True
U04256,False,False,True
U04257,False,False,True
U04258,False,False,True
U04259,True,True,False
U04260,False,False,True
U04261,True,True,False
U04262,False,False,True
U04263,True,True,False
U04264,False,False,True
U04265,False,False,True
U04266,False,False,True
U04267,True,True,False
U04268,False,False,True
U04269,False,False,True
U04270,False,False,True
U04271,False,False,True
U04272,True,True,False
U04273,False,False,True
U04274,True,True,False
U04275,False,False,True
U04276,False,False,True
U04277,False,False,True
U04278,False,False,True
U04279,True,True,False
U04280,True,True,False
U04281,False,False,True
U04282,False,False,True
U04283,False,False,True
U04284,False,False,True
U04285,True,False,True
U04286,False,False,True
U04287,False,False,True
U04288,False,False,True
U04289,False,False,True
U04290,False,False,True
U04291,False,False,True
U04292,False,False,True
U04293,False,False,True
U04294,False,False,True
U04295,True,True,False
U04296,False,False,True
U04297,False,False,True
U04298,False,False,True
U04299,False,False,True
U04300,False,False,True
U04301,False,False,True
U04302,False,False,True
U04303,True,True,False
U04304,True,False,True
U04305,False,False,True
U04306,False,False,True
U04307,True,False,True
U04308,False,False,True
U04309,True,False,True
U04310,False,False,True
U04311,False,False,True
U04312,True,True,False
U04313,False,False,True
U04314,True,False,True
U04315,True,True,False
U04316,True,False,True
U04317,False,False,True
U04318,False,False,True
U04319,False,False,True
U04320,True,True,False
U04321,False,False,True
U04322,True,False,True
U04323,False,False,True
U04324,False,False,True
U04325,False,False,True
U04326,False,False,True
U04327,False,False,True
U04328,False,False,True
U04329,False,False,True
U04330,False,False,True
U04331,True,True,False
U04332,False,False,True
U04333,False,False,True
U04334,False,False,True
U04335,False,False,True
U04336,False,False,True
U04337,True,True,False
U04338,True,False,True
U04339,False,False,True
U04340,True,True,False
U04341,True,True,False
U04342,False,False,True
U04343,False,False,True
U04344,True,True,False
U04345,True,False,True
U04346,False,False,True
U04347,False,False,True
U04348,False,False,True
U04349,False,False,True
U04350,False,False,True
U04351,True,False,True
U04352,True,True,False
U04353,True,True,False
U04354,False,False,True
U04355,True,True,False
U04356,False,False,True
U04357,False,False,True
U04358,True,True,False
U04359,True,True,False
U04360,True,True,False
U04361,False,False,True
U04362,False,False,True
U04363,False,False,True
U04364,True,True,False
U04365,False,False,True
U04366,False,False,True
U04367,False,False,True
U04368,False,False,True
U04369,False,False,True
U04370,True,False,True
U04371,False,False,True
U04372,False,False,True
U04373,False,False,True
U04374,False,False,True
U04375,True,True,False
U04376,False,False,True
U04377,True,False,True
U04378,True,True,False
U04379,False,False,True
U04380,False,False,True
U04381,False,False,True
U04382,True,True,False
U04383,False,False,True
U04384,False,False,True
U04385,False,False,True
U04386,False,False,True
U04387,False,False,True
U04388,False,False,True
U04389,False,False,True
U04390,True,False,True
U04391,False,False,True
U04392,False,False,True
U04393,False,False,True
U04394,False,False,True
U04395,False,False,True
U04396,False,False,True
U04397,False,False,True
U04398,False,False,True
U04399,True,True,False
U04400,True,False,True
U04401,False,False,True
U04402,True,True,False
U04403,False,False,True
U04404,False,False,True
U04405,False,False,True
U04406,True,False,True
U04407,False,False,True
U04408,False,False,True
U04409,False,False,True
U04410,False,False,True
U04411,False,False,True
U04412,True,False,True
U04413,False,False,True
U04414,False,False,True
U04415,False,False,True
U04416,False,False,True
U04417,False,False,True
U04418,True,True,False
U04419,True,True,False
U04420,False,False,True
U04421,False,False,True
U04422,False,False,True
U04423,False,False,True
U04424,False,False,True
U04425,False,False,True
U04426,False,False,True
U04427,False,False,True
U04428,False,False,True
U04429,False,False,True
U04430,True,False,True
U04431,False,False,True
U04432,True,True,False
U04433,True,False,True
U04434,True,True,False
U04435,False,False,True
U04436,True,True,False
U04437,False,False,True
U04438,False,False,True
U04439,False,False,True
U04440,False,False,True
U04441,False,False,True
U04442,True,True,False
U04443,True,False,True
U04444,False,False,True
U04445,False,False,True
U04446,False,False,True
U04447,True,True,False
U04448,False,False,True
U04449,False,False,True
U04450,False,False,True
U04451,False,False,True
U04452,False,False,True
U04453,True,True,False
U04454,False,False,True
U04455,False,False,True
U04456,False,False,True
U04457,True,True,False
U04458,False,False,True
U04459,True,True,False
U04460,False,False,True
U04461,False,False,True
U04462,False,False,True
U04463,False,False,True
U04464,False,False,True
U04465,False,False,True
U04466,False,False,True
U04467,False,False,True
U04468,True,False,True
U04469,False,False,True
U04470,False,False,True
U04471,False,False,True
U04472,False,False,True
U04473,False,False,True
U04474,False,False,True
U04475,True,True,False
U04476,True,True,False
U04477,False,False,True
U04478,True,False,True
U04479,False,False,True
U04480,False,False,True
U04481,True,True,False
U04482,False,False,True
U04483,False,False,True
U04484,True,True,False
U04485,False,False,True
U04486,False,False,True
U04487,True,False,True
U04488,False,False,True
U04489,False,False,True
U04490,True,True,False
U04491,True,False,True
U04492,True,False,True
U04493,False,False,True
U04494,False,False,True
U04495,False,False,True
U04496,False,False,True
U04497,False,False,True
U04498,False,False,True
U04499,True,False,True
U04500,False,False,True
U04501,True,False,True
U04502,False,False,True
U04503,False,False,True
U04504,False,False,True
U04505,False,False,True
U04506,True,True,False
U04507,False,False,True
U04508,True,False,True
U04509,False,False,True
U04510,False,False,True
U04511,False,False,True
U04512,False,False,True
U04513,False,False,True
U04514,False,False,True
U04515,False,False,True
U04516,False,False,True
U04517,False,False,True
U04518,False,False,True
U04519,False,False,True
U04520,False,False,True
U04521,False,False,True
U04522,False,False,True
U04523,True,False,True
U04524,False,False,True
U04525,False,False,True
U04526,False,False,True
U04527,False,False,True
U04528,False,False,True
U04529,False,False,True
U04530,False,False,True
U04531,False,False,True
U04532,False,False,True
U04533,True,True,False
U04534,False,False,True
U04535,True,False,True
U04536,False,False,True
U04537,False,False,True
U04538,True,True,False
U04539,False,False,True
U04540,False,False,True
U04541,False,False,True
U04542,False,False,True
U04543,False,False,True
U04544,False,False,True
U04545,False,False,True
U04546,True,True,False
U04547,False,False,True
U04548,True,True,False
U04549,False,False,True
U04550,False,False,True
U04551,False,False,True
U04552,False,False,True
U04553,False,False,True
U04554,False,False,True
U04555,False,False,True
U04556,False,False,True
U04557,False,False,True
U04558,True,False,True
U04559,False,False,True
U04560,False,False,True
U04561,False,False,True
U04562,True,True,False
U04563,True,False,True
U04564,False,False,True
U04565,False,False,True
U04566,False,False,True
U04567,False,False,True
U04568,False,False,True
U04569,True,True,False
U04570,False,False,True
U04571,False,False,True
U04572,False,False,True
U04573,False,False,True
U04574,False,False,True
U04575,False,False,True
U04576,False,False,True
U04577,False,False,True
U04578,False,False,True
U04579,False,False,True
U04580,False,False,True
U04581,False,False,True
U04582,False,False,True
U04583,False,False,True
U04584,False,False,True
U04585,False,False,True
U04586,False,False,True
U04587,True,False,True
U04588,False,False,True
U04589,False,False,True
U04590,False,False,True
U04591,True,False,True
U04592,False,False,True
U04593,False,False,True
U04594,True,False,True
U04595,False,False,True
U04596,False,False,True
U04597,True,False,True
U04598,True,True,False
U04599,False,False,True
U04600,False,False,True
U04601,False,False,True
U04602,False,False,True
U04603,True,True,False
U04604,True,True,False
U04605,False,False,True
U04606,True,False,True
U04607,False,False,True
U04608,False,False,True
U04609,False,False,True
U04610,False,False,True
U04611,True,True,False
U04612,True,True,False
U04613,False,False,True
U04614,False,False,True
U04615,False,False,True
U04616,False,False,True
U04617,False,False,True
U04618,False,False,True
U04619,False,False,True
U04620,False,False,True
U04621,False,False,True
U04622,False,False,True
U04623,False,False,True
U04624,False,False,True
U04625,False,False,True
U04626,False,False,True
U04627,True,True,False
U04628,False,False,True
U04629,False,False,True
U04630,False,False,True
U04631,True,True,False
U04632,False,False,True
U04633,False,False,True
U04634,False,False,True
U04635,True,True,False
U04636,False,False,True
U04637,True,True,False
U04638,True,True,False
U04639,False,False,True
U04640,False,False,True
U04641,False,False,True
U04642,True,True,False
U04643,False,False,True
U04644,False,False,True
U04645,False,False,True
U04646,False,False,True
U04647,False,False,True
U04648,False,False,True
U04649,False,False,True
U04650,True,True,False
U04651,True,False,True
U04652,False,False,True
U04653,True,False,True
U04654,False,False,True
U04655,True,True,False
U04656,False,False,True
U04657,False,False,True
U04658,False,False,True
U04659,True,False,True
U04660,False,False,True
U04661,False,False,True
U04662,False,False,True
U04663,True,True,False
U04664,False,False,True
U04665,False,False,True
U04666,False,False,True
U04667,False,False,True
U04668,True,True,False
U04669,False,False,True
U04670,True,True,False
U04671,False,False,True
U04672,False,False,True
U04673,False,False,True
U04674,False,False,True
U04675,False,False,True
U04676,True,True,False
U04677,True,False,True
U04678,False,False,True
U04679,True,False,True
U04680,True,True,False
U04681,False,False,True
U04682,False,False,True
U04683,False,False,True
U04684,False,False,True
U04685,False,False,True
U04686,False,False,True
U04687,False,False,True
U04688,False,False,True
U04689,False,False,True
U04690,False,False,True
U04691,True,False,True
U04692,False,False,True
U04693,True,False,True
U04694,False,False,True
U04695,False,False,True
U04696,False,False,True
U04697,False,False,True
U04698,False,False,True
U04699,False,False,True
U04700,True,True,False
U04701,False,False,True
U04702,False,False,True
U04703,True,True,False
U04704,False,False,True
U04705,False,False,True
U04706,True,True,False
U04707,False,False,True
U04708,False,False,True
U04709,False,False,True
U04710,True,False,True
U04711,False,False,True
U04712,False,False,True
U04713,False,False,True
U04714,False,False,True
U04715,False,False,True
U04716,False,False,True
U04717,False,False,True
U04718,False,False,True
U04719,False,False,True
U04720,False,False,True
U04721,False,False,True
U04722,False,False,True
U04723,True,False,True
U04724,False,False,True
U04725,False,False,True
U04726,False,False,True
U04727,True,True,False
U04728,True,False,True
U04729,False,False,True
U04730,False,False,True
U04731,False,False,True
U04732,False,False,True
U04733,False,False,True
U04734,False,False,True
U04735,False,False,True
U04736,False,False,True
U04737,True,True,False
U04738,False,False,True
U04739,False,False,True
U04740,False,False,True
U04741,False,False,True
U04742,False,False,True
U04743,False,False,True
U04744,False,False,True
U04745,False,False,True
U04746,True,False,True
U04747,False,False,True
U04748,False,False,True
U04749,False,False,True
U04750,False,False,True
U04751,False,False,True
U04752,False,False,True
U04753,False,False,True
U04754,True,True,False
U04755,False,False,True
U04756,False,False,True
U04757,False,False,True
U04758,False,False,True
U04759,False,False,True
U04760,False,False,True
U04761,False,False,True
U04762,False,False,True
U04763,True,False,True
U04764,False,False,True
U04765,False,False,True
U04766,False,False,True
U04767,False,False,True
U04768,True,True,False
U04769,False,False,True
U04770,True,False,True
U04771,False,False,True
U04772,False,False,True
U04773,False,False,True
U04774,False,False,True
U04775,False,False,True
U04776,False,False,True
U04777,True,True,False
U04778,True,False,True
U04779,False,False,True
U04780,False,False,True
U04781,True,True,False
U04782,False,False,True
U04783,True,True,False
U04784,False,False,True
U04785,False,False,True
U04786,False,False,True
U04787,True,False,True
U04788,True,True,False
U04789,False,False,True
U04790,False,False,True
U04791,True,True,False
U04792,False,False,True
U04793,False,False,True
U04794,True,True,False
U04795,False,False,True
U04796,False,False,True
U04797,False,False,True
U04798,False,False,True
U04799,False,False,True
U04800,True,True,False
U04801,True,True,False
U04802,False,False,True
U04803,False,False,True
U04804,True,False,True
U04805,False,False,True
U04806,False,False,True
U04807,False,False,True
U04808,True,True,False
U04809,False,False,True
U04810,False,False,True
U04811,False,False,True
U04812,False,False,True
U04813,True,False,True
U04814,True,True,False
U04815,True,False,True
U04816,True,True,False
U04817,False,False,True
U04818,False,False,True
U04819,True,False,True
U04820,False,False,True
U04821,False,False,True
U04822,False,False,True
U04823,True,False,True
U04824,False,False,True
U04825,False,False,True
U04826,False,False,True
U04827,False,False,True
U04828,False,False,True
U04829,False,False,True
U04830,False,False,True
U04831,False,False,True
U04832,False,False,True
U04833,False,False,True
U04834,False,False,True
U04835,False,False,True
U04836,False,False,True
U04837,False,False,True
U04838,True,True,False
U04839,False,False,True
U04840,False,False,True
U04841,False,False,True
U04842,False,False,True
U04843,False,False,True
U04844,False,False,True
U04845,False,False,True
U04846,False,False,True
U04847,False,False,True
U04848,True,True,False
U04849,False,False,True
U04850,True,True,False
U04851,True,False,True
U04852,False,False,True
U04853,False,False,True
U04854,False,False,True
U04855,False,False,True
U04856,False,False,True
U04857,False,False,True
U04858,False,False,True
U04859,False,False,True
U04860,False,False,True
U04861,False,False,True
U04862,False,False,True
U04863,False,False,True
U04864,False,False,True
U04865,True,False,True
U04866,False,False,True
U04867,True,True,False
U04868,False,False,True
U04869,True,False,True
U04870,False,False,True
U04871,False,False,True
U04872,False,False,True
U04873,True,True,False
U04874,False,False,True
U04875,False,False,True
U04876,False,False,True
U04877,True,True,False
U04878,False,False,True
U04879,False,False,True
U04880,True,False,True
U04881,False,False,True
U04882,True,True,False
U04883,False,False,True
U04884,False,False,True
U04885,False,False,True
U04886,False,False,True
U04887,False,False,True
U04888,False,False,True
U04889,False,False,True
U04890,True,True,False
U04891,False,False,True
U04892,False,False,True
U04893,True,True,False
U04894,True,False,True
U04895,False,False,True
U04896,False,False,True
U04897,True,True,False
U04898,False,False,True
U04899,False,False,True
U04900,False,False,True
U04901,False,False,True
U04902,False,False,True
U04903,False,False,True
U04904,False,False,True
U04905,False,False,True
U04906,True,False,True
U04907,False,False,True
U04908,False,False,True
U04909,False,False,True
U04910,False,False,True
U04911,False,False,True
U04912,False,False,True
U04913,False,False,True
U04914,False,False,True
U04915,False,False,True
U04916,False,False,True
U04917,True,False,True
U04918,False,False,True
U04919,False,False,True
U04920,False,False,True
U04921,False,False,True
U04922,False,False,True
U04923,False,False,True
U04924,False,False,True
U04925,False,False,True
U04926,False,False,True
U04927,False,False,True
U04928,False,False,True
U04929,False,False,True
U04930,False,False,True
U04931,False,False,True
U04932,False,False,True
U04933,False,False,True
U04934,False,False,True
U04935,True,True,False
U04936,False,False,True
U04937,False,False,True
U04938,False,False,True
U04939,True,True,False
U04940,False,False,True
U04941,True,True,False
U04942,False,False,True
U04943,False,False,True
U04944,True,False,True
U04945,False,False,True
U04946,False,False,True
U04947,False,False,True
U04948,True,True,False
U04949,False,False,True
U04950,False,False,True
U04951,False,False,True
U04952,True,True,False
U04953,False,False,True
U04954,False,False,True
U04955,False,False,True
U04956,False,False,True
U04957,True,True,False
U04958,False,False,True
U04959,False,False,True
U04960,False,False,True
U04961,False,False,True
U04962,True,True,False
U04963,False,False,True
U04964,False,False,True
U04965,True,True,False
U04966,False,False,True
U04967,False,False,True
U04968,False,False,True
U04969,False,False,True
U04970,False,False,True
U04971,False,False,True
U04972,False,False,True
U04973,False,False,True
U04974,False,False,True
U04975,False,False,True
U04976,False,False,True
U04977,True,False,True
U04978,False,False,True
U04979,True,True,False
U04980,True,True,False
U04981,False,False,True
U04982,True,True,False
U04983,False,False,True
U04984,False,False,True
U04985,False,False,True
U04986,False,False,True
U04987,False,False,True
U04988,False,False,True
U04989,False,False,True
U04990,False,False,True
U04991,False,False,True
U04992,True,True,False
U04993,False,False,True
U04994,False,False,True
U04995,False,False,True
U04996,False,False,True
U04997,True,True,False
U04998,False,False,True
U04999,True,True,False
U05000,False,False,True
