user_id,txn_date,txn_type,amount_vnd,status
U00007,2024-02-03 19:00:00,savings_deposit,655000,success
U00007,2024-02-20 13:00:00,card_payment,338000,success
U00007,2024-03-16 14:00:00,transfer,1882000,success
U00009,2024-04-07 10:00:00,card_payment,3607000,success
U00009,2024-04-13 19:00:00,loan_repayment,9551000,success
U00009,2024-04-16 07:00:00,card_payment,5120000,success
U00009,2024-04-19 22:00:00,loan_repayment,2306000,success
U00009,2024-05-07 01:00:00,loan_repayment,4232000,success
U00009,2024-05-08 19:00:00,loan_repayment,244000,success
U00009,2024-05-16 06:00:00,card_payment,7037000,success
U00009,2024-05-23 09:00:00,loan_repayment,3805000,success
U00012,2024-04-05 15:00:00,card_payment,439000,success
U00012,2024-04-11 23:00:00,qr_payment,4958000,success
U00012,2024-04-13 02:00:00,card_payment,5804000,success
U00012,2024-04-14 23:00:00,qr_payment,5718000,success
U00012,2024-04-18 12:00:00,card_payment,379000,success
U00012,2024-04-19 23:00:00,transfer,4236000,success
U00012,2024-04-23 02:00:00,transfer,1347000,success
U00012,2024-04-23 21:00:00,card_payment,8302000,success
U00012,2024-04-24 12:00:00,savings_deposit,9276000,success
U00012,2024-04-26 12:00:00,bill_payment,9493000,success
U00012,2024-04-27 22:00:00,bill_payment,8770000,success
U00012,2024-05-02 04:00:00,bill_payment,7118000,success
U00012,2024-05-06 19:00:00,bill_payment,2851000,success
U00012,2024-05-08 21:00:00,savings_deposit,380000,success
U00012,2024-05-20 21:00:00,card_payment,9117000,success
U00012,2024-05-21 13:00:00,bill_payment,5543000,success
U00012,2024-05-24 21:00:00,qr_payment,9920000,success
U00012,2024-05-31 04:00:00,card_payment,7646000,success
U00012,2024-06-01 18:00:00,loan_repayment,8354000,success
U00013,2024-04-30 14:00:00,transfer,31396000,success
U00013,2024-05-04 13:00:00,bill_payment,49301000,success
U00013,2024-05-24 08:00:00,bill_payment,43133000,success
U00013,2024-06-01 12:00:00,bill_payment,49892000,success
U00013,2024-06-05 16:00:00,qr_payment,32283000,success
U00013,2024-06-09 12:00:00,transfer,44940000,success
U00015,2024-01-25 18:00:00,transfer,5869000,failed
U00017,2024-03-05 04:00:00,loan_repayment,1763000,failed
U00017,2024-03-05 10:00:00,loan_repayment,1041000,success
U00017,2024-03-07 19:00:00,transfer,596000,success
U00017,2024-03-15 08:00:00,card_payment,1603000,success
U00017,2024-03-25 13:00:00,loan_repayment,1808000,success
U00017,2024-03-27 09:00:00,loan_repayment,288000,success
U00017,2024-03-30 12:00:00,loan_repayment,840000,success
U00017,2024-04-11 10:00:00,loan_repayment,1568000,success
U00017,2024-04-14 18:00:00,loan_repayment,1880000,success
U00024,2024-04-09 03:00:00,loan_repayment,705000,success
U00024,2024-04-21 18:00:00,transfer,663000,success
U00024,2024-04-28 23:00:00,transfer,564000,success
U00024,2024-05-19 06:00:00,transfer,219000,success
U00025,2024-01-20 16:00:00,qr_payment,4792000,success
U00025,2024-03-05 07:00:00,transfer,3384000,success
U00025,2024-03-06 06:00:00,transfer,9995000,success
U00026,2024-03-17 22:00:00,card_payment,772000,success
U00026,2024-03-22 12:00:00,loan_repayment,1180000,success
U00026,2024-03-23 13:00:00,bill_payment,558000,success
U00026,2024-03-30 21:00:00,savings_deposit,636000,success
U00026,2024-04-08 01:00:00,transfer,871000,success
U00026,2024-04-14 01:00:00,bill_payment,111000,failed
U00026,2024-04-16 12:00:00,qr_payment,225000,success
U00026,2024-04-21 04:00:00,loan_repayment,1997000,success
U00026,2024-04-27 10:00:00,loan_repayment,934000,success
U00026,2024-04-27 12:00:00,transfer,1280000,success
U00026,2024-04-28 07:00:00,savings_deposit,1273000,success
U00026,2024-05-08 21:00:00,savings_deposit,549000,success
U00027,2024-02-06 04:00:00,savings_deposit,27126000,success
U00027,2024-02-08 06:00:00,savings_deposit,15029000,success
U00027,2024-02-15 04:00:00,bill_payment,9842000,success
U00027,2024-03-02 18:00:00,bill_payment,48249000,success
U00027,2024-03-06 14:00:00,qr_payment,45035000,success
U00027,2024-03-20 10:00:00,savings_deposit,22754000,success
U00029,2024-04-08 11:00:00,qr_payment,5150000,success
U00029,2024-04-17 03:00:00,qr_payment,3793000,failed
U00029,2024-04-19 16:00:00,loan_repayment,9291000,success
U00029,2024-05-06 01:00:00,qr_payment,8279000,success
U00030,2024-04-21 12:00:00,savings_deposit,486000,success
U00030,2024-05-02 23:00:00,savings_deposit,5403000,success
U00030,2024-05-21 14:00:00,qr_payment,7624000,success
U00030,2024-05-24 02:00:00,transfer,7604000,success
U00033,2024-02-08 05:00:00,qr_payment,27509000,failed
U00033,2024-03-14 10:00:00,qr_payment,1332000,failed
U00033,2024-03-25 02:00:00,qr_payment,31716000,success
U00040,2024-04-23 09:00:00,savings_deposit,954000,success
U00040,2024-05-04 05:00:00,bill_payment,1286000,success
U00040,2024-05-06 03:00:00,bill_payment,773000,success
U00040,2024-05-15 12:00:00,bill_payment,1896000,success
U00040,2024-05-18 15:00:00,savings_deposit,1527000,success
U00040,2024-05-20 08:00:00,savings_deposit,112000,success
U00040,2024-05-27 14:00:00,bill_payment,663000,success
U00040,2024-06-01 12:00:00,qr_payment,1479000,success
U00040,2024-06-06 14:00:00,savings_deposit,858000,success
U00042,2024-01-25 07:00:00,savings_deposit,1783000,success
U00042,2024-01-30 07:00:00,transfer,72000,success
U00042,2024-02-01 15:00:00,bill_payment,839000,success
U00042,2024-02-04 04:00:00,qr_payment,1572000,success
U00042,2024-02-12 03:00:00,qr_payment,1775000,success
U00042,2024-02-23 08:00:00,card_payment,1435000,success
U00042,2024-03-12 09:00:00,savings_deposit,498000,success
U00042,2024-03-14 06:00:00,bill_payment,1186000,success
U00042,2024-03-20 03:00:00,qr_payment,1993000,success
U00042,2024-03-20 07:00:00,transfer,160000,success
U00042,2024-03-23 04:00:00,transfer,1678000,success
U00046,2024-02-07 10:00:00,card_payment,2413000,success
U00046,2024-02-11 23:00:00,transfer,6856000,success
U00046,2024-02-22 08:00:00,loan_repayment,7705000,success
U00046,2024-03-03 21:00:00,transfer,4737000,success
U00046,2024-03-15 09:00:00,card_payment,259000,success
U00047,2024-01-24 20:00:00,loan_repayment,554000,success
U00047,2024-02-01 20:00:00,bill_payment,1754000,success
U00047,2024-02-06 18:00:00,transfer,235000,success
U00047,2024-02-20 12:00:00,qr_payment,1734000,success
U00047,2024-02-21 21:00:00,qr_payment,846000,success
U00047,2024-02-27 05:00:00,loan_repayment,1297000,failed
U00047,2024-03-01 21:00:00,transfer,1961000,success
U00047,2024-03-02 14:00:00,qr_payment,226000,success
U00047,2024-03-09 17:00:00,qr_payment,1022000,failed
U00047,2024-03-10 17:00:00,loan_repayment,458000,success
U00047,2024-03-16 11:00:00,transfer,51000,failed
U00048,2024-02-05 10:00:00,card_payment,1821000,success
U00048,2024-02-09 01:00:00,qr_payment,1034000,success
U00048,2024-02-16 02:00:00,transfer,1153000,success
U00048,2024-02-18 02:00:00,bill_payment,626000,success
U00048,2024-02-19 12:00:00,card_payment,444000,success
U00048,2024-02-21 13:00:00,qr_payment,1662000,success
U00048,2024-02-22 23:00:00,savings_deposit,559000,success
U00048,2024-02-23 03:00:00,qr_payment,219000,success
U00048,2024-02-25 01:00:00,qr_payment,159000,success
U00048,2024-02-25 10:00:00,card_payment,720000,success
U00048,2024-02-28 11:00:00,card_payment,1939000,success
U00048,2024-03-17 15:00:00,card_payment,442000,success
U00048,2024-03-20 08:00:00,bill_payment,1165000,success
U00048,2024-03-20 13:00:00,transfer,1538000,failed
U00052,2024-01-25 21:00:00,transfer,7781000,success
U00052,2024-02-03 20:00:00,transfer,6340000,success
U00052,2024-02-04 10:00:00,transfer,2372000,success
U00052,2024-02-13 19:00:00,card_payment,942000,failed
U00052,2024-02-27 18:00:00,transfer,8583000,success
U00052,2024-02-29 19:00:00,savings_deposit,7721000,success
U00052,2024-03-08 13:00:00,loan_repayment,8713000,success
U00053,2024-02-25 16:00:00,card_payment,26936000,success
U00053,2024-02-26 04:00:00,savings_deposit,4507000,success
U00053,2024-02-29 02:00:00,card_payment,21674000,success
U00053,2024-03-05 12:00:00,card_payment,29831000,success
U00053,2024-03-06 06:00:00,card_payment,46013000,success
U00053,2024-03-20 02:00:00,transfer,41048000,success
U00053,2024-03-31 16:00:00,card_payment,35424000,failed
U00053,2024-04-02 13:00:00,transfer,10786000,success
U00059,2024-03-03 17:00:00,qr_payment,5672000,success
U00059,2024-03-14 12:00:00,loan_repayment,6264000,failed
U00059,2024-03-17 09:00:00,qr_payment,3279000,success
U00065,2024-01-19 08:00:00,qr_payment,857000,success
U00065,2024-02-01 08:00:00,bill_payment,621000,success
U00065,2024-02-02 06:00:00,bill_payment,1793000,success
U00065,2024-02-07 13:00:00,bill_payment,335000,success
U00065,2024-03-01 12:00:00,transfer,1202000,success
U00065,2024-03-04 19:00:00,bill_payment,398000,success
U00065,2024-03-16 04:00:00,card_payment,550000,success
U00079,2024-01-12 10:00:00,transfer,481000,success
U00079,2024-01-22 22:00:00,transfer,1343000,success
U00079,2024-01-25 11:00:00,transfer,1699000,failed
U00079,2024-02-04 09:00:00,qr_payment,1264000,success
U00079,2024-02-11 22:00:00,qr_payment,1737000,failed
U00079,2024-02-24 03:00:00,qr_payment,495000,success
U00079,2024-03-06 09:00:00,savings_deposit,1260000,success
U00079,2024-03-07 02:00:00,qr_payment,552000,success
U00080,2024-01-13 17:00:00,card_payment,22483000,success
U00080,2024-01-17 18:00:00,savings_deposit,5465000,success
U00080,2024-01-22 11:00:00,card_payment,46640000,success
U00080,2024-01-25 21:00:00,bill_payment,45169000,success
U00080,2024-02-12 14:00:00,qr_payment,44027000,success
U00080,2024-02-24 07:00:00,card_payment,20753000,success
U00080,2024-03-04 17:00:00,transfer,29295000,success
U00080,2024-03-07 19:00:00,card_payment,46538000,success
U00085,2024-01-17 08:00:00,card_payment,1016000,success
U00085,2024-01-17 20:00:00,card_payment,663000,success
U00085,2024-01-21 17:00:00,card_payment,129000,success
U00085,2024-02-03 05:00:00,card_payment,843000,success
U00085,2024-02-09 15:00:00,card_payment,1130000,success
U00085,2024-02-11 06:00:00,card_payment,1194000,success
U00085,2024-02-29 05:00:00,card_payment,860000,success
U00091,2024-03-05 03:00:00,bill_payment,743000,success
U00091,2024-03-08 14:00:00,qr_payment,663000,success
U00091,2024-03-16 19:00:00,qr_payment,1801000,success
U00091,2024-03-18 17:00:00,qr_payment,1095000,success
U00091,2024-03-25 00:00:00,bill_payment,1350000,success
U00091,2024-03-27 19:00:00,card_payment,1263000,success
U00091,2024-04-04 13:00:00,bill_payment,984000,success
U00091,2024-04-04 19:00:00,bill_payment,1462000,success
U00093,2024-03-23 13:00:00,transfer,2878000,success
U00093,2024-03-29 12:00:00,transfer,5696000,success
U00093,2024-04-06 23:00:00,qr_payment,5296000,success
U00093,2024-04-16 23:00:00,card_payment,8932000,success
U00093,2024-04-17 20:00:00,qr_payment,6943000,success
U00093,2024-04-28 19:00:00,loan_repayment,5561000,success
U00093,2024-05-03 01:00:00,transfer,5544000,success
U00093,2024-05-13 18:00:00,loan_repayment,4503000,success
U00093,2024-05-15 20:00:00,card_payment,3949000,success
U00093,2024-05-20 02:00:00,loan_repayment,6019000,success
U00093,2024-05-21 12:00:00,transfer,728000,success
U00094,2024-04-17 10:00:00,card_payment,34360000,success
U00094,2024-04-17 22:00:00,qr_payment,13121000,success
U00094,2024-04-26 16:00:00,qr_payment,38585000,success
U00094,2024-05-06 09:00:00,bill_payment,15347000,success
U00094,2024-05-07 08:00:00,bill_payment,25032000,success
U00094,2024-05-11 12:00:00,transfer,2439000,success
U00094,2024-05-24 14:00:00,savings_deposit,40586000,success
U00094,2024-05-24 21:00:00,bill_payment,19051000,success
U00094,2024-05-29 07:00:00,qr_payment,3098000,success
U00094,2024-05-31 17:00:00,savings_deposit,33408000,success
U00094,2024-06-01 16:00:00,bill_payment,28587000,success
U00094,2024-06-06 12:00:00,savings_deposit,34017000,success
U00097,2024-02-21 21:00:00,card_payment,6279000,success
U00097,2024-03-05 09:00:00,loan_repayment,8745000,success
U00097,2024-03-21 06:00:00,transfer,8363000,success
U00097,2024-03-24 22:00:00,loan_repayment,3111000,success
U00097,2024-03-29 06:00:00,transfer,9067000,success
U00097,2024-04-06 16:00:00,transfer,1203000,failed
U00099,2024-01-31 12:00:00,transfer,855000,success
U00099,2024-02-12 19:00:00,bill_payment,688000,success
U00099,2024-02-14 12:00:00,qr_payment,444000,success
U00099,2024-02-17 14:00:00,savings_deposit,1443000,success
U00099,2024-02-22 06:00:00,qr_payment,1364000,success
U00099,2024-02-23 05:00:00,transfer,699000,success
U00099,2024-02-23 16:00:00,card_payment,599000,success
U00099,2024-03-12 19:00:00,card_payment,1704000,success
U00099,2024-03-17 07:00:00,qr_payment,1802000,success
U00099,2024-03-21 05:00:00,qr_payment,1990000,success
U00099,2024-03-22 06:00:00,qr_payment,311000,success
U00099,2024-03-26 09:00:00,qr_payment,1766000,success
U00100,2024-03-31 11:00:00,card_payment,760000,success
U00100,2024-04-03 05:00:00,qr_payment,1650000,success
U00100,2024-04-19 03:00:00,card_payment,1864000,success
U00100,2024-04-24 02:00:00,card_payment,1845000,success
U00100,2024-05-25 02:00:00,card_payment,1848000,success
U00103,2024-04-08 00:00:00,card_payment,5440000,success
U00108,2024-01-31 05:00:00,savings_deposit,4748000,success
U00108,2024-02-14 22:00:00,transfer,3164000,success
U00108,2024-02-15 19:00:00,qr_payment,8280000,success
U00108,2024-02-18 00:00:00,transfer,7184000,success
U00108,2024-02-27 20:00:00,loan_repayment,5178000,success
U00108,2024-03-12 22:00:00,qr_payment,1931000,success
U00108,2024-03-13 20:00:00,transfer,9134000,success
U00108,2024-03-15 07:00:00,transfer,4136000,success
U00111,2024-02-11 11:00:00,bill_payment,937000,success
U00111,2024-02-11 17:00:00,card_payment,595000,success
U00111,2024-02-21 16:00:00,bill_payment,1565000,success
U00111,2024-02-22 16:00:00,bill_payment,914000,success
U00111,2024-03-02 13:00:00,qr_payment,710000,success
U00111,2024-03-03 22:00:00,transfer,240000,failed
U00111,2024-03-10 15:00:00,transfer,1590000,success
U00111,2024-03-14 22:00:00,qr_payment,725000,success
U00111,2024-03-15 23:00:00,transfer,1630000,success
U00111,2024-03-29 14:00:00,bill_payment,187000,success
U00111,2024-03-31 23:00:00,qr_payment,1132000,success
U00116,2024-03-29 03:00:00,loan_repayment,566000,success
U00116,2024-04-17 13:00:00,transfer,682000,success
U00116,2024-04-29 01:00:00,qr_payment,1948000,success
U00116,2024-04-30 18:00:00,qr_payment,880000,success
U00116,2024-05-02 19:00:00,bill_payment,1313000,success
U00116,2024-05-14 11:00:00,loan_repayment,326000,success
U00122,2024-04-29 19:00:00,transfer,1857000,success
U00122,2024-05-05 07:00:00,bill_payment,1774000,success
U00122,2024-05-14 00:00:00,savings_deposit,350000,success
U00122,2024-05-26 07:00:00,card_payment,981000,success
U00122,2024-05-27 18:00:00,transfer,504000,success
U00122,2024-05-28 20:00:00,savings_deposit,100000,success
U00122,2024-05-29 00:00:00,qr_payment,1502000,success
U00122,2024-05-31 23:00:00,bill_payment,873000,success
U00122,2024-06-06 08:00:00,qr_payment,59000,success
U00122,2024-06-10 03:00:00,loan_repayment,1933000,success
U00122,2024-06-17 19:00:00,card_payment,1659000,success
U00123,2024-04-18 03:00:00,loan_repayment,30897000,success
U00123,2024-04-27 18:00:00,card_payment,36193000,success
U00123,2024-04-28 14:00:00,card_payment,35230000,success
U00123,2024-05-14 18:00:00,savings_deposit,1786000,success
U00123,2024-05-23 04:00:00,loan_repayment,33341000,success
U00123,2024-05-25 15:00:00,savings_deposit,10443000,success
U00123,2024-05-26 01:00:00,savings_deposit,25000000,success
U00123,2024-05-27 18:00:00,loan_repayment,37053000,success
U00123,2024-06-07 13:00:00,loan_repayment,6507000,success
U00124,2024-04-15 17:00:00,loan_repayment,2443000,success
U00124,2024-04-22 11:00:00,loan_repayment,8695000,success
U00124,2024-05-16 16:00:00,bill_payment,3643000,failed
U00124,2024-05-27 12:00:00,bill_payment,7106000,success
U00124,2024-05-31 04:00:00,bill_payment,1039000,success
U00124,2024-06-06 11:00:00,bill_payment,4417000,success
U00124,2024-06-09 05:00:00,loan_repayment,4308000,success
U00131,2024-02-25 18:00:00,savings_deposit,44786000,success
U00131,2024-03-30 20:00:00,savings_deposit,29513000,success
U00131,2024-04-12 12:00:00,savings_deposit,38586000,success
U00131,2024-04-14 09:00:00,loan_repayment,46672000,success
U00133,2024-02-22 14:00:00,loan_repayment,4185000,success
U00133,2024-02-26 01:00:00,card_payment,8286000,success
U00133,2024-02-29 10:00:00,loan_repayment,5267000,success
U00135,2024-05-02 05:00:00,qr_payment,1360000,success
U00135,2024-05-09 14:00:00,qr_payment,1258000,success
U00135,2024-05-11 14:00:00,qr_payment,580000,success
U00135,2024-05-14 04:00:00,loan_repayment,574000,success
U00135,2024-05-23 16:00:00,bill_payment,1140000,success
U00135,2024-06-09 06:00:00,qr_payment,68000,success
U00135,2024-06-14 01:00:00,bill_payment,819000,success
U00135,2024-06-19 05:00:00,bill_payment,291000,success
U00135,2024-06-19 10:00:00,card_payment,691000,success
U00135,2024-06-22 14:00:00,savings_deposit,339000,success
U00135,2024-06-23 08:00:00,bill_payment,1106000,success
U00135,2024-06-25 02:00:00,bill_payment,336000,failed
U00138,2024-05-07 09:00:00,qr_payment,202000,success
U00139,2024-02-12 08:00:00,transfer,8008000,success
U00139,2024-02-17 16:00:00,transfer,5186000,failed
U00139,2024-02-22 22:00:00,savings_deposit,2826000,success
U00139,2024-02-27 16:00:00,card_payment,6072000,success
U00139,2024-03-09 16:00:00,transfer,5357000,success
U00139,2024-03-18 01:00:00,savings_deposit,4205000,success
U00139,2024-03-25 21:00:00,savings_deposit,9374000,success
U00139,2024-03-29 23:00:00,savings_deposit,3779000,success
U00139,2024-04-05 03:00:00,card_payment,3807000,success
U00139,2024-04-07 22:00:00,card_payment,5642000,success
U00139,2024-04-10 20:00:00,card_payment,4974000,success
U00140,2024-02-08 02:00:00,transfer,4217000,success
U00140,2024-02-11 05:00:00,bill_payment,1533000,success
U00140,2024-02-22 23:00:00,card_payment,2147000,success
U00140,2024-02-25 22:00:00,card_payment,4739000,success
U00140,2024-02-28 07:00:00,card_payment,6091000,success
U00140,2024-03-03 19:00:00,bill_payment,4866000,success
U00140,2024-03-09 18:00:00,transfer,5013000,success
U00140,2024-03-12 08:00:00,card_payment,515000,success
U00140,2024-03-12 08:00:00,card_payment,4230000,success
U00140,2024-03-12 09:00:00,bill_payment,5786000,success
U00140,2024-03-17 07:00:00,card_payment,1316000,success
U00142,2024-04-14 20:00:00,qr_payment,5294000,success
U00144,2024-04-30 07:00:00,bill_payment,9864000,success
U00144,2024-05-03 17:00:00,qr_payment,7260000,success
U00144,2024-05-20 10:00:00,savings_deposit,4549000,success
U00144,2024-05-24 14:00:00,qr_payment,1313000,success
U00144,2024-05-24 20:00:00,savings_deposit,5085000,success
U00144,2024-05-26 07:00:00,savings_deposit,5085000,success
U00144,2024-06-05 20:00:00,transfer,686000,success
U00144,2024-06-18 18:00:00,transfer,2685000,success
U00144,2024-06-18 20:00:00,transfer,1199000,failed
U00144,2024-06-20 04:00:00,bill_payment,9568000,failed
U00144,2024-06-21 17:00:00,transfer,9111000,success
U00146,2024-03-26 04:00:00,bill_payment,9228000,success
U00146,2024-03-28 03:00:00,bill_payment,6769000,success
U00146,2024-04-25 21:00:00,bill_payment,6980000,success
U00148,2024-02-06 19:00:00,loan_repayment,7980000,success
U00148,2024-02-08 20:00:00,loan_repayment,1526000,success
U00148,2024-02-09 14:00:00,card_payment,8557000,success
U00148,2024-02-10 01:00:00,bill_payment,7593000,success
U00148,2024-02-14 19:00:00,qr_payment,2510000,success
U00148,2024-02-24 04:00:00,qr_payment,5108000,success
U00148,2024-02-24 14:00:00,savings_deposit,7348000,success
U00148,2024-03-07 16:00:00,transfer,7210000,success
U00148,2024-03-07 19:00:00,bill_payment,5750000,success
U00148,2024-03-09 12:00:00,loan_repayment,7438000,success
U00148,2024-03-11 17:00:00,transfer,2880000,success
U00148,2024-03-11 18:00:00,bill_payment,705000,success
U00148,2024-03-15 04:00:00,card_payment,4971000,success
U00148,2024-03-19 22:00:00,bill_payment,327000,success
U00148,2024-04-02 15:00:00,bill_payment,5841000,success
U00152,2024-03-15 08:00:00,savings_deposit,1131000,success
U00152,2024-03-23 02:00:00,transfer,694000,success
U00152,2024-03-24 08:00:00,qr_payment,1260000,success
U00152,2024-04-01 18:00:00,loan_repayment,1088000,success
U00152,2024-04-08 07:00:00,loan_repayment,1810000,success
U00152,2024-04-13 06:00:00,transfer,1952000,success
U00152,2024-04-20 03:00:00,savings_deposit,1789000,success
U00152,2024-05-03 02:00:00,qr_payment,805000,success
U00152,2024-05-09 00:00:00,bill_payment,1370000,success
U00152,2024-05-12 20:00:00,bill_payment,999000,success
U00158,2024-05-02 06:00:00,bill_payment,1694000,success
U00158,2024-05-20 19:00:00,qr_payment,1178000,success
U00158,2024-06-15 20:00:00,qr_payment,949000,success
U00159,2024-04-08 15:00:00,loan_repayment,41788000,success
U00159,2024-04-27 13:00:00,card_payment,34445000,success
U00159,2024-04-30 17:00:00,card_payment,41986000,success
U00159,2024-05-07 23:00:00,card_payment,29199000,success
U00163,2024-01-20 15:00:00,savings_deposit,1503000,failed
U00163,2024-01-29 08:00:00,qr_payment,3049000,success
U00163,2024-02-12 15:00:00,card_payment,5370000,success
U00165,2024-03-28 04:00:00,savings_deposit,7244000,success
U00165,2024-03-31 15:00:00,savings_deposit,5845000,success
U00166,2024-01-26 17:00:00,loan_repayment,553000,success
U00166,2024-02-09 04:00:00,loan_repayment,1450000,success
U00166,2024-02-09 16:00:00,loan_repayment,1804000,success
U00166,2024-02-28 23:00:00,qr_payment,1799000,success
U00166,2024-03-02 07:00:00,qr_payment,434000,success
U00166,2024-03-04 17:00:00,transfer,154000,success
U00168,2024-01-20 23:00:00,qr_payment,1596000,success
U00168,2024-01-24 12:00:00,qr_payment,8283000,failed
U00168,2024-02-20 15:00:00,qr_payment,6381000,success
U00172,2024-04-04 06:00:00,qr_payment,475000,failed
U00172,2024-04-17 21:00:00,transfer,718000,success
U00175,2024-04-21 00:00:00,card_payment,170000,success
U00175,2024-05-11 19:00:00,card_payment,973000,success
U00175,2024-05-26 13:00:00,card_payment,1977000,success
U00178,2024-01-20 15:00:00,qr_payment,371000,success
U00178,2024-01-22 07:00:00,loan_repayment,219000,success
U00178,2024-02-17 13:00:00,qr_payment,4438000,success
U00178,2024-03-07 11:00:00,card_payment,3551000,success
U00178,2024-03-11 21:00:00,qr_payment,3167000,success
U00182,2024-03-02 07:00:00,savings_deposit,5096000,success
U00182,2024-03-07 19:00:00,loan_repayment,9214000,success
U00182,2024-03-15 04:00:00,loan_repayment,8149000,success
U00182,2024-03-22 22:00:00,qr_payment,3232000,success
U00182,2024-04-16 23:00:00,savings_deposit,3689000,success
U00182,2024-04-28 05:00:00,transfer,8022000,success
U00182,2024-05-01 00:00:00,loan_repayment,8513000,failed
U00185,2024-03-13 07:00:00,bill_payment,161000,success
U00185,2024-03-23 14:00:00,qr_payment,6677000,success
U00185,2024-03-25 06:00:00,savings_deposit,3452000,success
U00185,2024-04-02 01:00:00,card_payment,1945000,success
U00185,2024-04-07 06:00:00,card_payment,459000,failed
U00185,2024-04-07 07:00:00,loan_repayment,7941000,success
U00185,2024-04-11 00:00:00,card_payment,366000,success
U00185,2024-04-11 01:00:00,loan_repayment,851000,failed
U00185,2024-04-17 09:00:00,bill_payment,7489000,success
U00185,2024-04-18 07:00:00,card_payment,9516000,success
U00185,2024-04-19 15:00:00,qr_payment,3154000,failed
U00185,2024-04-22 07:00:00,bill_payment,4050000,success
U00185,2024-05-08 04:00:00,savings_deposit,8579000,success
U00187,2024-01-18 01:00:00,qr_payment,19625000,success
U00187,2024-02-09 07:00:00,card_payment,23761000,success
U00187,2024-02-11 12:00:00,card_payment,2971000,failed
U00187,2024-02-22 09:00:00,card_payment,37042000,success
U00188,2024-04-17 18:00:00,transfer,19662000,success
U00188,2024-04-29 18:00:00,bill_payment,23801000,success
U00188,2024-05-15 19:00:00,bill_payment,15594000,success
U00188,2024-05-16 14:00:00,loan_repayment,48471000,failed
U00188,2024-05-16 17:00:00,bill_payment,33508000,success
U00188,2024-05-26 18:00:00,bill_payment,2393000,failed
U00194,2024-04-16 10:00:00,loan_repayment,26245000,success
U00194,2024-05-15 15:00:00,loan_repayment,46789000,failed
U00195,2024-02-16 17:00:00,transfer,1128000,success
U00195,2024-02-22 12:00:00,savings_deposit,349000,success
U00195,2024-02-25 10:00:00,savings_deposit,1015000,success
U00195,2024-02-28 17:00:00,card_payment,1982000,success
U00195,2024-03-01 17:00:00,loan_repayment,330000,success
U00195,2024-03-06 17:00:00,bill_payment,1627000,success
U00195,2024-03-07 19:00:00,bill_payment,64000,success
U00195,2024-03-08 23:00:00,card_payment,1053000,success
U00195,2024-03-16 19:00:00,loan_repayment,1762000,success
U00195,2024-03-21 19:00:00,savings_deposit,1504000,success
U00195,2024-03-26 16:00:00,savings_deposit,1949000,success
U00195,2024-04-01 10:00:00,bill_payment,854000,success
U00196,2024-04-11 03:00:00,loan_repayment,12496000,success
U00196,2024-05-17 19:00:00,qr_payment,18978000,success
U00197,2024-04-03 19:00:00,loan_repayment,7125000,success
U00197,2024-04-11 02:00:00,qr_payment,2318000,success
U00197,2024-04-15 22:00:00,loan_repayment,7483000,success
U00197,2024-04-30 03:00:00,qr_payment,6043000,success
U00197,2024-04-30 12:00:00,card_payment,5711000,failed
U00197,2024-05-03 19:00:00,card_payment,6847000,success
U00197,2024-05-04 23:00:00,card_payment,2497000,success
U00197,2024-05-06 21:00:00,qr_payment,900000,success
U00197,2024-05-10 12:00:00,card_payment,9122000,success
U00197,2024-05-16 20:00:00,loan_repayment,9180000,success
U00197,2024-05-20 22:00:00,bill_payment,6740000,success
U00197,2024-05-23 14:00:00,qr_payment,6114000,success
U00203,2024-03-02 08:00:00,card_payment,2472000,failed
U00203,2024-03-09 02:00:00,savings_deposit,7960000,success
U00203,2024-03-09 09:00:00,savings_deposit,9850000,success
U00203,2024-03-25 20:00:00,savings_deposit,8266000,success
U00203,2024-03-26 11:00:00,transfer,8873000,success
U00203,2024-04-13 00:00:00,savings_deposit,4448000,success
U00203,2024-04-13 00:00:00,qr_payment,7558000,success
U00203,2024-04-15 19:00:00,savings_deposit,1139000,success
U00203,2024-04-19 01:00:00,savings_deposit,8428000,success
U00203,2024-04-27 20:00:00,savings_deposit,1863000,success
U00203,2024-04-29 03:00:00,savings_deposit,3811000,success
U00206,2024-04-28 07:00:00,transfer,1275000,success
U00206,2024-05-01 18:00:00,transfer,457000,success
U00206,2024-05-03 15:00:00,savings_deposit,386000,success
U00206,2024-05-07 17:00:00,bill_payment,960000,success
U00206,2024-05-13 14:00:00,loan_repayment,1482000,success
U00206,2024-05-20 03:00:00,savings_deposit,1660000,success
U00206,2024-05-21 16:00:00,transfer,1878000,success
U00206,2024-05-29 07:00:00,transfer,374000,success
U00206,2024-05-29 17:00:00,loan_repayment,734000,success
U00206,2024-05-31 16:00:00,transfer,1320000,success
U00206,2024-06-05 15:00:00,bill_payment,893000,success
U00206,2024-06-08 13:00:00,savings_deposit,971000,success
U00206,2024-06-10 12:00:00,loan_repayment,893000,failed
U00206,2024-06-16 14:00:00,transfer,184000,success
U00206,2024-06-20 17:00:00,loan_repayment,1888000,success
U00206,2024-06-22 05:00:00,loan_repayment,1287000,success
U00208,2024-02-13 05:00:00,qr_payment,1153000,success
U00208,2024-02-14 04:00:00,bill_payment,886000,success
U00208,2024-02-16 12:00:00,qr_payment,342000,success
U00208,2024-02-26 11:00:00,qr_payment,852000,success
U00214,2024-01-30 04:00:00,bill_payment,1027000,success
U00214,2024-02-02 05:00:00,bill_payment,4034000,success
U00214,2024-02-18 07:00:00,card_payment,9734000,success
U00214,2024-02-27 21:00:00,bill_payment,1440000,success
U00214,2024-03-05 05:00:00,loan_repayment,4212000,success
U00214,2024-03-07 06:00:00,card_payment,4281000,success
U00216,2024-03-30 22:00:00,loan_repayment,1326000,success
U00216,2024-04-06 09:00:00,transfer,862000,success
U00216,2024-04-07 01:00:00,loan_repayment,1239000,success
U00216,2024-04-14 01:00:00,card_payment,8003000,failed
U00216,2024-04-15 06:00:00,card_payment,2343000,success
U00216,2024-04-21 11:00:00,transfer,2589000,success
U00216,2024-05-02 23:00:00,card_payment,2439000,success
U00216,2024-05-07 03:00:00,card_payment,4145000,success
U00218,2024-04-19 07:00:00,qr_payment,3832000,success
U00218,2024-04-24 09:00:00,bill_payment,3099000,success
U00218,2024-04-24 23:00:00,transfer,722000,success
U00218,2024-05-03 01:00:00,transfer,8112000,success
U00218,2024-05-11 06:00:00,card_payment,4044000,success
U00218,2024-05-11 23:00:00,bill_payment,493000,success
U00218,2024-05-13 09:00:00,card_payment,1200000,success
U00218,2024-05-16 06:00:00,loan_repayment,5639000,success
U00218,2024-05-22 09:00:00,transfer,3404000,success
U00218,2024-05-25 03:00:00,qr_payment,666000,success
U00218,2024-05-29 18:00:00,transfer,6443000,success
U00218,2024-05-30 02:00:00,card_payment,2019000,success
U00218,2024-06-05 20:00:00,transfer,690000,success
U00218,2024-06-16 07:00:00,transfer,2020000,success
U00222,2024-01-29 01:00:00,qr_payment,7877000,success
U00222,2024-02-01 01:00:00,card_payment,2226000,success
U00222,2024-02-07 08:00:00,card_payment,4316000,success
U00222,2024-02-14 18:00:00,card_payment,5347000,success
U00222,2024-02-16 23:00:00,loan_repayment,2469000,success
U00222,2024-02-20 22:00:00,card_payment,2633000,success
U00222,2024-02-22 01:00:00,qr_payment,1067000,success
U00222,2024-02-27 08:00:00,card_payment,301000,success
U00222,2024-02-29 04:00:00,transfer,4852000,success
U00222,2024-03-03 07:00:00,bill_payment,9233000,success
U00222,2024-03-04 21:00:00,savings_deposit,124000,success
U00222,2024-03-14 18:00:00,savings_deposit,1565000,success
U00222,2024-03-14 19:00:00,transfer,7966000,success
U00222,2024-03-24 10:00:00,qr_payment,9458000,success
U00225,2024-05-11 06:00:00,loan_repayment,227000,success
U00225,2024-05-21 13:00:00,transfer,1814000,success
U00225,2024-05-21 18:00:00,card_payment,544000,success
U00225,2024-06-02 17:00:00,savings_deposit,1280000,success
U00225,2024-06-06 06:00:00,loan_repayment,695000,success
U00225,2024-06-08 16:00:00,card_payment,59000,success
U00227,2024-03-12 01:00:00,qr_payment,2643000,success
U00227,2024-03-12 14:00:00,loan_repayment,7379000,success
U00227,2024-03-14 13:00:00,qr_payment,8711000,success
U00227,2024-03-20 02:00:00,loan_repayment,5293000,success
U00227,2024-03-22 19:00:00,loan_repayment,8239000,success
U00227,2024-04-17 04:00:00,bill_payment,3260000,success
U00227,2024-04-18 16:00:00,loan_repayment,471000,success
U00227,2024-04-20 04:00:00,qr_payment,4311000,success
U00227,2024-05-04 19:00:00,qr_payment,3077000,failed
U00227,2024-05-08 00:00:00,transfer,1950000,success
U00227,2024-05-08 16:00:00,qr_payment,2816000,success
U00228,2024-04-19 19:00:00,transfer,7330000,success
U00228,2024-05-06 07:00:00,transfer,9330000,success
U00228,2024-05-10 21:00:00,loan_repayment,4264000,success
U00228,2024-05-12 06:00:00,transfer,8364000,success
U00228,2024-05-15 06:00:00,transfer,9702000,success
U00228,2024-05-17 09:00:00,transfer,8684000,failed
U00228,2024-05-29 01:00:00,loan_repayment,1175000,success
U00228,2024-06-02 10:00:00,transfer,745000,success
U00233,2024-03-05 12:00:00,qr_payment,12967000,success
U00233,2024-03-09 10:00:00,transfer,37091000,success
U00233,2024-03-16 12:00:00,savings_deposit,8205000,success
U00233,2024-03-24 11:00:00,savings_deposit,12555000,success
U00233,2024-03-26 11:00:00,transfer,4644000,success
U00233,2024-03-29 01:00:00,savings_deposit,13491000,success
U00233,2024-04-08 01:00:00,qr_payment,914000,failed
U00233,2024-04-18 13:00:00,savings_deposit,15657000,success
U00233,2024-04-21 15:00:00,bill_payment,30073000,success
U00234,2024-01-06 08:00:00,loan_repayment,218000,success
U00234,2024-01-09 07:00:00,bill_payment,9276000,success
U00234,2024-01-15 03:00:00,savings_deposit,6355000,success
U00234,2024-01-17 13:00:00,loan_repayment,9630000,success
U00234,2024-01-19 10:00:00,bill_payment,5870000,success
U00234,2024-01-22 09:00:00,bill_payment,5189000,success
U00234,2024-01-26 04:00:00,loan_repayment,8312000,success
U00234,2024-02-09 11:00:00,bill_payment,7589000,failed
U00234,2024-02-10 16:00:00,card_payment,3154000,success
U00234,2024-02-14 02:00:00,loan_repayment,9647000,success
U00234,2024-02-15 11:00:00,transfer,9819000,success
U00234,2024-02-24 00:00:00,card_payment,8362000,success
U00234,2024-02-24 08:00:00,loan_repayment,3531000,success
U00234,2024-02-26 07:00:00,loan_repayment,5914000,success
U00234,2024-02-28 14:00:00,card_payment,1485000,success
U00239,2024-04-14 17:00:00,loan_repayment,26274000,success
U00239,2024-04-24 17:00:00,card_payment,17922000,success
U00239,2024-05-13 11:00:00,savings_deposit,29032000,failed
U00239,2024-05-17 17:00:00,bill_payment,14194000,success
U00239,2024-05-22 13:00:00,card_payment,26626000,success
U00239,2024-06-01 13:00:00,bill_payment,37957000,success
U00239,2024-06-05 17:00:00,bill_payment,8472000,success
U00240,2024-02-25 03:00:00,loan_repayment,1039000,success
U00240,2024-03-26 17:00:00,loan_repayment,846000,success
U00245,2024-03-21 13:00:00,bill_payment,393000,failed
U00245,2024-03-27 18:00:00,bill_payment,666000,success
U00245,2024-04-01 19:00:00,bill_payment,1226000,success
U00245,2024-04-05 14:00:00,savings_deposit,713000,success
U00247,2024-01-24 04:00:00,transfer,977000,success
U00247,2024-01-25 14:00:00,savings_deposit,1935000,success
U00247,2024-02-02 01:00:00,card_payment,641000,success
U00247,2024-02-07 09:00:00,card_payment,1618000,success
U00247,2024-02-27 12:00:00,card_payment,518000,success
U00247,2024-03-01 06:00:00,bill_payment,1805000,success
U00247,2024-03-01 23:00:00,transfer,1679000,success
U00247,2024-03-03 10:00:00,card_payment,567000,success
U00247,2024-03-06 13:00:00,savings_deposit,1729000,success
U00247,2024-03-08 13:00:00,card_payment,95000,success
U00251,2024-01-12 01:00:00,bill_payment,380000,success
U00251,2024-02-05 09:00:00,transfer,6328000,success
U00251,2024-02-07 21:00:00,savings_deposit,5383000,success
U00251,2024-02-17 22:00:00,transfer,9822000,success
U00251,2024-02-21 02:00:00,bill_payment,462000,success
U00251,2024-02-23 05:00:00,savings_deposit,411000,failed
U00251,2024-02-29 08:00:00,transfer,5285000,success
U00251,2024-03-01 21:00:00,savings_deposit,5556000,success
U00251,2024-03-04 20:00:00,qr_payment,9962000,success
U00251,2024-03-09 12:00:00,card_payment,4998000,success
U00253,2024-04-29 20:00:00,loan_repayment,1548000,success
U00253,2024-05-03 23:00:00,transfer,1721000,success
U00253,2024-05-06 23:00:00,transfer,1665000,success
U00257,2024-03-26 16:00:00,bill_payment,8634000,success
U00257,2024-04-01 01:00:00,card_payment,239000,success
U00257,2024-04-02 22:00:00,loan_repayment,4273000,success
U00257,2024-04-12 20:00:00,bill_payment,8102000,success
U00257,2024-04-15 16:00:00,bill_payment,2375000,success
U00259,2024-04-04 17:00:00,transfer,2059000,success
U00259,2024-04-08 13:00:00,transfer,48829000,success
U00259,2024-04-22 23:00:00,bill_payment,40193000,success
U00259,2024-04-27 12:00:00,transfer,25411000,success
U00259,2024-05-01 00:00:00,transfer,10788000,failed
U00263,2024-05-11 04:00:00,card_payment,4200000,success
U00263,2024-05-14 19:00:00,card_payment,3697000,success
U00263,2024-06-11 18:00:00,card_payment,3142000,success
U00263,2024-06-12 22:00:00,card_payment,8459000,success
U00265,2024-03-01 08:00:00,transfer,40408000,success
U00265,2024-03-10 05:00:00,transfer,21441000,success
U00265,2024-04-02 15:00:00,transfer,10315000,success
U00265,2024-04-16 02:00:00,transfer,21411000,success
U00265,2024-04-19 08:00:00,transfer,2620000,success
U00270,2024-04-08 08:00:00,qr_payment,1903000,success
U00270,2024-04-18 03:00:00,qr_payment,5515000,success
U00270,2024-04-18 22:00:00,loan_repayment,4863000,success
U00270,2024-04-24 20:00:00,transfer,5920000,success
U00270,2024-05-02 21:00:00,transfer,8321000,failed
U00270,2024-05-03 05:00:00,savings_deposit,1869000,failed
U00270,2024-05-11 08:00:00,transfer,3683000,success
U00270,2024-05-22 02:00:00,qr_payment,4428000,success
U00270,2024-05-23 18:00:00,transfer,8240000,success
U00277,2024-03-18 05:00:00,card_payment,1597000,failed
U00277,2024-03-24 22:00:00,card_payment,1982000,success
U00277,2024-04-14 13:00:00,savings_deposit,318000,success
U00279,2024-05-07 20:00:00,savings_deposit,2677000,success
U00279,2024-05-20 04:00:00,savings_deposit,5293000,success
U00279,2024-06-05 07:00:00,card_payment,2025000,success
U00279,2024-06-06 01:00:00,bill_payment,5922000,success
U00279,2024-06-22 17:00:00,card_payment,8749000,success
U00279,2024-06-23 09:00:00,card_payment,4050000,success
U00281,2024-03-04 20:00:00,savings_deposit,6859000,success
U00281,2024-03-06 01:00:00,savings_deposit,5928000,success
U00281,2024-03-07 02:00:00,loan_repayment,3911000,success
U00281,2024-03-08 23:00:00,qr_payment,7784000,success
U00281,2024-03-11 18:00:00,transfer,5077000,success
U00281,2024-03-19 23:00:00,qr_payment,1888000,success
U00281,2024-03-26 07:00:00,qr_payment,5512000,success
U00281,2024-03-31 00:00:00,bill_payment,4878000,success
U00281,2024-04-11 23:00:00,card_payment,5980000,success
U00281,2024-04-13 09:00:00,qr_payment,3401000,success
U00281,2024-04-16 00:00:00,transfer,5047000,failed
U00281,2024-04-17 03:00:00,qr_payment,1747000,success
U00281,2024-04-24 03:00:00,qr_payment,4945000,success
U00282,2024-01-29 08:00:00,qr_payment,5605000,success
U00282,2024-02-09 04:00:00,card_payment,3785000,success
U00282,2024-02-20 07:00:00,bill_payment,3559000,success
U00282,2024-02-20 21:00:00,qr_payment,6270000,success
U00282,2024-03-01 02:00:00,card_payment,8178000,success
U00282,2024-03-08 19:00:00,qr_payment,8718000,success
U00282,2024-03-12 19:00:00,qr_payment,3625000,failed
U00282,2024-03-14 19:00:00,qr_payment,1216000,success
U00282,2024-03-16 22:00:00,qr_payment,9069000,success
U00292,2024-02-25 13:00:00,bill_payment,1052000,success
U00292,2024-02-25 15:00:00,savings_deposit,1722000,success
U00292,2024-03-16 09:00:00,bill_payment,757000,success
U00292,2024-03-24 12:00:00,card_payment,1870000,success
U00300,2024-04-29 07:00:00,loan_repayment,20887000,success
U00300,2024-04-30 07:00:00,loan_repayment,14331000,success
U00300,2024-05-01 04:00:00,qr_payment,12066000,success
U00300,2024-05-03 08:00:00,card_payment,7552000,success
U00300,2024-05-07 14:00:00,card_payment,2387000,success
U00300,2024-05-18 15:00:00,card_payment,14720000,success
U00300,2024-05-19 01:00:00,savings_deposit,31560000,success
U00300,2024-05-24 09:00:00,savings_deposit,12657000,success
U00300,2024-05-25 05:00:00,bill_payment,29807000,success
U00300,2024-05-25 12:00:00,savings_deposit,10413000,success
U00300,2024-05-30 04:00:00,savings_deposit,10032000,failed
U00300,2024-06-02 03:00:00,qr_payment,2632000,success
U00300,2024-06-04 01:00:00,qr_payment,10730000,success
U00300,2024-06-05 10:00:00,loan_repayment,21265000,success
U00300,2024-06-10 08:00:00,qr_payment,37223000,success
U00300,2024-06-20 14:00:00,bill_payment,39822000,success
U00300,2024-06-23 00:00:00,card_payment,45248000,failed
U00300,2024-06-25 02:00:00,card_payment,12357000,success
U00305,2024-03-26 20:00:00,savings_deposit,1636000,success
U00305,2024-04-10 15:00:00,bill_payment,806000,success
U00305,2024-04-16 03:00:00,transfer,1815000,success
U00306,2024-02-08 04:00:00,savings_deposit,434000,failed
U00306,2024-02-09 16:00:00,bill_payment,7949000,success
U00306,2024-02-16 04:00:00,bill_payment,1443000,success
U00306,2024-02-29 10:00:00,transfer,6493000,success
U00306,2024-03-01 09:00:00,bill_payment,3205000,success
U00306,2024-03-01 10:00:00,bill_payment,969000,success
U00306,2024-03-08 11:00:00,bill_payment,8086000,success
U00306,2024-03-17 12:00:00,transfer,2535000,success
U00308,2024-04-15 17:00:00,savings_deposit,662000,success
U00308,2024-04-22 17:00:00,transfer,874000,failed
U00308,2024-04-29 03:00:00,qr_payment,998000,success
U00308,2024-04-29 04:00:00,savings_deposit,1241000,success
U00308,2024-05-10 09:00:00,savings_deposit,696000,success
U00308,2024-05-13 02:00:00,savings_deposit,1207000,success
U00308,2024-05-21 17:00:00,transfer,902000,success
U00309,2024-03-28 12:00:00,savings_deposit,22669000,success
U00315,2024-03-20 14:00:00,transfer,9156000,success
U00315,2024-03-21 00:00:00,qr_payment,1551000,success
U00315,2024-04-01 14:00:00,qr_payment,8408000,success
U00315,2024-04-11 02:00:00,loan_repayment,5438000,success
U00315,2024-04-15 23:00:00,loan_repayment,3989000,success
U00315,2024-04-16 22:00:00,loan_repayment,7028000,success
U00315,2024-04-17 20:00:00,transfer,8043000,success
U00315,2024-04-19 19:00:00,qr_payment,3008000,success
U00315,2024-05-10 02:00:00,loan_repayment,5212000,success
U00315,2024-05-14 13:00:00,qr_payment,4521000,success
U00318,2024-02-07 10:00:00,savings_deposit,1764000,success
U00318,2024-02-08 16:00:00,savings_deposit,1797000,success
U00318,2024-02-09 12:00:00,qr_payment,609000,success
U00318,2024-02-14 20:00:00,savings_deposit,426000,success
U00318,2024-02-22 15:00:00,qr_payment,1114000,success
U00318,2024-03-15 01:00:00,qr_payment,765000,success
U00318,2024-03-21 15:00:00,qr_payment,1722000,success
U00318,2024-04-04 02:00:00,qr_payment,760000,success
U00321,2024-05-25 06:00:00,savings_deposit,6252000,failed
U00321,2024-06-11 02:00:00,transfer,1950000,success
U00321,2024-06-14 01:00:00,savings_deposit,4050000,success
U00324,2024-02-28 05:00:00,card_payment,1821000,failed
U00324,2024-02-28 20:00:00,savings_deposit,703000,success
U00324,2024-03-09 21:00:00,savings_deposit,1306000,success
U00329,2024-02-27 23:00:00,bill_payment,7712000,success
U00329,2024-02-29 21:00:00,loan_repayment,8656000,success
U00329,2024-03-06 22:00:00,card_payment,497000,success
U00329,2024-03-12 13:00:00,loan_repayment,6510000,success
U00329,2024-03-12 17:00:00,card_payment,9061000,success
U00329,2024-03-13 19:00:00,savings_deposit,3379000,success
U00329,2024-03-15 12:00:00,loan_repayment,9217000,success
U00329,2024-03-27 17:00:00,transfer,210000,success
U00329,2024-04-16 18:00:00,card_payment,4528000,success
U00329,2024-04-16 20:00:00,transfer,5192000,success
U00329,2024-04-20 10:00:00,card_payment,3270000,success
U00329,2024-04-21 23:00:00,savings_deposit,7197000,success
U00330,2024-04-02 22:00:00,savings_deposit,49331000,success
U00341,2024-04-08 23:00:00,loan_repayment,1200000,success
U00341,2024-04-09 16:00:00,qr_payment,1450000,success
U00341,2024-04-17 14:00:00,loan_repayment,1422000,success
U00341,2024-04-23 19:00:00,transfer,1281000,success
U00341,2024-04-28 12:00:00,savings_deposit,387000,success
U00341,2024-05-08 17:00:00,loan_repayment,1864000,success
U00341,2024-05-09 10:00:00,qr_payment,1092000,success
U00341,2024-05-09 15:00:00,loan_repayment,1908000,success
U00341,2024-05-16 08:00:00,qr_payment,1109000,success
U00341,2024-05-26 18:00:00,loan_repayment,553000,success
U00341,2024-06-04 17:00:00,qr_payment,280000,success
U00344,2024-04-22 14:00:00,savings_deposit,8411000,success
U00344,2024-04-24 08:00:00,bill_payment,949000,success
U00344,2024-05-03 17:00:00,card_payment,5212000,failed
U00344,2024-05-17 20:00:00,card_payment,4601000,success
U00344,2024-05-30 12:00:00,card_payment,1129000,success
U00344,2024-06-03 12:00:00,transfer,5503000,success
U00344,2024-06-05 15:00:00,qr_payment,2123000,success
U00344,2024-06-06 15:00:00,bill_payment,2825000,success
U00344,2024-06-18 13:00:00,bill_payment,7140000,success
U00347,2024-02-11 09:00:00,bill_payment,5151000,success
U00347,2024-02-22 02:00:00,bill_payment,7362000,success
U00347,2024-02-23 09:00:00,bill_payment,8254000,failed
U00347,2024-02-25 09:00:00,bill_payment,7260000,success
U00347,2024-02-29 12:00:00,bill_payment,9836000,success
U00347,2024-03-11 05:00:00,bill_payment,3881000,success
U00347,2024-03-24 09:00:00,bill_payment,9623000,success
U00351,2024-01-24 16:00:00,qr_payment,4407000,success
U00351,2024-01-31 13:00:00,qr_payment,3817000,success
U00351,2024-02-06 09:00:00,savings_deposit,4193000,failed
U00351,2024-02-13 10:00:00,transfer,2073000,success
U00351,2024-02-13 11:00:00,savings_deposit,1544000,success
U00351,2024-02-18 08:00:00,qr_payment,2958000,success
U00351,2024-02-25 10:00:00,qr_payment,8080000,success
U00351,2024-02-27 20:00:00,qr_payment,5849000,success
U00351,2024-02-28 16:00:00,savings_deposit,4327000,success
U00351,2024-02-29 19:00:00,savings_deposit,6529000,success
U00351,2024-03-03 19:00:00,bill_payment,2101000,success
U00351,2024-03-11 14:00:00,qr_payment,3521000,success
U00351,2024-03-15 17:00:00,savings_deposit,9883000,success
U00351,2024-03-17 08:00:00,bill_payment,4003000,success
U00351,2024-03-17 15:00:00,transfer,2280000,success
U00356,2024-02-02 19:00:00,bill_payment,1173000,success
U00356,2024-02-05 14:00:00,qr_payment,505000,success
U00356,2024-02-08 19:00:00,bill_payment,1520000,success
U00356,2024-02-11 18:00:00,savings_deposit,1483000,success
U00356,2024-02-24 00:00:00,qr_payment,431000,failed
U00356,2024-02-24 12:00:00,bill_payment,931000,success
U00356,2024-03-02 15:00:00,card_payment,983000,success
U00356,2024-03-13 20:00:00,bill_payment,182000,success
U00356,2024-03-16 15:00:00,bill_payment,1841000,success
U00358,2024-01-16 06:00:00,bill_payment,1631000,success
U00358,2024-01-24 21:00:00,transfer,6594000,success
U00358,2024-01-30 01:00:00,loan_repayment,3697000,success
U00358,2024-02-02 20:00:00,qr_payment,2405000,success
U00358,2024-02-06 20:00:00,transfer,9119000,success
U00358,2024-02-12 21:00:00,bill_payment,2044000,success
U00358,2024-02-17 03:00:00,transfer,1969000,success
U00358,2024-02-24 23:00:00,qr_payment,1403000,success
U00358,2024-03-07 22:00:00,qr_payment,3917000,success
U00358,2024-03-10 23:00:00,bill_payment,6853000,success
U00358,2024-03-12 07:00:00,qr_payment,1268000,success
U00358,2024-03-12 08:00:00,savings_deposit,2272000,success
U00365,2024-01-22 18:00:00,bill_payment,1920000,success
U00365,2024-01-22 21:00:00,transfer,1857000,success
U00365,2024-01-23 22:00:00,transfer,1558000,success
U00365,2024-02-04 23:00:00,bill_payment,1881000,success
U00365,2024-02-12 08:00:00,transfer,1098000,success
U00365,2024-02-15 22:00:00,card_payment,1759000,success
U00365,2024-02-16 18:00:00,qr_payment,155000,failed
U00366,2024-04-01 12:00:00,bill_payment,8765000,success
U00366,2024-04-06 19:00:00,transfer,4195000,success
U00366,2024-04-26 12:00:00,transfer,6619000,success
U00366,2024-04-28 22:00:00,transfer,3625000,success
U00366,2024-05-05 11:00:00,loan_repayment,3567000,success
U00366,2024-05-06 09:00:00,transfer,785000,success
U00366,2024-05-15 19:00:00,loan_repayment,3324000,success
U00368,2024-04-23 03:00:00,loan_repayment,1395000,success
U00368,2024-04-26 17:00:00,qr_payment,706000,success
U00368,2024-04-27 22:00:00,transfer,442000,success
U00368,2024-05-05 21:00:00,card_payment,1866000,success
U00368,2024-05-08 06:00:00,qr_payment,6256000,success
U00368,2024-05-09 14:00:00,card_payment,5508000,success
U00368,2024-05-13 06:00:00,transfer,4240000,success
U00368,2024-06-04 22:00:00,transfer,6657000,success
U00374,2024-02-07 08:00:00,card_payment,1636000,success
U00374,2024-02-09 13:00:00,card_payment,3505000,success
U00374,2024-02-16 18:00:00,savings_deposit,2839000,success
U00374,2024-02-21 20:00:00,qr_payment,7888000,failed
U00374,2024-02-26 07:00:00,card_payment,5917000,success
U00374,2024-03-08 10:00:00,card_payment,4799000,success
U00374,2024-03-13 19:00:00,savings_deposit,1806000,success
U00374,2024-03-21 13:00:00,savings_deposit,2826000,success
U00375,2024-03-26 06:00:00,card_payment,21039000,success
U00375,2024-04-04 14:00:00,card_payment,4733000,success
U00375,2024-04-04 14:00:00,card_payment,17441000,success
U00375,2024-04-12 09:00:00,card_payment,13815000,success
U00375,2024-04-16 11:00:00,card_payment,49194000,success
U00377,2024-03-07 05:00:00,qr_payment,1088000,success
U00377,2024-03-08 11:00:00,card_payment,1950000,failed
U00377,2024-03-10 08:00:00,card_payment,113000,success
U00377,2024-03-18 09:00:00,qr_payment,665000,success
U00377,2024-03-27 12:00:00,savings_deposit,1265000,success
U00377,2024-04-08 05:00:00,bill_payment,537000,success
U00377,2024-04-23 01:00:00,savings_deposit,690000,success
U00379,2024-04-23 01:00:00,bill_payment,24670000,success
U00379,2024-04-25 23:00:00,bill_payment,10474000,success
U00379,2024-05-23 19:00:00,bill_payment,43629000,success
U00379,2024-05-26 14:00:00,bill_payment,18244000,success
U00379,2024-06-04 20:00:00,transfer,34954000,success
U00380,2024-03-01 09:00:00,bill_payment,776000,success
U00380,2024-03-02 01:00:00,savings_deposit,4586000,success
U00380,2024-03-10 01:00:00,transfer,5489000,failed
U00380,2024-03-20 17:00:00,card_payment,7867000,success
U00380,2024-03-23 10:00:00,qr_payment,8538000,success
U00380,2024-03-31 02:00:00,savings_deposit,6270000,success
U00383,2024-02-05 17:00:00,loan_repayment,1413000,success
U00383,2024-02-07 15:00:00,savings_deposit,1867000,success
U00383,2024-02-12 15:00:00,loan_repayment,285000,success
U00383,2024-02-29 21:00:00,savings_deposit,1239000,success
U00383,2024-03-16 18:00:00,loan_repayment,935000,success
U00384,2024-03-03 00:00:00,savings_deposit,24103000,success
U00384,2024-03-08 14:00:00,loan_repayment,770000,failed
U00384,2024-03-11 14:00:00,bill_payment,49476000,failed
U00384,2024-03-14 07:00:00,transfer,17612000,failed
U00384,2024-03-14 13:00:00,savings_deposit,35954000,success
U00384,2024-03-29 01:00:00,loan_repayment,30145000,success
U00384,2024-04-04 12:00:00,savings_deposit,30465000,failed
U00384,2024-04-05 00:00:00,savings_deposit,15874000,success
U00384,2024-04-07 23:00:00,savings_deposit,25691000,success
U00384,2024-04-11 02:00:00,bill_payment,4303000,success
U00384,2024-04-11 05:00:00,savings_deposit,42666000,success
U00385,2024-01-16 23:00:00,card_payment,46550000,success
U00390,2024-03-09 03:00:00,transfer,24021000,success
U00390,2024-03-18 19:00:00,loan_repayment,40739000,success
U00390,2024-04-05 17:00:00,loan_repayment,36697000,success
U00391,2024-02-19 18:00:00,transfer,18240000,success
U00391,2024-02-21 02:00:00,savings_deposit,5710000,success
U00391,2024-03-01 08:00:00,card_payment,47405000,success
U00391,2024-03-28 03:00:00,savings_deposit,33989000,success
U00392,2024-03-04 14:00:00,loan_repayment,4131000,success
U00392,2024-03-04 16:00:00,loan_repayment,4061000,success
U00392,2024-03-06 14:00:00,transfer,9990000,success
U00392,2024-03-10 08:00:00,card_payment,3272000,success
U00392,2024-03-13 05:00:00,card_payment,6005000,success
U00392,2024-03-14 15:00:00,qr_payment,895000,success
U00392,2024-03-16 03:00:00,qr_payment,3290000,success
U00392,2024-03-29 16:00:00,savings_deposit,5835000,failed
U00392,2024-04-02 18:00:00,card_payment,7699000,success
U00392,2024-04-05 07:00:00,loan_repayment,8653000,failed
U00392,2024-04-12 14:00:00,loan_repayment,5416000,success
U00392,2024-04-17 04:00:00,card_payment,461000,failed
U00392,2024-04-18 16:00:00,loan_repayment,4914000,success
U00392,2024-04-20 07:00:00,qr_payment,6037000,success
U00392,2024-04-21 17:00:00,transfer,6224000,success
U00392,2024-04-23 04:00:00,savings_deposit,4371000,success
U00392,2024-04-25 06:00:00,transfer,170000,success
U00392,2024-04-25 13:00:00,qr_payment,5061000,success
U00394,2024-04-18 22:00:00,loan_repayment,5093000,success
U00394,2024-04-19 00:00:00,transfer,7140000,success
U00394,2024-04-19 09:00:00,transfer,7106000,success
U00394,2024-05-06 23:00:00,transfer,2847000,success
U00394,2024-05-12 00:00:00,loan_repayment,1667000,failed
U00394,2024-05-19 04:00:00,loan_repayment,5209000,success
U00394,2024-05-20 19:00:00,transfer,7614000,success
U00394,2024-05-30 21:00:00,transfer,3712000,success
U00398,2024-04-06 05:00:00,card_payment,2570000,success
U00398,2024-04-06 13:00:00,savings_deposit,5239000,success
U00398,2024-04-15 10:00:00,card_payment,1132000,success
U00398,2024-04-23 05:00:00,loan_repayment,338000,success
U00398,2024-04-25 00:00:00,transfer,1079000,success
U00398,2024-05-01 14:00:00,card_payment,3130000,success
U00398,2024-05-14 08:00:00,card_payment,1411000,failed
U00398,2024-05-22 11:00:00,bill_payment,2637000,success
U00398,2024-06-01 16:00:00,savings_deposit,6168000,success
U00402,2024-02-26 10:00:00,loan_repayment,594000,success
U00403,2024-02-22 23:00:00,transfer,963000,success
U00403,2024-03-03 06:00:00,loan_repayment,912000,success
U00403,2024-03-07 22:00:00,card_payment,1622000,success
U00407,2024-03-12 17:00:00,card_payment,201000,success
U00407,2024-03-23 02:00:00,savings_deposit,280000,success
U00407,2024-03-27 01:00:00,bill_payment,926000,success
U00407,2024-03-28 21:00:00,loan_repayment,235000,success
U00407,2024-04-05 20:00:00,qr_payment,1315000,success
U00407,2024-04-06 23:00:00,transfer,613000,success
U00407,2024-05-02 17:00:00,bill_payment,1149000,success
U00407,2024-05-03 13:00:00,bill_payment,477000,success
U00407,2024-05-08 04:00:00,qr_payment,218000,success
U00411,2024-01-17 08:00:00,savings_deposit,3648000,success
U00411,2024-01-27 06:00:00,savings_deposit,4967000,success
U00411,2024-01-29 05:00:00,savings_deposit,8097000,failed
U00411,2024-02-10 18:00:00,savings_deposit,4492000,success
U00411,2024-02-12 14:00:00,savings_deposit,601000,success
U00412,2024-01-23 18:00:00,transfer,2220000,success
U00412,2024-02-02 03:00:00,transfer,4219000,success
U00412,2024-02-19 05:00:00,card_payment,2756000,success
U00412,2024-03-01 00:00:00,transfer,309000,success
U00412,2024-03-05 22:00:00,transfer,6240000,success
U00412,2024-03-07 01:00:00,transfer,8628000,success
U00416,2024-04-28 21:00:00,bill_payment,38922000,success
U00416,2024-05-01 20:00:00,transfer,33301000,success
U00416,2024-05-09 17:00:00,bill_payment,14310000,success
U00416,2024-05-11 09:00:00,transfer,26102000,success
U00416,2024-05-14 03:00:00,qr_payment,33729000,success
U00416,2024-05-18 05:00:00,transfer,2478000,success
U00416,2024-05-24 00:00:00,bill_payment,16388000,success
U00416,2024-05-27 17:00:00,bill_payment,13615000,success
U00416,2024-06-07 18:00:00,loan_repayment,34050000,success
U00416,2024-06-13 02:00:00,transfer,13542000,success
U00416,2024-06-13 21:00:00,loan_repayment,18607000,success
U00421,2024-01-19 05:00:00,qr_payment,990000,success
U00421,2024-02-05 02:00:00,transfer,1217000,success
U00421,2024-03-06 05:00:00,transfer,1584000,success
U00422,2024-05-01 11:00:00,transfer,8721000,success
U00422,2024-06-16 07:00:00,qr_payment,4159000,success
U00422,2024-06-18 11:00:00,loan_repayment,4097000,success
U00425,2024-03-28 21:00:00,transfer,1790000,success
U00425,2024-04-12 14:00:00,card_payment,6762000,success
U00425,2024-04-21 12:00:00,savings_deposit,3808000,success
U00425,2024-04-26 11:00:00,savings_deposit,1904000,success
U00425,2024-04-27 06:00:00,savings_deposit,1565000,success
U00425,2024-04-30 11:00:00,qr_payment,6549000,success
U00425,2024-05-07 15:00:00,qr_payment,8579000,success
U00425,2024-05-09 21:00:00,loan_repayment,8540000,success
U00427,2024-04-03 09:00:00,loan_repayment,507000,success
U00427,2024-04-04 22:00:00,savings_deposit,672000,success
U00427,2024-04-08 13:00:00,card_payment,652000,failed
U00427,2024-04-08 18:00:00,qr_payment,5281000,success
U00427,2024-04-09 16:00:00,savings_deposit,5112000,failed
U00427,2024-04-18 09:00:00,qr_payment,9193000,success
U00427,2024-04-20 10:00:00,savings_deposit,8992000,success
U00427,2024-04-20 12:00:00,qr_payment,4879000,success
U00427,2024-04-24 19:00:00,savings_deposit,4659000,success
U00427,2024-05-10 01:00:00,savings_deposit,5531000,success
U00427,2024-05-13 17:00:00,savings_deposit,9139000,success
U00427,2024-05-20 00:00:00,savings_deposit,5952000,success
U00434,2024-02-07 22:00:00,card_payment,3031000,success
U00434,2024-02-10 17:00:00,card_payment,9511000,success
U00434,2024-02-10 23:00:00,qr_payment,8196000,success
U00434,2024-02-23 17:00:00,savings_deposit,7935000,success
U00434,2024-02-24 13:00:00,card_payment,6314000,success
U00434,2024-02-25 11:00:00,bill_payment,467000,success
U00434,2024-02-27 17:00:00,card_payment,6019000,success
U00434,2024-02-29 13:00:00,bill_payment,7734000,success
U00434,2024-03-14 12:00:00,loan_repayment,7750000,success
U00434,2024-03-16 00:00:00,card_payment,1798000,success
U00434,2024-03-16 16:00:00,savings_deposit,1609000,success
U00434,2024-04-01 18:00:00,qr_payment,885000,success
U00435,2024-03-16 22:00:00,loan_repayment,21662000,success
U00435,2024-03-25 19:00:00,loan_repayment,37972000,success
U00435,2024-03-28 01:00:00,bill_payment,45923000,success
U00435,2024-03-28 05:00:00,savings_deposit,10704000,success
U00435,2024-04-07 04:00:00,qr_payment,17548000,success
U00435,2024-04-08 01:00:00,card_payment,43410000,success
U00435,2024-04-09 10:00:00,bill_payment,33814000,success
U00435,2024-04-22 20:00:00,transfer,33049000,success
U00435,2024-04-30 09:00:00,loan_repayment,34982000,success
U00435,2024-05-01 05:00:00,qr_payment,21184000,success
U00435,2024-05-01 19:00:00,transfer,853000,success
U00435,2024-05-03 00:00:00,loan_repayment,26742000,success
U00435,2024-05-09 11:00:00,transfer,27584000,success
U00435,2024-05-10 09:00:00,loan_repayment,48324000,success
U00435,2024-05-14 03:00:00,savings_deposit,36799000,success
U00435,2024-05-14 06:00:00,loan_repayment,7265000,success
U00437,2024-01-10 15:00:00,qr_payment,1521000,success
U00437,2024-01-21 12:00:00,qr_payment,1524000,success
U00437,2024-02-02 04:00:00,transfer,1396000,success
U00437,2024-02-04 16:00:00,transfer,1318000,success
U00437,2024-02-18 14:00:00,qr_payment,1992000,success
U00437,2024-02-25 04:00:00,transfer,1014000,success
U00441,2024-04-04 11:00:00,card_payment,7586000,success
U00441,2024-04-12 03:00:00,bill_payment,8152000,success
U00441,2024-04-20 13:00:00,card_payment,4320000,success
U00441,2024-04-26 19:00:00,qr_payment,2417000,success
U00441,2024-04-28 15:00:00,transfer,9294000,success
U00441,2024-04-30 14:00:00,bill_payment,4948000,success
U00441,2024-05-08 01:00:00,card_payment,2639000,success
U00441,2024-05-09 19:00:00,bill_payment,616000,success
U00441,2024-05-21 22:00:00,savings_deposit,1850000,success
U00441,2024-05-22 16:00:00,transfer,2744000,failed
U00441,2024-05-26 00:00:00,savings_deposit,8504000,success
U00448,2024-04-02 23:00:00,qr_payment,1128000,success
U00448,2024-04-05 16:00:00,qr_payment,4803000,success
U00448,2024-04-05 23:00:00,savings_deposit,5309000,success
U00448,2024-04-10 04:00:00,loan_repayment,1193000,success
U00448,2024-04-13 01:00:00,card_payment,6648000,success
U00448,2024-04-19 20:00:00,transfer,5388000,success
U00448,2024-04-30 23:00:00,card_payment,1369000,failed
U00448,2024-05-04 12:00:00,bill_payment,1841000,success
U00448,2024-05-04 22:00:00,savings_deposit,3206000,success
U00448,2024-05-21 04:00:00,qr_payment,5880000,success
U00448,2024-05-22 21:00:00,loan_repayment,3019000,success
U00449,2024-04-03 15:00:00,qr_payment,4749000,success
U00449,2024-05-03 10:00:00,transfer,1471000,success
U00449,2024-05-22 18:00:00,savings_deposit,378000,success
U00449,2024-05-31 07:00:00,transfer,2077000,success
U00452,2024-02-15 13:00:00,qr_payment,7194000,failed
U00452,2024-02-16 01:00:00,qr_payment,4173000,success
U00452,2024-02-21 09:00:00,loan_repayment,19129000,success
U00452,2024-02-23 12:00:00,bill_payment,36060000,failed
U00452,2024-02-25 02:00:00,card_payment,11735000,success
U00452,2024-03-06 06:00:00,qr_payment,8360000,success
U00452,2024-03-11 08:00:00,card_payment,28251000,success
U00452,2024-03-14 01:00:00,card_payment,18335000,success
U00452,2024-03-19 01:00:00,transfer,4801000,success
U00452,2024-04-02 15:00:00,transfer,17527000,failed
U00453,2024-02-26 00:00:00,bill_payment,42214000,success
U00453,2024-03-11 22:00:00,bill_payment,11000000,success
U00453,2024-03-13 09:00:00,savings_deposit,1127000,success
U00453,2024-03-24 23:00:00,bill_payment,16681000,success
U00453,2024-04-02 00:00:00,bill_payment,10254000,success
U00453,2024-04-21 00:00:00,loan_repayment,2889000,success
U00460,2024-04-11 12:00:00,card_payment,6494000,success
U00460,2024-04-25 19:00:00,savings_deposit,7433000,success
U00460,2024-04-28 17:00:00,card_payment,1708000,success
U00460,2024-05-12 08:00:00,card_payment,3530000,success
U00460,2024-05-15 05:00:00,loan_repayment,3365000,success
U00460,2024-06-06 13:00:00,card_payment,8735000,success
U00465,2024-03-17 22:00:00,savings_deposit,168000,success
U00465,2024-04-09 06:00:00,transfer,807000,success
U00465,2024-04-18 08:00:00,savings_deposit,131000,success
U00467,2024-02-01 04:00:00,qr_payment,1743000,success
U00467,2024-02-06 04:00:00,bill_payment,7823000,success
U00467,2024-02-09 22:00:00,qr_payment,470000,success
U00467,2024-02-13 02:00:00,card_payment,9625000,success
U00467,2024-02-16 23:00:00,card_payment,9058000,success
U00470,2024-03-23 21:00:00,card_payment,6809000,success
U00470,2024-03-24 19:00:00,loan_repayment,5537000,success
U00470,2024-04-08 10:00:00,loan_repayment,9726000,success
U00470,2024-04-17 07:00:00,loan_repayment,311000,failed
U00470,2024-04-29 19:00:00,qr_payment,3963000,success
U00470,2024-05-01 07:00:00,transfer,8409000,success
U00470,2024-05-06 16:00:00,transfer,2955000,success
U00473,2024-02-24 06:00:00,savings_deposit,44560000,success
U00473,2024-03-01 03:00:00,savings_deposit,33656000,failed
U00473,2024-03-02 04:00:00,loan_repayment,1357000,success
U00473,2024-03-13 03:00:00,qr_payment,23268000,success
U00473,2024-03-28 09:00:00,loan_repayment,6822000,failed
U00473,2024-03-31 02:00:00,loan_repayment,1830000,success
U00474,2024-04-27 00:00:00,loan_repayment,1204000,success
U00474,2024-04-28 18:00:00,card_payment,443000,failed
U00474,2024-04-28 21:00:00,card_payment,1904000,success
U00474,2024-05-12 15:00:00,loan_repayment,1344000,success
U00474,2024-05-20 00:00:00,card_payment,267000,success
U00474,2024-05-29 17:00:00,card_payment,1573000,success
U00474,2024-05-31 14:00:00,loan_repayment,987000,success
U00474,2024-06-06 20:00:00,bill_payment,1088000,failed
U00474,2024-06-12 11:00:00,loan_repayment,1941000,success
U00474,2024-06-13 18:00:00,bill_payment,1258000,success
U00474,2024-06-17 15:00:00,bill_payment,898000,success
U00483,2024-03-18 21:00:00,transfer,7200000,success
U00483,2024-03-23 15:00:00,transfer,3195000,success
U00483,2024-04-22 17:00:00,transfer,9764000,failed
U00483,2024-05-06 12:00:00,transfer,4071000,failed
U00484,2024-04-09 11:00:00,savings_deposit,1548000,success
U00484,2024-04-13 07:00:00,card_payment,1362000,success
U00484,2024-04-13 22:00:00,qr_payment,581000,success
U00484,2024-04-17 18:00:00,transfer,202000,success
U00484,2024-04-20 12:00:00,transfer,1551000,success
U00484,2024-04-22 15:00:00,qr_payment,365000,success
U00484,2024-04-22 17:00:00,loan_repayment,1917000,success
U00484,2024-04-24 15:00:00,savings_deposit,1403000,failed
U00484,2024-04-25 22:00:00,loan_repayment,1645000,success
U00484,2024-05-02 08:00:00,savings_deposit,958000,success
U00484,2024-05-03 11:00:00,card_payment,239000,success
U00484,2024-05-14 22:00:00,loan_repayment,1785000,success
U00484,2024-05-15 16:00:00,qr_payment,1153000,success
U00484,2024-05-16 14:00:00,transfer,425000,success
U00484,2024-05-27 20:00:00,savings_deposit,1869000,failed
U00487,2024-04-21 19:00:00,savings_deposit,1245000,success
U00487,2024-04-28 04:00:00,savings_deposit,1870000,success
U00487,2024-05-20 03:00:00,transfer,1458000,success
U00487,2024-05-31 21:00:00,savings_deposit,1959000,success
U00487,2024-06-02 01:00:00,savings_deposit,1561000,success
U00487,2024-06-13 20:00:00,savings_deposit,1708000,failed
U00490,2024-01-30 06:00:00,card_payment,2073000,success
U00490,2024-02-06 15:00:00,loan_repayment,3819000,success
U00490,2024-02-23 09:00:00,card_payment,199000,success
U00490,2024-02-24 00:00:00,card_payment,9800000,success
U00490,2024-02-29 09:00:00,card_payment,5328000,success
U00500,2024-01-24 00:00:00,transfer,1979000,success
U00500,2024-01-26 13:00:00,transfer,1494000,success
U00500,2024-01-26 19:00:00,transfer,1760000,success
U00500,2024-01-26 21:00:00,transfer,776000,success
U00500,2024-01-29 23:00:00,qr_payment,516000,success
U00500,2024-02-03 17:00:00,transfer,1922000,failed
U00500,2024-02-11 16:00:00,qr_payment,354000,success
U00500,2024-02-21 13:00:00,transfer,763000,success
U00500,2024-02-28 20:00:00,savings_deposit,1623000,success
U00500,2024-02-29 05:00:00,qr_payment,1823000,success
U00504,2024-03-13 22:00:00,loan_repayment,9132000,success
U00504,2024-03-22 21:00:00,bill_payment,815000,failed
U00504,2024-04-03 07:00:00,loan_repayment,1059000,success
U00504,2024-04-06 08:00:00,card_payment,3811000,success
U00504,2024-04-16 19:00:00,card_payment,907000,success
U00505,2024-01-22 21:00:00,loan_repayment,7713000,success
U00505,2024-01-23 11:00:00,transfer,6949000,success
U00505,2024-01-25 23:00:00,transfer,7201000,success
U00505,2024-02-10 20:00:00,transfer,8506000,success
U00505,2024-02-12 00:00:00,loan_repayment,5802000,success
U00505,2024-02-16 10:00:00,card_payment,8021000,success
U00505,2024-02-20 02:00:00,bill_payment,4634000,success
U00505,2024-02-29 20:00:00,transfer,4425000,success
U00505,2024-03-02 19:00:00,qr_payment,5320000,success
U00505,2024-03-05 00:00:00,card_payment,6298000,success
U00505,2024-03-09 19:00:00,loan_repayment,4220000,success
U00505,2024-03-21 12:00:00,savings_deposit,2327000,success
U00508,2024-03-20 21:00:00,savings_deposit,3271000,success
U00508,2024-03-22 16:00:00,card_payment,6974000,success
U00508,2024-03-29 13:00:00,loan_repayment,6558000,success
U00508,2024-04-03 03:00:00,bill_payment,2679000,success
U00508,2024-04-06 03:00:00,loan_repayment,2436000,success
U00508,2024-04-06 15:00:00,savings_deposit,6278000,success
U00508,2024-04-10 11:00:00,transfer,444000,failed
U00508,2024-04-11 15:00:00,savings_deposit,8668000,success
U00508,2024-04-16 03:00:00,card_payment,6876000,success
U00508,2024-04-23 21:00:00,savings_deposit,8681000,success
U00508,2024-05-05 00:00:00,transfer,9334000,success
U00508,2024-05-09 03:00:00,bill_payment,7292000,success
U00508,2024-05-14 14:00:00,card_payment,5203000,success
U00511,2024-02-24 09:00:00,savings_deposit,813000,success
U00511,2024-03-09 20:00:00,loan_repayment,1022000,success
U00511,2024-03-21 03:00:00,transfer,387000,success
U00511,2024-03-26 07:00:00,transfer,946000,success
U00511,2024-04-03 00:00:00,qr_payment,1131000,success
U00511,2024-04-08 10:00:00,card_payment,596000,success
U00511,2024-04-08 11:00:00,transfer,1403000,success
U00523,2024-01-17 23:00:00,bill_payment,31834000,success
U00523,2024-01-20 18:00:00,transfer,26882000,success
U00523,2024-02-06 01:00:00,transfer,34794000,success
U00523,2024-02-10 10:00:00,transfer,39557000,success
U00528,2024-02-17 20:00:00,card_payment,951000,success
U00528,2024-02-17 22:00:00,bill_payment,1702000,success
U00528,2024-02-22 11:00:00,savings_deposit,829000,success
U00528,2024-02-25 13:00:00,bill_payment,943000,failed
U00528,2024-02-28 20:00:00,bill_payment,789000,success
U00528,2024-03-12 14:00:00,bill_payment,762000,success
U00528,2024-03-16 21:00:00,qr_payment,1839000,success
U00528,2024-03-17 02:00:00,bill_payment,166000,success
U00528,2024-03-22 14:00:00,qr_payment,782000,success
U00528,2024-03-27 21:00:00,qr_payment,1419000,success
U00528,2024-03-31 17:00:00,savings_deposit,1455000,success
U00533,2024-01-26 21:00:00,loan_repayment,30443000,failed
U00533,2024-02-05 17:00:00,qr_payment,43695000,success
U00533,2024-02-06 14:00:00,card_payment,1135000,success
U00533,2024-02-15 02:00:00,loan_repayment,44289000,success
U00533,2024-02-17 18:00:00,qr_payment,17329000,success
U00533,2024-02-19 13:00:00,qr_payment,32799000,success
U00533,2024-02-21 00:00:00,transfer,33971000,success
U00533,2024-02-24 23:00:00,transfer,19969000,success
U00533,2024-02-28 19:00:00,transfer,44067000,success
U00533,2024-03-02 23:00:00,qr_payment,16656000,success
U00533,2024-03-04 04:00:00,transfer,18622000,success
U00533,2024-03-06 01:00:00,qr_payment,43498000,success
U00533,2024-03-17 03:00:00,transfer,48517000,success
U00535,2024-02-09 07:00:00,savings_deposit,8647000,failed
U00535,2024-03-11 13:00:00,card_payment,4435000,success
U00540,2024-04-04 11:00:00,transfer,2591000,success
U00540,2024-04-09 11:00:00,card_payment,176000,success
U00540,2024-04-12 13:00:00,transfer,4578000,success
U00540,2024-04-28 11:00:00,bill_payment,2031000,failed
U00540,2024-05-02 11:00:00,savings_deposit,945000,success
U00540,2024-05-12 12:00:00,bill_payment,8740000,success
U00540,2024-05-19 12:00:00,transfer,2552000,success
U00540,2024-05-20 13:00:00,bill_payment,6449000,success
U00540,2024-05-25 23:00:00,transfer,4989000,success
U00540,2024-05-29 16:00:00,bill_payment,8833000,success
U00542,2024-03-17 15:00:00,card_payment,525000,success
U00542,2024-03-22 11:00:00,card_payment,8530000,success
U00542,2024-04-02 00:00:00,loan_repayment,4510000,success
U00542,2024-04-04 20:00:00,bill_payment,4444000,success
U00542,2024-04-11 23:00:00,bill_payment,7041000,success
U00542,2024-04-12 21:00:00,loan_repayment,5730000,success
U00542,2024-04-18 14:00:00,card_payment,8450000,success
U00542,2024-04-23 19:00:00,qr_payment,2828000,success
U00542,2024-05-01 09:00:00,card_payment,2513000,success
U00542,2024-05-02 14:00:00,card_payment,5715000,failed
U00542,2024-05-12 21:00:00,savings_deposit,4698000,success
U00543,2024-01-24 11:00:00,loan_repayment,7558000,success
U00543,2024-02-02 13:00:00,qr_payment,1703000,success
U00543,2024-02-03 21:00:00,qr_payment,6645000,success
U00543,2024-02-06 13:00:00,bill_payment,6096000,success
U00547,2024-03-31 07:00:00,qr_payment,32294000,success
U00547,2024-04-12 14:00:00,qr_payment,11665000,success
U00547,2024-05-03 20:00:00,qr_payment,34684000,success
U00550,2024-03-20 03:00:00,card_payment,1236000,success
U00550,2024-04-05 11:00:00,transfer,713000,success
U00550,2024-04-07 00:00:00,bill_payment,1320000,success
U00550,2024-04-09 00:00:00,bill_payment,1499000,failed
U00550,2024-04-14 06:00:00,card_payment,235000,success
U00550,2024-04-22 08:00:00,transfer,74000,success
U00550,2024-04-25 07:00:00,bill_payment,535000,success
U00550,2024-04-27 10:00:00,bill_payment,1111000,success
U00550,2024-04-28 11:00:00,bill_payment,761000,success
U00552,2024-04-18 22:00:00,bill_payment,3222000,success
U00552,2024-04-27 21:00:00,loan_repayment,7322000,success
U00552,2024-04-29 20:00:00,savings_deposit,4815000,success
U00552,2024-05-08 23:00:00,bill_payment,8720000,success
U00552,2024-05-09 15:00:00,savings_deposit,655000,success
U00552,2024-05-11 00:00:00,savings_deposit,820000,success
U00552,2024-05-17 10:00:00,bill_payment,3885000,success
U00552,2024-05-18 12:00:00,bill_payment,8976000,success
U00552,2024-05-22 13:00:00,savings_deposit,594000,success
U00552,2024-05-24 11:00:00,savings_deposit,9378000,success
U00552,2024-05-25 15:00:00,bill_payment,8052000,success
U00552,2024-06-06 21:00:00,loan_repayment,7943000,success
U00552,2024-06-16 00:00:00,savings_deposit,9765000,success
U00553,2024-02-25 01:00:00,qr_payment,3688000,success
U00553,2024-03-03 08:00:00,qr_payment,8362000,success
U00553,2024-03-20 21:00:00,qr_payment,2557000,success
U00553,2024-03-23 02:00:00,card_payment,9727000,success
U00554,2024-04-05 07:00:00,loan_repayment,1318000,success
U00554,2024-04-08 20:00:00,qr_payment,6795000,success
U00554,2024-04-16 20:00:00,qr_payment,712000,success
U00554,2024-04-18 16:00:00,card_payment,9122000,success
U00554,2024-04-18 18:00:00,transfer,496000,success
U00554,2024-04-19 06:00:00,card_payment,8079000,success
U00554,2024-04-26 15:00:00,qr_payment,1258000,success
U00554,2024-04-30 05:00:00,card_payment,6145000,success
U00554,2024-05-03 10:00:00,loan_repayment,2289000,success
U00554,2024-05-09 19:00:00,loan_repayment,2930000,success
U00554,2024-05-15 20:00:00,loan_repayment,5040000,success
U00555,2024-03-14 20:00:00,savings_deposit,5602000,success
U00555,2024-03-21 06:00:00,bill_payment,9170000,success
U00555,2024-03-31 18:00:00,savings_deposit,2844000,success
U00555,2024-04-07 06:00:00,savings_deposit,8928000,success
U00555,2024-04-13 10:00:00,bill_payment,4119000,success
U00555,2024-04-14 14:00:00,card_payment,4815000,success
U00555,2024-04-21 13:00:00,bill_payment,2292000,success
U00555,2024-05-05 21:00:00,loan_repayment,9236000,success
U00556,2024-01-22 06:00:00,savings_deposit,5883000,success
U00556,2024-01-23 07:00:00,loan_repayment,1031000,success
U00556,2024-01-26 17:00:00,loan_repayment,3012000,success
U00556,2024-01-27 06:00:00,bill_payment,143000,success
U00556,2024-02-02 15:00:00,bill_payment,3043000,failed
U00556,2024-02-03 05:00:00,card_payment,7378000,success
U00556,2024-02-17 03:00:00,card_payment,4285000,success
U00556,2024-02-17 03:00:00,savings_deposit,2888000,success
U00556,2024-02-22 16:00:00,bill_payment,4126000,success
U00556,2024-03-14 09:00:00,loan_repayment,5478000,success
U00556,2024-03-14 17:00:00,bill_payment,2188000,success
U00556,2024-03-16 15:00:00,savings_deposit,7423000,success
U00556,2024-03-17 13:00:00,card_payment,2753000,success
U00556,2024-03-18 10:00:00,card_payment,5518000,success
U00556,2024-03-20 17:00:00,card_payment,3666000,success
U00565,2024-01-08 23:00:00,loan_repayment,1971000,success
U00565,2024-01-28 12:00:00,bill_payment,1437000,success
U00565,2024-02-18 20:00:00,bill_payment,530000,success
U00565,2024-02-26 23:00:00,bill_payment,1875000,success
U00565,2024-03-03 09:00:00,qr_payment,204000,success
U00565,2024-03-04 12:00:00,loan_repayment,773000,success
U00565,2024-03-06 16:00:00,bill_payment,1074000,success
U00565,2024-03-07 21:00:00,bill_payment,1610000,success
U00568,2024-02-03 07:00:00,transfer,6223000,success
U00568,2024-02-15 03:00:00,transfer,2407000,success
U00568,2024-02-18 20:00:00,transfer,9419000,success
U00568,2024-03-09 06:00:00,transfer,1130000,success
U00568,2024-03-23 20:00:00,transfer,6177000,success
U00568,2024-03-27 04:00:00,transfer,5432000,success
U00571,2024-04-06 11:00:00,card_payment,3838000,failed
U00571,2024-04-10 03:00:00,qr_payment,2602000,success
U00571,2024-05-11 23:00:00,savings_deposit,9432000,failed
U00576,2024-05-26 04:00:00,transfer,30389000,success
U00576,2024-05-29 09:00:00,qr_payment,45348000,success
U00576,2024-05-30 00:00:00,savings_deposit,23916000,success
U00576,2024-05-31 06:00:00,savings_deposit,7499000,success
U00576,2024-06-03 08:00:00,savings_deposit,44361000,success
U00576,2024-06-07 09:00:00,bill_payment,36997000,success
U00576,2024-06-17 01:00:00,bill_payment,7040000,success
U00576,2024-06-17 06:00:00,savings_deposit,5521000,success
U00576,2024-06-17 11:00:00,savings_deposit,47649000,success
U00576,2024-06-21 09:00:00,qr_payment,11217000,success
U00577,2024-04-23 09:00:00,card_payment,8910000,success
U00577,2024-04-26 09:00:00,transfer,44018000,success
U00577,2024-05-14 20:00:00,qr_payment,44348000,failed
U00577,2024-06-18 00:00:00,savings_deposit,15969000,success
U00587,2024-01-28 05:00:00,card_payment,808000,success
U00587,2024-02-09 05:00:00,card_payment,840000,success
U00587,2024-02-14 08:00:00,card_payment,1932000,success
U00587,2024-02-14 19:00:00,loan_repayment,1813000,success
U00587,2024-02-19 12:00:00,transfer,1682000,success
U00587,2024-03-01 17:00:00,card_payment,1746000,success
U00587,2024-03-02 12:00:00,card_payment,353000,success
U00587,2024-03-12 08:00:00,card_payment,1773000,success
U00587,2024-03-18 20:00:00,card_payment,214000,failed
U00592,2024-04-13 15:00:00,loan_repayment,7125000,success
U00592,2024-04-18 02:00:00,transfer,1818000,success
U00592,2024-04-18 16:00:00,bill_payment,9341000,failed
U00592,2024-04-26 10:00:00,transfer,7551000,success
U00592,2024-04-30 09:00:00,loan_repayment,3015000,success
U00592,2024-05-06 07:00:00,transfer,8117000,success
U00592,2024-05-12 14:00:00,loan_repayment,3423000,success
U00592,2024-05-15 15:00:00,loan_repayment,9877000,success
U00592,2024-05-23 00:00:00,loan_repayment,1243000,success
U00593,2024-02-20 05:00:00,card_payment,9309000,success
U00593,2024-02-26 08:00:00,loan_repayment,9171000,success
U00593,2024-03-07 21:00:00,qr_payment,8274000,success
U00593,2024-03-15 08:00:00,loan_repayment,2919000,success
U00593,2024-03-15 17:00:00,qr_payment,4634000,success
U00593,2024-03-30 05:00:00,transfer,807000,success
U00593,2024-04-01 23:00:00,transfer,7129000,success
U00593,2024-04-06 04:00:00,loan_repayment,5111000,success
U00593,2024-04-12 20:00:00,transfer,2870000,success
U00594,2024-04-23 11:00:00,bill_payment,1366000,success
U00594,2024-04-25 15:00:00,bill_payment,1522000,success
U00594,2024-04-30 14:00:00,bill_payment,513000,success
U00594,2024-05-09 05:00:00,bill_payment,1321000,success
U00594,2024-05-17 13:00:00,bill_payment,1507000,success
U00594,2024-05-25 17:00:00,bill_payment,215000,success
U00596,2024-04-26 13:00:00,loan_repayment,5346000,success
U00596,2024-05-08 15:00:00,loan_repayment,3655000,success
U00596,2024-05-13 10:00:00,loan_repayment,9713000,success
U00596,2024-06-09 08:00:00,qr_payment,2201000,success
U00596,2024-06-10 15:00:00,loan_repayment,9954000,success
U00601,2024-02-14 17:00:00,savings_deposit,1878000,success
U00601,2024-02-20 02:00:00,transfer,1982000,success
U00601,2024-02-28 17:00:00,savings_deposit,308000,success
U00601,2024-03-27 08:00:00,transfer,1233000,failed
U00601,2024-04-02 02:00:00,transfer,90000,failed
U00602,2024-03-15 05:00:00,savings_deposit,341000,failed
U00602,2024-03-22 12:00:00,bill_payment,393000,failed
U00603,2024-02-07 04:00:00,savings_deposit,4028000,success
U00603,2024-02-07 06:00:00,transfer,802000,success
U00603,2024-02-15 07:00:00,transfer,7513000,success
U00603,2024-02-23 23:00:00,savings_deposit,6751000,success
U00603,2024-03-03 05:00:00,card_payment,8540000,success
U00603,2024-03-04 22:00:00,savings_deposit,9706000,success
U00605,2024-03-31 16:00:00,qr_payment,6308000,success
U00605,2024-04-15 19:00:00,transfer,3525000,success
U00605,2024-04-19 23:00:00,savings_deposit,9084000,success
U00605,2024-04-22 05:00:00,savings_deposit,3501000,success
U00605,2024-04-30 01:00:00,card_payment,3244000,success
U00605,2024-05-08 06:00:00,card_payment,9048000,success
U00605,2024-05-15 04:00:00,loan_repayment,3127000,success
U00605,2024-05-17 19:00:00,transfer,8162000,success
U00605,2024-05-18 18:00:00,loan_repayment,397000,success
U00606,2024-01-19 19:00:00,transfer,653000,failed
U00606,2024-01-25 11:00:00,savings_deposit,228000,success
U00606,2024-01-27 06:00:00,transfer,1163000,success
U00606,2024-02-11 08:00:00,transfer,333000,success
U00606,2024-02-12 02:00:00,transfer,1761000,success
U00606,2024-02-17 22:00:00,transfer,928000,success
U00606,2024-03-03 08:00:00,savings_deposit,1369000,success
U00611,2024-04-08 14:00:00,savings_deposit,9532000,success
U00611,2024-04-13 15:00:00,loan_repayment,3527000,success
U00613,2024-01-28 21:00:00,bill_payment,375000,failed
U00613,2024-02-07 23:00:00,bill_payment,611000,success
U00613,2024-02-19 07:00:00,bill_payment,1142000,failed
U00613,2024-03-02 01:00:00,loan_repayment,955000,failed
U00618,2024-04-23 18:00:00,transfer,19076000,success
U00618,2024-04-28 15:00:00,savings_deposit,42493000,success
U00618,2024-05-16 12:00:00,qr_payment,37879000,failed
U00618,2024-05-18 14:00:00,savings_deposit,38230000,success
U00618,2024-05-21 20:00:00,card_payment,16140000,success
U00618,2024-05-29 23:00:00,qr_payment,27189000,failed
U00618,2024-05-30 07:00:00,bill_payment,35269000,success
U00618,2024-05-30 09:00:00,card_payment,18234000,failed
U00618,2024-06-01 22:00:00,card_payment,9656000,success
U00618,2024-06-07 18:00:00,qr_payment,43528000,success
U00618,2024-06-08 13:00:00,card_payment,31558000,success
U00621,2024-02-14 12:00:00,qr_payment,8713000,success
U00621,2024-02-17 14:00:00,qr_payment,4711000,success
U00621,2024-02-26 11:00:00,qr_payment,7687000,success
U00621,2024-03-09 15:00:00,qr_payment,1111000,success
U00621,2024-03-12 07:00:00,qr_payment,5962000,success
U00621,2024-03-14 08:00:00,qr_payment,227000,success
U00621,2024-03-27 03:00:00,card_payment,1248000,success
U00622,2024-02-13 12:00:00,transfer,1642000,success
U00622,2024-02-15 06:00:00,transfer,1076000,success
U00622,2024-02-21 18:00:00,qr_payment,1588000,success
U00622,2024-02-28 17:00:00,savings_deposit,118000,success
U00622,2024-03-02 17:00:00,transfer,557000,success
U00622,2024-03-08 08:00:00,savings_deposit,1466000,success
U00622,2024-03-15 06:00:00,transfer,325000,success
U00622,2024-03-15 18:00:00,qr_payment,404000,success
U00624,2024-04-23 12:00:00,loan_repayment,44201000,success
U00624,2024-05-05 00:00:00,qr_payment,2939000,success
U00626,2024-04-09 18:00:00,loan_repayment,8373000,success
U00629,2024-04-28 00:00:00,transfer,837000,success
U00629,2024-06-02 16:00:00,loan_repayment,1795000,failed
U00629,2024-06-10 00:00:00,transfer,1778000,success
U00629,2024-06-10 02:00:00,qr_payment,292000,success
U00629,2024-06-12 18:00:00,transfer,1942000,success
U00629,2024-06-15 01:00:00,loan_repayment,1362000,failed
U00629,2024-06-19 20:00:00,loan_repayment,972000,success
U00631,2024-04-10 14:00:00,qr_payment,2305000,success
U00631,2024-04-14 22:00:00,bill_payment,8743000,success
U00631,2024-04-25 16:00:00,bill_payment,3734000,success
U00631,2024-05-01 21:00:00,card_payment,7330000,success
U00631,2024-05-15 14:00:00,transfer,5438000,failed
U00631,2024-05-16 16:00:00,transfer,5257000,success
U00631,2024-05-22 10:00:00,transfer,3438000,success
U00631,2024-05-24 09:00:00,bill_payment,8748000,success
U00631,2024-05-27 12:00:00,bill_payment,8821000,success
U00631,2024-06-04 15:00:00,transfer,6958000,success
U00631,2024-06-06 09:00:00,card_payment,7922000,success
U00631,2024-06-07 16:00:00,card_payment,1974000,failed
U00633,2024-02-26 00:00:00,loan_repayment,133000,success
U00633,2024-03-10 18:00:00,qr_payment,671000,success
U00633,2024-03-13 14:00:00,loan_repayment,1820000,success
U00633,2024-04-02 19:00:00,qr_payment,1730000,success
U00633,2024-04-03 06:00:00,qr_payment,1688000,success
U00633,2024-04-10 06:00:00,loan_repayment,1464000,success
U00634,2024-04-04 08:00:00,loan_repayment,8715000,success
U00634,2024-04-11 03:00:00,loan_repayment,2883000,failed
U00634,2024-05-13 06:00:00,card_payment,9128000,success
U00635,2024-03-12 00:00:00,card_payment,691000,success
U00635,2024-03-20 10:00:00,qr_payment,957000,success
U00635,2024-03-24 22:00:00,qr_payment,6344000,success
U00635,2024-03-29 09:00:00,transfer,5487000,success
U00635,2024-04-03 05:00:00,qr_payment,4419000,success
U00635,2024-04-04 20:00:00,card_payment,5085000,success
U00635,2024-04-10 02:00:00,card_payment,2997000,success
U00635,2024-05-05 06:00:00,qr_payment,254000,success
U00635,2024-05-05 21:00:00,card_payment,626000,success
U00636,2024-03-06 03:00:00,transfer,1485000,success
U00636,2024-03-10 06:00:00,bill_payment,4389000,success
U00636,2024-04-22 21:00:00,transfer,49505000,success
U00649,2024-01-18 10:00:00,qr_payment,1075000,success
U00649,2024-01-19 12:00:00,savings_deposit,18939000,success
U00649,2024-01-23 00:00:00,transfer,19207000,success
U00649,2024-01-29 02:00:00,qr_payment,19524000,success
U00649,2024-02-07 15:00:00,bill_payment,42993000,success
U00649,2024-02-09 17:00:00,savings_deposit,47520000,success
U00649,2024-02-15 16:00:00,transfer,12520000,success
U00649,2024-02-20 23:00:00,qr_payment,48864000,success
U00649,2024-03-01 15:00:00,savings_deposit,37138000,success
U00649,2024-03-02 13:00:00,savings_deposit,46474000,success
U00649,2024-03-06 02:00:00,qr_payment,25315000,success
U00649,2024-03-09 12:00:00,savings_deposit,37682000,failed
U00649,2024-03-11 10:00:00,savings_deposit,10972000,failed
U00649,2024-03-11 14:00:00,loan_repayment,15053000,success
U00649,2024-03-14 11:00:00,qr_payment,1276000,success
U00649,2024-03-16 15:00:00,qr_payment,740000,success
U00655,2024-02-16 13:00:00,savings_deposit,4269000,success
U00655,2024-03-03 11:00:00,card_payment,940000,success
U00655,2024-03-06 08:00:00,loan_repayment,7792000,success
U00655,2024-03-15 17:00:00,transfer,1562000,success
U00655,2024-04-02 14:00:00,transfer,4872000,success
U00657,2024-03-19 22:00:00,qr_payment,1704000,success
U00657,2024-04-05 11:00:00,qr_payment,476000,success
U00657,2024-05-18 07:00:00,bill_payment,9914000,success
U00660,2024-02-20 21:00:00,card_payment,5807000,success
U00660,2024-02-22 18:00:00,bill_payment,523000,success
U00660,2024-02-23 08:00:00,transfer,2966000,success
U00660,2024-02-27 19:00:00,bill_payment,8983000,success
U00660,2024-03-01 07:00:00,loan_repayment,1729000,success
U00660,2024-03-04 23:00:00,savings_deposit,5933000,success
U00660,2024-03-20 19:00:00,loan_repayment,8201000,success
U00660,2024-03-24 19:00:00,card_payment,6455000,success
U00660,2024-04-01 08:00:00,bill_payment,7335000,success
U00660,2024-04-06 23:00:00,card_payment,3763000,failed
U00660,2024-04-08 05:00:00,bill_payment,4102000,success
U00661,2024-05-03 20:00:00,qr_payment,4883000,success
U00661,2024-05-11 18:00:00,loan_repayment,261000,success
U00661,2024-05-13 14:00:00,savings_deposit,6421000,success
U00661,2024-06-07 17:00:00,savings_deposit,3362000,success
U00661,2024-06-10 00:00:00,loan_repayment,5106000,success
U00661,2024-06-21 02:00:00,loan_repayment,2377000,success
U00663,2024-01-27 11:00:00,bill_payment,49437000,success
U00663,2024-02-09 10:00:00,card_payment,36712000,success
U00663,2024-02-14 19:00:00,qr_payment,32800000,success
U00663,2024-02-16 10:00:00,savings_deposit,14399000,success
U00663,2024-02-17 08:00:00,savings_deposit,43877000,success
U00663,2024-02-17 09:00:00,savings_deposit,36998000,success
U00663,2024-02-22 17:00:00,qr_payment,20115000,success
U00663,2024-02-25 14:00:00,transfer,4668000,success
U00663,2024-02-27 05:00:00,savings_deposit,11093000,success
U00663,2024-03-04 09:00:00,loan_repayment,5648000,success
U00663,2024-03-04 20:00:00,card_payment,45348000,success
U00663,2024-03-13 20:00:00,qr_payment,36944000,success
U00663,2024-03-21 09:00:00,transfer,14800000,success
U00666,2024-04-30 08:00:00,bill_payment,712000,success
U00666,2024-05-29 17:00:00,qr_payment,794000,success
U00667,2024-02-27 03:00:00,savings_deposit,739000,success
U00667,2024-03-01 00:00:00,qr_payment,1456000,failed
U00667,2024-03-04 06:00:00,transfer,1249000,success
U00667,2024-03-05 11:00:00,qr_payment,703000,failed
U00667,2024-03-27 14:00:00,transfer,995000,success
U00667,2024-04-03 08:00:00,loan_repayment,917000,success
U00667,2024-04-15 10:00:00,transfer,239000,success
U00667,2024-04-25 05:00:00,transfer,1788000,success
U00667,2024-04-25 16:00:00,transfer,290000,failed
U00668,2024-01-06 17:00:00,savings_deposit,1928000,success
U00668,2024-01-09 21:00:00,savings_deposit,1634000,success
U00668,2024-01-22 15:00:00,loan_repayment,141000,success
U00668,2024-01-23 12:00:00,qr_payment,1356000,success
U00668,2024-02-03 03:00:00,transfer,1508000,success
U00668,2024-02-08 14:00:00,transfer,1467000,success
U00668,2024-02-27 21:00:00,loan_repayment,1262000,success
U00668,2024-02-29 21:00:00,qr_payment,1350000,success
U00668,2024-03-03 11:00:00,card_payment,1582000,success
U00670,2024-04-23 11:00:00,bill_payment,1617000,success
U00670,2024-04-26 18:00:00,bill_payment,1583000,success
U00670,2024-04-28 10:00:00,loan_repayment,103000,failed
U00670,2024-05-16 15:00:00,bill_payment,455000,success
U00670,2024-05-25 13:00:00,transfer,375000,success
U00670,2024-05-29 00:00:00,bill_payment,1916000,success
U00670,2024-06-03 10:00:00,loan_repayment,1833000,success
U00670,2024-06-05 16:00:00,loan_repayment,1269000,success
U00670,2024-06-06 15:00:00,bill_payment,1639000,success
U00672,2024-03-30 06:00:00,loan_repayment,1882000,success
U00672,2024-04-06 08:00:00,loan_repayment,1839000,success
U00672,2024-04-06 14:00:00,loan_repayment,1484000,success
U00672,2024-04-06 18:00:00,qr_payment,157000,success
U00672,2024-04-08 10:00:00,savings_deposit,900000,success
U00672,2024-04-08 20:00:00,savings_deposit,258000,success
U00672,2024-04-16 11:00:00,loan_repayment,1637000,success
U00672,2024-04-25 04:00:00,qr_payment,1525000,failed
U00672,2024-04-30 11:00:00,qr_payment,1271000,success
U00672,2024-05-03 17:00:00,loan_repayment,490000,success
U00672,2024-05-25 14:00:00,bill_payment,449000,failed
U00672,2024-05-26 10:00:00,qr_payment,1837000,success
U00674,2024-04-06 20:00:00,bill_payment,862000,success
U00674,2024-04-07 15:00:00,savings_deposit,728000,success
U00674,2024-04-20 08:00:00,savings_deposit,402000,success
U00674,2024-05-01 22:00:00,transfer,422000,success
U00674,2024-05-10 12:00:00,savings_deposit,603000,success
U00674,2024-05-18 14:00:00,transfer,1295000,success
U00677,2024-02-28 02:00:00,transfer,48723000,success
U00677,2024-03-20 04:00:00,savings_deposit,6914000,success
U00679,2024-03-02 21:00:00,loan_repayment,1779000,success
U00679,2024-03-12 21:00:00,card_payment,233000,success
U00679,2024-03-15 20:00:00,transfer,232000,success
U00679,2024-04-18 06:00:00,card_payment,1877000,success
U00688,2024-05-07 03:00:00,qr_payment,493000,success
U00688,2024-05-12 18:00:00,card_payment,1829000,success
U00688,2024-05-27 23:00:00,card_payment,1372000,success
U00688,2024-05-28 00:00:00,qr_payment,1418000,success
U00688,2024-05-29 02:00:00,transfer,167000,success
U00688,2024-06-02 08:00:00,transfer,1078000,success
U00691,2024-03-12 22:00:00,bill_payment,9662000,success
U00691,2024-03-17 07:00:00,card_payment,460000,success
U00691,2024-03-18 03:00:00,qr_payment,9302000,success
U00691,2024-03-19 11:00:00,bill_payment,4927000,success
U00691,2024-03-28 06:00:00,loan_repayment,7532000,success
U00691,2024-04-01 09:00:00,savings_deposit,6976000,failed
U00691,2024-04-01 14:00:00,qr_payment,8310000,success
U00691,2024-04-07 06:00:00,qr_payment,2989000,success
U00691,2024-04-08 22:00:00,transfer,2507000,success
U00691,2024-04-18 07:00:00,savings_deposit,1314000,success
U00691,2024-04-19 02:00:00,bill_payment,9729000,success
U00691,2024-04-20 07:00:00,loan_repayment,7982000,success
U00691,2024-04-20 09:00:00,transfer,4396000,success
U00691,2024-04-26 02:00:00,transfer,3683000,success
U00691,2024-04-28 04:00:00,transfer,1773000,success
U00705,2024-04-15 01:00:00,transfer,1299000,success
U00705,2024-04-27 03:00:00,savings_deposit,1843000,success
U00705,2024-05-18 05:00:00,qr_payment,53000,success
U00705,2024-05-23 19:00:00,loan_repayment,1851000,failed
U00713,2024-03-25 05:00:00,card_payment,34155000,success
U00713,2024-03-28 06:00:00,savings_deposit,8020000,success
U00713,2024-04-26 11:00:00,savings_deposit,47704000,success
U00713,2024-04-27 11:00:00,loan_repayment,38160000,success
U00713,2024-04-30 23:00:00,transfer,38541000,success
U00713,2024-05-05 06:00:00,savings_deposit,17227000,success
U00714,2024-04-20 22:00:00,bill_payment,3938000,success
U00717,2024-02-20 20:00:00,card_payment,975000,success
U00717,2024-03-11 01:00:00,savings_deposit,1066000,success
U00717,2024-03-18 17:00:00,card_payment,1632000,success
U00717,2024-03-18 23:00:00,savings_deposit,1466000,success
U00717,2024-03-21 14:00:00,savings_deposit,799000,success
U00717,2024-03-27 12:00:00,savings_deposit,860000,success
U00719,2024-02-29 22:00:00,savings_deposit,1257000,success
U00719,2024-03-09 23:00:00,savings_deposit,1234000,success
U00719,2024-03-21 15:00:00,bill_payment,1021000,success
U00719,2024-04-22 14:00:00,savings_deposit,1049000,failed
U00719,2024-04-25 13:00:00,transfer,1340000,success
U00720,2024-04-18 11:00:00,loan_repayment,224000,success
U00720,2024-04-19 12:00:00,loan_repayment,265000,success
U00720,2024-04-20 14:00:00,savings_deposit,1415000,success
U00720,2024-04-23 14:00:00,qr_payment,1423000,failed
U00720,2024-04-27 13:00:00,card_payment,1560000,success
U00720,2024-05-09 18:00:00,savings_deposit,484000,success
U00720,2024-05-19 10:00:00,loan_repayment,1738000,success
U00720,2024-05-19 16:00:00,qr_payment,1239000,success
U00720,2024-05-26 15:00:00,bill_payment,1871000,success
U00720,2024-05-28 10:00:00,savings_deposit,234000,success
U00720,2024-05-29 11:00:00,qr_payment,1857000,success
U00720,2024-06-05 10:00:00,savings_deposit,765000,success
U00720,2024-06-05 12:00:00,loan_repayment,1208000,success
U00722,2024-03-21 10:00:00,qr_payment,152000,success
U00722,2024-03-21 19:00:00,loan_repayment,750000,success
U00722,2024-04-08 03:00:00,loan_repayment,329000,success
U00722,2024-04-11 06:00:00,card_payment,171000,success
U00722,2024-04-17 03:00:00,loan_repayment,1551000,success
U00722,2024-04-26 11:00:00,savings_deposit,487000,success
U00722,2024-04-27 04:00:00,savings_deposit,1674000,success
U00722,2024-04-28 20:00:00,transfer,1315000,success
U00722,2024-05-07 10:00:00,transfer,442000,success
U00722,2024-05-11 11:00:00,qr_payment,421000,success
U00722,2024-05-12 20:00:00,qr_payment,1865000,success
U00722,2024-05-16 02:00:00,loan_repayment,830000,success
U00722,2024-05-16 19:00:00,loan_repayment,865000,success
U00723,2024-04-17 10:00:00,bill_payment,4109000,success
U00723,2024-04-25 21:00:00,bill_payment,4080000,success
U00723,2024-05-21 18:00:00,card_payment,9927000,success
U00724,2024-03-03 23:00:00,qr_payment,49573000,success
U00724,2024-03-05 06:00:00,qr_payment,25723000,failed
U00724,2024-03-08 09:00:00,qr_payment,34623000,success
U00724,2024-03-09 19:00:00,qr_payment,37899000,success
U00724,2024-03-17 11:00:00,transfer,15934000,success
U00724,2024-03-20 21:00:00,transfer,10039000,success
U00724,2024-03-22 20:00:00,transfer,12182000,failed
U00724,2024-04-01 20:00:00,bill_payment,4974000,success
U00724,2024-04-04 01:00:00,card_payment,8559000,success
U00724,2024-04-07 04:00:00,savings_deposit,41495000,success
U00724,2024-04-12 04:00:00,card_payment,23230000,success
U00725,2024-04-14 04:00:00,loan_repayment,9251000,success
U00725,2024-04-19 20:00:00,loan_repayment,1408000,success
U00726,2024-02-29 01:00:00,savings_deposit,362000,success
U00726,2024-03-03 09:00:00,card_payment,7345000,success
U00726,2024-03-16 03:00:00,transfer,6178000,success
U00726,2024-03-25 09:00:00,transfer,9039000,success
U00726,2024-03-28 23:00:00,transfer,1858000,success
U00726,2024-04-03 23:00:00,qr_payment,5008000,success
U00726,2024-04-10 23:00:00,savings_deposit,9040000,success
U00726,2024-04-14 23:00:00,bill_payment,9865000,success
U00726,2024-04-17 01:00:00,bill_payment,506000,success
U00726,2024-04-18 22:00:00,bill_payment,1578000,success
U00727,2024-03-02 08:00:00,card_payment,7119000,success
U00727,2024-03-11 04:00:00,card_payment,998000,success
U00727,2024-03-14 09:00:00,transfer,6927000,success
U00727,2024-03-25 10:00:00,bill_payment,7382000,failed
U00727,2024-03-30 07:00:00,bill_payment,4256000,success
U00727,2024-04-02 23:00:00,transfer,6697000,failed
U00727,2024-04-13 22:00:00,savings_deposit,6173000,success
U00727,2024-04-17 20:00:00,transfer,3406000,success
U00727,2024-04-23 22:00:00,savings_deposit,9155000,success
U00729,2024-02-01 11:00:00,qr_payment,490000,failed
U00729,2024-02-26 18:00:00,qr_payment,211000,success
U00729,2024-02-27 16:00:00,qr_payment,1113000,success
U00729,2024-03-03 19:00:00,qr_payment,557000,success
U00729,2024-03-08 08:00:00,qr_payment,970000,success
U00729,2024-03-09 15:00:00,savings_deposit,497000,success
U00729,2024-03-13 18:00:00,transfer,909000,failed
U00729,2024-03-25 14:00:00,qr_payment,623000,success
U00734,2024-04-16 06:00:00,card_payment,5889000,success
U00734,2024-04-23 03:00:00,qr_payment,9011000,failed
U00734,2024-06-05 17:00:00,loan_repayment,1886000,success
U00752,2024-04-16 13:00:00,card_payment,5514000,success
U00752,2024-04-19 15:00:00,card_payment,1456000,success
U00752,2024-04-27 14:00:00,loan_repayment,4984000,success
U00752,2024-05-06 17:00:00,loan_repayment,3559000,success
U00752,2024-05-09 08:00:00,loan_repayment,1827000,success
U00752,2024-05-12 05:00:00,bill_payment,5168000,success
U00752,2024-05-18 07:00:00,loan_repayment,8448000,success
U00752,2024-05-26 17:00:00,savings_deposit,2925000,success
U00752,2024-06-03 10:00:00,transfer,8230000,success
U00752,2024-06-04 10:00:00,bill_payment,2439000,success
U00753,2024-02-15 23:00:00,bill_payment,2994000,success
U00753,2024-02-18 01:00:00,bill_payment,945000,success
U00753,2024-02-29 14:00:00,loan_repayment,7956000,success
U00755,2024-02-25 07:00:00,card_payment,1335000,success
U00757,2024-02-06 12:00:00,loan_repayment,206000,success
U00757,2024-02-28 09:00:00,loan_repayment,170000,success
U00757,2024-03-02 01:00:00,transfer,1335000,success
U00757,2024-03-03 04:00:00,qr_payment,412000,success
U00757,2024-03-07 13:00:00,card_payment,634000,success
U00757,2024-03-08 08:00:00,savings_deposit,534000,success
U00757,2024-03-12 03:00:00,transfer,540000,success
U00757,2024-03-25 12:00:00,loan_repayment,1815000,success
U00757,2024-03-28 01:00:00,loan_repayment,777000,success
U00770,2024-03-31 15:00:00,loan_repayment,3652000,success
U00770,2024-04-03 19:00:00,loan_repayment,8887000,success
U00770,2024-04-21 02:00:00,loan_repayment,2106000,success
U00770,2024-04-24 01:00:00,card_payment,3626000,success
U00770,2024-04-30 19:00:00,loan_repayment,1387000,success
U00770,2024-05-02 18:00:00,savings_deposit,8389000,success
U00770,2024-05-07 16:00:00,loan_repayment,4985000,failed
U00770,2024-05-23 20:00:00,savings_deposit,6858000,success
U00773,2024-03-06 22:00:00,loan_repayment,6904000,failed
U00773,2024-03-08 23:00:00,bill_payment,5273000,success
U00773,2024-03-23 23:00:00,loan_repayment,2852000,success
U00773,2024-04-05 16:00:00,bill_payment,4452000,success
U00773,2024-04-23 05:00:00,bill_payment,6175000,success
U00774,2024-02-06 21:00:00,qr_payment,229000,success
U00774,2024-02-13 05:00:00,bill_payment,772000,success
U00774,2024-02-20 05:00:00,card_payment,432000,success
U00774,2024-02-23 03:00:00,qr_payment,1959000,success
U00774,2024-02-25 18:00:00,qr_payment,624000,success
U00774,2024-03-01 00:00:00,qr_payment,1744000,success
U00774,2024-03-17 00:00:00,qr_payment,972000,success
U00778,2024-01-10 13:00:00,savings_deposit,3687000,success
U00778,2024-01-11 04:00:00,bill_payment,6963000,success
U00778,2024-01-23 12:00:00,bill_payment,598000,success
U00778,2024-02-10 02:00:00,card_payment,7587000,success
U00778,2024-02-20 17:00:00,savings_deposit,8408000,failed
U00778,2024-02-22 21:00:00,bill_payment,381000,success
U00779,2024-05-02 18:00:00,qr_payment,4101000,success
U00779,2024-05-05 00:00:00,qr_payment,9148000,success
U00779,2024-05-22 03:00:00,card_payment,2146000,success
U00779,2024-05-23 04:00:00,card_payment,8793000,success
U00784,2024-02-23 19:00:00,card_payment,5288000,failed
U00784,2024-03-12 06:00:00,qr_payment,1441000,success
U00786,2024-03-01 01:00:00,bill_payment,1300000,failed
U00786,2024-03-04 12:00:00,savings_deposit,377000,success
U00786,2024-03-06 15:00:00,card_payment,1541000,success
U00786,2024-03-11 04:00:00,card_payment,242000,success
U00786,2024-03-11 09:00:00,loan_repayment,601000,success
U00786,2024-03-13 14:00:00,loan_repayment,1364000,success
U00786,2024-03-16 07:00:00,bill_payment,1895000,success
U00786,2024-03-23 00:00:00,qr_payment,1878000,success
U00786,2024-03-27 08:00:00,loan_repayment,303000,success
U00786,2024-04-06 00:00:00,qr_payment,126000,success
U00786,2024-04-06 13:00:00,loan_repayment,1751000,failed
U00786,2024-04-08 04:00:00,qr_payment,100000,success
U00786,2024-04-08 23:00:00,transfer,1503000,success
U00786,2024-04-10 08:00:00,loan_repayment,1588000,success
U00786,2024-04-17 11:00:00,savings_deposit,360000,success
U00786,2024-04-23 11:00:00,bill_payment,1377000,success
U00786,2024-04-23 13:00:00,transfer,896000,success
U00796,2024-05-01 16:00:00,card_payment,2218000,success
U00796,2024-05-03 19:00:00,transfer,563000,success
U00796,2024-05-06 09:00:00,loan_repayment,6462000,success
U00796,2024-05-08 16:00:00,transfer,3485000,success
U00796,2024-05-19 18:00:00,savings_deposit,204000,success
U00796,2024-05-26 09:00:00,card_payment,5555000,success
U00796,2024-06-08 20:00:00,loan_repayment,3938000,success
U00796,2024-06-08 22:00:00,loan_repayment,1736000,success
U00796,2024-06-12 10:00:00,loan_repayment,4761000,success
U00796,2024-06-18 07:00:00,card_payment,5959000,success
U00807,2024-05-03 06:00:00,loan_repayment,1617000,success
U00807,2024-05-07 23:00:00,loan_repayment,373000,success
U00807,2024-05-15 05:00:00,savings_deposit,1692000,success
U00807,2024-06-01 22:00:00,bill_payment,1079000,success
U00811,2024-05-12 07:00:00,card_payment,144000,success
U00811,2024-05-13 00:00:00,card_payment,5298000,success
U00812,2024-04-12 11:00:00,card_payment,6842000,success
U00812,2024-04-17 07:00:00,card_payment,5080000,success
U00812,2024-04-24 07:00:00,transfer,7037000,success
U00812,2024-05-16 10:00:00,bill_payment,5962000,success
U00818,2024-03-28 01:00:00,transfer,8041000,success
U00818,2024-04-13 12:00:00,bill_payment,9366000,success
U00818,2024-04-20 23:00:00,transfer,8344000,success
U00818,2024-04-24 12:00:00,transfer,7099000,success
U00818,2024-04-30 14:00:00,bill_payment,7837000,failed
U00818,2024-05-03 02:00:00,bill_payment,4093000,success
U00818,2024-05-08 14:00:00,bill_payment,146000,success
U00821,2024-01-24 02:00:00,transfer,2203000,success
U00821,2024-02-14 11:00:00,transfer,2592000,success
U00821,2024-02-24 08:00:00,transfer,4204000,success
U00822,2024-04-19 02:00:00,loan_repayment,815000,failed
U00822,2024-05-04 21:00:00,qr_payment,583000,success
U00822,2024-05-26 22:00:00,loan_repayment,1752000,success
U00822,2024-06-04 03:00:00,loan_repayment,317000,success
U00823,2024-04-26 22:00:00,transfer,27035000,success
U00823,2024-05-18 19:00:00,transfer,32279000,success
U00823,2024-06-03 03:00:00,savings_deposit,25758000,failed
U00823,2024-06-11 09:00:00,transfer,21606000,success
U00827,2024-04-10 07:00:00,transfer,1363000,success
U00827,2024-04-29 10:00:00,transfer,1762000,success
U00827,2024-05-19 14:00:00,transfer,983000,success
U00833,2024-04-21 07:00:00,qr_payment,5659000,success
U00833,2024-04-25 02:00:00,qr_payment,1364000,success
U00833,2024-05-12 01:00:00,loan_repayment,3043000,success
U00833,2024-05-13 01:00:00,loan_repayment,6433000,success
U00833,2024-05-15 04:00:00,savings_deposit,9288000,success
U00833,2024-05-18 09:00:00,transfer,3898000,failed
U00833,2024-05-21 21:00:00,qr_payment,2900000,success
U00833,2024-05-24 19:00:00,savings_deposit,5238000,success
U00833,2024-05-27 19:00:00,savings_deposit,2637000,success
U00833,2024-06-01 20:00:00,card_payment,3008000,success
U00833,2024-06-03 19:00:00,qr_payment,5057000,success
U00848,2024-03-12 18:00:00,savings_deposit,24257000,success
U00848,2024-03-31 19:00:00,savings_deposit,35139000,success
U00848,2024-04-03 19:00:00,transfer,40670000,success
U00848,2024-04-10 05:00:00,card_payment,6469000,success
U00848,2024-04-14 07:00:00,bill_payment,35478000,success
U00848,2024-04-15 07:00:00,qr_payment,44920000,success
U00849,2024-01-29 04:00:00,loan_repayment,43579000,failed
U00854,2024-04-13 17:00:00,qr_payment,1139000,success
U00854,2024-04-25 13:00:00,qr_payment,5539000,success
U00854,2024-04-26 10:00:00,bill_payment,4027000,success
U00854,2024-05-30 17:00:00,bill_payment,1418000,failed
U00858,2024-02-17 04:00:00,savings_deposit,412000,success
U00861,2024-03-01 02:00:00,card_payment,30726000,success
U00861,2024-03-18 05:00:00,card_payment,7189000,success
U00861,2024-04-04 22:00:00,qr_payment,39929000,success
U00861,2024-04-12 02:00:00,card_payment,7491000,success
U00862,2024-03-13 01:00:00,qr_payment,699000,success
U00862,2024-03-21 15:00:00,savings_deposit,2902000,success
U00862,2024-03-22 11:00:00,transfer,4913000,success
U00862,2024-04-03 08:00:00,savings_deposit,3770000,success
U00862,2024-04-03 11:00:00,savings_deposit,6860000,success
U00862,2024-04-25 16:00:00,qr_payment,3702000,success
U00862,2024-05-03 04:00:00,savings_deposit,1500000,success
U00864,2024-02-27 04:00:00,card_payment,5742000,failed
U00864,2024-03-04 06:00:00,card_payment,7368000,success
U00864,2024-04-04 15:00:00,savings_deposit,551000,success
U00864,2024-04-07 16:00:00,transfer,5716000,success
U00864,2024-04-14 12:00:00,savings_deposit,9777000,success
U00864,2024-04-15 11:00:00,savings_deposit,3395000,success
U00864,2024-04-17 09:00:00,card_payment,5761000,success
U00866,2024-01-29 00:00:00,bill_payment,38213000,success
U00866,2024-01-30 09:00:00,bill_payment,40290000,success
U00866,2024-02-06 09:00:00,bill_payment,25816000,failed
U00866,2024-02-15 06:00:00,bill_payment,33967000,success
U00866,2024-03-05 12:00:00,bill_payment,24639000,success
U00867,2024-04-18 10:00:00,loan_repayment,362000,success
U00867,2024-04-20 13:00:00,loan_repayment,377000,success
U00867,2024-04-22 07:00:00,qr_payment,717000,success
U00867,2024-04-29 06:00:00,bill_payment,1843000,success
U00867,2024-05-03 02:00:00,transfer,1093000,success
U00867,2024-05-03 13:00:00,qr_payment,450000,success
U00867,2024-05-08 05:00:00,card_payment,174000,success
U00867,2024-05-24 05:00:00,card_payment,933000,success
U00867,2024-05-25 11:00:00,qr_payment,1685000,success
U00867,2024-05-26 02:00:00,qr_payment,757000,success
U00867,2024-06-02 02:00:00,transfer,1719000,success
U00872,2024-04-27 20:00:00,card_payment,4605000,failed
U00878,2024-03-19 11:00:00,savings_deposit,9227000,success
U00878,2024-03-29 13:00:00,loan_repayment,2919000,success
U00878,2024-03-31 01:00:00,loan_repayment,7907000,success
U00878,2024-04-06 00:00:00,bill_payment,7095000,success
U00878,2024-04-22 22:00:00,loan_repayment,7142000,success
U00878,2024-04-25 11:00:00,loan_repayment,1295000,success
U00878,2024-05-02 22:00:00,loan_repayment,1658000,success
U00878,2024-05-10 12:00:00,loan_repayment,8108000,success
U00879,2024-03-20 06:00:00,transfer,1944000,success
U00879,2024-03-29 09:00:00,transfer,1840000,success
U00879,2024-04-02 11:00:00,qr_payment,183000,success
U00885,2024-03-10 04:00:00,loan_repayment,9124000,success
U00885,2024-03-16 09:00:00,savings_deposit,3970000,success
U00885,2024-04-13 06:00:00,savings_deposit,2516000,success
U00890,2024-03-20 14:00:00,bill_payment,1007000,success
U00890,2024-03-22 14:00:00,bill_payment,666000,success
U00890,2024-03-23 13:00:00,transfer,66000,success
U00890,2024-03-24 08:00:00,transfer,428000,success
U00890,2024-03-30 08:00:00,qr_payment,777000,failed
U00890,2024-04-08 04:00:00,card_payment,1140000,success
U00890,2024-04-15 14:00:00,card_payment,537000,success
U00890,2024-04-16 08:00:00,bill_payment,1580000,success
U00890,2024-04-30 07:00:00,transfer,1913000,success
U00890,2024-04-30 14:00:00,transfer,1269000,success
U00890,2024-05-01 03:00:00,bill_payment,802000,success
U00890,2024-05-02 04:00:00,bill_payment,1060000,success
U00891,2024-04-16 17:00:00,transfer,14458000,success
U00891,2024-05-25 13:00:00,transfer,18625000,success
U00891,2024-05-30 22:00:00,transfer,26667000,success
U00891,2024-06-02 22:00:00,transfer,27674000,success
U00891,2024-06-05 10:00:00,transfer,28149000,success
U00893,2024-03-11 15:00:00,card_payment,9778000,success
U00893,2024-03-21 23:00:00,card_payment,21450000,success
U00893,2024-03-26 00:00:00,bill_payment,23530000,success
U00893,2024-03-28 19:00:00,savings_deposit,18290000,success
U00893,2024-03-28 20:00:00,qr_payment,38623000,success
U00893,2024-03-30 02:00:00,savings_deposit,43530000,success
U00893,2024-03-30 19:00:00,savings_deposit,20046000,success
U00893,2024-04-06 13:00:00,qr_payment,15294000,success
U00893,2024-04-18 13:00:00,qr_payment,10784000,success
U00894,2024-04-16 21:00:00,card_payment,8256000,success
U00894,2024-05-01 05:00:00,card_payment,9551000,success
U00894,2024-05-12 21:00:00,card_payment,8360000,success
U00894,2024-05-22 19:00:00,card_payment,6326000,success
U00894,2024-05-28 15:00:00,card_payment,1108000,success
U00894,2024-05-30 15:00:00,card_payment,9310000,success
U00894,2024-05-30 21:00:00,card_payment,9970000,success
U00894,2024-06-02 12:00:00,card_payment,9964000,success
U00894,2024-06-03 07:00:00,card_payment,3142000,success
U00894,2024-06-06 14:00:00,card_payment,2388000,success
U00894,2024-06-07 21:00:00,card_payment,7721000,success
U00895,2024-03-22 19:00:00,transfer,4826000,success
U00895,2024-03-29 00:00:00,loan_repayment,6165000,success
U00895,2024-04-08 23:00:00,savings_deposit,5698000,success
U00895,2024-04-19 00:00:00,bill_payment,5376000,failed
U00895,2024-04-19 22:00:00,savings_deposit,3324000,success
U00895,2024-04-22 14:00:00,transfer,8304000,success
U00895,2024-04-26 21:00:00,loan_repayment,2322000,success
U00895,2024-04-29 02:00:00,transfer,8398000,success
U00895,2024-05-06 16:00:00,loan_repayment,8830000,success
U00899,2024-02-07 21:00:00,card_payment,1080000,success
U00899,2024-02-14 04:00:00,loan_repayment,677000,failed
U00899,2024-02-18 06:00:00,savings_deposit,1510000,success
U00899,2024-02-23 10:00:00,card_payment,839000,failed
U00899,2024-02-27 18:00:00,transfer,407000,success
U00899,2024-03-03 10:00:00,loan_repayment,1273000,failed
U00899,2024-03-11 21:00:00,bill_payment,790000,success
U00899,2024-03-14 18:00:00,qr_payment,1738000,success
U00899,2024-03-22 07:00:00,transfer,119000,success
U00899,2024-03-22 22:00:00,qr_payment,564000,success
U00899,2024-03-24 02:00:00,transfer,1238000,success
U00899,2024-03-24 07:00:00,qr_payment,282000,success
U00899,2024-03-25 22:00:00,card_payment,614000,success
U00899,2024-03-29 20:00:00,card_payment,449000,success
U00902,2024-03-05 06:00:00,card_payment,5831000,success
U00902,2024-03-07 10:00:00,bill_payment,2011000,success
U00902,2024-03-10 20:00:00,bill_payment,2195000,success
U00902,2024-03-14 15:00:00,transfer,3561000,success
U00902,2024-04-15 17:00:00,bill_payment,2838000,success
U00902,2024-04-19 17:00:00,qr_payment,2182000,success
U00902,2024-04-23 19:00:00,card_payment,4217000,success
U00902,2024-05-04 05:00:00,card_payment,6567000,success
U00905,2024-02-26 17:00:00,savings_deposit,1419000,success
U00905,2024-03-03 14:00:00,bill_payment,7351000,success
U00905,2024-03-09 07:00:00,loan_repayment,3573000,success
U00905,2024-03-10 08:00:00,savings_deposit,8395000,success
U00905,2024-03-12 12:00:00,bill_payment,3651000,success
U00905,2024-03-18 08:00:00,bill_payment,7630000,success
U00905,2024-03-18 18:00:00,bill_payment,9603000,success
U00905,2024-03-26 06:00:00,savings_deposit,1400000,success
U00905,2024-04-08 14:00:00,bill_payment,7081000,success
U00908,2024-04-13 21:00:00,loan_repayment,1630000,success
U00908,2024-04-21 00:00:00,card_payment,5146000,success
U00908,2024-04-24 06:00:00,loan_repayment,4666000,success
U00908,2024-04-28 02:00:00,loan_repayment,8458000,success
U00908,2024-04-30 19:00:00,card_payment,3365000,success
U00908,2024-05-12 21:00:00,card_payment,3216000,failed
U00908,2024-05-16 21:00:00,card_payment,350000,success
U00908,2024-05-25 00:00:00,loan_repayment,7247000,success
U00908,2024-06-01 01:00:00,loan_repayment,5770000,failed
U00908,2024-06-09 21:00:00,bill_payment,5538000,success
U00909,2024-02-28 18:00:00,savings_deposit,13195000,success
U00909,2024-03-13 03:00:00,savings_deposit,10093000,success
U00909,2024-03-31 21:00:00,transfer,45373000,success
U00915,2024-03-24 05:00:00,loan_repayment,1369000,success
U00915,2024-03-28 19:00:00,loan_repayment,11535000,success
U00915,2024-03-30 03:00:00,loan_repayment,5913000,success
U00915,2024-03-30 18:00:00,card_payment,22685000,success
U00915,2024-04-02 07:00:00,loan_repayment,37424000,success
U00915,2024-04-04 15:00:00,transfer,47472000,success
U00915,2024-04-10 20:00:00,loan_repayment,4088000,success
U00915,2024-04-22 06:00:00,card_payment,1237000,success
U00915,2024-04-28 21:00:00,bill_payment,34001000,success
U00915,2024-05-09 06:00:00,savings_deposit,24653000,success
U00915,2024-05-11 03:00:00,loan_repayment,6255000,failed
U00915,2024-05-12 05:00:00,loan_repayment,7086000,success
U00918,2024-05-07 10:00:00,loan_repayment,1454000,success
U00918,2024-05-09 07:00:00,transfer,2929000,success
U00918,2024-05-13 07:00:00,card_payment,4562000,success
U00918,2024-05-15 02:00:00,loan_repayment,1585000,success
U00918,2024-05-27 07:00:00,bill_payment,3345000,success
U00918,2024-05-29 08:00:00,bill_payment,7195000,success
U00918,2024-06-01 21:00:00,card_payment,5704000,success
U00918,2024-06-07 07:00:00,card_payment,7611000,success
U00918,2024-06-11 02:00:00,loan_repayment,980000,success
U00918,2024-06-20 22:00:00,bill_payment,8023000,success
U00918,2024-06-20 23:00:00,transfer,5822000,success
U00919,2024-02-28 11:00:00,transfer,4179000,failed
U00919,2024-03-01 22:00:00,transfer,1710000,success
U00919,2024-03-02 17:00:00,transfer,485000,success
U00919,2024-03-23 22:00:00,transfer,4344000,success
U00919,2024-04-08 15:00:00,transfer,4673000,success
U00922,2024-03-27 02:00:00,qr_payment,2903000,failed
U00922,2024-04-03 07:00:00,qr_payment,3334000,success
U00922,2024-04-23 14:00:00,bill_payment,8134000,success
U00922,2024-05-15 15:00:00,bill_payment,5674000,success
U00922,2024-05-25 07:00:00,bill_payment,3878000,success
U00922,2024-05-26 15:00:00,bill_payment,8946000,success
U00926,2024-02-25 04:00:00,savings_deposit,431000,success
U00934,2024-02-16 07:00:00,savings_deposit,8570000,failed
U00934,2024-02-22 10:00:00,card_payment,3934000,success
U00934,2024-02-27 16:00:00,savings_deposit,3814000,failed
U00934,2024-03-22 14:00:00,transfer,9064000,success
U00934,2024-03-28 06:00:00,savings_deposit,8031000,failed
U00934,2024-04-03 19:00:00,qr_payment,1759000,success
U00934,2024-04-06 07:00:00,transfer,615000,success
U00934,2024-04-13 07:00:00,transfer,5950000,success
U00935,2024-02-05 07:00:00,qr_payment,9563000,success
U00935,2024-02-06 22:00:00,transfer,9988000,success
U00935,2024-02-08 18:00:00,card_payment,7481000,success
U00935,2024-02-13 15:00:00,bill_payment,7139000,success
U00935,2024-02-29 14:00:00,card_payment,1272000,success
U00935,2024-03-07 18:00:00,card_payment,9584000,failed
U00935,2024-03-17 13:00:00,savings_deposit,8368000,success
U00935,2024-03-28 07:00:00,bill_payment,6707000,success
U00941,2024-02-20 05:00:00,loan_repayment,4237000,success
U00941,2024-02-26 07:00:00,card_payment,5755000,success
U00941,2024-02-26 14:00:00,bill_payment,1711000,success
U00941,2024-03-28 10:00:00,loan_repayment,8056000,failed
U00941,2024-04-08 20:00:00,loan_repayment,864000,success
U00941,2024-04-15 11:00:00,transfer,9562000,success
U00941,2024-04-16 08:00:00,loan_repayment,5236000,failed
U00942,2024-02-11 20:00:00,bill_payment,6631000,success
U00942,2024-02-14 04:00:00,loan_repayment,8832000,success
U00942,2024-02-18 00:00:00,bill_payment,9397000,success
U00942,2024-02-21 22:00:00,loan_repayment,2847000,success
U00942,2024-02-28 23:00:00,qr_payment,9106000,success
U00942,2024-03-24 19:00:00,qr_payment,7947000,success
U00943,2024-04-16 20:00:00,transfer,421000,success
U00943,2024-04-19 19:00:00,qr_payment,6294000,success
U00943,2024-04-29 12:00:00,qr_payment,9135000,success
U00943,2024-05-06 07:00:00,card_payment,2474000,success
U00943,2024-05-25 05:00:00,bill_payment,467000,success
U00943,2024-05-27 07:00:00,transfer,6307000,success
U00943,2024-06-06 11:00:00,card_payment,2048000,success
U00943,2024-06-06 18:00:00,qr_payment,1595000,success
U00943,2024-06-07 14:00:00,transfer,7443000,success
U00944,2024-04-25 22:00:00,bill_payment,2416000,failed
U00944,2024-04-26 19:00:00,qr_payment,2110000,success
U00944,2024-04-26 20:00:00,bill_payment,4952000,success
U00944,2024-04-27 20:00:00,savings_deposit,9450000,success
U00944,2024-04-30 11:00:00,qr_payment,2938000,success
U00944,2024-05-26 16:00:00,qr_payment,4916000,success
U00944,2024-05-28 20:00:00,savings_deposit,322000,success
U00944,2024-06-02 16:00:00,bill_payment,2208000,success
U00944,2024-06-03 13:00:00,qr_payment,775000,success
U00944,2024-06-04 20:00:00,qr_payment,6731000,success
U00949,2024-03-11 03:00:00,card_payment,1815000,success
U00949,2024-03-21 03:00:00,transfer,682000,success
U00949,2024-03-28 22:00:00,card_payment,1512000,success
U00954,2024-03-08 08:00:00,savings_deposit,1436000,success
U00954,2024-04-09 09:00:00,savings_deposit,1250000,success
U00954,2024-04-10 03:00:00,qr_payment,1071000,success
U00960,2024-01-14 10:00:00,bill_payment,5850000,success
U00960,2024-01-19 09:00:00,transfer,30291000,success
U00960,2024-01-20 09:00:00,bill_payment,4466000,success
U00960,2024-01-20 10:00:00,transfer,18708000,success
U00960,2024-01-22 04:00:00,bill_payment,42784000,success
U00960,2024-01-24 02:00:00,loan_repayment,35974000,success
U00960,2024-01-29 07:00:00,transfer,22156000,success
U00960,2024-02-06 06:00:00,loan_repayment,40777000,success
U00960,2024-02-28 11:00:00,transfer,30545000,success
U00960,2024-02-29 08:00:00,bill_payment,48402000,success
U00962,2024-02-02 04:00:00,loan_repayment,3107000,success
U00963,2024-02-10 11:00:00,qr_payment,6964000,success
U00963,2024-02-17 12:00:00,loan_repayment,7271000,failed
U00963,2024-02-21 19:00:00,card_payment,4109000,success
U00963,2024-02-22 12:00:00,bill_payment,1731000,success
U00963,2024-02-23 12:00:00,loan_repayment,8454000,success
U00963,2024-02-29 15:00:00,transfer,8028000,success
U00963,2024-03-02 17:00:00,qr_payment,4745000,success
U00963,2024-03-03 04:00:00,qr_payment,4739000,failed
U00963,2024-03-07 20:00:00,loan_repayment,4175000,success
U00963,2024-03-10 16:00:00,loan_repayment,9893000,success
U00963,2024-03-12 12:00:00,card_payment,7295000,success
U00963,2024-03-17 14:00:00,bill_payment,2555000,success
U00963,2024-03-17 16:00:00,loan_repayment,326000,success
U00963,2024-03-26 20:00:00,card_payment,4192000,failed
U00963,2024-03-30 08:00:00,card_payment,6545000,success
U00963,2024-04-01 19:00:00,loan_repayment,7330000,failed
U00963,2024-04-02 19:00:00,qr_payment,5471000,success
U00963,2024-04-03 04:00:00,card_payment,4202000,success
U00964,2024-01-31 14:00:00,qr_payment,6826000,success
U00964,2024-02-04 09:00:00,transfer,162000,success
U00964,2024-02-22 11:00:00,loan_repayment,1144000,success
U00964,2024-02-22 16:00:00,savings_deposit,8455000,success
U00964,2024-03-06 06:00:00,transfer,1530000,success
U00964,2024-03-07 05:00:00,savings_deposit,327000,success
U00964,2024-03-15 06:00:00,qr_payment,8048000,success
U00964,2024-03-27 03:00:00,bill_payment,6935000,success
U00977,2024-04-01 02:00:00,card_payment,27219000,success
U00977,2024-04-05 00:00:00,card_payment,42671000,success
U00977,2024-04-21 03:00:00,transfer,13219000,success
U00977,2024-05-03 23:00:00,card_payment,30364000,success
U00977,2024-05-17 08:00:00,qr_payment,28493000,success
U00977,2024-05-24 20:00:00,qr_payment,6147000,success
U00977,2024-05-25 00:00:00,loan_repayment,27086000,failed
U00977,2024-05-26 08:00:00,card_payment,17930000,success
U00979,2024-04-15 14:00:00,card_payment,5554000,success
U00979,2024-04-26 01:00:00,loan_repayment,9801000,success
U00979,2024-05-11 21:00:00,card_payment,7643000,success
U00979,2024-05-16 16:00:00,savings_deposit,5183000,success
U00979,2024-05-24 20:00:00,card_payment,794000,success
U00980,2024-02-21 14:00:00,card_payment,4196000,success
U00980,2024-02-27 01:00:00,savings_deposit,9747000,success
U00980,2024-03-01 21:00:00,qr_payment,3136000,success
U00980,2024-03-09 19:00:00,bill_payment,4533000,success
U00980,2024-03-11 22:00:00,qr_payment,9797000,success
U00980,2024-03-13 05:00:00,qr_payment,169000,success
U00980,2024-03-21 00:00:00,transfer,5175000,success
U00980,2024-03-25 14:00:00,transfer,1182000,success
U00980,2024-03-29 03:00:00,qr_payment,383000,success
U00980,2024-04-03 21:00:00,qr_payment,9150000,failed
U00980,2024-04-06 23:00:00,card_payment,848000,success
U00986,2024-01-21 02:00:00,savings_deposit,1595000,success
U00986,2024-02-10 23:00:00,loan_repayment,659000,success
U00986,2024-03-03 13:00:00,qr_payment,539000,success
U00986,2024-03-05 12:00:00,bill_payment,602000,failed
U00986,2024-03-15 01:00:00,loan_repayment,792000,success
U00988,2024-04-18 05:00:00,card_payment,596000,success
U00988,2024-04-18 13:00:00,card_payment,883000,success
U00988,2024-04-24 19:00:00,bill_payment,127000,success
U00988,2024-04-25 20:00:00,bill_payment,1067000,success
U00988,2024-05-10 14:00:00,qr_payment,962000,success
U00988,2024-05-23 13:00:00,qr_payment,783000,success
U00988,2024-05-28 05:00:00,qr_payment,1709000,success
U00989,2024-02-03 02:00:00,card_payment,46329000,failed
U00989,2024-02-25 08:00:00,card_payment,7889000,success
U00989,2024-02-27 13:00:00,card_payment,43824000,success
U00989,2024-02-29 05:00:00,card_payment,38828000,success
U00989,2024-03-05 03:00:00,savings_deposit,627000,success
U00989,2024-03-06 10:00:00,savings_deposit,7296000,success
U00989,2024-03-15 12:00:00,card_payment,45238000,success
U00989,2024-03-18 07:00:00,savings_deposit,38088000,success
U00989,2024-03-18 09:00:00,card_payment,33825000,success
U00992,2024-03-19 01:00:00,transfer,9717000,success
U00992,2024-04-07 04:00:00,loan_repayment,9598000,success
U00992,2024-04-09 04:00:00,transfer,3607000,success
U00992,2024-04-15 20:00:00,loan_repayment,8338000,failed
U00992,2024-04-22 07:00:00,loan_repayment,6008000,success
U00992,2024-04-28 03:00:00,transfer,7236000,success
U00992,2024-05-01 19:00:00,card_payment,3106000,success
U00992,2024-05-11 08:00:00,transfer,738000,success
U00993,2024-01-06 21:00:00,savings_deposit,10959000,success
U00993,2024-01-14 19:00:00,transfer,15672000,success
U00993,2024-01-18 05:00:00,bill_payment,4443000,success
U00993,2024-01-22 06:00:00,transfer,29913000,success
U00993,2024-01-29 19:00:00,bill_payment,7373000,failed
U00993,2024-02-05 19:00:00,bill_payment,8862000,success
U00993,2024-02-05 21:00:00,bill_payment,27795000,success
U00993,2024-02-11 03:00:00,transfer,5305000,success
U00993,2024-02-13 03:00:00,transfer,34704000,success
U00993,2024-02-15 08:00:00,transfer,13833000,failed
U00993,2024-02-21 17:00:00,transfer,26213000,success
U00993,2024-03-05 22:00:00,transfer,12011000,success
U00997,2024-04-30 20:00:00,qr_payment,39558000,success
U00997,2024-05-02 04:00:00,bill_payment,45945000,success
U00997,2024-05-02 13:00:00,bill_payment,37398000,success
U00997,2024-05-18 14:00:00,bill_payment,2684000,success
U00997,2024-05-29 21:00:00,bill_payment,7305000,success
U00997,2024-06-01 19:00:00,bill_payment,46124000,success
U00997,2024-06-06 03:00:00,bill_payment,46856000,success
U00997,2024-06-13 16:00:00,bill_payment,38940000,success
U00997,2024-06-19 00:00:00,card_payment,10228000,success
U00998,2024-03-07 17:00:00,loan_repayment,9248000,success
U00998,2024-03-11 16:00:00,card_payment,8870000,success
U00998,2024-03-31 19:00:00,transfer,9189000,success
U00998,2024-04-10 09:00:00,card_payment,9664000,success
U00998,2024-04-13 21:00:00,transfer,1381000,success
U01000,2024-04-08 12:00:00,card_payment,4204000,success
U01000,2024-05-15 01:00:00,card_payment,8925000,failed
U01000,2024-05-27 10:00:00,card_payment,458000,success
U01005,2024-04-24 14:00:00,savings_deposit,235000,success
U01005,2024-04-24 21:00:00,savings_deposit,494000,success
U01005,2024-04-25 07:00:00,savings_deposit,451000,success
U01005,2024-05-05 23:00:00,savings_deposit,1490000,success
U01005,2024-05-13 07:00:00,transfer,1234000,success
U01005,2024-05-16 21:00:00,savings_deposit,677000,failed
U01005,2024-05-24 14:00:00,savings_deposit,347000,success
U01008,2024-03-01 01:00:00,bill_payment,47714000,success
U01008,2024-03-01 09:00:00,bill_payment,35192000,success
U01008,2024-03-14 06:00:00,bill_payment,8272000,success
U01018,2024-03-18 17:00:00,card_payment,24152000,success
U01018,2024-03-29 15:00:00,loan_repayment,3191000,success
U01018,2024-04-04 19:00:00,card_payment,2819000,success
U01018,2024-04-21 21:00:00,bill_payment,12661000,success
U01018,2024-04-23 11:00:00,card_payment,48423000,success
U01018,2024-05-01 15:00:00,card_payment,47199000,success
U01018,2024-05-07 18:00:00,card_payment,46170000,success
U01021,2024-02-19 09:00:00,savings_deposit,9820000,success
U01021,2024-03-15 02:00:00,card_payment,9604000,success
U01021,2024-03-18 04:00:00,transfer,3352000,success
U01021,2024-03-20 06:00:00,card_payment,1629000,success
U01021,2024-03-25 23:00:00,bill_payment,6007000,failed
U01021,2024-03-26 01:00:00,card_payment,8206000,success
U01021,2024-03-30 11:00:00,savings_deposit,752000,success
U01021,2024-04-05 01:00:00,bill_payment,8892000,success
U01024,2024-04-05 06:00:00,qr_payment,6996000,success
U01024,2024-04-16 06:00:00,card_payment,6119000,success
U01024,2024-04-21 06:00:00,bill_payment,7908000,success
U01024,2024-04-23 04:00:00,bill_payment,9085000,success
U01024,2024-04-25 00:00:00,loan_repayment,2506000,success
U01024,2024-04-28 09:00:00,transfer,2500000,success
U01024,2024-05-17 11:00:00,qr_payment,7625000,success
U01024,2024-05-23 11:00:00,transfer,6177000,success
U01027,2024-03-11 20:00:00,bill_payment,1518000,success
U01027,2024-03-14 04:00:00,bill_payment,1513000,failed
U01027,2024-03-29 00:00:00,savings_deposit,396000,success
U01027,2024-04-05 03:00:00,savings_deposit,615000,success
U01027,2024-04-17 05:00:00,card_payment,616000,success
U01041,2024-03-02 06:00:00,qr_payment,7234000,success
U01041,2024-03-07 11:00:00,qr_payment,2791000,success
U01041,2024-03-12 06:00:00,card_payment,7907000,success
U01041,2024-03-14 10:00:00,loan_repayment,493000,success
U01041,2024-03-17 07:00:00,qr_payment,6126000,success
U01041,2024-03-21 12:00:00,loan_repayment,3802000,success
U01041,2024-03-23 16:00:00,card_payment,9535000,success
U01041,2024-03-27 18:00:00,loan_repayment,2330000,success
U01041,2024-04-02 10:00:00,qr_payment,6856000,success
U01041,2024-04-12 14:00:00,qr_payment,9837000,success
U01041,2024-04-16 16:00:00,bill_payment,6574000,failed
U01041,2024-04-26 20:00:00,loan_repayment,609000,success
U01045,2024-01-27 06:00:00,transfer,4123000,success
U01045,2024-01-28 16:00:00,transfer,1915000,success
U01045,2024-01-30 10:00:00,qr_payment,9697000,success
U01045,2024-02-04 12:00:00,transfer,1436000,success
U01045,2024-02-11 18:00:00,savings_deposit,8907000,success
U01045,2024-02-25 16:00:00,savings_deposit,2733000,success
U01045,2024-03-15 09:00:00,savings_deposit,5892000,failed
U01045,2024-03-23 08:00:00,transfer,4761000,success
U01058,2024-04-11 06:00:00,bill_payment,49362000,success
U01058,2024-04-24 12:00:00,qr_payment,28320000,success
U01058,2024-04-28 04:00:00,loan_repayment,45325000,success
U01058,2024-05-03 05:00:00,loan_repayment,33576000,success
U01058,2024-05-05 05:00:00,qr_payment,14170000,success
U01058,2024-05-07 21:00:00,transfer,31365000,success
U01058,2024-05-14 06:00:00,qr_payment,18907000,success
U01058,2024-05-14 13:00:00,bill_payment,23739000,success
U01058,2024-05-20 08:00:00,qr_payment,38969000,success
U01060,2024-02-06 00:00:00,qr_payment,2962000,success
U01060,2024-02-10 19:00:00,qr_payment,9104000,success
U01060,2024-02-26 09:00:00,qr_payment,5481000,success
U01060,2024-03-02 15:00:00,qr_payment,8699000,success
U01060,2024-03-15 09:00:00,qr_payment,7717000,success
U01060,2024-03-15 10:00:00,qr_payment,8866000,success
U01060,2024-03-22 20:00:00,qr_payment,732000,success
U01060,2024-03-24 13:00:00,qr_payment,6974000,success
U01060,2024-04-02 11:00:00,loan_repayment,508000,success
U01062,2024-06-15 23:00:00,savings_deposit,1518000,success
U01064,2024-04-23 23:00:00,transfer,47683000,success
U01064,2024-05-04 20:00:00,transfer,41547000,success
U01064,2024-05-04 21:00:00,savings_deposit,46959000,success
U01064,2024-05-06 11:00:00,savings_deposit,15848000,success
U01064,2024-05-08 00:00:00,bill_payment,47586000,failed
U01064,2024-05-14 02:00:00,card_payment,36537000,success
U01064,2024-05-26 15:00:00,savings_deposit,12347000,success
U01064,2024-06-03 15:00:00,bill_payment,32896000,success
U01064,2024-06-09 17:00:00,savings_deposit,35867000,success
U01067,2024-04-29 12:00:00,loan_repayment,1121000,success
U01067,2024-05-02 01:00:00,loan_repayment,130000,success
U01067,2024-05-03 09:00:00,transfer,1809000,success
U01067,2024-05-05 05:00:00,qr_payment,1412000,success
U01067,2024-05-25 13:00:00,savings_deposit,1407000,success
U01067,2024-06-10 02:00:00,savings_deposit,1332000,success
U01069,2024-02-12 09:00:00,card_payment,2752000,success
U01069,2024-02-14 18:00:00,transfer,7149000,success
U01069,2024-02-15 05:00:00,card_payment,1234000,success
U01069,2024-02-25 16:00:00,bill_payment,1387000,success
U01069,2024-03-02 14:00:00,card_payment,4071000,success
U01069,2024-03-08 11:00:00,transfer,9505000,failed
U01069,2024-03-14 11:00:00,bill_payment,5552000,failed
U01069,2024-03-21 05:00:00,card_payment,6773000,success
U01069,2024-03-21 07:00:00,card_payment,9313000,success
U01069,2024-04-01 19:00:00,qr_payment,2540000,success
U01071,2024-03-03 09:00:00,savings_deposit,941000,success
U01071,2024-03-10 04:00:00,savings_deposit,1827000,success
U01071,2024-03-14 06:00:00,savings_deposit,1202000,success
U01071,2024-03-16 04:00:00,loan_repayment,331000,success
U01071,2024-03-18 03:00:00,card_payment,302000,success
U01071,2024-03-22 08:00:00,savings_deposit,240000,failed
U01071,2024-04-05 22:00:00,card_payment,1667000,success
U01071,2024-04-06 19:00:00,loan_repayment,1030000,failed
U01071,2024-04-21 00:00:00,bill_payment,1510000,success
U01073,2024-03-30 21:00:00,transfer,3380000,success
U01073,2024-04-02 16:00:00,transfer,5082000,success
U01073,2024-04-10 11:00:00,savings_deposit,2489000,success
U01073,2024-04-18 14:00:00,transfer,1164000,success
U01073,2024-04-18 23:00:00,card_payment,8736000,success
U01073,2024-04-29 20:00:00,transfer,7870000,success
U01073,2024-05-07 21:00:00,card_payment,7372000,success
U01073,2024-05-10 00:00:00,card_payment,7596000,success
U01073,2024-05-11 21:00:00,bill_payment,1148000,success
U01076,2024-02-23 17:00:00,loan_repayment,2434000,success
U01076,2024-03-03 09:00:00,loan_repayment,7439000,success
U01076,2024-03-05 06:00:00,transfer,9838000,success
U01076,2024-03-05 08:00:00,savings_deposit,8603000,success
U01076,2024-03-07 09:00:00,card_payment,5958000,failed
U01076,2024-03-14 08:00:00,loan_repayment,1962000,failed
U01076,2024-03-15 06:00:00,qr_payment,4257000,success
U01076,2024-03-19 17:00:00,bill_payment,4294000,success
U01076,2024-03-25 02:00:00,transfer,2476000,success
U01076,2024-04-06 05:00:00,savings_deposit,4584000,success
U01076,2024-04-10 10:00:00,savings_deposit,5960000,success
U01076,2024-04-14 01:00:00,savings_deposit,3784000,success
U01076,2024-04-15 08:00:00,loan_repayment,295000,success
U01077,2024-02-18 21:00:00,qr_payment,2399000,success
U01077,2024-03-01 18:00:00,transfer,3097000,success
U01083,2024-02-19 00:00:00,qr_payment,3082000,success
U01083,2024-02-21 21:00:00,savings_deposit,8641000,failed
U01083,2024-02-27 13:00:00,qr_payment,9179000,success
U01083,2024-03-15 12:00:00,savings_deposit,4796000,success
U01083,2024-03-19 15:00:00,qr_payment,6905000,success
U01083,2024-03-22 14:00:00,savings_deposit,967000,success
U01083,2024-03-23 16:00:00,qr_payment,6144000,success
U01091,2024-04-06 09:00:00,bill_payment,7646000,success
U01091,2024-04-09 10:00:00,savings_deposit,3444000,success
U01091,2024-04-27 14:00:00,bill_payment,7692000,success
U01091,2024-05-08 03:00:00,savings_deposit,1438000,success
U01091,2024-05-12 16:00:00,bill_payment,25185000,success
U01091,2024-05-22 17:00:00,bill_payment,3337000,success
U01091,2024-05-26 03:00:00,card_payment,41617000,success
U01091,2024-05-26 06:00:00,bill_payment,38278000,success
U01091,2024-05-27 14:00:00,bill_payment,47935000,failed
U01091,2024-05-27 19:00:00,card_payment,9368000,success
U01091,2024-05-31 10:00:00,card_payment,8920000,success
U01091,2024-05-31 19:00:00,bill_payment,31618000,success
U01096,2024-03-14 04:00:00,card_payment,2567000,success
U01096,2024-03-18 19:00:00,loan_repayment,8972000,success
U01096,2024-03-23 22:00:00,bill_payment,7522000,failed
U01096,2024-03-26 08:00:00,card_payment,7803000,success
U01096,2024-04-02 17:00:00,qr_payment,3604000,success
U01096,2024-04-03 18:00:00,loan_repayment,8600000,success
U01096,2024-04-06 18:00:00,savings_deposit,9693000,success
U01096,2024-04-13 02:00:00,savings_deposit,6751000,success
U01096,2024-04-18 04:00:00,bill_payment,3588000,success
U01098,2024-01-17 20:00:00,qr_payment,28567000,success
U01098,2024-01-24 11:00:00,savings_deposit,40514000,success
U01098,2024-02-09 10:00:00,card_payment,36039000,failed
U01098,2024-02-20 22:00:00,loan_repayment,41161000,success
U01098,2024-03-02 10:00:00,loan_repayment,49248000,success
U01103,2024-03-19 00:00:00,card_payment,6953000,success
U01103,2024-03-24 14:00:00,qr_payment,9995000,success
U01103,2024-03-26 13:00:00,card_payment,3211000,success
U01103,2024-03-31 20:00:00,bill_payment,2638000,success
U01103,2024-04-04 02:00:00,loan_repayment,7900000,success
U01103,2024-04-07 21:00:00,bill_payment,8637000,success
U01103,2024-04-19 17:00:00,card_payment,1885000,success
U01103,2024-05-10 17:00:00,qr_payment,2508000,success
U01108,2024-03-28 12:00:00,bill_payment,3694000,success
U01108,2024-03-29 02:00:00,qr_payment,327000,success
U01108,2024-03-31 07:00:00,savings_deposit,4312000,success
U01108,2024-04-03 07:00:00,savings_deposit,1650000,success
U01108,2024-04-08 07:00:00,qr_payment,3509000,success
U01108,2024-04-13 06:00:00,loan_repayment,3204000,success
U01108,2024-04-17 05:00:00,transfer,9980000,success
U01108,2024-04-18 17:00:00,bill_payment,3370000,success
U01108,2024-04-21 11:00:00,bill_payment,652000,success
U01108,2024-04-29 11:00:00,card_payment,6606000,success
U01108,2024-04-30 16:00:00,savings_deposit,5684000,success
U01108,2024-05-01 06:00:00,loan_repayment,3393000,success
U01108,2024-05-04 11:00:00,transfer,2880000,success
U01108,2024-05-07 13:00:00,savings_deposit,1093000,success
U01108,2024-05-17 03:00:00,savings_deposit,744000,success
U01108,2024-05-19 08:00:00,transfer,5176000,success
U01110,2024-03-11 18:00:00,loan_repayment,4534000,success
U01110,2024-03-20 01:00:00,loan_repayment,4920000,success
U01110,2024-03-22 02:00:00,bill_payment,5129000,success
U01110,2024-03-25 16:00:00,bill_payment,4916000,success
U01110,2024-03-31 01:00:00,bill_payment,9818000,success
U01110,2024-04-08 21:00:00,qr_payment,6395000,success
U01110,2024-04-10 16:00:00,qr_payment,5851000,success
U01110,2024-04-13 04:00:00,qr_payment,7040000,success
U01110,2024-04-13 23:00:00,qr_payment,9666000,success
U01110,2024-04-21 22:00:00,loan_repayment,521000,success
U01112,2024-04-18 06:00:00,savings_deposit,1057000,success
U01112,2024-04-20 08:00:00,bill_payment,1972000,success
U01112,2024-04-21 07:00:00,bill_payment,1572000,success
U01112,2024-04-23 08:00:00,bill_payment,827000,success
U01112,2024-05-11 04:00:00,savings_deposit,207000,success
U01112,2024-05-11 23:00:00,bill_payment,1457000,success
U01112,2024-05-26 20:00:00,savings_deposit,677000,success
U01112,2024-06-04 09:00:00,loan_repayment,696000,success
U01112,2024-06-07 08:00:00,loan_repayment,834000,success
U01112,2024-06-12 22:00:00,bill_payment,231000,success
U01112,2024-06-13 03:00:00,savings_deposit,562000,success
U01117,2024-03-02 06:00:00,savings_deposit,24160000,failed
U01117,2024-03-08 08:00:00,loan_repayment,10313000,success
U01117,2024-03-11 18:00:00,card_payment,27103000,success
U01117,2024-03-18 18:00:00,loan_repayment,21568000,success
U01117,2024-03-28 04:00:00,savings_deposit,7107000,success
U01117,2024-04-02 17:00:00,loan_repayment,23757000,success
U01117,2024-04-06 13:00:00,bill_payment,5325000,success
U01117,2024-04-11 15:00:00,savings_deposit,35074000,success
U01117,2024-04-16 15:00:00,card_payment,4409000,success
U01117,2024-04-17 07:00:00,savings_deposit,21347000,success
U01121,2024-04-13 10:00:00,savings_deposit,8034000,success
U01121,2024-04-13 12:00:00,qr_payment,5011000,success
U01121,2024-05-03 03:00:00,loan_repayment,7863000,success
U01121,2024-05-13 16:00:00,card_payment,3428000,success
U01123,2024-02-20 22:00:00,qr_payment,4660000,success
U01123,2024-02-21 23:00:00,savings_deposit,6361000,success
U01123,2024-02-26 04:00:00,savings_deposit,2463000,success
U01123,2024-02-29 00:00:00,qr_payment,9998000,success
U01123,2024-03-09 18:00:00,savings_deposit,4967000,success
U01123,2024-03-10 19:00:00,card_payment,6729000,success
U01123,2024-03-15 20:00:00,bill_payment,488000,failed
U01123,2024-03-22 01:00:00,transfer,8053000,success
U01123,2024-04-09 01:00:00,savings_deposit,9096000,success
U01123,2024-04-16 02:00:00,savings_deposit,3641000,success
U01127,2024-02-25 00:00:00,savings_deposit,38940000,success
U01127,2024-03-12 15:00:00,bill_payment,13721000,success
U01127,2024-03-15 19:00:00,bill_payment,20326000,success
U01127,2024-04-10 00:00:00,bill_payment,15441000,success
U01127,2024-04-14 16:00:00,savings_deposit,11820000,success
U01130,2024-04-07 00:00:00,loan_repayment,29819000,success
U01130,2024-04-25 16:00:00,transfer,22159000,success
U01130,2024-05-11 10:00:00,savings_deposit,10001000,success
U01133,2024-04-07 07:00:00,transfer,6707000,failed
U01133,2024-04-21 20:00:00,bill_payment,4440000,success
U01133,2024-04-23 08:00:00,transfer,8912000,success
U01133,2024-04-30 03:00:00,bill_payment,6207000,success
U01133,2024-05-04 03:00:00,bill_payment,8399000,success
U01133,2024-05-10 22:00:00,transfer,2012000,success
U01133,2024-05-22 05:00:00,savings_deposit,2019000,success
U01133,2024-05-22 20:00:00,transfer,4690000,success
U01133,2024-05-24 20:00:00,loan_repayment,3157000,failed
U01133,2024-05-31 08:00:00,bill_payment,4629000,success
U01136,2024-02-19 03:00:00,savings_deposit,119000,success
U01136,2024-03-06 05:00:00,transfer,1549000,success
U01136,2024-03-16 13:00:00,transfer,986000,success
U01136,2024-03-21 13:00:00,loan_repayment,564000,failed
U01136,2024-03-22 10:00:00,bill_payment,1962000,success
U01136,2024-03-23 02:00:00,bill_payment,1494000,success
U01136,2024-03-27 13:00:00,transfer,1680000,success
U01136,2024-03-28 07:00:00,bill_payment,144000,success
U01136,2024-04-01 02:00:00,transfer,1069000,success
U01137,2024-02-11 11:00:00,bill_payment,4201000,success
U01137,2024-02-12 15:00:00,savings_deposit,4308000,success
U01137,2024-02-15 11:00:00,savings_deposit,5115000,success
U01137,2024-02-19 20:00:00,savings_deposit,4753000,success
U01137,2024-02-29 10:00:00,loan_repayment,7420000,success
U01143,2024-01-27 00:00:00,card_payment,1420000,success
U01143,2024-02-04 13:00:00,loan_repayment,1967000,success
U01143,2024-02-06 14:00:00,loan_repayment,127000,success
U01143,2024-02-07 03:00:00,loan_repayment,1988000,success
U01143,2024-02-07 04:00:00,loan_repayment,1953000,success
U01143,2024-02-11 13:00:00,qr_payment,1331000,success
U01143,2024-02-12 19:00:00,transfer,122000,success
U01143,2024-03-02 20:00:00,loan_repayment,228000,success
U01151,2024-04-06 10:00:00,transfer,1115000,success
U01151,2024-04-12 02:00:00,transfer,1959000,success
U01151,2024-04-20 04:00:00,qr_payment,683000,success
U01151,2024-04-25 05:00:00,loan_repayment,76000,success
U01151,2024-04-28 19:00:00,bill_payment,486000,success
U01151,2024-05-10 00:00:00,savings_deposit,1675000,success
U01151,2024-05-11 08:00:00,bill_payment,1887000,success
U01151,2024-05-17 05:00:00,transfer,1760000,success
U01151,2024-05-17 11:00:00,transfer,727000,success
U01151,2024-05-21 06:00:00,qr_payment,365000,success
U01151,2024-06-01 01:00:00,savings_deposit,1980000,success
U01151,2024-06-02 04:00:00,qr_payment,1557000,success
U01158,2024-03-18 11:00:00,qr_payment,1964000,success
U01158,2024-03-20 14:00:00,qr_payment,1455000,success
U01158,2024-03-20 23:00:00,qr_payment,157000,success
U01158,2024-05-10 14:00:00,qr_payment,358000,success
U01158,2024-05-15 15:00:00,qr_payment,146000,success
U01165,2024-02-18 02:00:00,transfer,2413000,success
U01165,2024-04-02 11:00:00,savings_deposit,7562000,success
U01165,2024-04-04 22:00:00,savings_deposit,9829000,success
U01168,2024-01-14 01:00:00,savings_deposit,1924000,success
U01168,2024-01-14 09:00:00,savings_deposit,952000,success
U01168,2024-01-15 01:00:00,savings_deposit,1394000,success
U01168,2024-02-07 04:00:00,savings_deposit,311000,success
U01168,2024-02-15 09:00:00,qr_payment,297000,success
U01168,2024-02-27 02:00:00,savings_deposit,790000,success
U01171,2024-01-24 22:00:00,transfer,36061000,success
U01171,2024-01-25 23:00:00,qr_payment,6849000,success
U01171,2024-01-26 15:00:00,bill_payment,3235000,success
U01171,2024-01-28 21:00:00,bill_payment,45881000,success
U01171,2024-01-30 03:00:00,card_payment,3465000,success
U01171,2024-02-07 03:00:00,qr_payment,17433000,success
U01171,2024-02-08 02:00:00,savings_deposit,25015000,success
U01171,2024-02-08 18:00:00,card_payment,26804000,failed
U01171,2024-02-14 13:00:00,qr_payment,35046000,success
U01171,2024-02-21 19:00:00,qr_payment,36781000,success
U01171,2024-03-02 23:00:00,savings_deposit,3021000,failed
U01171,2024-03-09 17:00:00,bill_payment,13760000,success
U01177,2024-04-02 23:00:00,savings_deposit,7444000,failed
U01177,2024-04-06 03:00:00,card_payment,7466000,success
U01177,2024-04-06 10:00:00,card_payment,6811000,success
U01177,2024-04-26 07:00:00,card_payment,9283000,success
U01177,2024-05-31 02:00:00,transfer,4951000,success
U01181,2024-04-16 02:00:00,transfer,9642000,success
U01181,2024-04-22 05:00:00,bill_payment,2909000,success
U01181,2024-04-27 04:00:00,transfer,2804000,success
U01181,2024-04-29 03:00:00,transfer,2252000,success
U01181,2024-05-08 00:00:00,bill_payment,7365000,success
U01181,2024-05-09 09:00:00,transfer,1068000,success
U01184,2024-05-05 13:00:00,savings_deposit,8563000,success
U01184,2024-05-09 12:00:00,qr_payment,1810000,success
U01184,2024-06-07 18:00:00,qr_payment,7449000,success
U01184,2024-06-07 22:00:00,transfer,8212000,success
U01184,2024-06-12 13:00:00,savings_deposit,7616000,success
U01184,2024-06-18 10:00:00,qr_payment,5837000,success
U01184,2024-06-18 16:00:00,savings_deposit,6483000,success
U01184,2024-06-18 20:00:00,savings_deposit,7966000,success
U01186,2024-03-26 19:00:00,bill_payment,17000000,success
U01186,2024-04-04 01:00:00,bill_payment,15357000,success
U01186,2024-04-19 20:00:00,bill_payment,40022000,success
U01186,2024-04-27 22:00:00,bill_payment,32582000,success
U01190,2024-03-04 09:00:00,qr_payment,9935000,success
U01190,2024-03-12 10:00:00,transfer,5070000,success
U01190,2024-03-13 08:00:00,transfer,4846000,success
U01190,2024-03-13 10:00:00,bill_payment,6191000,success
U01190,2024-03-15 03:00:00,bill_payment,573000,success
U01190,2024-03-22 17:00:00,loan_repayment,3447000,failed
U01190,2024-03-28 16:00:00,qr_payment,3809000,success
U01190,2024-03-29 12:00:00,qr_payment,6106000,success
U01190,2024-03-30 04:00:00,card_payment,9784000,success
U01190,2024-04-05 15:00:00,loan_repayment,1405000,success
U01190,2024-04-06 12:00:00,transfer,2384000,success
U01190,2024-04-09 12:00:00,transfer,6373000,success
U01190,2024-04-22 14:00:00,card_payment,651000,success
U01196,2024-03-04 03:00:00,loan_repayment,1763000,success
U01196,2024-03-05 15:00:00,loan_repayment,1115000,success
U01196,2024-03-15 05:00:00,bill_payment,1863000,success
U01196,2024-03-23 17:00:00,transfer,1594000,success
U01196,2024-03-29 16:00:00,transfer,491000,success
U01196,2024-04-03 17:00:00,card_payment,1540000,success
U01196,2024-04-08 18:00:00,bill_payment,443000,success
U01196,2024-04-13 18:00:00,bill_payment,58000,success
U01196,2024-04-23 18:00:00,card_payment,987000,success
U01196,2024-04-25 23:00:00,bill_payment,585000,success
U01196,2024-04-26 20:00:00,transfer,209000,success
U01196,2024-04-29 03:00:00,bill_payment,284000,success
U01196,2024-05-02 22:00:00,transfer,535000,success
U01203,2024-03-15 15:00:00,savings_deposit,1437000,success
U01203,2024-04-19 12:00:00,transfer,7139000,success
U01203,2024-04-19 20:00:00,bill_payment,7012000,success
U01203,2024-04-22 11:00:00,transfer,305000,success
U01203,2024-04-27 09:00:00,transfer,9172000,success
U01203,2024-05-06 13:00:00,savings_deposit,7822000,success
U01203,2024-05-13 09:00:00,loan_repayment,9141000,success
U01204,2024-03-25 09:00:00,loan_repayment,9129000,success
U01204,2024-04-02 20:00:00,bill_payment,5064000,failed
U01204,2024-04-03 07:00:00,bill_payment,2618000,success
U01204,2024-04-10 09:00:00,bill_payment,3071000,failed
U01204,2024-04-10 19:00:00,loan_repayment,7471000,success
U01204,2024-04-14 20:00:00,savings_deposit,9359000,success
U01204,2024-04-17 17:00:00,bill_payment,4697000,success
U01204,2024-04-24 17:00:00,bill_payment,1280000,success
U01204,2024-04-25 12:00:00,loan_repayment,9614000,success
U01204,2024-05-02 17:00:00,bill_payment,4315000,success
U01204,2024-05-09 22:00:00,bill_payment,769000,failed
U01212,2024-01-23 06:00:00,bill_payment,3335000,success
U01212,2024-02-29 02:00:00,qr_payment,4296000,success
U01221,2024-03-25 05:00:00,savings_deposit,902000,success
U01221,2024-04-03 07:00:00,savings_deposit,1707000,success
U01221,2024-04-04 08:00:00,savings_deposit,458000,success
U01221,2024-04-07 01:00:00,loan_repayment,1483000,success
U01221,2024-04-07 20:00:00,savings_deposit,1379000,success
U01221,2024-04-08 21:00:00,savings_deposit,1059000,success
U01221,2024-04-15 05:00:00,card_payment,1039000,success
U01221,2024-04-16 09:00:00,bill_payment,1107000,success
U01221,2024-04-23 06:00:00,savings_deposit,150000,success
U01221,2024-04-23 10:00:00,savings_deposit,434000,success
U01221,2024-04-23 10:00:00,qr_payment,1717000,success
U01221,2024-04-26 07:00:00,transfer,925000,success
U01221,2024-04-26 09:00:00,savings_deposit,568000,success
U01221,2024-05-05 01:00:00,loan_repayment,1860000,success
U01221,2024-05-13 05:00:00,loan_repayment,272000,success
U01221,2024-05-13 21:00:00,transfer,809000,failed
U01224,2024-03-23 22:00:00,qr_payment,28886000,success
U01224,2024-03-26 17:00:00,qr_payment,43081000,success
U01224,2024-04-02 11:00:00,qr_payment,35990000,success
U01224,2024-04-09 14:00:00,qr_payment,32750000,success
U01224,2024-04-16 09:00:00,card_payment,21223000,success
U01229,2024-04-02 13:00:00,qr_payment,815000,success
U01231,2024-03-20 13:00:00,savings_deposit,9632000,success
U01231,2024-03-29 02:00:00,qr_payment,2359000,success
U01231,2024-04-04 17:00:00,transfer,5851000,success
U01231,2024-04-15 01:00:00,savings_deposit,9886000,success
U01231,2024-04-17 00:00:00,qr_payment,415000,success
U01231,2024-04-17 21:00:00,savings_deposit,887000,success
U01231,2024-04-24 20:00:00,bill_payment,4063000,success
U01231,2024-04-29 00:00:00,bill_payment,8448000,success
U01231,2024-05-02 15:00:00,bill_payment,7284000,success
U01231,2024-05-09 00:00:00,savings_deposit,8285000,success
U01231,2024-05-13 23:00:00,transfer,7616000,success
U01232,2024-03-03 16:00:00,bill_payment,7098000,success
U01232,2024-03-11 23:00:00,transfer,1485000,success
U01232,2024-03-17 01:00:00,bill_payment,2237000,success
U01232,2024-04-14 04:00:00,transfer,5411000,success
U01234,2024-03-19 20:00:00,bill_payment,4637000,success
U01234,2024-03-20 23:00:00,card_payment,7685000,success
U01234,2024-04-14 03:00:00,card_payment,2963000,success
U01234,2024-04-23 10:00:00,card_payment,7555000,success
U01234,2024-04-26 10:00:00,card_payment,819000,success
U01234,2024-05-09 07:00:00,qr_payment,2958000,success
U01240,2024-05-06 09:00:00,card_payment,162000,success
U01241,2024-02-04 04:00:00,bill_payment,1016000,success
U01241,2024-02-05 19:00:00,bill_payment,1163000,success
U01241,2024-03-08 13:00:00,qr_payment,1789000,success
U01241,2024-03-17 05:00:00,qr_payment,112000,success
U01241,2024-03-27 03:00:00,loan_repayment,1937000,success
U01247,2024-01-28 21:00:00,qr_payment,5797000,success
U01247,2024-02-01 11:00:00,transfer,3683000,failed
U01247,2024-02-07 12:00:00,transfer,2092000,success
U01247,2024-02-14 09:00:00,transfer,8580000,success
U01247,2024-02-20 11:00:00,savings_deposit,1890000,success
U01247,2024-03-05 13:00:00,card_payment,8996000,success
U01247,2024-03-18 02:00:00,card_payment,2067000,success
U01247,2024-03-19 10:00:00,savings_deposit,1330000,success
U01250,2024-03-14 03:00:00,savings_deposit,8728000,success
U01250,2024-03-17 12:00:00,loan_repayment,14007000,success
U01250,2024-04-02 23:00:00,qr_payment,25813000,success
U01250,2024-04-13 00:00:00,qr_payment,45373000,success
U01250,2024-05-06 13:00:00,qr_payment,31737000,success
U01252,2024-02-04 17:00:00,savings_deposit,8923000,success
U01252,2024-02-10 15:00:00,loan_repayment,9467000,success
U01252,2024-02-18 08:00:00,savings_deposit,9056000,success
U01252,2024-02-20 03:00:00,savings_deposit,1190000,success
U01253,2024-01-08 15:00:00,qr_payment,13051000,success
U01253,2024-01-16 06:00:00,card_payment,35616000,success
U01253,2024-01-16 13:00:00,qr_payment,41715000,success
U01253,2024-01-21 14:00:00,card_payment,22687000,success
U01253,2024-01-28 07:00:00,qr_payment,7381000,success
U01253,2024-01-29 19:00:00,transfer,32539000,success
U01253,2024-02-04 18:00:00,transfer,49095000,success
U01253,2024-02-04 20:00:00,loan_repayment,7100000,success
U01253,2024-02-16 20:00:00,qr_payment,789000,success
U01253,2024-02-17 14:00:00,savings_deposit,46488000,success
U01253,2024-02-22 07:00:00,loan_repayment,44086000,success
U01253,2024-02-27 11:00:00,savings_deposit,31238000,success
U01254,2024-03-02 01:00:00,qr_payment,46850000,success
U01254,2024-03-14 03:00:00,savings_deposit,8802000,success
U01254,2024-03-26 02:00:00,qr_payment,8696000,success
U01254,2024-04-22 12:00:00,savings_deposit,40214000,success
U01255,2024-03-06 01:00:00,transfer,5703000,success
U01255,2024-03-12 12:00:00,savings_deposit,7748000,success
U01255,2024-03-16 17:00:00,transfer,3630000,success
U01255,2024-03-23 08:00:00,loan_repayment,4361000,success
U01255,2024-03-24 07:00:00,transfer,8504000,success
U01255,2024-03-26 06:00:00,loan_repayment,8485000,success
U01255,2024-03-28 05:00:00,transfer,1840000,success
U01255,2024-04-03 11:00:00,transfer,6230000,failed
U01255,2024-04-16 14:00:00,qr_payment,249000,success
U01255,2024-04-22 08:00:00,loan_repayment,7556000,failed
U01258,2024-03-05 18:00:00,card_payment,1425000,success
U01258,2024-03-13 01:00:00,savings_deposit,4278000,success
U01258,2024-03-15 02:00:00,card_payment,8986000,success
U01258,2024-03-20 02:00:00,transfer,1609000,success
U01258,2024-03-23 16:00:00,savings_deposit,6860000,success
U01258,2024-03-28 19:00:00,qr_payment,3238000,success
U01258,2024-03-29 02:00:00,card_payment,8812000,success
U01258,2024-04-13 20:00:00,card_payment,4110000,success
U01258,2024-04-18 18:00:00,loan_repayment,7126000,success
U01258,2024-04-20 00:00:00,bill_payment,5935000,success
U01258,2024-04-24 18:00:00,loan_repayment,2256000,success
U01258,2024-04-30 23:00:00,transfer,2984000,success
U01259,2024-02-10 11:00:00,loan_repayment,31003000,success
U01259,2024-02-18 07:00:00,transfer,38994000,success
U01259,2024-02-24 05:00:00,loan_repayment,10600000,success
U01259,2024-02-26 18:00:00,transfer,47536000,success
U01259,2024-02-26 19:00:00,loan_repayment,34258000,success
U01259,2024-03-02 15:00:00,transfer,33899000,success
U01259,2024-03-20 14:00:00,loan_repayment,6662000,success
U01259,2024-03-22 12:00:00,bill_payment,16895000,success
U01259,2024-03-25 19:00:00,bill_payment,9825000,success
U01259,2024-03-27 08:00:00,savings_deposit,42407000,success
U01264,2024-02-08 11:00:00,transfer,3978000,success
U01264,2024-03-05 09:00:00,transfer,5816000,success
U01264,2024-03-14 01:00:00,loan_repayment,890000,success
U01264,2024-03-17 03:00:00,transfer,1995000,success
U01264,2024-03-21 09:00:00,savings_deposit,9157000,success
U01264,2024-03-23 14:00:00,savings_deposit,4214000,success
U01264,2024-04-01 10:00:00,savings_deposit,5633000,success
U01264,2024-04-05 14:00:00,savings_deposit,8450000,success
U01271,2024-02-04 23:00:00,savings_deposit,464000,success
U01271,2024-02-16 01:00:00,savings_deposit,549000,success
U01271,2024-02-25 14:00:00,savings_deposit,843000,success
U01271,2024-02-26 02:00:00,loan_repayment,1132000,success
U01271,2024-02-27 03:00:00,transfer,162000,success
U01271,2024-02-27 04:00:00,transfer,315000,success
U01271,2024-03-05 12:00:00,loan_repayment,698000,success
U01271,2024-03-11 06:00:00,loan_repayment,740000,success
U01271,2024-03-21 05:00:00,qr_payment,1759000,success
U01271,2024-03-25 15:00:00,loan_repayment,322000,success
U01271,2024-03-27 04:00:00,card_payment,762000,success
U01271,2024-03-27 10:00:00,savings_deposit,162000,failed
U01271,2024-04-04 11:00:00,qr_payment,58000,success
U01273,2024-05-12 15:00:00,card_payment,5341000,success
U01287,2024-04-20 13:00:00,card_payment,45464000,success
U01287,2024-04-20 21:00:00,loan_repayment,6936000,success
U01287,2024-05-09 13:00:00,savings_deposit,2617000,success
U01288,2024-01-26 13:00:00,qr_payment,1973000,failed
U01288,2024-01-29 22:00:00,qr_payment,6942000,success
U01288,2024-02-06 13:00:00,qr_payment,8156000,success
U01288,2024-02-16 00:00:00,qr_payment,2351000,success
U01290,2024-02-22 15:00:00,loan_repayment,6729000,success
U01290,2024-03-02 20:00:00,loan_repayment,3955000,success
U01293,2024-02-17 07:00:00,loan_repayment,112000,success
U01293,2024-02-17 07:00:00,transfer,2342000,success
U01293,2024-03-09 14:00:00,qr_payment,6589000,success
U01294,2024-03-31 05:00:00,loan_repayment,4420000,success
U01294,2024-04-01 09:00:00,card_payment,1574000,success
U01294,2024-04-04 11:00:00,transfer,8501000,success
U01295,2024-04-16 21:00:00,bill_payment,805000,success
U01295,2024-04-24 13:00:00,bill_payment,1984000,success
U01295,2024-05-05 22:00:00,transfer,1771000,success
U01295,2024-05-10 05:00:00,bill_payment,1413000,success
U01295,2024-05-28 15:00:00,qr_payment,67000,success
U01308,2024-03-28 14:00:00,loan_repayment,353000,success
U01308,2024-04-17 04:00:00,card_payment,518000,success
U01308,2024-04-23 06:00:00,savings_deposit,1356000,success
U01308,2024-04-26 05:00:00,loan_repayment,1608000,failed
U01312,2024-03-21 07:00:00,qr_payment,7241000,success
U01312,2024-03-23 16:00:00,loan_repayment,3793000,success
U01312,2024-03-24 03:00:00,loan_repayment,790000,success
U01312,2024-04-03 07:00:00,loan_repayment,6846000,success
U01312,2024-04-05 06:00:00,loan_repayment,5631000,success
U01312,2024-04-10 16:00:00,qr_payment,853000,success
U01312,2024-04-13 10:00:00,loan_repayment,3928000,success
U01312,2024-04-17 16:00:00,loan_repayment,6228000,success
U01312,2024-04-21 07:00:00,qr_payment,8222000,success
U01312,2024-04-25 14:00:00,card_payment,8511000,success
U01312,2024-04-25 16:00:00,qr_payment,2800000,success
U01313,2024-01-21 15:00:00,bill_payment,1522000,success
U01313,2024-03-03 12:00:00,transfer,3988000,success
U01315,2024-03-10 11:00:00,transfer,5214000,success
U01315,2024-03-18 18:00:00,transfer,33688000,success
U01315,2024-03-28 13:00:00,bill_payment,41281000,success
U01315,2024-04-08 14:00:00,transfer,25982000,success
U01315,2024-04-08 15:00:00,transfer,26024000,success
U01315,2024-04-27 16:00:00,transfer,15320000,success
U01322,2024-03-01 06:00:00,loan_repayment,4582000,success
U01326,2024-04-23 08:00:00,bill_payment,5279000,failed
U01327,2024-03-31 02:00:00,savings_deposit,1862000,success
U01327,2024-04-07 22:00:00,transfer,4787000,success
U01327,2024-04-13 17:00:00,loan_repayment,2622000,success
U01327,2024-04-25 13:00:00,qr_payment,6736000,success
U01327,2024-04-29 01:00:00,savings_deposit,2560000,success
U01327,2024-05-14 00:00:00,savings_deposit,4674000,success
U01329,2024-04-11 03:00:00,qr_payment,48963000,success
U01329,2024-04-15 09:00:00,savings_deposit,43687000,success
U01329,2024-04-16 11:00:00,loan_repayment,36285000,success
U01329,2024-04-17 04:00:00,transfer,47271000,success
U01329,2024-05-18 06:00:00,card_payment,25732000,success
U01329,2024-05-20 10:00:00,savings_deposit,40168000,success
U01329,2024-05-31 22:00:00,savings_deposit,28244000,failed
U01329,2024-06-04 03:00:00,loan_repayment,34908000,success
U01334,2024-02-11 22:00:00,loan_repayment,2792000,success
U01334,2024-02-15 19:00:00,loan_repayment,3410000,success
U01334,2024-02-16 08:00:00,loan_repayment,9586000,success
U01335,2024-04-11 06:00:00,loan_repayment,1940000,success
U01335,2024-04-22 09:00:00,loan_repayment,1339000,success
U01335,2024-04-28 19:00:00,loan_repayment,1269000,success
U01335,2024-05-01 02:00:00,savings_deposit,1020000,success
U01335,2024-05-17 07:00:00,savings_deposit,1446000,success
U01335,2024-05-24 20:00:00,card_payment,1588000,success
U01337,2024-01-28 20:00:00,savings_deposit,4219000,success
U01337,2024-02-15 06:00:00,savings_deposit,6896000,success
U01337,2024-03-06 10:00:00,savings_deposit,5462000,success
U01338,2024-03-02 22:00:00,bill_payment,1073000,success
U01338,2024-03-11 00:00:00,qr_payment,250000,success
U01338,2024-03-11 07:00:00,bill_payment,834000,success
U01338,2024-03-13 00:00:00,savings_deposit,1447000,success
U01338,2024-03-14 07:00:00,transfer,1115000,success
U01338,2024-03-15 05:00:00,transfer,1070000,success
U01338,2024-03-16 02:00:00,bill_payment,1063000,success
U01338,2024-03-19 18:00:00,savings_deposit,576000,success
U01338,2024-03-20 22:00:00,savings_deposit,1167000,success
U01338,2024-03-25 05:00:00,transfer,560000,success
U01338,2024-04-29 04:00:00,bill_payment,1011000,success
U01338,2024-04-30 22:00:00,transfer,785000,success
U01341,2024-03-23 05:00:00,qr_payment,2623000,success
U01341,2024-04-01 14:00:00,qr_payment,5257000,success
U01341,2024-04-07 03:00:00,qr_payment,7174000,success
U01341,2024-04-08 02:00:00,card_payment,8401000,failed
U01341,2024-04-26 07:00:00,qr_payment,9408000,success
U01343,2024-01-27 01:00:00,card_payment,9765000,success
U01343,2024-02-10 00:00:00,savings_deposit,3180000,success
U01343,2024-02-13 10:00:00,savings_deposit,4452000,success
U01343,2024-02-20 11:00:00,loan_repayment,9954000,success
U01343,2024-02-21 15:00:00,savings_deposit,1935000,success
U01343,2024-02-24 09:00:00,savings_deposit,3248000,success
U01343,2024-02-25 16:00:00,loan_repayment,8986000,success
U01343,2024-03-06 12:00:00,qr_payment,4799000,success
U01343,2024-03-13 20:00:00,transfer,2625000,success
U01343,2024-03-16 11:00:00,loan_repayment,5156000,success
U01343,2024-03-19 22:00:00,card_payment,3820000,success
U01343,2024-03-21 17:00:00,savings_deposit,2749000,success
U01345,2024-03-03 03:00:00,loan_repayment,1704000,success
U01345,2024-03-05 21:00:00,qr_payment,1198000,success
U01345,2024-03-05 23:00:00,bill_payment,338000,success
U01345,2024-03-07 20:00:00,loan_repayment,5966000,success
U01345,2024-03-14 20:00:00,loan_repayment,7106000,success
U01345,2024-03-29 05:00:00,loan_repayment,1271000,success
U01345,2024-03-31 08:00:00,qr_payment,321000,failed
U01345,2024-04-04 03:00:00,bill_payment,453000,success
U01345,2024-04-05 23:00:00,bill_payment,8362000,success
U01345,2024-04-06 10:00:00,savings_deposit,9484000,success
U01345,2024-04-11 22:00:00,qr_payment,1881000,success
U01345,2024-04-12 03:00:00,loan_repayment,7186000,success
U01355,2024-04-21 13:00:00,card_payment,584000,success
U01355,2024-04-26 21:00:00,savings_deposit,9458000,success
U01356,2024-01-23 08:00:00,transfer,1390000,success
U01356,2024-02-01 15:00:00,card_payment,1793000,failed
U01356,2024-02-02 11:00:00,bill_payment,516000,success
U01356,2024-02-04 21:00:00,qr_payment,1405000,success
U01356,2024-02-11 17:00:00,loan_repayment,1336000,success
U01356,2024-02-11 22:00:00,qr_payment,603000,failed
U01356,2024-02-20 12:00:00,bill_payment,281000,success
U01356,2024-02-24 13:00:00,bill_payment,1831000,success
U01356,2024-02-26 12:00:00,bill_payment,707000,success
U01356,2024-03-01 18:00:00,card_payment,1439000,success
U01356,2024-03-02 07:00:00,transfer,479000,success
U01356,2024-03-02 13:00:00,qr_payment,1566000,success
U01356,2024-03-05 18:00:00,transfer,1567000,success
U01356,2024-03-06 18:00:00,loan_repayment,1495000,success
U01356,2024-03-11 21:00:00,qr_payment,1694000,success
U01356,2024-03-13 08:00:00,transfer,730000,success
U01357,2024-05-10 12:00:00,transfer,686000,success
U01357,2024-05-12 17:00:00,bill_payment,494000,success
U01357,2024-05-17 19:00:00,card_payment,1780000,failed
U01357,2024-05-23 02:00:00,transfer,1609000,success
U01357,2024-05-23 17:00:00,loan_repayment,455000,success
U01357,2024-05-23 22:00:00,transfer,331000,success
U01357,2024-05-24 15:00:00,transfer,980000,success
U01357,2024-06-08 04:00:00,bill_payment,958000,success
U01357,2024-06-16 15:00:00,loan_repayment,1506000,success
U01357,2024-06-16 16:00:00,transfer,1987000,success
U01359,2024-02-13 14:00:00,card_payment,3475000,failed
U01359,2024-02-16 09:00:00,loan_repayment,847000,success
U01359,2024-02-18 05:00:00,qr_payment,3523000,success
U01359,2024-02-26 04:00:00,loan_repayment,5609000,success
U01359,2024-02-28 08:00:00,card_payment,8697000,success
U01359,2024-03-18 03:00:00,qr_payment,8384000,success
U01359,2024-03-23 03:00:00,loan_repayment,4065000,success
U01359,2024-03-25 13:00:00,bill_payment,4341000,success
U01359,2024-03-29 07:00:00,card_payment,5126000,success
U01363,2024-02-17 05:00:00,bill_payment,2861000,success
U01363,2024-03-14 17:00:00,card_payment,2720000,success
U01363,2024-03-16 13:00:00,qr_payment,4288000,success
U01363,2024-03-27 09:00:00,qr_payment,177000,success
U01363,2024-03-27 09:00:00,qr_payment,8167000,success
U01363,2024-03-29 20:00:00,bill_payment,2060000,success
U01363,2024-04-05 16:00:00,qr_payment,9493000,success
U01364,2024-04-05 11:00:00,qr_payment,1552000,success
U01364,2024-04-09 20:00:00,loan_repayment,3871000,success
U01364,2024-05-11 05:00:00,loan_repayment,7255000,success
U01364,2024-05-13 03:00:00,bill_payment,382000,success
U01364,2024-05-19 12:00:00,loan_repayment,6627000,success
U01366,2024-04-23 11:00:00,savings_deposit,2833000,success
U01366,2024-05-26 14:00:00,savings_deposit,4063000,success
U01366,2024-06-04 18:00:00,transfer,1905000,success
U01366,2024-06-11 16:00:00,savings_deposit,7066000,success
U01368,2024-03-23 15:00:00,savings_deposit,12653000,success
U01368,2024-05-07 12:00:00,bill_payment,27474000,success
U01369,2024-01-09 13:00:00,bill_payment,1930000,success
U01369,2024-01-10 00:00:00,bill_payment,8121000,failed
U01369,2024-01-18 12:00:00,savings_deposit,1988000,success
U01369,2024-01-25 08:00:00,savings_deposit,2653000,success
U01369,2024-02-14 23:00:00,savings_deposit,6492000,success
U01369,2024-02-22 23:00:00,loan_repayment,4798000,success
U01369,2024-02-25 03:00:00,transfer,9550000,success
U01369,2024-02-29 05:00:00,qr_payment,1929000,success
U01372,2024-02-14 04:00:00,card_payment,50000,success
U01372,2024-02-17 01:00:00,savings_deposit,314000,success
U01372,2024-02-23 09:00:00,transfer,1852000,success
U01372,2024-03-01 08:00:00,qr_payment,822000,success
U01372,2024-03-10 03:00:00,transfer,1465000,success
U01372,2024-03-12 09:00:00,bill_payment,561000,success
U01372,2024-03-18 08:00:00,bill_payment,1449000,success
U01372,2024-03-23 04:00:00,savings_deposit,1340000,success
U01372,2024-03-26 04:00:00,savings_deposit,1730000,success
U01372,2024-04-01 02:00:00,transfer,89000,success
U01372,2024-04-02 10:00:00,transfer,417000,success
U01372,2024-04-06 08:00:00,qr_payment,771000,success
U01372,2024-04-07 03:00:00,qr_payment,502000,success
U01372,2024-04-09 09:00:00,qr_payment,322000,success
U01372,2024-04-10 23:00:00,transfer,678000,success
U01375,2024-01-21 13:00:00,qr_payment,10659000,failed
U01375,2024-02-01 21:00:00,qr_payment,43075000,success
U01379,2024-03-09 16:00:00,bill_payment,653000,success
U01379,2024-03-14 09:00:00,qr_payment,79000,success
U01379,2024-03-20 16:00:00,bill_payment,335000,success
U01379,2024-03-29 22:00:00,bill_payment,1865000,success
U01379,2024-04-03 18:00:00,bill_payment,1014000,success
U01379,2024-04-08 11:00:00,bill_payment,1532000,success
U01379,2024-04-10 17:00:00,bill_payment,1599000,success
U01379,2024-04-12 07:00:00,loan_repayment,516000,success
U01379,2024-04-15 09:00:00,bill_payment,71000,success
U01379,2024-04-17 20:00:00,bill_payment,450000,success
U01379,2024-04-19 12:00:00,loan_repayment,1760000,success
U01379,2024-04-27 13:00:00,savings_deposit,116000,success
U01379,2024-04-28 21:00:00,savings_deposit,805000,success
U01381,2024-01-05 02:00:00,savings_deposit,8787000,success
U01381,2024-01-13 13:00:00,loan_repayment,6375000,success
U01381,2024-01-14 23:00:00,loan_repayment,2223000,failed
U01381,2024-01-20 21:00:00,transfer,7998000,success
U01381,2024-01-28 21:00:00,qr_payment,6060000,success
U01381,2024-01-30 11:00:00,qr_payment,8607000,success
U01381,2024-02-06 11:00:00,transfer,5424000,success
U01381,2024-02-17 17:00:00,qr_payment,3670000,success
U01381,2024-02-17 20:00:00,savings_deposit,4930000,success
U01381,2024-02-19 23:00:00,loan_repayment,4608000,success
U01381,2024-02-25 23:00:00,bill_payment,8619000,success
U01381,2024-02-28 18:00:00,qr_payment,1201000,success
U01389,2024-03-10 22:00:00,loan_repayment,44095000,success
U01389,2024-03-17 03:00:00,loan_repayment,22074000,success
U01389,2024-03-22 18:00:00,savings_deposit,44387000,failed
U01389,2024-03-28 17:00:00,savings_deposit,44356000,success
U01389,2024-04-07 22:00:00,savings_deposit,43901000,success
U01389,2024-05-04 13:00:00,savings_deposit,21340000,success
U01392,2024-04-21 02:00:00,loan_repayment,982000,success
U01392,2024-04-26 05:00:00,savings_deposit,304000,success
U01392,2024-04-26 23:00:00,bill_payment,418000,success
U01392,2024-05-07 09:00:00,card_payment,995000,success
U01392,2024-05-07 19:00:00,bill_payment,1041000,failed
U01392,2024-05-09 00:00:00,qr_payment,803000,success
U01392,2024-05-29 03:00:00,qr_payment,1804000,success
U01394,2024-03-24 00:00:00,loan_repayment,3416000,success
U01394,2024-03-24 23:00:00,qr_payment,1946000,success
U01394,2024-03-25 23:00:00,qr_payment,2706000,success
U01394,2024-03-26 04:00:00,savings_deposit,2129000,success
U01394,2024-03-27 04:00:00,loan_repayment,6324000,success
U01394,2024-03-27 05:00:00,qr_payment,9258000,success
U01394,2024-04-07 10:00:00,savings_deposit,7103000,success
U01394,2024-04-20 13:00:00,loan_repayment,8139000,success
U01394,2024-04-26 13:00:00,loan_repayment,7861000,success
U01394,2024-04-30 00:00:00,card_payment,693000,success
U01394,2024-04-30 13:00:00,bill_payment,2986000,success
U01394,2024-05-16 06:00:00,loan_repayment,6702000,success
U01394,2024-05-22 05:00:00,loan_repayment,9484000,success
U01398,2024-02-09 11:00:00,qr_payment,2805000,success
U01398,2024-03-29 04:00:00,loan_repayment,1088000,failed
U01399,2024-02-25 18:00:00,card_payment,250000,success
U01399,2024-03-05 00:00:00,loan_repayment,4133000,success
U01399,2024-03-10 02:00:00,loan_repayment,3741000,failed
U01399,2024-03-11 23:00:00,bill_payment,4448000,success
U01399,2024-03-19 13:00:00,bill_payment,9439000,success
U01399,2024-03-21 01:00:00,loan_repayment,5890000,success
U01400,2024-03-13 02:00:00,bill_payment,4469000,success
U01400,2024-03-24 07:00:00,transfer,520000,success
U01400,2024-03-26 05:00:00,transfer,2168000,success
U01400,2024-04-07 23:00:00,transfer,8885000,success
U01400,2024-04-14 00:00:00,bill_payment,3906000,success
U01400,2024-04-14 06:00:00,bill_payment,7920000,success
U01400,2024-04-19 02:00:00,card_payment,4673000,success
U01400,2024-04-20 09:00:00,qr_payment,6089000,success
U01400,2024-05-09 05:00:00,card_payment,4329000,success
U01400,2024-05-11 00:00:00,transfer,9674000,success
U01403,2024-03-02 02:00:00,card_payment,22952000,success
U01403,2024-03-10 00:00:00,card_payment,9161000,success
U01403,2024-03-26 20:00:00,qr_payment,24302000,success
U01403,2024-03-27 21:00:00,savings_deposit,29942000,success
U01403,2024-04-03 05:00:00,savings_deposit,25185000,success
U01403,2024-04-08 02:00:00,transfer,35878000,success
U01408,2024-02-09 23:00:00,bill_payment,6038000,success
U01408,2024-02-11 10:00:00,qr_payment,1593000,success
U01410,2024-04-02 13:00:00,qr_payment,1009000,failed
U01410,2024-04-18 13:00:00,qr_payment,5263000,success
U01410,2024-04-26 04:00:00,loan_repayment,6872000,success
U01410,2024-04-28 10:00:00,qr_payment,712000,success
U01415,2024-02-11 07:00:00,savings_deposit,4561000,success
U01415,2024-02-16 18:00:00,qr_payment,3928000,success
U01415,2024-02-21 19:00:00,bill_payment,2393000,success
U01415,2024-02-26 03:00:00,bill_payment,8897000,success
U01415,2024-03-05 06:00:00,bill_payment,1629000,success
U01415,2024-03-08 04:00:00,qr_payment,6762000,success
U01415,2024-03-10 19:00:00,savings_deposit,3465000,success
U01415,2024-03-12 07:00:00,loan_repayment,1925000,success
U01415,2024-03-15 23:00:00,savings_deposit,3475000,success
U01415,2024-03-17 18:00:00,qr_payment,7395000,success
U01415,2024-03-21 21:00:00,loan_repayment,1608000,success
U01415,2024-04-05 10:00:00,qr_payment,2430000,success
U01418,2024-03-21 16:00:00,bill_payment,8032000,success
U01418,2024-04-01 07:00:00,bill_payment,8458000,success
U01418,2024-04-03 10:00:00,bill_payment,7909000,success
U01418,2024-04-11 09:00:00,bill_payment,7405000,success
U01418,2024-04-28 06:00:00,card_payment,8230000,success
U01418,2024-04-29 18:00:00,bill_payment,9892000,success
U01418,2024-05-07 15:00:00,bill_payment,4924000,success
U01420,2024-01-20 21:00:00,bill_payment,2525000,success
U01420,2024-02-09 17:00:00,transfer,924000,success
U01420,2024-02-12 12:00:00,transfer,7280000,success
U01420,2024-03-01 01:00:00,card_payment,9488000,success
U01420,2024-03-06 18:00:00,bill_payment,2016000,success
U01429,2024-02-03 04:00:00,bill_payment,480000,success
U01429,2024-02-22 14:00:00,card_payment,1865000,success
U01429,2024-02-29 14:00:00,card_payment,1732000,success
U01429,2024-03-08 17:00:00,card_payment,1784000,success
U01431,2024-04-07 00:00:00,loan_repayment,1101000,success
U01431,2024-04-07 19:00:00,loan_repayment,375000,failed
U01431,2024-04-08 17:00:00,transfer,310000,success
U01431,2024-04-08 22:00:00,transfer,1481000,success
U01431,2024-04-09 10:00:00,loan_repayment,1982000,success
U01431,2024-04-11 10:00:00,savings_deposit,1089000,success
U01431,2024-04-21 00:00:00,transfer,1434000,success
U01431,2024-04-21 10:00:00,transfer,1200000,success
U01431,2024-05-04 00:00:00,transfer,464000,success
U01431,2024-05-07 17:00:00,savings_deposit,1263000,success
U01431,2024-05-10 16:00:00,qr_payment,734000,success
U01431,2024-05-16 10:00:00,qr_payment,1341000,success
U01431,2024-05-23 15:00:00,bill_payment,1491000,failed
U01431,2024-06-01 14:00:00,bill_payment,1463000,success
U01438,2024-03-22 03:00:00,bill_payment,37898000,success
U01438,2024-03-30 00:00:00,bill_payment,43838000,success
U01438,2024-04-23 05:00:00,bill_payment,20042000,success
U01439,2024-03-09 04:00:00,bill_payment,47935000,success
U01449,2024-04-25 23:00:00,loan_repayment,1726000,success
U01449,2024-05-05 15:00:00,card_payment,353000,success
U01449,2024-05-11 18:00:00,card_payment,1231000,success
U01449,2024-05-16 20:00:00,loan_repayment,293000,success
U01449,2024-05-17 15:00:00,loan_repayment,818000,success
U01449,2024-05-20 10:00:00,bill_payment,660000,success
U01449,2024-06-07 11:00:00,transfer,1338000,success
U01449,2024-06-18 22:00:00,card_payment,1279000,success
U01449,2024-06-19 18:00:00,qr_payment,1143000,success
U01450,2024-01-25 00:00:00,transfer,35087000,failed
U01450,2024-02-05 07:00:00,transfer,13424000,failed
U01450,2024-02-05 21:00:00,transfer,46577000,success
U01450,2024-02-08 03:00:00,transfer,620000,success
U01450,2024-02-12 03:00:00,loan_repayment,25556000,success
U01450,2024-02-23 09:00:00,transfer,25018000,success
U01450,2024-03-07 09:00:00,qr_payment,11948000,failed
U01450,2024-03-17 21:00:00,transfer,12089000,success
U01452,2024-01-14 19:00:00,qr_payment,7338000,success
U01452,2024-01-28 22:00:00,card_payment,8108000,success
U01452,2024-01-30 16:00:00,qr_payment,3619000,success
U01452,2024-02-05 06:00:00,savings_deposit,5061000,success
U01452,2024-02-09 20:00:00,loan_repayment,2257000,success
U01452,2024-02-23 03:00:00,bill_payment,3777000,failed
U01452,2024-02-23 07:00:00,card_payment,5134000,success
U01452,2024-02-24 23:00:00,card_payment,7173000,success
U01452,2024-02-27 08:00:00,qr_payment,7045000,success
U01452,2024-02-29 07:00:00,bill_payment,8724000,success
U01452,2024-02-29 20:00:00,bill_payment,3537000,success
U01452,2024-03-08 18:00:00,bill_payment,2514000,success
U01452,2024-03-09 06:00:00,qr_payment,6452000,success
U01455,2024-04-28 13:00:00,bill_payment,42697000,success
U01455,2024-05-15 16:00:00,qr_payment,10722000,success
U01455,2024-05-19 09:00:00,bill_payment,43794000,success
U01456,2024-04-23 13:00:00,loan_repayment,1884000,success
U01456,2024-05-10 22:00:00,loan_repayment,1280000,success
U01456,2024-06-01 10:00:00,loan_repayment,948000,success
U01456,2024-06-02 21:00:00,transfer,669000,success
U01456,2024-06-18 10:00:00,loan_repayment,427000,failed
U01456,2024-06-20 00:00:00,loan_repayment,379000,success
U01456,2024-06-20 09:00:00,card_payment,167000,success
U01458,2024-02-26 21:00:00,card_payment,1487000,success
U01458,2024-03-05 02:00:00,savings_deposit,3136000,success
U01458,2024-03-14 19:00:00,card_payment,6284000,failed
U01458,2024-03-28 06:00:00,transfer,5560000,success
U01458,2024-03-29 02:00:00,transfer,8210000,success
U01458,2024-03-30 21:00:00,card_payment,1108000,success
U01458,2024-04-01 05:00:00,bill_payment,8492000,success
U01458,2024-04-08 23:00:00,transfer,1045000,success
U01465,2024-04-05 13:00:00,savings_deposit,5391000,success
U01465,2024-04-07 12:00:00,qr_payment,8520000,success
U01465,2024-04-08 14:00:00,bill_payment,763000,success
U01465,2024-04-21 05:00:00,savings_deposit,7506000,success
U01465,2024-04-26 05:00:00,bill_payment,3392000,success
U01465,2024-05-03 13:00:00,qr_payment,4362000,success
U01465,2024-05-07 05:00:00,bill_payment,8036000,success
U01465,2024-05-07 13:00:00,savings_deposit,4478000,success
U01465,2024-05-22 15:00:00,qr_payment,9529000,success
U01465,2024-05-23 13:00:00,savings_deposit,6889000,failed
U01465,2024-05-29 04:00:00,card_payment,5232000,success
U01465,2024-05-31 10:00:00,savings_deposit,7033000,success
U01475,2024-03-12 05:00:00,bill_payment,5959000,success
U01475,2024-04-07 12:00:00,card_payment,3765000,success
U01478,2024-02-17 11:00:00,transfer,8459000,success
U01478,2024-02-18 16:00:00,qr_payment,8600000,success
U01478,2024-02-22 00:00:00,transfer,3820000,success
U01478,2024-03-04 15:00:00,qr_payment,3200000,success
U01478,2024-03-08 22:00:00,qr_payment,5765000,success
U01478,2024-03-11 19:00:00,bill_payment,3569000,success
U01478,2024-03-19 22:00:00,transfer,8784000,success
U01482,2024-02-24 13:00:00,card_payment,2552000,success
U01482,2024-02-25 06:00:00,transfer,1964000,success
U01482,2024-03-03 21:00:00,transfer,620000,success
U01482,2024-03-05 07:00:00,card_payment,9204000,success
U01482,2024-03-22 08:00:00,card_payment,6604000,success
U01482,2024-03-29 20:00:00,loan_repayment,8176000,success
U01482,2024-04-09 10:00:00,card_payment,198000,success
U01482,2024-04-09 13:00:00,transfer,7478000,success
U01482,2024-04-15 16:00:00,transfer,1728000,success
U01482,2024-04-15 16:00:00,transfer,977000,success
U01482,2024-04-16 20:00:00,card_payment,6883000,success
U01482,2024-04-19 14:00:00,loan_repayment,1225000,success
U01483,2024-03-04 04:00:00,savings_deposit,190000,success
U01483,2024-03-15 10:00:00,qr_payment,9802000,failed
U01483,2024-03-16 05:00:00,bill_payment,4431000,success
U01483,2024-03-23 06:00:00,loan_repayment,9891000,success
U01483,2024-03-28 09:00:00,savings_deposit,4374000,success
U01483,2024-04-02 15:00:00,qr_payment,5720000,success
U01483,2024-04-07 13:00:00,qr_payment,7264000,success
U01483,2024-04-10 04:00:00,bill_payment,7365000,success
U01483,2024-04-14 13:00:00,savings_deposit,6862000,success
U01483,2024-04-26 15:00:00,savings_deposit,9632000,success
U01483,2024-04-30 04:00:00,transfer,8047000,success
U01485,2024-04-27 11:00:00,card_payment,1791000,success
U01485,2024-05-13 04:00:00,loan_repayment,1182000,success
U01485,2024-05-31 10:00:00,card_payment,1413000,success
U01485,2024-06-02 07:00:00,card_payment,1615000,success
U01485,2024-06-06 17:00:00,loan_repayment,164000,success
U01485,2024-06-20 18:00:00,savings_deposit,1642000,failed
U01485,2024-06-22 16:00:00,loan_repayment,1043000,success
U01486,2024-02-10 07:00:00,savings_deposit,220000,success
U01486,2024-02-13 06:00:00,savings_deposit,2791000,success
U01486,2024-02-16 12:00:00,qr_payment,4455000,failed
U01486,2024-02-29 19:00:00,savings_deposit,2163000,success
U01486,2024-03-16 21:00:00,savings_deposit,2903000,failed
U01486,2024-03-21 18:00:00,loan_repayment,7127000,success
U01488,2024-02-08 04:00:00,savings_deposit,7588000,success
U01488,2024-02-17 23:00:00,loan_repayment,7241000,success
U01488,2024-02-17 23:00:00,bill_payment,7732000,success
U01488,2024-03-06 11:00:00,card_payment,3306000,failed
U01488,2024-03-27 11:00:00,transfer,6734000,success
U01490,2024-03-02 00:00:00,card_payment,7107000,success
U01490,2024-03-09 01:00:00,savings_deposit,9103000,success
U01490,2024-03-24 10:00:00,card_payment,5866000,success
U01490,2024-03-24 22:00:00,loan_repayment,3453000,success
U01490,2024-03-26 16:00:00,qr_payment,1614000,success
U01491,2024-02-01 13:00:00,qr_payment,15926000,success
U01491,2024-02-18 09:00:00,savings_deposit,24062000,success
U01491,2024-03-02 11:00:00,card_payment,30398000,success
U01491,2024-03-09 18:00:00,qr_payment,21785000,success
U01491,2024-03-17 08:00:00,card_payment,5196000,success
U01491,2024-03-20 22:00:00,card_payment,32312000,success
U01491,2024-03-21 14:00:00,card_payment,5531000,success
U01491,2024-03-30 20:00:00,savings_deposit,49687000,failed
U01491,2024-04-01 17:00:00,savings_deposit,2214000,failed
U01494,2024-02-25 15:00:00,transfer,6734000,failed
U01494,2024-02-26 05:00:00,qr_payment,283000,success
U01494,2024-03-06 03:00:00,qr_payment,4648000,success
U01494,2024-03-11 08:00:00,loan_repayment,5810000,success
U01494,2024-03-18 14:00:00,loan_repayment,5300000,success
U01494,2024-03-19 06:00:00,loan_repayment,7871000,success
U01494,2024-04-18 06:00:00,card_payment,4009000,success
U01495,2024-01-15 15:00:00,card_payment,6592000,success
U01495,2024-02-08 23:00:00,card_payment,7311000,success
U01495,2024-02-17 22:00:00,bill_payment,2703000,success
U01495,2024-02-22 14:00:00,card_payment,606000,success
U01495,2024-02-27 14:00:00,qr_payment,8998000,success
U01497,2024-04-07 21:00:00,card_payment,1317000,success
U01497,2024-04-10 08:00:00,card_payment,1714000,success
U01497,2024-04-11 05:00:00,transfer,1461000,success
U01497,2024-04-12 20:00:00,loan_repayment,1920000,success
U01497,2024-04-18 11:00:00,card_payment,300000,success
U01497,2024-04-19 09:00:00,card_payment,440000,success
U01497,2024-04-21 05:00:00,savings_deposit,347000,success
U01497,2024-04-21 12:00:00,card_payment,314000,success
U01497,2024-05-02 05:00:00,transfer,1522000,success
U01497,2024-05-02 11:00:00,card_payment,262000,success
U01497,2024-05-04 03:00:00,bill_payment,1029000,success
U01497,2024-05-04 05:00:00,transfer,463000,success
U01497,2024-05-10 09:00:00,savings_deposit,548000,success
U01497,2024-05-14 22:00:00,qr_payment,581000,success
U01497,2024-05-24 11:00:00,transfer,1432000,success
U01497,2024-05-24 22:00:00,loan_repayment,129000,success
U01497,2024-06-02 20:00:00,loan_repayment,1752000,failed
U01497,2024-06-06 09:00:00,bill_payment,600000,success
U01500,2024-06-07 16:00:00,bill_payment,37426000,success
U01504,2024-04-11 09:00:00,savings_deposit,205000,success
U01504,2024-04-13 10:00:00,transfer,7162000,success
U01504,2024-04-15 06:00:00,card_payment,7969000,success
U01504,2024-04-20 06:00:00,savings_deposit,6170000,success
U01504,2024-04-22 02:00:00,card_payment,5331000,success
U01504,2024-04-25 15:00:00,transfer,6582000,success
U01504,2024-05-20 07:00:00,transfer,2847000,success
U01504,2024-05-21 02:00:00,savings_deposit,8914000,success
U01504,2024-05-22 10:00:00,transfer,5314000,success
U01508,2024-03-14 12:00:00,savings_deposit,1614000,success
U01518,2024-04-23 05:00:00,transfer,146000,success
U01518,2024-04-25 15:00:00,transfer,1947000,success
U01518,2024-05-16 02:00:00,savings_deposit,484000,success
U01518,2024-05-16 16:00:00,loan_repayment,913000,success
U01518,2024-05-21 14:00:00,loan_repayment,1595000,success
U01518,2024-05-23 01:00:00,transfer,1299000,success
U01518,2024-05-23 17:00:00,loan_repayment,788000,success
U01518,2024-06-08 03:00:00,transfer,1234000,success
U01518,2024-06-17 13:00:00,loan_repayment,315000,success
U01522,2024-05-08 22:00:00,savings_deposit,147000,success
U01522,2024-05-12 12:00:00,savings_deposit,1509000,success
U01522,2024-05-15 03:00:00,loan_repayment,1068000,failed
U01522,2024-05-27 04:00:00,card_payment,1234000,success
U01522,2024-06-16 13:00:00,loan_repayment,730000,success
U01522,2024-06-25 02:00:00,card_payment,1476000,success
U01528,2024-05-01 10:00:00,bill_payment,34495000,success
U01528,2024-05-06 14:00:00,loan_repayment,34107000,success
U01528,2024-05-14 01:00:00,loan_repayment,47266000,success
U01528,2024-05-20 00:00:00,loan_repayment,20115000,success
U01528,2024-05-23 15:00:00,qr_payment,24728000,success
U01528,2024-06-01 00:00:00,bill_payment,32722000,success
U01528,2024-06-02 23:00:00,card_payment,7154000,success
U01528,2024-06-20 11:00:00,qr_payment,46894000,success
U01533,2024-05-10 02:00:00,bill_payment,32461000,success
U01533,2024-05-10 05:00:00,bill_payment,1109000,success
U01533,2024-05-15 21:00:00,qr_payment,3413000,success
U01533,2024-05-16 22:00:00,qr_payment,24842000,success
U01533,2024-06-04 00:00:00,bill_payment,35223000,success
U01533,2024-06-06 10:00:00,qr_payment,40671000,success
U01534,2024-02-17 13:00:00,loan_repayment,207000,success
U01534,2024-04-04 16:00:00,loan_repayment,295000,success
U01535,2024-02-23 17:00:00,qr_payment,2602000,success
U01535,2024-03-10 20:00:00,loan_repayment,3576000,success
U01538,2024-02-27 21:00:00,bill_payment,2375000,success
U01538,2024-02-28 00:00:00,card_payment,4157000,success
U01538,2024-03-03 18:00:00,card_payment,3158000,failed
U01538,2024-03-04 19:00:00,bill_payment,1711000,success
U01538,2024-03-07 01:00:00,qr_payment,7460000,success
U01538,2024-03-11 03:00:00,loan_repayment,4791000,success
U01538,2024-03-24 00:00:00,transfer,6325000,failed
U01538,2024-03-26 01:00:00,savings_deposit,3474000,success
U01538,2024-03-27 07:00:00,card_payment,6413000,success
U01538,2024-04-01 19:00:00,card_payment,5589000,success
U01538,2024-04-06 02:00:00,transfer,7316000,success
U01538,2024-04-08 00:00:00,card_payment,7404000,success
U01538,2024-04-11 01:00:00,transfer,1571000,success
U01538,2024-04-13 03:00:00,transfer,1524000,success
U01538,2024-04-14 18:00:00,transfer,3962000,success
U01546,2024-04-10 05:00:00,loan_repayment,5332000,success
U01554,2024-04-24 06:00:00,card_payment,5557000,success
U01554,2024-05-05 05:00:00,transfer,5756000,success
U01554,2024-05-12 11:00:00,savings_deposit,3950000,success
U01554,2024-05-14 17:00:00,card_payment,5095000,success
U01554,2024-05-16 18:00:00,loan_repayment,7369000,failed
U01554,2024-05-21 14:00:00,loan_repayment,3378000,success
U01554,2024-05-22 04:00:00,bill_payment,8251000,success
U01554,2024-05-24 15:00:00,card_payment,3793000,success
U01554,2024-05-26 08:00:00,loan_repayment,9984000,success
U01554,2024-05-31 14:00:00,qr_payment,9102000,failed
U01554,2024-06-05 06:00:00,card_payment,5416000,success
U01554,2024-06-17 06:00:00,loan_repayment,3659000,success
U01554,2024-06-18 10:00:00,loan_repayment,7330000,failed
U01554,2024-06-21 16:00:00,bill_payment,2193000,success
U01555,2024-03-14 14:00:00,bill_payment,9286000,success
U01555,2024-04-01 00:00:00,bill_payment,7425000,success
U01555,2024-04-15 08:00:00,card_payment,4263000,success
U01555,2024-04-24 01:00:00,bill_payment,307000,success
U01555,2024-04-27 22:00:00,bill_payment,9163000,success
U01555,2024-04-30 09:00:00,loan_repayment,2840000,success
U01555,2024-05-10 04:00:00,bill_payment,1466000,success
U01556,2024-01-07 06:00:00,transfer,3034000,success
U01556,2024-01-12 20:00:00,transfer,2201000,success
U01556,2024-01-20 19:00:00,transfer,4742000,success
U01556,2024-01-24 05:00:00,transfer,3813000,success
U01556,2024-02-17 15:00:00,transfer,7671000,success
U01563,2024-02-09 18:00:00,loan_repayment,18896000,success
U01563,2024-02-20 12:00:00,savings_deposit,1684000,success
U01563,2024-03-04 07:00:00,card_payment,31960000,success
U01563,2024-03-12 15:00:00,loan_repayment,24271000,success
U01563,2024-03-15 19:00:00,savings_deposit,37286000,success
U01563,2024-03-19 16:00:00,qr_payment,15239000,success
U01563,2024-03-21 16:00:00,card_payment,37171000,success
U01563,2024-03-26 18:00:00,loan_repayment,4885000,success
U01566,2024-03-21 07:00:00,loan_repayment,1217000,success
U01566,2024-03-29 22:00:00,card_payment,690000,success
U01566,2024-04-10 00:00:00,card_payment,1153000,success
U01566,2024-04-15 00:00:00,savings_deposit,1906000,success
U01566,2024-04-16 19:00:00,card_payment,438000,success
U01568,2024-04-16 23:00:00,savings_deposit,6856000,success
U01568,2024-05-03 05:00:00,savings_deposit,581000,success
U01568,2024-05-14 13:00:00,transfer,2353000,success
U01568,2024-06-02 06:00:00,savings_deposit,6331000,success
U01571,2024-05-02 10:00:00,bill_payment,1547000,success
U01571,2024-05-08 09:00:00,bill_payment,1260000,success
U01571,2024-05-15 05:00:00,bill_payment,1094000,success
U01571,2024-05-23 05:00:00,bill_payment,1457000,success
U01571,2024-05-30 12:00:00,bill_payment,1929000,success
U01572,2024-01-23 14:00:00,bill_payment,2219000,success
U01572,2024-01-28 04:00:00,loan_repayment,295000,success
U01572,2024-02-05 01:00:00,transfer,7644000,success
U01572,2024-02-27 22:00:00,transfer,2514000,success
U01572,2024-02-29 20:00:00,transfer,7878000,success
U01575,2024-04-03 01:00:00,savings_deposit,2580000,success
U01575,2024-04-03 21:00:00,savings_deposit,6245000,success
U01575,2024-04-09 19:00:00,transfer,2815000,success
U01575,2024-04-13 00:00:00,qr_payment,4136000,success
U01575,2024-04-17 05:00:00,transfer,901000,success
U01575,2024-04-19 01:00:00,qr_payment,5370000,success
U01575,2024-04-21 22:00:00,qr_payment,7340000,success
U01575,2024-04-23 05:00:00,qr_payment,2252000,success
U01575,2024-04-25 18:00:00,savings_deposit,1444000,success
U01575,2024-04-26 07:00:00,savings_deposit,729000,success
U01575,2024-05-01 22:00:00,qr_payment,6865000,success
U01575,2024-05-02 03:00:00,loan_repayment,7988000,success
U01575,2024-05-03 00:00:00,transfer,6804000,success
U01575,2024-05-05 17:00:00,loan_repayment,5090000,success
U01575,2024-05-06 17:00:00,transfer,1867000,success
U01575,2024-05-14 23:00:00,transfer,2027000,success
U01575,2024-05-23 08:00:00,loan_repayment,7277000,success
U01575,2024-05-25 23:00:00,savings_deposit,4424000,failed
U01575,2024-05-30 06:00:00,transfer,4128000,success
U01578,2024-01-31 11:00:00,bill_payment,40891000,success
U01578,2024-02-05 20:00:00,transfer,42798000,success
U01578,2024-02-09 11:00:00,card_payment,40647000,success
U01579,2024-02-09 10:00:00,savings_deposit,9010000,success
U01579,2024-03-02 22:00:00,qr_payment,152000,success
U01586,2024-02-26 16:00:00,qr_payment,7897000,success
U01586,2024-03-03 04:00:00,loan_repayment,6451000,success
U01586,2024-03-06 16:00:00,savings_deposit,5363000,success
U01586,2024-03-11 21:00:00,bill_payment,4590000,success
U01586,2024-03-27 14:00:00,card_payment,6808000,failed
U01586,2024-03-30 01:00:00,loan_repayment,7053000,success
U01586,2024-04-08 16:00:00,loan_repayment,4070000,success
U01586,2024-04-17 21:00:00,savings_deposit,8925000,failed
U01587,2024-02-10 07:00:00,bill_payment,3034000,success
U01587,2024-02-14 05:00:00,qr_payment,5471000,success
U01587,2024-03-16 03:00:00,qr_payment,9362000,success
U01589,2024-03-25 10:00:00,card_payment,3463000,success
U01589,2024-03-25 11:00:00,bill_payment,1651000,success
U01589,2024-04-19 14:00:00,savings_deposit,8673000,success
U01589,2024-04-21 18:00:00,loan_repayment,2562000,success
U01589,2024-04-27 00:00:00,bill_payment,3179000,success
U01589,2024-04-30 17:00:00,qr_payment,3528000,success
U01589,2024-05-03 20:00:00,qr_payment,7611000,success
U01589,2024-05-08 01:00:00,qr_payment,600000,success
U01590,2024-03-01 00:00:00,qr_payment,7075000,success
U01590,2024-03-19 00:00:00,qr_payment,2157000,success
U01590,2024-03-23 03:00:00,bill_payment,2502000,success
U01590,2024-04-08 04:00:00,transfer,8168000,success
U01590,2024-04-23 18:00:00,qr_payment,3389000,success
U01592,2024-04-06 10:00:00,qr_payment,6656000,success
U01592,2024-04-23 13:00:00,card_payment,18155000,success
U01592,2024-04-24 15:00:00,transfer,38085000,success
U01592,2024-04-26 20:00:00,qr_payment,42469000,success
U01592,2024-05-01 20:00:00,card_payment,35720000,success
U01592,2024-05-19 00:00:00,bill_payment,23151000,success
U01593,2024-05-29 09:00:00,loan_repayment,7114000,success
U01594,2024-01-29 04:00:00,transfer,1808000,success
U01594,2024-02-08 10:00:00,card_payment,1691000,success
U01594,2024-02-15 12:00:00,card_payment,1153000,success
U01594,2024-02-21 23:00:00,card_payment,825000,success
U01594,2024-02-23 07:00:00,savings_deposit,959000,success
U01594,2024-02-27 12:00:00,savings_deposit,680000,success
U01594,2024-03-01 01:00:00,savings_deposit,1790000,success
U01594,2024-03-10 01:00:00,bill_payment,791000,success
U01594,2024-03-18 12:00:00,savings_deposit,483000,success
U01594,2024-03-20 11:00:00,savings_deposit,177000,success
U01596,2024-01-27 17:00:00,card_payment,5525000,success
U01596,2024-01-30 02:00:00,qr_payment,6563000,success
U01596,2024-02-04 13:00:00,loan_repayment,8444000,success
U01596,2024-02-10 13:00:00,card_payment,7722000,success
U01596,2024-02-22 18:00:00,savings_deposit,6260000,success
U01596,2024-03-04 05:00:00,savings_deposit,3443000,success
U01596,2024-03-15 01:00:00,bill_payment,189000,failed
U01596,2024-03-17 14:00:00,savings_deposit,4437000,success
U01596,2024-03-18 21:00:00,card_payment,6144000,success
U01597,2024-01-30 06:00:00,bill_payment,1191000,success
U01597,2024-03-13 01:00:00,savings_deposit,428000,success
U01600,2024-02-29 05:00:00,card_payment,6364000,success
U01600,2024-03-08 11:00:00,savings_deposit,7800000,success
U01600,2024-03-09 23:00:00,bill_payment,1721000,failed
U01600,2024-03-27 02:00:00,bill_payment,9235000,success
U01600,2024-03-27 21:00:00,savings_deposit,8714000,success
U01600,2024-03-29 02:00:00,card_payment,8399000,success
U01600,2024-04-05 06:00:00,card_payment,5979000,success
U01600,2024-04-09 07:00:00,savings_deposit,6452000,success
U01600,2024-04-18 03:00:00,card_payment,5274000,success
U01600,2024-04-19 20:00:00,bill_payment,9542000,success
U01604,2024-03-17 02:00:00,qr_payment,17500000,success
U01604,2024-03-19 11:00:00,loan_repayment,8615000,success
U01604,2024-03-27 09:00:00,qr_payment,3509000,success
U01604,2024-04-05 11:00:00,qr_payment,14039000,success
U01604,2024-04-18 21:00:00,bill_payment,29968000,success
U01604,2024-05-01 04:00:00,loan_repayment,16214000,success
U01604,2024-05-06 01:00:00,loan_repayment,5333000,success
U01605,2024-05-07 14:00:00,bill_payment,747000,success
U01605,2024-05-07 16:00:00,bill_payment,5148000,success
U01605,2024-05-12 15:00:00,bill_payment,4177000,success
U01605,2024-05-13 06:00:00,bill_payment,5046000,success
U01605,2024-05-16 15:00:00,transfer,5860000,success
U01605,2024-05-17 21:00:00,bill_payment,2992000,success
U01605,2024-05-25 22:00:00,bill_payment,6079000,success
U01605,2024-06-01 12:00:00,savings_deposit,5561000,success
U01605,2024-06-04 07:00:00,savings_deposit,121000,success
U01605,2024-06-07 11:00:00,savings_deposit,5712000,success
U01605,2024-06-10 10:00:00,qr_payment,3855000,success
U01605,2024-06-17 13:00:00,savings_deposit,4077000,success
U01605,2024-06-17 21:00:00,loan_repayment,7060000,success
U01605,2024-06-19 06:00:00,loan_repayment,4682000,success
U01605,2024-06-21 10:00:00,bill_payment,903000,success
U01605,2024-06-26 15:00:00,savings_deposit,4371000,success
U01606,2024-03-27 16:00:00,loan_repayment,442000,success
U01606,2024-03-29 12:00:00,bill_payment,4542000,success
U01606,2024-04-04 08:00:00,transfer,4829000,success
U01606,2024-04-07 16:00:00,transfer,9385000,success
U01606,2024-04-09 19:00:00,loan_repayment,6506000,success
U01606,2024-04-16 19:00:00,loan_repayment,4742000,success
U01606,2024-04-19 23:00:00,loan_repayment,2789000,success
U01606,2024-04-21 16:00:00,transfer,882000,success
U01606,2024-04-30 09:00:00,card_payment,5824000,success
U01606,2024-05-07 12:00:00,card_payment,6114000,success
U01606,2024-05-11 12:00:00,transfer,5570000,success
U01606,2024-05-16 08:00:00,savings_deposit,5538000,success
U01606,2024-05-16 10:00:00,transfer,7282000,success
U01612,2024-03-10 17:00:00,transfer,1922000,success
U01612,2024-03-12 02:00:00,card_payment,1990000,success
U01612,2024-03-18 06:00:00,transfer,1003000,success
U01612,2024-03-19 20:00:00,savings_deposit,1364000,success
U01612,2024-03-29 01:00:00,savings_deposit,264000,success
U01612,2024-04-17 20:00:00,savings_deposit,685000,success
U01612,2024-04-22 21:00:00,qr_payment,1800000,success
U01612,2024-04-28 07:00:00,card_payment,1378000,success
U01612,2024-04-28 19:00:00,transfer,585000,success
U01618,2024-03-18 20:00:00,savings_deposit,1164000,success
U01618,2024-04-09 00:00:00,savings_deposit,1189000,success
U01618,2024-04-10 06:00:00,loan_repayment,356000,success
U01618,2024-04-25 20:00:00,qr_payment,93000,success
U01621,2024-04-08 08:00:00,savings_deposit,8928000,success
U01621,2024-04-28 03:00:00,savings_deposit,1572000,success
U01621,2024-05-02 02:00:00,savings_deposit,2401000,success
U01621,2024-05-05 02:00:00,savings_deposit,7116000,success
U01621,2024-05-12 08:00:00,savings_deposit,3523000,success
U01621,2024-05-23 06:00:00,savings_deposit,1889000,success
U01622,2024-03-12 17:00:00,savings_deposit,1787000,success
U01622,2024-03-18 01:00:00,savings_deposit,164000,success
U01622,2024-04-08 14:00:00,savings_deposit,850000,success
U01622,2024-04-19 18:00:00,savings_deposit,231000,success
U01623,2024-02-05 16:00:00,transfer,592000,success
U01623,2024-02-19 07:00:00,savings_deposit,347000,success
U01624,2024-01-18 13:00:00,bill_payment,1977000,success
U01624,2024-02-04 12:00:00,bill_payment,97000,success
U01624,2024-02-07 09:00:00,qr_payment,1077000,success
U01624,2024-02-12 11:00:00,transfer,99000,success
U01624,2024-02-12 15:00:00,savings_deposit,1014000,success
U01624,2024-02-14 21:00:00,card_payment,250000,failed
U01624,2024-02-18 08:00:00,qr_payment,1218000,failed
U01624,2024-02-23 12:00:00,loan_repayment,780000,success
U01624,2024-02-25 12:00:00,bill_payment,1010000,failed
U01624,2024-02-27 21:00:00,bill_payment,214000,success
U01631,2024-04-07 14:00:00,transfer,48025000,success
U01631,2024-04-07 15:00:00,savings_deposit,43197000,failed
U01631,2024-04-16 12:00:00,bill_payment,6231000,success
U01631,2024-04-23 14:00:00,transfer,16506000,success
U01631,2024-05-11 03:00:00,bill_payment,9832000,success
U01631,2024-05-13 03:00:00,transfer,33738000,success
U01634,2024-04-20 07:00:00,loan_repayment,14481000,success
U01634,2024-05-08 04:00:00,loan_repayment,48599000,success
U01634,2024-05-20 07:00:00,bill_payment,27868000,success
U01634,2024-05-21 07:00:00,bill_payment,5764000,success
U01634,2024-06-01 10:00:00,loan_repayment,46069000,success
U01634,2024-06-14 06:00:00,loan_repayment,26812000,success
U01634,2024-06-15 12:00:00,card_payment,11028000,success
U01635,2024-04-04 12:00:00,loan_repayment,8543000,success
U01637,2024-02-28 12:00:00,bill_payment,8858000,success
U01637,2024-03-18 16:00:00,bill_payment,8797000,success
U01637,2024-04-09 10:00:00,bill_payment,9680000,success
U01638,2024-04-28 03:00:00,transfer,6179000,success
U01638,2024-05-03 19:00:00,qr_payment,8875000,success
U01638,2024-05-11 20:00:00,qr_payment,5998000,success
U01638,2024-05-12 01:00:00,bill_payment,9573000,success
U01638,2024-05-18 19:00:00,card_payment,6692000,success
U01638,2024-05-23 02:00:00,bill_payment,372000,success
U01638,2024-05-25 06:00:00,qr_payment,8742000,success
U01638,2024-05-27 17:00:00,bill_payment,1889000,success
U01638,2024-05-31 17:00:00,bill_payment,7917000,success
U01638,2024-06-04 23:00:00,loan_repayment,7306000,success
U01638,2024-06-08 15:00:00,loan_repayment,6544000,success
U01638,2024-06-09 00:00:00,bill_payment,8790000,success
U01638,2024-06-18 05:00:00,loan_repayment,5795000,success
U01638,2024-06-18 19:00:00,bill_payment,625000,success
U01639,2024-03-06 17:00:00,loan_repayment,8179000,success
U01639,2024-03-07 14:00:00,qr_payment,3313000,success
U01639,2024-03-30 05:00:00,transfer,6323000,success
U01639,2024-03-31 02:00:00,loan_repayment,2094000,success
U01639,2024-04-03 10:00:00,transfer,1834000,success
U01639,2024-04-07 03:00:00,card_payment,5166000,success
U01639,2024-04-08 11:00:00,qr_payment,6935000,success
U01639,2024-04-11 07:00:00,transfer,3809000,success
U01639,2024-04-20 11:00:00,qr_payment,4240000,failed
U01639,2024-04-27 12:00:00,card_payment,9931000,success
U01643,2024-03-24 16:00:00,transfer,8301000,success
U01643,2024-04-05 20:00:00,transfer,9225000,success
U01643,2024-04-18 06:00:00,transfer,6218000,success
U01643,2024-05-10 07:00:00,transfer,4880000,success
U01644,2024-02-23 15:00:00,card_payment,7657000,success
U01644,2024-02-29 07:00:00,bill_payment,7447000,success
U01644,2024-03-12 06:00:00,card_payment,4542000,success
U01644,2024-03-22 10:00:00,card_payment,9117000,success
U01644,2024-03-22 13:00:00,transfer,7081000,success
U01644,2024-03-31 07:00:00,transfer,2114000,success
U01644,2024-04-04 02:00:00,card_payment,5002000,success
U01644,2024-04-06 08:00:00,transfer,9401000,success
U01644,2024-04-12 01:00:00,savings_deposit,3213000,success
U01644,2024-04-13 08:00:00,bill_payment,7756000,success
U01644,2024-04-15 08:00:00,transfer,8849000,success
U01644,2024-04-17 17:00:00,transfer,2190000,success
U01648,2024-03-12 18:00:00,loan_repayment,1976000,success
U01648,2024-03-22 05:00:00,loan_repayment,222000,success
U01648,2024-03-23 15:00:00,transfer,9405000,success
U01648,2024-03-29 16:00:00,qr_payment,2062000,success
U01648,2024-03-30 04:00:00,loan_repayment,8106000,success
U01648,2024-04-06 04:00:00,loan_repayment,6290000,success
U01648,2024-04-09 15:00:00,card_payment,8458000,success
U01649,2024-02-06 08:00:00,transfer,126000,success
U01649,2024-02-06 15:00:00,bill_payment,1120000,success
U01649,2024-02-20 15:00:00,bill_payment,743000,success
U01649,2024-03-01 13:00:00,bill_payment,494000,success
U01649,2024-03-05 10:00:00,savings_deposit,1617000,success
U01652,2024-02-23 08:00:00,loan_repayment,8423000,success
U01652,2024-03-13 15:00:00,card_payment,786000,success
U01652,2024-03-15 19:00:00,card_payment,9016000,success
U01652,2024-03-23 19:00:00,card_payment,2594000,success
U01652,2024-03-24 16:00:00,qr_payment,3030000,success
U01652,2024-04-01 05:00:00,qr_payment,8147000,success
U01652,2024-04-03 14:00:00,qr_payment,8220000,success
U01652,2024-04-11 05:00:00,qr_payment,4508000,success
U01652,2024-04-13 05:00:00,loan_repayment,8660000,success
U01652,2024-04-19 20:00:00,loan_repayment,6492000,success
U01653,2024-02-12 05:00:00,qr_payment,1391000,success
U01653,2024-03-05 00:00:00,qr_payment,731000,success
U01653,2024-03-10 20:00:00,qr_payment,800000,success
U01653,2024-03-13 05:00:00,qr_payment,1226000,success
U01653,2024-03-19 02:00:00,qr_payment,1143000,success
U01653,2024-03-26 00:00:00,qr_payment,428000,success
U01655,2024-03-21 08:00:00,savings_deposit,28030000,success
U01655,2024-03-23 19:00:00,bill_payment,40098000,success
U01655,2024-04-02 19:00:00,loan_repayment,11456000,failed
U01655,2024-04-05 09:00:00,bill_payment,20495000,failed
U01655,2024-04-07 23:00:00,bill_payment,30137000,success
U01655,2024-04-13 04:00:00,bill_payment,7596000,success
U01655,2024-04-16 04:00:00,bill_payment,8046000,success
U01655,2024-04-17 06:00:00,bill_payment,36243000,success
U01655,2024-04-21 05:00:00,loan_repayment,26170000,success
U01655,2024-04-28 22:00:00,transfer,24764000,success
U01655,2024-05-05 08:00:00,qr_payment,10774000,success
U01658,2024-05-02 02:00:00,transfer,2323000,success
U01658,2024-05-04 22:00:00,loan_repayment,35656000,success
U01658,2024-05-22 03:00:00,bill_payment,6219000,success
U01658,2024-06-02 09:00:00,savings_deposit,32195000,success
U01660,2024-01-10 21:00:00,loan_repayment,1182000,success
U01660,2024-01-15 04:00:00,loan_repayment,1503000,success
U01660,2024-02-02 10:00:00,loan_repayment,205000,success
U01660,2024-02-08 03:00:00,loan_repayment,607000,success
U01660,2024-02-20 09:00:00,transfer,464000,success
U01663,2024-04-21 02:00:00,transfer,5097000,success
U01663,2024-05-25 16:00:00,loan_repayment,4855000,success
U01668,2024-02-11 09:00:00,card_payment,29963000,success
U01668,2024-04-07 22:00:00,card_payment,33284000,success
U01672,2024-04-27 03:00:00,savings_deposit,750000,success
U01672,2024-04-29 20:00:00,card_payment,422000,success
U01672,2024-04-30 11:00:00,savings_deposit,1388000,success
U01672,2024-05-05 03:00:00,card_payment,109000,success
U01672,2024-05-11 13:00:00,card_payment,601000,success
U01673,2024-04-20 02:00:00,card_payment,94000,success
U01673,2024-04-25 21:00:00,card_payment,1148000,success
U01673,2024-06-03 22:00:00,savings_deposit,199000,failed
U01673,2024-06-04 22:00:00,transfer,485000,success
U01673,2024-06-06 16:00:00,bill_payment,101000,success
U01675,2024-01-31 13:00:00,bill_payment,977000,success
U01675,2024-02-11 14:00:00,bill_payment,1026000,success
U01675,2024-02-15 14:00:00,qr_payment,223000,success
U01675,2024-03-25 06:00:00,bill_payment,371000,success
U01676,2024-04-07 13:00:00,loan_repayment,198000,success
U01676,2024-04-13 03:00:00,bill_payment,1423000,success
U01681,2024-04-15 17:00:00,bill_payment,424000,success
U01681,2024-05-01 19:00:00,transfer,1728000,success
U01681,2024-05-01 22:00:00,transfer,538000,success
U01681,2024-05-02 19:00:00,bill_payment,513000,success
U01681,2024-05-22 08:00:00,transfer,1896000,success
U01681,2024-05-24 20:00:00,transfer,180000,success
U01681,2024-05-25 16:00:00,savings_deposit,1101000,success
U01681,2024-05-27 22:00:00,loan_repayment,1875000,success
U01681,2024-06-03 19:00:00,bill_payment,1694000,success
U01681,2024-06-03 22:00:00,bill_payment,949000,success
U01683,2024-04-17 02:00:00,savings_deposit,3434000,success
U01683,2024-04-22 01:00:00,savings_deposit,9316000,success
U01683,2024-05-20 02:00:00,savings_deposit,4564000,success
U01683,2024-05-20 20:00:00,savings_deposit,4617000,success
U01683,2024-05-27 08:00:00,qr_payment,3732000,success
U01683,2024-06-05 08:00:00,qr_payment,6796000,success
U01685,2024-03-30 09:00:00,savings_deposit,31856000,failed
U01685,2024-03-31 00:00:00,transfer,44305000,success
U01685,2024-04-01 20:00:00,loan_repayment,15576000,success
U01685,2024-04-07 23:00:00,transfer,46337000,success
U01685,2024-04-20 02:00:00,transfer,7130000,success
U01685,2024-04-22 21:00:00,transfer,45805000,success
U01685,2024-04-30 04:00:00,loan_repayment,41899000,success
U01685,2024-05-01 03:00:00,transfer,21483000,success
U01685,2024-05-02 22:00:00,loan_repayment,35974000,success
U01685,2024-05-04 07:00:00,transfer,10624000,success
U01685,2024-05-09 02:00:00,savings_deposit,16200000,success
U01685,2024-05-17 19:00:00,transfer,5310000,failed
U01685,2024-05-26 10:00:00,savings_deposit,37235000,success
U01694,2024-02-16 13:00:00,transfer,5831000,success
U01694,2024-04-02 08:00:00,transfer,29438000,success
U01694,2024-04-11 08:00:00,bill_payment,43586000,success
U01703,2024-05-11 12:00:00,card_payment,1323000,success
U01703,2024-05-24 14:00:00,transfer,1600000,success
U01703,2024-06-06 09:00:00,transfer,539000,success
U01703,2024-06-11 09:00:00,bill_payment,791000,success
U01703,2024-06-23 12:00:00,transfer,403000,success
U01704,2024-03-08 21:00:00,bill_payment,9838000,success
U01704,2024-03-15 14:00:00,qr_payment,757000,success
U01712,2024-03-17 20:00:00,savings_deposit,1064000,success
U01712,2024-03-18 23:00:00,bill_payment,1939000,success
U01712,2024-03-30 11:00:00,savings_deposit,1478000,success
U01712,2024-03-31 02:00:00,card_payment,826000,success
U01712,2024-04-02 02:00:00,savings_deposit,1846000,success
U01712,2024-04-16 09:00:00,savings_deposit,1166000,success
U01712,2024-04-24 07:00:00,transfer,1797000,success
U01712,2024-05-03 05:00:00,bill_payment,1344000,failed
U01716,2024-03-11 06:00:00,loan_repayment,7458000,success
U01716,2024-03-12 09:00:00,card_payment,4526000,success
U01716,2024-03-13 04:00:00,savings_deposit,3350000,success
U01716,2024-03-15 13:00:00,bill_payment,3648000,success
U01716,2024-03-26 11:00:00,loan_repayment,6696000,success
U01716,2024-03-31 12:00:00,savings_deposit,9419000,success
U01716,2024-04-01 05:00:00,qr_payment,7514000,success
U01716,2024-04-01 05:00:00,transfer,4819000,success
U01716,2024-04-04 02:00:00,savings_deposit,6444000,success
U01716,2024-04-08 00:00:00,transfer,6316000,success
U01716,2024-04-12 04:00:00,savings_deposit,6720000,success
U01716,2024-04-12 08:00:00,bill_payment,5116000,success
U01716,2024-04-13 12:00:00,savings_deposit,5200000,success
U01716,2024-04-17 06:00:00,loan_repayment,8403000,failed
U01716,2024-04-17 11:00:00,loan_repayment,4716000,success
U01716,2024-04-23 03:00:00,qr_payment,4520000,success
U01716,2024-04-23 08:00:00,qr_payment,5910000,success
U01716,2024-05-01 05:00:00,loan_repayment,2327000,success
U01717,2024-05-04 01:00:00,card_payment,333000,success
U01717,2024-06-10 17:00:00,savings_deposit,703000,success
U01719,2024-04-20 00:00:00,transfer,1886000,success
U01719,2024-05-08 01:00:00,qr_payment,212000,success
U01719,2024-05-14 13:00:00,qr_payment,1776000,success
U01719,2024-05-27 17:00:00,loan_repayment,1556000,success
U01719,2024-05-30 19:00:00,savings_deposit,592000,success
U01719,2024-06-07 03:00:00,card_payment,1733000,success
U01719,2024-06-13 01:00:00,loan_repayment,1686000,success
U01719,2024-06-15 14:00:00,loan_repayment,1843000,success
U01728,2024-04-30 21:00:00,transfer,547000,success
U01728,2024-05-08 07:00:00,card_payment,3563000,failed
U01728,2024-05-15 03:00:00,transfer,6471000,success
U01728,2024-05-17 01:00:00,transfer,8649000,success
U01728,2024-05-22 22:00:00,savings_deposit,2156000,success
U01728,2024-06-20 00:00:00,transfer,1868000,success
U01729,2024-02-16 03:00:00,transfer,1862000,success
U01729,2024-02-27 04:00:00,bill_payment,467000,success
U01729,2024-02-29 07:00:00,qr_payment,1102000,success
U01729,2024-03-13 08:00:00,transfer,269000,success
U01729,2024-03-14 14:00:00,transfer,1313000,failed
U01729,2024-03-15 14:00:00,qr_payment,1845000,success
U01729,2024-03-15 17:00:00,qr_payment,1602000,success
U01729,2024-03-21 05:00:00,qr_payment,1676000,success
U01729,2024-03-22 03:00:00,bill_payment,190000,success
U01729,2024-03-27 16:00:00,bill_payment,590000,success
U01729,2024-03-28 06:00:00,savings_deposit,542000,success
U01729,2024-04-08 19:00:00,loan_repayment,1410000,success
U01733,2024-01-25 02:00:00,card_payment,6999000,success
U01733,2024-01-26 23:00:00,bill_payment,2642000,success
U01733,2024-01-27 05:00:00,transfer,3546000,success
U01733,2024-01-28 05:00:00,bill_payment,2653000,success
U01733,2024-01-30 08:00:00,savings_deposit,8875000,success
U01733,2024-01-30 22:00:00,card_payment,7925000,success
U01733,2024-01-31 06:00:00,bill_payment,1913000,success
U01733,2024-02-01 13:00:00,loan_repayment,4438000,success
U01733,2024-02-05 10:00:00,bill_payment,3855000,failed
U01733,2024-02-07 02:00:00,bill_payment,8013000,success
U01733,2024-02-11 23:00:00,bill_payment,1341000,success
U01733,2024-02-21 01:00:00,savings_deposit,2580000,success
U01735,2024-04-09 18:00:00,qr_payment,5954000,success
U01735,2024-04-14 05:00:00,card_payment,5002000,success
U01735,2024-04-15 23:00:00,savings_deposit,969000,success
U01735,2024-04-21 04:00:00,qr_payment,8500000,success
U01735,2024-04-27 23:00:00,qr_payment,2937000,success
U01735,2024-04-29 15:00:00,card_payment,1374000,success
U01735,2024-05-08 00:00:00,savings_deposit,5223000,success
U01735,2024-05-21 15:00:00,savings_deposit,4480000,success
U01735,2024-05-22 18:00:00,qr_payment,1905000,success
U01735,2024-06-04 06:00:00,transfer,3095000,success
U01738,2024-05-05 10:00:00,loan_repayment,4932000,success
U01739,2024-04-04 14:00:00,loan_repayment,8867000,success
U01739,2024-04-05 22:00:00,savings_deposit,2519000,success
U01739,2024-04-28 17:00:00,bill_payment,1570000,success
U01739,2024-04-29 22:00:00,bill_payment,6491000,success
U01739,2024-05-13 02:00:00,bill_payment,5527000,success
U01739,2024-05-17 19:00:00,bill_payment,3884000,success
U01739,2024-05-30 12:00:00,bill_payment,7943000,failed
U01740,2024-04-12 10:00:00,card_payment,1545000,success
U01742,2024-05-01 07:00:00,loan_repayment,3076000,failed
U01742,2024-05-23 20:00:00,card_payment,5953000,success
U01742,2024-06-08 08:00:00,loan_repayment,3173000,success
U01744,2024-03-17 07:00:00,savings_deposit,23120000,success
U01744,2024-03-22 09:00:00,transfer,47586000,success
U01744,2024-03-24 03:00:00,card_payment,48909000,success
U01744,2024-03-25 21:00:00,savings_deposit,18265000,success
U01744,2024-03-29 05:00:00,savings_deposit,3573000,failed
U01744,2024-04-02 05:00:00,loan_repayment,10170000,success
U01744,2024-04-11 06:00:00,card_payment,29581000,success
U01744,2024-05-01 19:00:00,savings_deposit,41975000,success
U01744,2024-05-03 23:00:00,card_payment,14124000,success
U01744,2024-05-11 04:00:00,loan_repayment,21991000,success
U01744,2024-05-12 17:00:00,bill_payment,3116000,success
U01747,2024-04-26 12:00:00,bill_payment,1158000,success
U01747,2024-05-02 15:00:00,qr_payment,1275000,success
U01747,2024-05-08 11:00:00,savings_deposit,628000,success
U01747,2024-05-13 07:00:00,savings_deposit,1211000,success
U01747,2024-05-28 17:00:00,savings_deposit,1724000,success
U01747,2024-06-05 18:00:00,qr_payment,855000,success
U01747,2024-06-09 13:00:00,savings_deposit,1909000,failed
U01747,2024-06-11 23:00:00,qr_payment,255000,success
U01747,2024-06-12 19:00:00,bill_payment,1731000,success
U01748,2024-02-23 23:00:00,savings_deposit,101000,success
U01748,2024-02-26 02:00:00,transfer,341000,success
U01748,2024-03-09 10:00:00,qr_payment,880000,success
U01748,2024-03-27 10:00:00,bill_payment,1826000,success
U01748,2024-03-31 07:00:00,loan_repayment,974000,success
U01748,2024-04-08 23:00:00,savings_deposit,507000,success
U01748,2024-04-11 12:00:00,bill_payment,1385000,success
U01748,2024-04-12 10:00:00,transfer,1931000,success
U01750,2024-02-08 06:00:00,savings_deposit,395000,success
U01750,2024-02-10 10:00:00,qr_payment,737000,success
U01750,2024-02-19 03:00:00,savings_deposit,670000,success
U01750,2024-03-13 11:00:00,savings_deposit,273000,success
U01750,2024-03-26 10:00:00,bill_payment,1074000,success
U01755,2024-03-31 10:00:00,transfer,2240000,success
U01755,2024-04-05 17:00:00,card_payment,8270000,success
U01755,2024-04-06 11:00:00,qr_payment,8249000,success
U01755,2024-04-20 15:00:00,card_payment,3075000,success
U01755,2024-04-27 10:00:00,qr_payment,6231000,success
U01755,2024-04-28 21:00:00,transfer,9739000,success
U01755,2024-04-29 18:00:00,transfer,8219000,success
U01755,2024-04-30 02:00:00,qr_payment,761000,success
U01755,2024-05-01 15:00:00,transfer,8430000,success
U01755,2024-05-02 11:00:00,qr_payment,1197000,success
U01755,2024-05-05 13:00:00,loan_repayment,241000,success
U01755,2024-05-09 17:00:00,transfer,3553000,success
U01755,2024-05-20 02:00:00,card_payment,3989000,success
U01755,2024-05-25 19:00:00,loan_repayment,9941000,success
U01755,2024-05-27 11:00:00,loan_repayment,6711000,success
U01756,2024-04-08 03:00:00,transfer,2721000,success
U01756,2024-04-08 20:00:00,transfer,2630000,success
U01756,2024-04-17 21:00:00,bill_payment,948000,success
U01756,2024-05-08 08:00:00,qr_payment,7743000,success
U01756,2024-05-11 02:00:00,transfer,5669000,success
U01756,2024-05-20 22:00:00,bill_payment,6096000,success
U01756,2024-05-27 06:00:00,transfer,4350000,success
U01761,2024-04-23 11:00:00,qr_payment,7702000,success
U01761,2024-05-01 08:00:00,qr_payment,7938000,success
U01761,2024-05-14 18:00:00,qr_payment,5809000,success
U01761,2024-05-18 08:00:00,qr_payment,9358000,success
U01761,2024-05-20 12:00:00,qr_payment,235000,failed
U01761,2024-06-04 15:00:00,qr_payment,504000,success
U01761,2024-06-06 03:00:00,qr_payment,4880000,success
U01761,2024-06-11 04:00:00,qr_payment,4204000,success
U01761,2024-06-16 19:00:00,qr_payment,807000,success
U01763,2024-02-18 16:00:00,loan_repayment,5633000,success
U01763,2024-02-26 03:00:00,card_payment,7517000,success
U01763,2024-03-03 17:00:00,transfer,4283000,success
U01763,2024-03-04 19:00:00,card_payment,7286000,success
U01763,2024-03-14 15:00:00,transfer,7166000,success
U01763,2024-03-18 05:00:00,savings_deposit,8539000,success
U01763,2024-03-23 03:00:00,savings_deposit,3553000,failed
U01763,2024-03-28 04:00:00,card_payment,2296000,success
U01763,2024-04-04 23:00:00,savings_deposit,695000,failed
U01763,2024-04-07 17:00:00,savings_deposit,9169000,success
U01763,2024-04-08 14:00:00,loan_repayment,1643000,success
U01763,2024-04-12 02:00:00,card_payment,6203000,success
U01763,2024-04-12 06:00:00,savings_deposit,2706000,success
U01763,2024-04-14 01:00:00,loan_repayment,1908000,success
U01763,2024-04-15 16:00:00,savings_deposit,9092000,failed
U01765,2024-05-07 04:00:00,bill_payment,1132000,success
U01765,2024-05-14 00:00:00,bill_payment,1364000,success
U01765,2024-05-16 19:00:00,bill_payment,8005000,success
U01766,2024-02-17 06:00:00,loan_repayment,3488000,success
U01766,2024-02-25 01:00:00,bill_payment,7134000,success
U01766,2024-03-20 02:00:00,transfer,6378000,success
U01766,2024-03-23 00:00:00,bill_payment,9548000,success
U01768,2024-01-11 22:00:00,qr_payment,1281000,success
U01768,2024-01-12 06:00:00,card_payment,342000,success
U01768,2024-02-15 01:00:00,card_payment,1225000,success
U01768,2024-03-05 07:00:00,card_payment,658000,success
U01769,2024-03-25 06:00:00,transfer,379000,success
U01769,2024-03-25 14:00:00,transfer,1160000,success
U01769,2024-03-30 19:00:00,transfer,998000,success
U01769,2024-03-31 17:00:00,transfer,1181000,success
U01769,2024-04-05 04:00:00,card_payment,653000,success
U01769,2024-04-05 04:00:00,transfer,524000,success
U01769,2024-04-16 04:00:00,transfer,1648000,success
U01769,2024-04-17 15:00:00,card_payment,253000,success
U01769,2024-04-21 14:00:00,transfer,863000,failed
U01769,2024-04-23 15:00:00,card_payment,461000,success
U01769,2024-04-24 11:00:00,bill_payment,234000,success
U01769,2024-04-30 07:00:00,card_payment,932000,success
U01769,2024-05-05 10:00:00,bill_payment,697000,success
U01774,2024-02-16 06:00:00,bill_payment,819000,success
U01774,2024-02-29 18:00:00,transfer,626000,success
U01774,2024-03-06 14:00:00,transfer,921000,success
U01774,2024-03-21 12:00:00,transfer,206000,failed
U01774,2024-03-29 15:00:00,card_payment,140000,success
U01776,2024-01-29 05:00:00,loan_repayment,7818000,success
U01776,2024-01-31 11:00:00,bill_payment,3944000,success
U01776,2024-02-03 09:00:00,bill_payment,1853000,success
U01776,2024-03-08 13:00:00,bill_payment,4959000,success
U01778,2024-04-22 17:00:00,qr_payment,269000,success
U01778,2024-04-27 18:00:00,loan_repayment,1786000,success
U01778,2024-04-27 23:00:00,card_payment,7844000,success
U01778,2024-05-01 00:00:00,savings_deposit,8612000,success
U01778,2024-05-03 20:00:00,card_payment,7602000,failed
U01778,2024-05-21 12:00:00,card_payment,2777000,success
U01778,2024-06-14 12:00:00,savings_deposit,8521000,success
U01782,2024-02-21 12:00:00,loan_repayment,7509000,success
U01782,2024-03-11 17:00:00,loan_repayment,8174000,success
U01782,2024-03-26 13:00:00,qr_payment,6692000,success
U01782,2024-03-26 14:00:00,loan_repayment,6969000,success
U01782,2024-04-05 13:00:00,qr_payment,3231000,success
U01782,2024-04-06 06:00:00,transfer,2121000,success
U01782,2024-04-08 08:00:00,loan_repayment,6062000,success
U01783,2024-03-29 04:00:00,transfer,3767000,success
U01783,2024-03-31 04:00:00,transfer,7489000,success
U01783,2024-04-09 06:00:00,loan_repayment,6751000,success
U01783,2024-04-12 15:00:00,card_payment,7611000,success
U01783,2024-04-14 07:00:00,savings_deposit,419000,success
U01783,2024-04-18 07:00:00,bill_payment,2721000,success
U01783,2024-04-18 15:00:00,transfer,3740000,success
U01783,2024-04-21 17:00:00,transfer,7085000,success
U01783,2024-04-25 05:00:00,card_payment,5467000,success
U01783,2024-05-18 12:00:00,loan_repayment,4047000,success
U01784,2024-02-25 20:00:00,transfer,5147000,failed
U01784,2024-02-26 16:00:00,transfer,5914000,success
U01784,2024-02-28 21:00:00,savings_deposit,5740000,success
U01784,2024-03-10 04:00:00,savings_deposit,6466000,success
U01784,2024-03-22 01:00:00,transfer,7346000,success
U01784,2024-04-04 07:00:00,bill_payment,3844000,success
U01784,2024-04-09 19:00:00,transfer,5166000,success
U01784,2024-04-14 20:00:00,transfer,5557000,success
U01784,2024-04-16 00:00:00,savings_deposit,5892000,success
U01792,2024-01-15 21:00:00,loan_repayment,1639000,success
U01792,2024-02-02 21:00:00,loan_repayment,1967000,success
U01792,2024-02-04 23:00:00,card_payment,387000,success
U01792,2024-02-14 01:00:00,bill_payment,1772000,success
U01792,2024-02-29 19:00:00,card_payment,1311000,success
U01792,2024-03-02 14:00:00,bill_payment,507000,success
U01792,2024-03-03 15:00:00,card_payment,1987000,success
U01792,2024-03-08 21:00:00,savings_deposit,1816000,success
U01792,2024-03-09 18:00:00,loan_repayment,659000,failed
U01793,2024-03-04 15:00:00,card_payment,14510000,success
U01795,2024-03-16 10:00:00,card_payment,7962000,success
U01795,2024-04-13 07:00:00,card_payment,8205000,success
U01795,2024-04-27 11:00:00,qr_payment,7894000,success
U01797,2024-03-04 01:00:00,bill_payment,82000,success
U01797,2024-04-02 21:00:00,bill_payment,196000,success
U01797,2024-04-03 13:00:00,savings_deposit,547000,success
U01797,2024-04-11 02:00:00,bill_payment,1184000,success
U01802,2024-04-10 11:00:00,qr_payment,4922000,success
U01802,2024-04-27 05:00:00,savings_deposit,6486000,success
U01802,2024-05-14 09:00:00,loan_repayment,3414000,failed
U01806,2024-04-14 23:00:00,transfer,726000,success
U01806,2024-05-27 20:00:00,transfer,916000,success
U01810,2024-04-07 22:00:00,bill_payment,1386000,success
U01819,2024-04-13 06:00:00,savings_deposit,1398000,failed
U01819,2024-04-27 05:00:00,qr_payment,7805000,success
U01819,2024-05-03 07:00:00,transfer,5969000,success
U01819,2024-05-15 08:00:00,transfer,3205000,failed
U01825,2024-04-20 15:00:00,loan_repayment,38937000,success
U01825,2024-04-26 15:00:00,loan_repayment,4334000,success
U01825,2024-05-05 01:00:00,loan_repayment,16297000,success
U01825,2024-05-21 20:00:00,loan_repayment,46090000,success
U01825,2024-05-31 20:00:00,savings_deposit,3102000,success
U01825,2024-06-04 06:00:00,transfer,23756000,success
U01825,2024-06-09 19:00:00,qr_payment,43580000,success
U01825,2024-06-12 01:00:00,bill_payment,1081000,success
U01825,2024-06-15 00:00:00,transfer,33730000,success
U01825,2024-06-15 20:00:00,loan_repayment,26830000,success
U01825,2024-06-15 22:00:00,card_payment,3704000,success
U01828,2024-04-17 05:00:00,bill_payment,7954000,success
U01828,2024-04-23 05:00:00,loan_repayment,38278000,success
U01828,2024-05-03 10:00:00,bill_payment,12519000,success
U01828,2024-05-06 17:00:00,card_payment,43204000,success
U01828,2024-05-11 04:00:00,loan_repayment,12525000,success
U01828,2024-05-16 13:00:00,bill_payment,3320000,success
U01832,2024-04-23 08:00:00,bill_payment,24038000,success
U01832,2024-05-14 22:00:00,bill_payment,10644000,success
U01832,2024-05-16 01:00:00,card_payment,29629000,success
U01847,2024-03-24 09:00:00,transfer,27149000,success
U01847,2024-03-27 17:00:00,savings_deposit,19822000,success
U01847,2024-03-30 22:00:00,savings_deposit,34507000,success
U01847,2024-04-03 01:00:00,bill_payment,28638000,success
U01847,2024-04-10 19:00:00,transfer,38442000,success
U01847,2024-04-23 14:00:00,savings_deposit,28479000,failed
U01847,2024-05-10 16:00:00,savings_deposit,36479000,success
U01848,2024-01-31 12:00:00,transfer,2573000,success
U01848,2024-02-25 09:00:00,transfer,49364000,failed
U01848,2024-02-28 10:00:00,transfer,22595000,success
U01851,2024-03-04 03:00:00,bill_payment,1414000,success
U01851,2024-03-08 21:00:00,card_payment,1236000,success
U01851,2024-03-30 03:00:00,bill_payment,1563000,success
U01851,2024-04-04 17:00:00,bill_payment,1101000,success
U01853,2024-01-26 06:00:00,bill_payment,8450000,success
U01853,2024-02-03 16:00:00,loan_repayment,22837000,success
U01853,2024-02-14 11:00:00,transfer,46882000,success
U01853,2024-02-24 05:00:00,bill_payment,4671000,success
U01853,2024-03-12 10:00:00,loan_repayment,49619000,success
U01854,2024-04-13 01:00:00,card_payment,5848000,success
U01854,2024-04-13 18:00:00,bill_payment,3485000,success
U01854,2024-04-14 03:00:00,loan_repayment,9177000,success
U01854,2024-05-10 17:00:00,loan_repayment,2092000,success
U01854,2024-05-10 18:00:00,card_payment,5457000,success
U01854,2024-05-14 12:00:00,bill_payment,5532000,success
U01854,2024-05-14 22:00:00,bill_payment,5177000,success
U01854,2024-05-24 20:00:00,card_payment,2792000,failed
U01854,2024-06-05 13:00:00,loan_repayment,8676000,success
U01854,2024-06-07 13:00:00,bill_payment,3978000,success
U01854,2024-06-11 04:00:00,transfer,9216000,success
U01855,2024-03-20 09:00:00,savings_deposit,3194000,success
U01855,2024-04-05 16:00:00,savings_deposit,1074000,success
U01855,2024-04-17 22:00:00,loan_repayment,6609000,success
U01855,2024-05-02 14:00:00,bill_payment,919000,success
U01855,2024-05-02 23:00:00,loan_repayment,6861000,success
U01857,2024-01-11 01:00:00,savings_deposit,5973000,success
U01857,2024-01-13 05:00:00,card_payment,9559000,success
U01857,2024-02-02 14:00:00,loan_repayment,429000,success
U01857,2024-02-18 23:00:00,savings_deposit,4165000,success
U01857,2024-02-19 09:00:00,loan_repayment,4740000,success
U01857,2024-02-26 00:00:00,bill_payment,4319000,success
U01857,2024-03-10 23:00:00,bill_payment,306000,success
U01858,2024-04-19 04:00:00,bill_payment,2152000,success
U01858,2024-04-30 08:00:00,bill_payment,6885000,success
U01858,2024-05-08 05:00:00,bill_payment,1632000,success
U01858,2024-06-07 06:00:00,bill_payment,7403000,success
U01861,2024-02-19 16:00:00,bill_payment,48813000,success
U01861,2024-02-20 16:00:00,savings_deposit,4484000,success
U01861,2024-02-23 18:00:00,savings_deposit,28253000,success
U01861,2024-02-26 12:00:00,savings_deposit,31733000,failed
U01861,2024-03-17 09:00:00,bill_payment,17351000,success
U01861,2024-03-22 20:00:00,bill_payment,11217000,success
U01864,2024-04-22 02:00:00,loan_repayment,42685000,success
U01864,2024-05-08 01:00:00,transfer,32054000,failed
U01864,2024-05-27 09:00:00,savings_deposit,12661000,success
U01864,2024-05-30 13:00:00,loan_repayment,15625000,success
U01864,2024-06-04 07:00:00,loan_repayment,40592000,success
U01864,2024-06-06 03:00:00,loan_repayment,6929000,success
U01864,2024-06-09 17:00:00,qr_payment,37206000,success
U01864,2024-06-11 04:00:00,transfer,16281000,success
U01865,2024-04-27 02:00:00,savings_deposit,9757000,success
U01865,2024-04-30 03:00:00,savings_deposit,1000000,success
U01865,2024-05-01 07:00:00,card_payment,3560000,success
U01865,2024-06-11 23:00:00,card_payment,3004000,success
U01865,2024-06-14 10:00:00,card_payment,3508000,success
U01866,2024-02-02 21:00:00,qr_payment,1139000,failed
U01866,2024-03-26 18:00:00,bill_payment,275000,success
U01876,2024-02-04 06:00:00,qr_payment,45401000,failed
U01876,2024-02-05 11:00:00,card_payment,10472000,success
U01876,2024-02-06 13:00:00,transfer,2091000,success
U01876,2024-02-12 07:00:00,transfer,17256000,success
U01876,2024-02-12 11:00:00,transfer,41787000,success
U01876,2024-02-20 08:00:00,qr_payment,44317000,success
U01876,2024-02-25 19:00:00,savings_deposit,32539000,success
U01876,2024-03-06 12:00:00,card_payment,23751000,success
U01876,2024-03-07 05:00:00,transfer,4212000,success
U01876,2024-03-10 14:00:00,transfer,20448000,success
U01877,2024-01-18 13:00:00,card_payment,19728000,failed
U01877,2024-01-20 09:00:00,loan_repayment,6976000,success
U01877,2024-01-20 23:00:00,qr_payment,47535000,success
U01877,2024-01-22 23:00:00,qr_payment,42448000,success
U01877,2024-01-23 15:00:00,card_payment,31015000,success
U01877,2024-01-26 16:00:00,qr_payment,41028000,success
U01877,2024-02-14 19:00:00,loan_repayment,39818000,failed
U01877,2024-02-15 15:00:00,loan_repayment,35161000,success
U01877,2024-02-21 18:00:00,loan_repayment,34144000,success
U01877,2024-03-06 00:00:00,qr_payment,31062000,success
U01877,2024-03-06 19:00:00,qr_payment,36767000,success
U01877,2024-03-07 09:00:00,qr_payment,26799000,success
U01877,2024-03-07 17:00:00,card_payment,31271000,success
U01877,2024-03-11 22:00:00,card_payment,1834000,success
U01878,2024-03-16 05:00:00,transfer,6771000,success
U01878,2024-03-20 00:00:00,qr_payment,6400000,success
U01878,2024-03-23 21:00:00,transfer,3692000,failed
U01878,2024-03-28 17:00:00,card_payment,3590000,success
U01878,2024-03-31 17:00:00,card_payment,2304000,success
U01878,2024-04-03 22:00:00,transfer,1262000,success
U01878,2024-04-06 19:00:00,loan_repayment,6633000,success
U01878,2024-04-13 19:00:00,card_payment,1218000,success
U01878,2024-04-17 15:00:00,transfer,1780000,success
U01878,2024-04-24 23:00:00,transfer,422000,success
U01878,2024-04-30 00:00:00,card_payment,8534000,success
U01880,2024-04-14 12:00:00,transfer,3470000,success
U01880,2024-04-21 00:00:00,transfer,14751000,success
U01880,2024-04-29 15:00:00,qr_payment,14935000,success
U01880,2024-05-14 19:00:00,transfer,45496000,success
U01880,2024-05-22 10:00:00,transfer,20737000,success
U01880,2024-05-29 15:00:00,transfer,26623000,success
U01880,2024-06-02 10:00:00,transfer,27868000,success
U01880,2024-06-05 18:00:00,transfer,27489000,success
U01885,2024-01-25 07:00:00,card_payment,2373000,success
U01885,2024-02-09 08:00:00,card_payment,8118000,success
U01885,2024-02-24 14:00:00,card_payment,9539000,success
U01886,2024-01-25 19:00:00,bill_payment,630000,success
U01886,2024-02-05 08:00:00,bill_payment,1687000,success
U01888,2024-02-24 15:00:00,transfer,995000,success
U01888,2024-03-05 05:00:00,card_payment,1352000,failed
U01888,2024-03-05 17:00:00,qr_payment,335000,success
U01888,2024-03-15 12:00:00,transfer,1560000,success
U01888,2024-04-06 16:00:00,card_payment,1823000,success
U01889,2024-04-16 12:00:00,card_payment,8281000,success
U01889,2024-04-29 14:00:00,loan_repayment,6394000,success
U01889,2024-05-07 19:00:00,transfer,4031000,success
U01889,2024-05-11 12:00:00,loan_repayment,8134000,success
U01889,2024-05-24 10:00:00,bill_payment,845000,success
U01889,2024-05-31 20:00:00,card_payment,7583000,success
U01889,2024-06-02 16:00:00,qr_payment,477000,success
U01889,2024-06-03 14:00:00,loan_repayment,6352000,success
U01889,2024-06-03 16:00:00,qr_payment,7143000,success
U01889,2024-06-05 20:00:00,loan_repayment,7758000,success
U01889,2024-06-07 08:00:00,loan_repayment,1724000,success
U01891,2024-02-02 04:00:00,savings_deposit,3934000,success
U01891,2024-02-11 15:00:00,card_payment,5648000,success
U01891,2024-02-12 23:00:00,bill_payment,9213000,success
U01891,2024-02-22 05:00:00,bill_payment,9410000,success
U01891,2024-02-26 09:00:00,loan_repayment,7671000,success
U01891,2024-02-27 09:00:00,card_payment,7430000,success
U01891,2024-02-28 05:00:00,loan_repayment,6877000,success
U01891,2024-02-28 14:00:00,transfer,1584000,failed
U01891,2024-03-01 07:00:00,bill_payment,8592000,success
U01891,2024-03-06 00:00:00,loan_repayment,7727000,success
U01891,2024-03-07 04:00:00,qr_payment,3717000,success
U01891,2024-03-07 11:00:00,bill_payment,6051000,success
U01891,2024-03-17 14:00:00,savings_deposit,6185000,success
U01891,2024-03-19 10:00:00,loan_repayment,3700000,success
U01891,2024-03-25 01:00:00,transfer,2738000,success
U01891,2024-03-28 05:00:00,loan_repayment,7724000,success
U01891,2024-03-29 05:00:00,savings_deposit,7420000,success
U01892,2024-03-23 08:00:00,savings_deposit,1377000,failed
U01892,2024-03-25 02:00:00,bill_payment,1328000,success
U01892,2024-03-30 04:00:00,qr_payment,645000,success
U01892,2024-03-30 04:00:00,bill_payment,1573000,success
U01892,2024-04-02 00:00:00,bill_payment,552000,success
U01892,2024-04-08 04:00:00,bill_payment,619000,success
U01892,2024-04-09 12:00:00,qr_payment,1670000,success
U01892,2024-04-11 13:00:00,card_payment,542000,success
U01892,2024-04-15 03:00:00,loan_repayment,623000,success
U01892,2024-04-15 06:00:00,bill_payment,380000,success
U01892,2024-04-18 07:00:00,transfer,2000000,success
U01892,2024-04-19 23:00:00,bill_payment,154000,success
U01892,2024-04-26 09:00:00,qr_payment,1438000,success
U01892,2024-05-01 10:00:00,loan_repayment,994000,success
U01892,2024-05-05 03:00:00,card_payment,1059000,success
U01893,2024-02-28 07:00:00,transfer,935000,success
U01893,2024-03-11 12:00:00,bill_payment,986000,success
U01893,2024-03-13 07:00:00,savings_deposit,1441000,success
U01893,2024-03-17 13:00:00,bill_payment,775000,success
U01893,2024-04-12 18:00:00,loan_repayment,1511000,failed
U01894,2024-01-09 07:00:00,savings_deposit,5452000,success
U01894,2024-01-09 19:00:00,loan_repayment,6573000,success
U01894,2024-01-15 18:00:00,card_payment,1831000,success
U01894,2024-01-16 13:00:00,transfer,5617000,success
U01894,2024-01-25 18:00:00,card_payment,441000,success
U01894,2024-01-26 17:00:00,loan_repayment,7129000,success
U01894,2024-01-27 08:00:00,transfer,8563000,success
U01894,2024-01-29 16:00:00,savings_deposit,8570000,success
U01894,2024-02-08 18:00:00,savings_deposit,2363000,success
U01894,2024-02-26 10:00:00,transfer,1405000,success
U01894,2024-02-26 12:00:00,qr_payment,4611000,failed
U01894,2024-02-27 10:00:00,card_payment,5926000,success
U01894,2024-03-03 08:00:00,savings_deposit,2460000,success
U01894,2024-03-04 11:00:00,card_payment,2043000,success
U01901,2024-03-14 00:00:00,transfer,1224000,success
U01901,2024-03-27 22:00:00,loan_repayment,203000,success
U01901,2024-04-30 02:00:00,transfer,1076000,success
U01902,2024-01-17 15:00:00,qr_payment,44801000,failed
U01902,2024-01-21 16:00:00,card_payment,15037000,success
U01902,2024-02-04 20:00:00,loan_repayment,7470000,success
U01902,2024-02-22 17:00:00,card_payment,18179000,success
U01902,2024-03-04 17:00:00,loan_repayment,39374000,success
U01902,2024-03-05 20:00:00,card_payment,2192000,success
U01906,2024-03-12 06:00:00,loan_repayment,2962000,success
U01906,2024-04-04 20:00:00,bill_payment,6099000,success
U01906,2024-04-05 19:00:00,loan_repayment,9404000,success
U01906,2024-04-06 17:00:00,loan_repayment,7407000,failed
U01906,2024-04-14 10:00:00,card_payment,7726000,success
U01906,2024-04-23 12:00:00,bill_payment,5957000,success
U01906,2024-04-29 11:00:00,qr_payment,9241000,success
U01910,2024-03-24 03:00:00,transfer,254000,success
U01910,2024-03-26 18:00:00,qr_payment,633000,success
U01910,2024-03-31 02:00:00,bill_payment,1127000,success
U01910,2024-04-06 18:00:00,qr_payment,1507000,success
U01910,2024-04-08 04:00:00,loan_repayment,80000,success
U01910,2024-04-09 19:00:00,bill_payment,1642000,failed
U01910,2024-04-12 16:00:00,transfer,1588000,success
U01910,2024-04-13 00:00:00,bill_payment,1845000,success
U01910,2024-04-16 16:00:00,savings_deposit,1650000,success
U01910,2024-04-17 02:00:00,savings_deposit,1377000,success
U01910,2024-05-04 22:00:00,savings_deposit,1414000,success
U01910,2024-05-06 08:00:00,bill_payment,1394000,success
U01910,2024-05-11 00:00:00,card_payment,1191000,success
U01910,2024-05-12 20:00:00,bill_payment,1356000,success
U01910,2024-05-14 02:00:00,loan_repayment,1758000,success
U01911,2024-01-22 11:00:00,transfer,30467000,success
U01911,2024-02-02 08:00:00,savings_deposit,35898000,success
U01911,2024-02-04 16:00:00,savings_deposit,30993000,failed
U01911,2024-02-05 00:00:00,card_payment,26961000,success
U01911,2024-02-15 08:00:00,card_payment,40680000,success
U01911,2024-02-16 01:00:00,transfer,14939000,success
U01911,2024-02-25 09:00:00,transfer,17131000,success
U01911,2024-03-05 05:00:00,savings_deposit,31953000,success
U01911,2024-03-11 16:00:00,transfer,24468000,success
U01911,2024-03-13 08:00:00,card_payment,20539000,success
U01912,2024-03-04 19:00:00,bill_payment,6545000,success
U01912,2024-03-14 04:00:00,savings_deposit,9823000,success
U01912,2024-03-30 00:00:00,savings_deposit,8072000,success
U01912,2024-04-02 20:00:00,savings_deposit,2718000,success
U01912,2024-04-10 20:00:00,qr_payment,8658000,success
U01912,2024-04-13 22:00:00,transfer,2423000,success
U01912,2024-04-20 04:00:00,qr_payment,777000,success
U01912,2024-04-28 20:00:00,bill_payment,3693000,success
U01916,2024-01-08 00:00:00,card_payment,22538000,success
U01916,2024-01-15 10:00:00,card_payment,45456000,success
U01916,2024-01-17 00:00:00,card_payment,34322000,success
U01916,2024-01-17 07:00:00,qr_payment,11819000,success
U01916,2024-01-20 02:00:00,loan_repayment,7267000,success
U01916,2024-01-21 04:00:00,loan_repayment,25495000,success
U01916,2024-01-30 15:00:00,card_payment,30835000,success
U01916,2024-02-03 14:00:00,qr_payment,36754000,success
U01916,2024-02-07 05:00:00,loan_repayment,9087000,success
U01916,2024-02-10 00:00:00,savings_deposit,14830000,success
U01916,2024-02-12 10:00:00,transfer,17390000,success
U01916,2024-02-26 13:00:00,savings_deposit,44421000,success
U01916,2024-02-27 00:00:00,loan_repayment,24510000,success
U01918,2024-04-17 04:00:00,card_payment,37987000,success
U01918,2024-04-27 01:00:00,transfer,15153000,failed
U01918,2024-04-28 03:00:00,loan_repayment,42360000,success
U01918,2024-04-28 07:00:00,card_payment,17747000,success
U01918,2024-04-29 15:00:00,card_payment,42892000,success
U01918,2024-05-09 19:00:00,card_payment,29803000,success
U01918,2024-05-09 19:00:00,savings_deposit,33462000,failed
U01918,2024-06-04 00:00:00,card_payment,16115000,failed
U01918,2024-06-05 15:00:00,card_payment,8135000,success
U01925,2024-03-26 15:00:00,card_payment,631000,success
U01925,2024-04-11 16:00:00,card_payment,586000,success
U01925,2024-04-11 23:00:00,card_payment,1339000,failed
U01925,2024-04-13 01:00:00,card_payment,162000,success
U01925,2024-04-26 17:00:00,card_payment,649000,success
U01925,2024-04-30 02:00:00,card_payment,1235000,success
U01925,2024-05-06 04:00:00,transfer,1521000,success
U01925,2024-05-17 13:00:00,card_payment,803000,success
U01930,2024-03-02 04:00:00,card_payment,1125000,success
U01930,2024-03-08 02:00:00,transfer,283000,failed
U01930,2024-03-15 12:00:00,qr_payment,1577000,failed
U01930,2024-03-22 03:00:00,qr_payment,1543000,success
U01930,2024-03-25 08:00:00,bill_payment,919000,success
U01930,2024-03-26 03:00:00,transfer,548000,success
U01930,2024-04-17 06:00:00,qr_payment,228000,success
U01930,2024-04-20 05:00:00,card_payment,998000,success
U01930,2024-04-21 17:00:00,loan_repayment,1381000,success
U01931,2024-02-26 03:00:00,qr_payment,528000,success
U01931,2024-03-09 05:00:00,qr_payment,9445000,success
U01931,2024-03-21 02:00:00,qr_payment,6445000,success
U01931,2024-03-25 01:00:00,card_payment,8259000,success
U01931,2024-04-03 18:00:00,bill_payment,699000,success
U01931,2024-04-14 00:00:00,qr_payment,6417000,success
U01942,2024-03-20 06:00:00,bill_payment,1575000,success
U01942,2024-03-26 06:00:00,loan_repayment,1314000,success
U01942,2024-03-28 05:00:00,transfer,1414000,success
U01942,2024-04-05 00:00:00,savings_deposit,1789000,success
U01942,2024-04-05 01:00:00,bill_payment,627000,success
U01942,2024-04-05 03:00:00,loan_repayment,1039000,success
U01942,2024-04-13 00:00:00,qr_payment,1369000,success
U01942,2024-04-16 07:00:00,bill_payment,1676000,success
U01942,2024-04-21 03:00:00,bill_payment,284000,success
U01942,2024-05-02 05:00:00,card_payment,345000,success
U01942,2024-05-02 11:00:00,qr_payment,269000,success
U01942,2024-05-02 23:00:00,savings_deposit,310000,failed
U01942,2024-05-09 11:00:00,bill_payment,1654000,success
U01942,2024-05-09 23:00:00,savings_deposit,209000,success
U01942,2024-05-10 19:00:00,card_payment,802000,success
U01942,2024-05-11 09:00:00,bill_payment,1380000,success
U01942,2024-05-13 10:00:00,savings_deposit,642000,success
U01942,2024-05-13 20:00:00,loan_repayment,580000,success
U01942,2024-05-14 10:00:00,bill_payment,574000,success
U01942,2024-05-15 03:00:00,transfer,349000,success
U01943,2024-01-20 21:00:00,savings_deposit,107000,success
U01943,2024-01-28 17:00:00,bill_payment,370000,success
U01943,2024-02-04 17:00:00,savings_deposit,1027000,success
U01943,2024-02-11 17:00:00,savings_deposit,1349000,success
U01943,2024-02-13 19:00:00,loan_repayment,690000,success
U01943,2024-02-26 06:00:00,bill_payment,635000,success
U01943,2024-03-15 19:00:00,qr_payment,1665000,success
U01944,2024-01-20 16:00:00,card_payment,9458000,success
U01944,2024-02-04 13:00:00,card_payment,45875000,success
U01944,2024-02-07 20:00:00,card_payment,31213000,failed
U01944,2024-03-10 15:00:00,card_payment,31136000,success
U01947,2024-03-30 00:00:00,qr_payment,5749000,success
U01947,2024-04-07 23:00:00,card_payment,7447000,success
U01947,2024-04-27 05:00:00,card_payment,9240000,failed
U01947,2024-05-11 12:00:00,loan_repayment,9208000,success
U01949,2024-03-20 14:00:00,loan_repayment,419000,success
U01949,2024-03-23 14:00:00,transfer,7753000,success
U01949,2024-03-27 05:00:00,transfer,7071000,success
U01949,2024-03-30 01:00:00,loan_repayment,1636000,success
U01949,2024-04-15 14:00:00,savings_deposit,7755000,success
U01949,2024-04-29 01:00:00,savings_deposit,9965000,success
U01949,2024-04-30 01:00:00,transfer,6468000,success
U01950,2024-03-20 21:00:00,bill_payment,4073000,success
U01950,2024-03-22 06:00:00,card_payment,1158000,success
U01950,2024-04-12 05:00:00,qr_payment,4490000,success
U01950,2024-04-13 20:00:00,qr_payment,6650000,success
U01950,2024-04-23 16:00:00,bill_payment,8566000,success
U01952,2024-03-20 23:00:00,card_payment,1551000,success
U01955,2024-03-14 00:00:00,card_payment,586000,success
U01955,2024-03-15 07:00:00,transfer,32976000,success
U01955,2024-03-18 10:00:00,card_payment,6445000,success
U01955,2024-03-20 08:00:00,savings_deposit,19801000,success
U01955,2024-03-21 13:00:00,transfer,18049000,success
U01955,2024-04-05 12:00:00,transfer,49766000,success
U01955,2024-04-12 04:00:00,card_payment,45924000,success
U01955,2024-04-12 22:00:00,savings_deposit,5199000,success
U01955,2024-04-20 07:00:00,bill_payment,638000,success
U01955,2024-04-29 11:00:00,qr_payment,10302000,success
U01955,2024-05-08 03:00:00,bill_payment,23251000,success
U01958,2024-03-09 08:00:00,bill_payment,38996000,success
U01958,2024-03-17 05:00:00,card_payment,23607000,failed
U01958,2024-03-30 06:00:00,bill_payment,26283000,failed
U01958,2024-04-03 12:00:00,card_payment,10396000,success
U01958,2024-04-22 09:00:00,card_payment,33788000,success
U01958,2024-04-24 07:00:00,bill_payment,35384000,success
U01958,2024-04-29 01:00:00,card_payment,36497000,success
U01959,2024-03-27 01:00:00,transfer,5656000,success
U01959,2024-03-31 22:00:00,bill_payment,8834000,success
U01959,2024-04-16 08:00:00,loan_repayment,4169000,success
U01959,2024-04-16 14:00:00,transfer,4642000,success
U01959,2024-04-17 05:00:00,transfer,3552000,success
U01959,2024-04-22 09:00:00,loan_repayment,2101000,success
U01959,2024-04-28 07:00:00,card_payment,7021000,success
U01959,2024-04-30 02:00:00,loan_repayment,192000,success
U01959,2024-05-03 14:00:00,savings_deposit,7177000,success
U01962,2024-04-17 06:00:00,transfer,38165000,success
U01962,2024-04-27 04:00:00,loan_repayment,8221000,success
U01962,2024-05-06 05:00:00,card_payment,17136000,success
U01962,2024-05-10 16:00:00,loan_repayment,1371000,success
U01962,2024-05-21 08:00:00,bill_payment,3054000,success
U01962,2024-06-01 17:00:00,transfer,1857000,success
U01962,2024-06-05 15:00:00,bill_payment,5909000,success
U01962,2024-06-07 11:00:00,qr_payment,30469000,success
U01962,2024-06-08 16:00:00,loan_repayment,18569000,success
U01965,2024-06-06 00:00:00,loan_repayment,7737000,failed
U01967,2024-04-05 02:00:00,bill_payment,45691000,success
U01967,2024-04-05 09:00:00,savings_deposit,25405000,success
U01967,2024-04-14 02:00:00,card_payment,34331000,success
U01967,2024-04-17 06:00:00,bill_payment,15416000,success
U01967,2024-04-20 11:00:00,card_payment,28879000,failed
U01967,2024-04-24 08:00:00,savings_deposit,38096000,success
U01967,2024-04-28 06:00:00,card_payment,23803000,success
U01967,2024-04-29 04:00:00,savings_deposit,36126000,success
U01967,2024-05-06 06:00:00,card_payment,45065000,success
U01967,2024-05-08 07:00:00,bill_payment,33181000,success
U01967,2024-05-22 07:00:00,bill_payment,17806000,success
U01967,2024-05-24 08:00:00,bill_payment,40161000,success
U01967,2024-05-25 12:00:00,bill_payment,40969000,success
U01969,2024-04-11 18:00:00,savings_deposit,466000,success
U01969,2024-04-12 18:00:00,savings_deposit,1783000,success
U01969,2024-04-19 11:00:00,transfer,665000,success
U01969,2024-04-20 15:00:00,qr_payment,868000,success
U01969,2024-04-20 18:00:00,card_payment,645000,success
U01969,2024-04-20 19:00:00,savings_deposit,977000,failed
U01969,2024-05-05 14:00:00,transfer,1446000,failed
U01969,2024-05-08 00:00:00,card_payment,430000,success
U01969,2024-05-09 17:00:00,qr_payment,1292000,failed
U01969,2024-05-10 23:00:00,card_payment,171000,success
U01969,2024-05-11 02:00:00,loan_repayment,1127000,success
U01969,2024-05-12 23:00:00,card_payment,271000,failed
U01969,2024-05-16 15:00:00,qr_payment,547000,success
U01969,2024-05-19 17:00:00,qr_payment,918000,success
U01969,2024-05-21 02:00:00,loan_repayment,1664000,success
U01969,2024-06-06 15:00:00,card_payment,1861000,success
U01969,2024-06-09 18:00:00,savings_deposit,1690000,success
U01972,2024-05-20 08:00:00,transfer,3287000,failed
U01972,2024-05-25 09:00:00,card_payment,4926000,success
U01972,2024-05-31 01:00:00,transfer,1206000,success
U01977,2024-02-14 13:00:00,card_payment,6126000,success
U01977,2024-03-17 18:00:00,card_payment,2169000,success
U01977,2024-03-25 22:00:00,card_payment,4992000,success
U01982,2024-03-28 03:00:00,loan_repayment,1578000,success
U01983,2024-03-17 07:00:00,card_payment,4569000,success
U01983,2024-03-20 14:00:00,card_payment,6305000,success
U01983,2024-03-21 05:00:00,card_payment,5105000,success
U01983,2024-04-17 06:00:00,bill_payment,4037000,success
U01989,2024-03-30 14:00:00,savings_deposit,5119000,success
U01989,2024-04-09 15:00:00,loan_repayment,1693000,success
U01989,2024-04-13 03:00:00,qr_payment,2290000,success
U01989,2024-04-26 18:00:00,savings_deposit,7663000,success
U01989,2024-05-19 18:00:00,qr_payment,3475000,success
U01989,2024-05-22 15:00:00,savings_deposit,610000,success
U01990,2024-02-05 07:00:00,card_payment,11280000,success
U01990,2024-02-13 13:00:00,card_payment,6883000,success
U01990,2024-02-20 10:00:00,transfer,36669000,success
U01990,2024-02-22 06:00:00,qr_payment,39021000,success
U01990,2024-03-10 21:00:00,qr_payment,48504000,success
U01990,2024-03-15 09:00:00,qr_payment,5290000,success
U01990,2024-03-20 09:00:00,qr_payment,7271000,success
U01990,2024-03-31 09:00:00,card_payment,27686000,success
U01990,2024-04-04 17:00:00,transfer,5306000,success
U02003,2024-04-09 09:00:00,card_payment,442000,success
U02003,2024-05-02 11:00:00,card_payment,1611000,success
U02003,2024-05-03 11:00:00,transfer,1603000,success
U02003,2024-05-04 20:00:00,card_payment,1300000,success
U02003,2024-05-10 12:00:00,qr_payment,1921000,success
U02003,2024-05-19 20:00:00,loan_repayment,685000,success
U02003,2024-05-21 14:00:00,qr_payment,1837000,success
U02003,2024-05-22 22:00:00,qr_payment,177000,failed
U02004,2024-02-25 18:00:00,savings_deposit,4689000,success
U02004,2024-02-29 15:00:00,loan_repayment,3502000,success
U02004,2024-03-07 18:00:00,loan_repayment,6093000,success
U02004,2024-03-12 17:00:00,card_payment,723000,success
U02004,2024-03-14 11:00:00,transfer,4091000,success
U02004,2024-03-14 12:00:00,transfer,4549000,success
U02004,2024-03-16 10:00:00,card_payment,1223000,success
U02004,2024-03-16 12:00:00,loan_repayment,676000,success
U02004,2024-03-21 14:00:00,qr_payment,4308000,success
U02004,2024-03-21 18:00:00,transfer,2227000,failed
U02004,2024-03-25 09:00:00,savings_deposit,3125000,success
U02004,2024-03-30 15:00:00,loan_repayment,9148000,success
U02004,2024-04-06 21:00:00,card_payment,7006000,success
U02004,2024-04-07 17:00:00,transfer,4033000,failed
U02004,2024-04-08 13:00:00,card_payment,9357000,success
U02004,2024-04-18 09:00:00,savings_deposit,3037000,success
U02004,2024-04-18 16:00:00,transfer,3357000,success
U02005,2024-04-14 23:00:00,transfer,246000,success
U02005,2024-04-17 20:00:00,bill_payment,9490000,failed
U02005,2024-04-26 02:00:00,qr_payment,2076000,success
U02005,2024-05-01 23:00:00,bill_payment,3695000,success
U02005,2024-05-16 14:00:00,bill_payment,8675000,success
U02005,2024-05-30 03:00:00,card_payment,8814000,success
U02005,2024-06-14 02:00:00,transfer,7916000,success
U02007,2024-03-16 21:00:00,savings_deposit,7974000,success
U02007,2024-03-19 17:00:00,qr_payment,8522000,success
U02007,2024-03-20 22:00:00,bill_payment,7423000,success
U02007,2024-03-29 14:00:00,loan_repayment,8606000,success
U02007,2024-04-05 13:00:00,card_payment,5540000,success
U02007,2024-04-06 11:00:00,savings_deposit,9896000,success
U02007,2024-04-14 15:00:00,bill_payment,9205000,success
U02007,2024-04-18 01:00:00,card_payment,1588000,success
U02007,2024-04-22 16:00:00,savings_deposit,8630000,success
U02007,2024-04-24 22:00:00,card_payment,1273000,success
U02007,2024-04-27 15:00:00,savings_deposit,2356000,success
U02007,2024-05-02 01:00:00,qr_payment,518000,success
U02007,2024-05-04 00:00:00,savings_deposit,9414000,success
U02007,2024-05-04 01:00:00,savings_deposit,1925000,failed
U02008,2024-01-13 21:00:00,transfer,4070000,success
U02008,2024-01-27 21:00:00,card_payment,27587000,success
U02008,2024-02-12 20:00:00,transfer,41087000,success
U02008,2024-02-13 17:00:00,loan_repayment,30028000,success
U02008,2024-02-14 02:00:00,qr_payment,49688000,success
U02008,2024-02-27 13:00:00,transfer,5091000,success
U02008,2024-03-01 20:00:00,transfer,6895000,success
U02008,2024-03-04 17:00:00,loan_repayment,22769000,success
U02008,2024-03-05 22:00:00,loan_repayment,48969000,success
U02011,2024-03-14 21:00:00,transfer,9744000,success
U02011,2024-03-25 00:00:00,card_payment,34703000,success
U02011,2024-04-09 05:00:00,transfer,42784000,success
U02011,2024-04-10 02:00:00,transfer,49851000,success
U02011,2024-04-15 22:00:00,transfer,44728000,success
U02011,2024-05-11 13:00:00,transfer,16460000,success
U02014,2024-01-24 20:00:00,qr_payment,21485000,success
U02014,2024-01-29 05:00:00,bill_payment,16892000,success
U02014,2024-01-31 21:00:00,bill_payment,36420000,failed
U02014,2024-02-04 19:00:00,bill_payment,31395000,success
U02014,2024-02-07 23:00:00,qr_payment,4223000,success
U02014,2024-02-13 05:00:00,bill_payment,49655000,failed
U02014,2024-02-24 03:00:00,savings_deposit,41446000,success
U02016,2024-02-19 15:00:00,card_payment,1259000,success
U02016,2024-02-22 10:00:00,loan_repayment,1524000,success
U02016,2024-03-03 17:00:00,loan_repayment,3972000,success
U02016,2024-03-09 19:00:00,loan_repayment,6034000,success
U02018,2024-03-29 22:00:00,loan_repayment,4480000,success
U02018,2024-04-27 06:00:00,savings_deposit,8918000,failed
U02018,2024-05-09 19:00:00,bill_payment,1768000,success
U02018,2024-05-22 09:00:00,savings_deposit,41522000,success
U02018,2024-05-23 22:00:00,bill_payment,18471000,success
U02021,2024-04-28 07:00:00,savings_deposit,9860000,success
U02021,2024-05-03 16:00:00,card_payment,2504000,success
U02021,2024-05-07 11:00:00,card_payment,3788000,success
U02021,2024-05-25 07:00:00,bill_payment,5842000,success
U02021,2024-06-01 18:00:00,card_payment,9423000,success
U02021,2024-06-02 11:00:00,bill_payment,3853000,success
U02021,2024-06-16 13:00:00,bill_payment,1644000,success
U02021,2024-06-16 18:00:00,card_payment,1273000,success
U02022,2024-04-10 04:00:00,bill_payment,6960000,success
U02022,2024-04-24 07:00:00,loan_repayment,184000,success
U02022,2024-04-27 20:00:00,loan_repayment,5343000,success
U02022,2024-05-01 16:00:00,savings_deposit,1142000,success
U02022,2024-05-02 05:00:00,bill_payment,7761000,success
U02022,2024-05-02 09:00:00,bill_payment,3608000,success
U02022,2024-05-02 10:00:00,savings_deposit,8544000,success
U02022,2024-05-06 17:00:00,qr_payment,2485000,success
U02022,2024-05-08 15:00:00,bill_payment,7579000,success
U02022,2024-05-23 15:00:00,transfer,430000,success
U02022,2024-05-26 13:00:00,loan_repayment,9363000,success
U02027,2024-03-15 20:00:00,bill_payment,976000,success
U02027,2024-03-17 09:00:00,loan_repayment,2608000,success
U02027,2024-03-17 10:00:00,loan_repayment,5577000,success
U02027,2024-03-25 16:00:00,transfer,9204000,success
U02027,2024-04-09 18:00:00,loan_repayment,7522000,success
U02027,2024-04-13 08:00:00,loan_repayment,9582000,success
U02027,2024-04-17 19:00:00,transfer,8395000,success
U02028,2024-01-30 19:00:00,loan_repayment,3014000,success
U02028,2024-02-04 21:00:00,loan_repayment,7366000,success
U02028,2024-02-15 13:00:00,loan_repayment,1215000,success
U02028,2024-02-27 23:00:00,qr_payment,158000,success
U02028,2024-03-07 22:00:00,transfer,7200000,success
U02028,2024-03-12 07:00:00,qr_payment,7110000,success
U02030,2024-03-13 04:00:00,qr_payment,1796000,success
U02030,2024-03-18 05:00:00,qr_payment,4499000,success
U02030,2024-03-22 11:00:00,transfer,8939000,success
U02030,2024-03-30 00:00:00,transfer,2798000,failed
U02030,2024-04-08 06:00:00,transfer,7169000,failed
U02030,2024-04-23 08:00:00,transfer,9866000,success
U02030,2024-04-27 03:00:00,savings_deposit,5994000,failed
U02044,2024-02-11 07:00:00,transfer,5137000,success
U02044,2024-03-10 12:00:00,bill_payment,596000,success
U02044,2024-03-25 02:00:00,transfer,1844000,success
U02050,2024-03-24 08:00:00,bill_payment,494000,success
U02050,2024-03-29 18:00:00,savings_deposit,821000,success
U02050,2024-03-30 22:00:00,bill_payment,1161000,success
U02052,2024-06-14 15:00:00,loan_repayment,1450000,success
U02053,2024-04-08 11:00:00,savings_deposit,3660000,success
U02053,2024-04-16 01:00:00,loan_repayment,7406000,success
U02053,2024-04-19 08:00:00,loan_repayment,7652000,success
U02053,2024-04-30 07:00:00,loan_repayment,8693000,success
U02053,2024-05-03 11:00:00,loan_repayment,4475000,success
U02053,2024-05-11 13:00:00,loan_repayment,6936000,success
U02053,2024-05-16 12:00:00,transfer,7634000,success
U02058,2024-01-15 23:00:00,qr_payment,5148000,success
U02058,2024-01-22 08:00:00,transfer,908000,success
U02058,2024-01-28 14:00:00,savings_deposit,2918000,success
U02058,2024-02-26 23:00:00,transfer,2977000,success
U02064,2024-02-01 06:00:00,loan_repayment,2449000,success
U02068,2024-04-12 19:00:00,savings_deposit,9996000,success
U02068,2024-04-17 04:00:00,card_payment,13786000,success
U02068,2024-05-25 17:00:00,transfer,26780000,success
U02068,2024-06-03 10:00:00,savings_deposit,6606000,success
U02082,2024-03-28 13:00:00,savings_deposit,9950000,success
U02082,2024-04-04 10:00:00,bill_payment,9263000,failed
U02082,2024-04-07 02:00:00,bill_payment,8240000,success
U02082,2024-04-08 03:00:00,card_payment,8598000,success
U02082,2024-04-17 13:00:00,bill_payment,1185000,failed
U02082,2024-04-18 23:00:00,bill_payment,6392000,success
U02082,2024-04-19 00:00:00,transfer,8520000,success
U02082,2024-04-29 14:00:00,card_payment,7472000,success
U02082,2024-05-04 01:00:00,loan_repayment,943000,success
U02082,2024-05-12 00:00:00,loan_repayment,1376000,success
U02082,2024-05-13 06:00:00,loan_repayment,331000,success
U02082,2024-05-18 13:00:00,card_payment,7233000,success
U02082,2024-05-23 02:00:00,card_payment,5292000,success
U02082,2024-05-23 11:00:00,card_payment,1762000,success
U02083,2024-01-12 20:00:00,qr_payment,1034000,success
U02083,2024-01-13 10:00:00,transfer,554000,success
U02083,2024-01-21 22:00:00,qr_payment,1084000,success
U02083,2024-02-05 00:00:00,savings_deposit,1478000,success
U02083,2024-02-06 08:00:00,qr_payment,1672000,success
U02083,2024-02-25 20:00:00,loan_repayment,435000,success
U02083,2024-03-05 23:00:00,transfer,136000,success
U02084,2024-01-20 10:00:00,savings_deposit,866000,success
U02084,2024-02-08 08:00:00,qr_payment,1030000,success
U02084,2024-02-28 12:00:00,qr_payment,1547000,success
U02084,2024-03-07 16:00:00,savings_deposit,1158000,success
U02087,2024-02-16 13:00:00,bill_payment,5898000,success
U02097,2024-04-18 00:00:00,loan_repayment,1548000,success
U02097,2024-04-25 19:00:00,loan_repayment,1319000,success
U02097,2024-05-08 18:00:00,card_payment,1914000,success
U02097,2024-05-18 19:00:00,transfer,226000,failed
U02097,2024-06-03 19:00:00,loan_repayment,1059000,success
U02097,2024-06-04 06:00:00,card_payment,1522000,success
U02097,2024-06-08 19:00:00,card_payment,353000,success
U02104,2024-02-18 17:00:00,card_payment,4943000,success
U02104,2024-03-09 10:00:00,card_payment,6672000,success
U02107,2024-01-09 04:00:00,bill_payment,4672000,success
U02107,2024-01-13 11:00:00,qr_payment,2548000,success
U02107,2024-01-23 01:00:00,savings_deposit,5572000,failed
U02107,2024-01-28 06:00:00,savings_deposit,7760000,success
U02107,2024-01-31 14:00:00,card_payment,7348000,success
U02107,2024-02-05 07:00:00,loan_repayment,9433000,success
U02107,2024-02-06 03:00:00,loan_repayment,4308000,success
U02107,2024-02-11 15:00:00,savings_deposit,6692000,success
U02107,2024-02-18 10:00:00,savings_deposit,1338000,success
U02107,2024-02-19 05:00:00,savings_deposit,3177000,success
U02107,2024-02-21 02:00:00,loan_repayment,4341000,success
U02107,2024-02-25 15:00:00,qr_payment,4364000,success
U02107,2024-03-08 04:00:00,bill_payment,4748000,success
U02109,2024-01-17 06:00:00,card_payment,7704000,failed
U02109,2024-01-20 07:00:00,loan_repayment,4687000,success
U02109,2024-01-23 12:00:00,loan_repayment,443000,success
U02109,2024-01-28 10:00:00,card_payment,8178000,success
U02109,2024-02-20 10:00:00,qr_payment,4315000,success
U02109,2024-03-04 14:00:00,qr_payment,5415000,success
U02120,2024-04-10 22:00:00,card_payment,7682000,success
U02120,2024-04-20 22:00:00,card_payment,9264000,success
U02120,2024-04-22 17:00:00,card_payment,4442000,success
U02120,2024-04-29 02:00:00,card_payment,5107000,success
U02120,2024-05-19 18:00:00,savings_deposit,1596000,success
U02120,2024-05-23 01:00:00,qr_payment,5876000,success
U02120,2024-06-06 17:00:00,card_payment,7769000,success
U02120,2024-06-07 01:00:00,card_payment,8466000,success
U02127,2024-04-11 11:00:00,savings_deposit,678000,success
U02127,2024-05-10 11:00:00,qr_payment,677000,success
U02130,2024-04-02 06:00:00,savings_deposit,7789000,success
U02130,2024-04-16 07:00:00,qr_payment,4344000,success
U02134,2024-01-08 21:00:00,bill_payment,609000,success
U02134,2024-01-13 23:00:00,card_payment,670000,failed
U02134,2024-01-28 08:00:00,savings_deposit,835000,failed
U02134,2024-01-30 19:00:00,bill_payment,1169000,success
U02134,2024-02-07 11:00:00,savings_deposit,1318000,success
U02134,2024-02-08 21:00:00,bill_payment,416000,failed
U02134,2024-02-26 11:00:00,bill_payment,1830000,success
U02134,2024-02-28 23:00:00,card_payment,1057000,success
U02134,2024-03-03 23:00:00,savings_deposit,1885000,success
U02137,2024-03-22 05:00:00,savings_deposit,4050000,success
U02137,2024-04-13 05:00:00,savings_deposit,4592000,success
U02137,2024-04-29 06:00:00,loan_repayment,4135000,failed
U02137,2024-05-17 14:00:00,loan_repayment,7320000,success
U02137,2024-05-18 19:00:00,bill_payment,7835000,success
U02139,2024-01-17 12:00:00,bill_payment,196000,success
U02139,2024-01-20 15:00:00,loan_repayment,983000,success
U02139,2024-01-30 09:00:00,bill_payment,1102000,success
U02139,2024-02-07 00:00:00,bill_payment,1607000,success
U02139,2024-02-09 12:00:00,qr_payment,988000,success
U02139,2024-02-18 22:00:00,savings_deposit,1934000,success
U02139,2024-02-21 22:00:00,bill_payment,1067000,success
U02149,2024-01-28 23:00:00,qr_payment,165000,failed
U02149,2024-01-29 05:00:00,savings_deposit,755000,failed
U02149,2024-02-22 07:00:00,transfer,1516000,success
U02149,2024-02-28 08:00:00,transfer,254000,success
U02149,2024-03-01 08:00:00,savings_deposit,1178000,success
U02149,2024-03-03 07:00:00,transfer,501000,success
U02149,2024-03-05 06:00:00,transfer,484000,success
U02153,2024-03-01 23:00:00,qr_payment,1907000,success
U02153,2024-03-09 08:00:00,transfer,217000,success
U02153,2024-04-01 04:00:00,qr_payment,1972000,success
U02153,2024-04-03 09:00:00,bill_payment,1103000,success
U02153,2024-04-10 23:00:00,qr_payment,327000,success
U02153,2024-04-18 22:00:00,bill_payment,1595000,success
U02153,2024-04-23 03:00:00,bill_payment,997000,success
U02154,2024-01-25 17:00:00,savings_deposit,1104000,success
U02154,2024-02-06 10:00:00,transfer,746000,success
U02154,2024-02-14 06:00:00,card_payment,8075000,success
U02154,2024-02-14 13:00:00,card_payment,8317000,success
U02154,2024-03-08 07:00:00,transfer,819000,failed
U02154,2024-03-18 10:00:00,card_payment,3735000,success
U02154,2024-03-22 15:00:00,qr_payment,3806000,success
U02155,2024-02-11 21:00:00,savings_deposit,283000,success
U02157,2024-04-18 08:00:00,card_payment,163000,success
U02157,2024-04-28 01:00:00,transfer,1592000,success
U02157,2024-05-06 13:00:00,loan_repayment,599000,success
U02157,2024-05-10 06:00:00,savings_deposit,1626000,success
U02159,2024-02-05 07:00:00,qr_payment,2237000,success
U02159,2024-02-14 20:00:00,bill_payment,7860000,success
U02159,2024-02-21 07:00:00,bill_payment,846000,success
U02159,2024-02-22 05:00:00,card_payment,4237000,success
U02159,2024-02-24 19:00:00,card_payment,3071000,success
U02159,2024-02-25 02:00:00,bill_payment,8230000,success
U02159,2024-02-26 20:00:00,transfer,4356000,success
U02159,2024-03-12 05:00:00,bill_payment,5529000,success
U02159,2024-03-14 07:00:00,card_payment,8754000,success
U02159,2024-03-24 03:00:00,transfer,7120000,success
U02159,2024-03-24 06:00:00,qr_payment,4298000,success
U02159,2024-04-01 05:00:00,bill_payment,125000,success
U02164,2024-04-15 04:00:00,loan_repayment,1643000,success
U02164,2024-04-17 21:00:00,qr_payment,1930000,success
U02164,2024-05-04 00:00:00,card_payment,475000,success
U02164,2024-05-05 10:00:00,loan_repayment,1639000,success
U02164,2024-05-15 11:00:00,savings_deposit,486000,success
U02164,2024-05-16 23:00:00,transfer,871000,success
U02164,2024-05-25 11:00:00,card_payment,1750000,success
U02164,2024-05-30 01:00:00,loan_repayment,1744000,success
U02164,2024-06-01 11:00:00,savings_deposit,1565000,success
U02168,2024-05-02 16:00:00,bill_payment,1483000,success
U02175,2024-04-27 14:00:00,transfer,8742000,success
U02175,2024-04-30 14:00:00,card_payment,8430000,success
U02175,2024-05-04 10:00:00,loan_repayment,2836000,success
U02175,2024-06-01 14:00:00,card_payment,574000,success
U02175,2024-06-06 06:00:00,transfer,1645000,success
U02175,2024-06-08 02:00:00,transfer,5207000,success
U02175,2024-06-12 12:00:00,transfer,314000,failed
U02177,2024-03-19 00:00:00,savings_deposit,1082000,success
U02177,2024-03-21 15:00:00,loan_repayment,428000,success
U02177,2024-03-22 21:00:00,loan_repayment,769000,success
U02177,2024-04-03 18:00:00,bill_payment,247000,success
U02177,2024-04-04 01:00:00,bill_payment,574000,success
U02177,2024-04-08 05:00:00,bill_payment,244000,success
U02177,2024-04-29 22:00:00,qr_payment,1092000,success
U02177,2024-05-14 21:00:00,loan_repayment,1880000,success
U02178,2024-03-18 05:00:00,qr_payment,6260000,failed
U02178,2024-03-24 23:00:00,qr_payment,4535000,success
U02179,2024-03-17 16:00:00,card_payment,4312000,success
U02179,2024-03-21 07:00:00,savings_deposit,9654000,success
U02179,2024-04-02 10:00:00,card_payment,2510000,success
U02179,2024-04-05 03:00:00,card_payment,4096000,success
U02179,2024-04-13 18:00:00,card_payment,3794000,success
U02179,2024-04-29 12:00:00,savings_deposit,1209000,success
U02179,2024-04-29 19:00:00,savings_deposit,3129000,success
U02179,2024-05-12 09:00:00,loan_repayment,7527000,success
U02179,2024-05-14 13:00:00,transfer,3213000,success
U02180,2024-02-22 19:00:00,savings_deposit,1267000,success
U02180,2024-02-24 19:00:00,qr_payment,647000,success
U02180,2024-03-05 18:00:00,card_payment,1839000,success
U02180,2024-03-26 03:00:00,loan_repayment,256000,success
U02180,2024-03-30 19:00:00,card_payment,1691000,success
U02180,2024-04-14 17:00:00,transfer,1880000,success
U02180,2024-04-17 03:00:00,loan_repayment,1426000,success
U02180,2024-04-18 01:00:00,savings_deposit,513000,success
U02180,2024-04-18 02:00:00,card_payment,1010000,success
U02184,2024-02-08 12:00:00,qr_payment,8441000,success
U02184,2024-02-11 10:00:00,qr_payment,1786000,success
U02184,2024-03-03 18:00:00,savings_deposit,3135000,success
U02184,2024-03-14 11:00:00,transfer,6278000,success
U02184,2024-03-15 02:00:00,bill_payment,1143000,success
U02184,2024-03-19 23:00:00,bill_payment,9459000,success
U02184,2024-04-08 10:00:00,bill_payment,5914000,success
U02186,2024-02-29 06:00:00,savings_deposit,6224000,success
U02186,2024-03-13 13:00:00,transfer,9143000,success
U02186,2024-03-16 08:00:00,qr_payment,3502000,success
U02186,2024-04-10 11:00:00,savings_deposit,3980000,success
U02195,2024-02-18 02:00:00,savings_deposit,6001000,success
U02195,2024-02-19 10:00:00,card_payment,8333000,success
U02195,2024-03-11 13:00:00,transfer,8465000,success
U02195,2024-03-18 05:00:00,bill_payment,4226000,success
U02195,2024-03-23 03:00:00,bill_payment,2332000,failed
U02195,2024-03-24 14:00:00,loan_repayment,686000,success
U02195,2024-03-25 09:00:00,loan_repayment,1158000,failed
U02195,2024-03-26 01:00:00,qr_payment,1416000,success
U02195,2024-04-07 08:00:00,card_payment,4377000,success
U02195,2024-04-07 11:00:00,qr_payment,4281000,success
U02195,2024-04-08 05:00:00,bill_payment,8522000,success
U02195,2024-04-13 15:00:00,bill_payment,3334000,success
U02199,2024-01-31 12:00:00,loan_repayment,1765000,success
U02199,2024-02-08 18:00:00,transfer,561000,success
U02199,2024-02-16 14:00:00,loan_repayment,1565000,success
U02199,2024-02-22 01:00:00,transfer,132000,success
U02199,2024-02-22 21:00:00,transfer,1613000,success
U02199,2024-02-29 00:00:00,card_payment,462000,success
U02199,2024-03-03 14:00:00,bill_payment,1910000,success
U02199,2024-03-05 16:00:00,card_payment,1652000,success
U02201,2024-04-11 07:00:00,transfer,9911000,success
U02201,2024-04-15 02:00:00,qr_payment,4311000,success
U02203,2024-02-26 03:00:00,savings_deposit,1035000,success
U02203,2024-02-27 11:00:00,savings_deposit,1940000,success
U02203,2024-03-04 04:00:00,card_payment,466000,success
U02203,2024-03-14 03:00:00,card_payment,876000,success
U02203,2024-03-22 11:00:00,bill_payment,653000,success
U02203,2024-03-28 04:00:00,transfer,1236000,success
U02203,2024-03-31 02:00:00,transfer,320000,success
U02203,2024-04-04 11:00:00,card_payment,283000,success
U02203,2024-04-23 02:00:00,loan_repayment,1405000,success
U02205,2024-01-17 02:00:00,transfer,213000,success
U02205,2024-01-22 18:00:00,qr_payment,1424000,success
U02205,2024-02-03 15:00:00,transfer,194000,success
U02205,2024-02-08 12:00:00,qr_payment,1680000,failed
U02205,2024-03-03 06:00:00,bill_payment,1448000,success
U02205,2024-03-05 07:00:00,bill_payment,1293000,success
U02216,2024-03-27 05:00:00,card_payment,5930000,failed
U02216,2024-03-29 07:00:00,loan_repayment,7194000,success
U02216,2024-04-01 20:00:00,loan_repayment,8056000,success
U02216,2024-04-10 02:00:00,card_payment,6215000,success
U02216,2024-04-12 19:00:00,transfer,1502000,success
U02216,2024-04-21 06:00:00,loan_repayment,2923000,success
U02216,2024-04-25 01:00:00,card_payment,1212000,success
U02216,2024-04-27 20:00:00,card_payment,4922000,success
U02216,2024-05-03 01:00:00,card_payment,3879000,success
U02226,2024-04-13 13:00:00,loan_repayment,6366000,failed
U02226,2024-04-14 01:00:00,loan_repayment,562000,success
U02226,2024-04-18 02:00:00,qr_payment,9763000,success
U02226,2024-04-19 21:00:00,bill_payment,3190000,success
U02226,2024-04-26 21:00:00,loan_repayment,5125000,success
U02226,2024-04-29 14:00:00,card_payment,4381000,success
U02226,2024-05-02 18:00:00,bill_payment,4121000,success
U02226,2024-05-04 04:00:00,savings_deposit,3527000,success
U02226,2024-05-15 15:00:00,qr_payment,6292000,success
U02226,2024-05-23 22:00:00,loan_repayment,1142000,success
U02234,2024-02-09 11:00:00,qr_payment,989000,success
U02234,2024-02-15 05:00:00,loan_repayment,1107000,success
U02234,2024-02-15 23:00:00,qr_payment,833000,success
U02234,2024-02-25 23:00:00,qr_payment,1580000,success
U02234,2024-03-10 12:00:00,loan_repayment,1019000,success
U02234,2024-03-20 06:00:00,bill_payment,550000,success
U02234,2024-03-20 12:00:00,loan_repayment,1103000,failed
U02234,2024-04-03 21:00:00,loan_repayment,1303000,success
U02234,2024-04-04 00:00:00,qr_payment,470000,success
U02237,2024-05-07 16:00:00,card_payment,6090000,success
U02237,2024-05-17 17:00:00,transfer,3692000,success
U02247,2024-03-16 01:00:00,savings_deposit,1437000,success
U02247,2024-03-29 00:00:00,transfer,1854000,failed
U02248,2024-04-09 01:00:00,bill_payment,779000,success
U02248,2024-04-15 23:00:00,bill_payment,1028000,success
U02248,2024-04-17 04:00:00,savings_deposit,1265000,success
U02248,2024-04-23 22:00:00,savings_deposit,1999000,success
U02248,2024-05-04 18:00:00,loan_repayment,207000,failed
U02248,2024-05-05 16:00:00,card_payment,1116000,success
U02248,2024-05-16 16:00:00,savings_deposit,1179000,success
U02248,2024-05-31 05:00:00,card_payment,1288000,success
U02250,2024-04-18 08:00:00,savings_deposit,38327000,failed
U02250,2024-05-14 03:00:00,loan_repayment,21284000,success
U02250,2024-05-21 10:00:00,qr_payment,21473000,success
U02257,2024-03-25 18:00:00,loan_repayment,5288000,success
U02257,2024-03-30 00:00:00,savings_deposit,1433000,success
U02257,2024-03-31 00:00:00,card_payment,2264000,success
U02257,2024-04-02 15:00:00,transfer,240000,success
U02257,2024-04-02 18:00:00,savings_deposit,1993000,success
U02257,2024-04-03 18:00:00,card_payment,6583000,success
U02257,2024-04-05 21:00:00,loan_repayment,141000,success
U02257,2024-04-08 02:00:00,card_payment,4489000,success
U02257,2024-04-08 22:00:00,savings_deposit,1499000,success
U02257,2024-04-12 17:00:00,card_payment,7710000,failed
U02257,2024-04-15 17:00:00,transfer,5385000,success
U02257,2024-04-19 20:00:00,card_payment,4604000,failed
U02257,2024-05-04 01:00:00,loan_repayment,9077000,success
U02257,2024-05-06 20:00:00,savings_deposit,4277000,success
U02257,2024-05-08 04:00:00,card_payment,4675000,failed
U02257,2024-05-15 19:00:00,loan_repayment,5444000,success
U02257,2024-05-20 01:00:00,transfer,9090000,success
U02259,2024-02-14 18:00:00,transfer,3500000,success
U02259,2024-03-01 18:00:00,savings_deposit,3185000,success
U02259,2024-03-06 13:00:00,loan_repayment,7915000,success
U02259,2024-03-19 17:00:00,savings_deposit,6489000,success
U02259,2024-04-06 15:00:00,transfer,2581000,success
U02259,2024-04-08 20:00:00,loan_repayment,2055000,success
U02259,2024-04-09 16:00:00,card_payment,4315000,success
U02264,2024-03-10 16:00:00,loan_repayment,155000,success
U02264,2024-03-18 08:00:00,savings_deposit,991000,success
U02264,2024-03-23 14:00:00,transfer,853000,success
U02264,2024-03-28 04:00:00,savings_deposit,1788000,success
U02264,2024-03-31 05:00:00,card_payment,167000,success
U02264,2024-04-06 12:00:00,loan_repayment,257000,success
U02264,2024-04-08 15:00:00,bill_payment,868000,success
U02264,2024-04-18 08:00:00,savings_deposit,1267000,success
U02264,2024-04-18 16:00:00,savings_deposit,795000,failed
U02264,2024-04-19 14:00:00,savings_deposit,341000,success
U02264,2024-04-24 14:00:00,savings_deposit,1117000,success
U02266,2024-03-13 03:00:00,qr_payment,7805000,success
U02266,2024-04-01 22:00:00,qr_payment,8375000,failed
U02266,2024-04-08 22:00:00,savings_deposit,1202000,success
U02266,2024-04-18 20:00:00,transfer,555000,success
U02267,2024-02-27 23:00:00,bill_payment,172000,success
U02267,2024-03-04 22:00:00,transfer,1133000,failed
U02267,2024-03-11 18:00:00,bill_payment,1793000,success
U02267,2024-03-12 18:00:00,loan_repayment,336000,success
U02267,2024-03-13 22:00:00,loan_repayment,1407000,success
U02267,2024-03-14 00:00:00,bill_payment,830000,success
U02267,2024-03-19 08:00:00,loan_repayment,1756000,success
U02267,2024-03-25 20:00:00,transfer,1199000,success
U02267,2024-04-01 04:00:00,transfer,328000,success
U02267,2024-04-05 03:00:00,qr_payment,809000,success
U02267,2024-04-06 17:00:00,bill_payment,934000,success
U02267,2024-04-06 20:00:00,card_payment,729000,success
U02267,2024-04-10 01:00:00,transfer,1665000,success
U02267,2024-04-20 03:00:00,bill_payment,1597000,success
U02269,2024-02-10 22:00:00,savings_deposit,1838000,success
U02269,2024-02-24 01:00:00,bill_payment,9258000,success
U02269,2024-03-04 01:00:00,qr_payment,1261000,success
U02269,2024-03-11 02:00:00,savings_deposit,4129000,success
U02269,2024-03-14 17:00:00,card_payment,3135000,success
U02269,2024-03-16 23:00:00,loan_repayment,8911000,success
U02269,2024-03-18 23:00:00,qr_payment,3108000,success
U02269,2024-03-19 01:00:00,savings_deposit,8831000,success
U02269,2024-03-19 16:00:00,card_payment,574000,success
U02269,2024-03-19 21:00:00,loan_repayment,481000,success
U02269,2024-03-27 01:00:00,bill_payment,3412000,success
U02269,2024-04-06 00:00:00,loan_repayment,643000,success
U02274,2024-02-28 21:00:00,qr_payment,9960000,success
U02274,2024-02-29 14:00:00,loan_repayment,9690000,success
U02274,2024-03-21 23:00:00,loan_repayment,1677000,success
U02274,2024-03-29 10:00:00,card_payment,1482000,failed
U02274,2024-04-05 16:00:00,qr_payment,8355000,success
U02274,2024-04-17 18:00:00,card_payment,4775000,success
U02276,2024-01-17 17:00:00,qr_payment,5804000,success
U02276,2024-01-30 09:00:00,loan_repayment,7300000,success
U02276,2024-02-09 13:00:00,loan_repayment,1439000,success
U02276,2024-02-10 15:00:00,card_payment,575000,success
U02276,2024-02-14 07:00:00,transfer,8776000,success
U02276,2024-02-15 19:00:00,transfer,1163000,success
U02276,2024-03-01 09:00:00,bill_payment,9854000,success
U02277,2024-02-13 14:00:00,savings_deposit,4888000,success
U02277,2024-02-15 15:00:00,card_payment,6334000,success
U02277,2024-02-18 21:00:00,card_payment,4495000,success
U02277,2024-02-21 03:00:00,savings_deposit,8589000,success
U02277,2024-02-28 20:00:00,card_payment,5658000,success
U02277,2024-03-04 20:00:00,loan_repayment,6866000,success
U02277,2024-03-09 17:00:00,bill_payment,3455000,success
U02277,2024-03-12 00:00:00,bill_payment,9473000,success
U02277,2024-03-14 02:00:00,bill_payment,6970000,success
U02277,2024-03-22 00:00:00,bill_payment,2429000,success
U02277,2024-03-28 05:00:00,bill_payment,8982000,success
U02277,2024-04-08 06:00:00,card_payment,8355000,success
U02281,2024-01-17 02:00:00,loan_repayment,7969000,success
U02281,2024-01-25 05:00:00,card_payment,3382000,success
U02281,2024-01-27 22:00:00,qr_payment,758000,success
U02281,2024-01-31 00:00:00,card_payment,2189000,failed
U02281,2024-02-10 12:00:00,savings_deposit,5679000,success
U02281,2024-02-11 08:00:00,savings_deposit,7370000,success
U02281,2024-02-16 10:00:00,savings_deposit,1440000,success
U02281,2024-02-16 11:00:00,qr_payment,8011000,success
U02281,2024-03-07 12:00:00,qr_payment,1783000,failed
U02298,2024-04-06 22:00:00,loan_repayment,7276000,success
U02298,2024-04-07 12:00:00,qr_payment,9421000,success
U02298,2024-04-11 20:00:00,savings_deposit,2527000,success
U02298,2024-04-12 14:00:00,card_payment,9994000,success
U02298,2024-04-13 18:00:00,transfer,8720000,success
U02298,2024-04-16 14:00:00,bill_payment,8994000,success
U02298,2024-04-21 02:00:00,loan_repayment,4654000,success
U02298,2024-05-03 15:00:00,loan_repayment,9858000,success
U02298,2024-05-05 13:00:00,card_payment,466000,success
U02298,2024-05-05 16:00:00,card_payment,694000,success
U02298,2024-05-12 03:00:00,loan_repayment,4531000,success
U02298,2024-05-12 15:00:00,card_payment,4292000,success
U02298,2024-05-13 17:00:00,qr_payment,1885000,success
U02298,2024-05-19 04:00:00,qr_payment,2441000,success
U02298,2024-05-25 04:00:00,transfer,1931000,success
U02298,2024-05-30 16:00:00,loan_repayment,6023000,success
U02298,2024-06-05 03:00:00,loan_repayment,5462000,success
U02303,2024-04-28 08:00:00,loan_repayment,1021000,success
U02303,2024-05-21 04:00:00,loan_repayment,5860000,success
U02304,2024-03-19 09:00:00,transfer,1286000,success
U02304,2024-03-23 05:00:00,bill_payment,4860000,success
U02304,2024-04-09 20:00:00,transfer,4335000,success
U02304,2024-04-20 22:00:00,transfer,934000,success
U02304,2024-04-21 03:00:00,bill_payment,2574000,success
U02304,2024-05-02 21:00:00,bill_payment,571000,success
U02304,2024-05-14 08:00:00,bill_payment,5915000,success
U02310,2024-03-08 21:00:00,savings_deposit,9626000,success
U02310,2024-05-03 01:00:00,loan_repayment,7790000,success
U02311,2024-01-24 16:00:00,loan_repayment,8689000,success
U02311,2024-02-10 08:00:00,transfer,6435000,success
U02311,2024-02-13 05:00:00,qr_payment,7002000,success
U02311,2024-02-13 06:00:00,qr_payment,8715000,success
U02311,2024-03-20 17:00:00,qr_payment,7182000,success
U02320,2024-01-21 19:00:00,qr_payment,45982000,success
U02320,2024-01-25 21:00:00,card_payment,37622000,success
U02320,2024-01-28 14:00:00,card_payment,18952000,success
U02320,2024-02-17 16:00:00,qr_payment,18873000,success
U02320,2024-03-05 13:00:00,card_payment,14894000,success
U02322,2024-03-30 15:00:00,transfer,43748000,success
U02326,2024-04-07 18:00:00,transfer,6094000,success
U02326,2024-04-11 19:00:00,qr_payment,4070000,success
U02326,2024-04-30 12:00:00,transfer,5732000,success
U02326,2024-05-01 23:00:00,qr_payment,739000,success
U02326,2024-05-03 16:00:00,transfer,2036000,failed
U02326,2024-05-04 13:00:00,bill_payment,5974000,success
U02326,2024-05-18 23:00:00,transfer,565000,success
U02326,2024-05-19 22:00:00,savings_deposit,8831000,success
U02326,2024-05-20 20:00:00,qr_payment,3440000,success
U02326,2024-05-26 13:00:00,transfer,3243000,success
U02326,2024-05-26 20:00:00,qr_payment,2353000,success
U02326,2024-05-28 09:00:00,bill_payment,250000,failed
U02326,2024-05-31 10:00:00,savings_deposit,6147000,success
U02326,2024-05-31 13:00:00,transfer,6260000,success
U02327,2024-03-05 00:00:00,loan_repayment,7249000,success
U02327,2024-03-19 05:00:00,loan_repayment,2753000,success
U02327,2024-03-31 00:00:00,savings_deposit,7565000,success
U02327,2024-04-08 20:00:00,loan_repayment,9818000,success
U02328,2024-03-14 02:00:00,transfer,236000,success
U02328,2024-03-29 09:00:00,bill_payment,738000,success
U02328,2024-04-07 23:00:00,transfer,1183000,success
U02328,2024-04-08 13:00:00,loan_repayment,1140000,failed
U02328,2024-04-11 00:00:00,transfer,1121000,success
U02328,2024-04-13 22:00:00,transfer,877000,success
U02328,2024-04-21 00:00:00,transfer,1283000,success
U02333,2024-03-14 04:00:00,card_payment,11003000,success
U02333,2024-03-15 07:00:00,bill_payment,16029000,failed
U02333,2024-03-18 06:00:00,bill_payment,24189000,success
U02333,2024-04-01 04:00:00,card_payment,31235000,success
U02333,2024-04-05 06:00:00,bill_payment,22712000,failed
U02333,2024-04-09 15:00:00,card_payment,12930000,success
U02333,2024-04-15 14:00:00,loan_repayment,9234000,success
U02336,2024-03-06 08:00:00,savings_deposit,1203000,success
U02336,2024-03-13 15:00:00,savings_deposit,490000,success
U02336,2024-03-14 09:00:00,savings_deposit,1087000,success
U02336,2024-03-31 07:00:00,savings_deposit,476000,success
U02336,2024-04-12 00:00:00,qr_payment,1292000,success
U02336,2024-04-14 07:00:00,savings_deposit,973000,success
U02337,2024-03-03 18:00:00,bill_payment,1209000,failed
U02337,2024-04-23 12:00:00,qr_payment,141000,success
U02340,2024-04-01 05:00:00,transfer,318000,success
U02340,2024-04-03 04:00:00,transfer,1301000,success
U02340,2024-05-04 11:00:00,transfer,137000,success
U02340,2024-05-10 06:00:00,transfer,1526000,failed
U02340,2024-05-13 13:00:00,transfer,1391000,success
U02340,2024-05-19 16:00:00,qr_payment,912000,success
U02340,2024-05-22 16:00:00,transfer,1693000,success
U02340,2024-05-27 08:00:00,qr_payment,501000,success
U02341,2024-03-24 22:00:00,qr_payment,7129000,success
U02341,2024-03-30 23:00:00,qr_payment,5328000,success
U02341,2024-04-12 06:00:00,card_payment,3149000,success
U02341,2024-04-27 22:00:00,loan_repayment,1864000,success
U02341,2024-05-04 14:00:00,card_payment,1486000,success
U02344,2024-04-06 04:00:00,card_payment,7740000,success
U02344,2024-04-08 08:00:00,card_payment,5613000,success
U02344,2024-04-15 23:00:00,savings_deposit,2938000,success
U02344,2024-05-04 23:00:00,bill_payment,773000,success
U02344,2024-05-09 14:00:00,loan_repayment,8901000,success
U02344,2024-05-12 07:00:00,card_payment,3354000,success
U02344,2024-05-13 10:00:00,loan_repayment,344000,success
U02344,2024-05-16 09:00:00,card_payment,4649000,success
U02344,2024-05-18 11:00:00,loan_repayment,2403000,success
U02350,2024-03-13 22:00:00,transfer,839000,success
U02350,2024-03-24 04:00:00,card_payment,732000,success
U02350,2024-03-25 22:00:00,bill_payment,810000,success
U02350,2024-04-05 06:00:00,transfer,284000,success
U02350,2024-04-14 08:00:00,qr_payment,768000,success
U02350,2024-04-26 09:00:00,qr_payment,434000,failed
U02350,2024-05-01 03:00:00,qr_payment,894000,failed
U02352,2024-03-12 14:00:00,savings_deposit,18539000,success
U02352,2024-03-28 15:00:00,card_payment,13701000,success
U02352,2024-04-06 01:00:00,card_payment,24172000,success
U02352,2024-04-17 23:00:00,bill_payment,1020000,success
U02354,2024-02-07 20:00:00,qr_payment,3492000,success
U02354,2024-02-26 09:00:00,card_payment,9846000,success
U02354,2024-03-17 09:00:00,bill_payment,7429000,success
U02354,2024-03-17 10:00:00,card_payment,1408000,success
U02354,2024-04-02 07:00:00,qr_payment,982000,failed
U02354,2024-04-03 23:00:00,loan_repayment,789000,success
U02355,2024-04-06 00:00:00,savings_deposit,769000,success
U02355,2024-04-10 12:00:00,card_payment,4695000,success
U02355,2024-05-03 07:00:00,loan_repayment,566000,success
U02355,2024-05-16 09:00:00,loan_repayment,1768000,success
U02355,2024-05-19 13:00:00,card_payment,5572000,failed
U02355,2024-05-21 03:00:00,loan_repayment,6784000,success
U02355,2024-05-25 08:00:00,savings_deposit,3685000,failed
U02355,2024-05-25 22:00:00,transfer,2459000,failed
U02355,2024-06-03 02:00:00,savings_deposit,3897000,success
U02361,2024-01-28 17:00:00,loan_repayment,8012000,success
U02361,2024-02-07 15:00:00,loan_repayment,8721000,success
U02361,2024-03-07 03:00:00,qr_payment,978000,failed
U02364,2024-03-22 03:00:00,loan_repayment,684000,success
U02364,2024-03-25 09:00:00,loan_repayment,1881000,success
U02364,2024-04-22 11:00:00,card_payment,900000,success
U02364,2024-05-07 22:00:00,card_payment,626000,success
U02364,2024-05-08 08:00:00,loan_repayment,870000,success
U02364,2024-05-09 03:00:00,loan_repayment,856000,success
U02366,2024-01-22 16:00:00,transfer,385000,success
U02366,2024-01-25 18:00:00,bill_payment,872000,failed
U02366,2024-01-28 22:00:00,card_payment,823000,success
U02366,2024-02-01 01:00:00,qr_payment,1437000,success
U02366,2024-02-01 17:00:00,card_payment,611000,success
U02366,2024-02-01 20:00:00,qr_payment,1850000,success
U02366,2024-02-06 22:00:00,savings_deposit,1188000,success
U02366,2024-02-16 17:00:00,savings_deposit,1296000,success
U02366,2024-02-17 16:00:00,savings_deposit,301000,success
U02366,2024-02-20 23:00:00,card_payment,1272000,failed
U02366,2024-03-01 13:00:00,bill_payment,1171000,success
U02366,2024-03-07 01:00:00,transfer,880000,success
U02366,2024-03-10 03:00:00,bill_payment,660000,success
U02366,2024-03-14 00:00:00,savings_deposit,1865000,success
U02366,2024-03-19 00:00:00,card_payment,1079000,failed
U02372,2024-02-24 08:00:00,savings_deposit,9098000,success
U02372,2024-03-29 06:00:00,savings_deposit,3692000,success
U02373,2024-01-19 19:00:00,qr_payment,4325000,success
U02373,2024-01-25 15:00:00,bill_payment,130000,success
U02373,2024-01-29 14:00:00,transfer,2156000,success
U02373,2024-01-29 23:00:00,qr_payment,6978000,failed
U02373,2024-02-05 11:00:00,qr_payment,2749000,success
U02373,2024-02-06 11:00:00,qr_payment,5840000,success
U02373,2024-02-07 20:00:00,transfer,5866000,failed
U02373,2024-02-21 22:00:00,qr_payment,430000,success
U02373,2024-02-22 16:00:00,card_payment,3148000,success
U02373,2024-02-22 23:00:00,qr_payment,3739000,success
U02373,2024-02-23 23:00:00,qr_payment,6250000,success
U02373,2024-02-28 11:00:00,qr_payment,9524000,success
U02377,2024-02-12 09:00:00,savings_deposit,1009000,success
U02377,2024-02-19 10:00:00,card_payment,657000,success
U02377,2024-02-28 15:00:00,card_payment,881000,failed
U02377,2024-03-05 12:00:00,savings_deposit,606000,failed
U02377,2024-03-07 14:00:00,qr_payment,822000,failed
U02377,2024-03-11 16:00:00,transfer,1844000,success
U02377,2024-03-13 22:00:00,card_payment,121000,failed
U02377,2024-03-18 21:00:00,transfer,984000,success
U02377,2024-03-19 15:00:00,card_payment,257000,failed
U02377,2024-03-22 06:00:00,savings_deposit,1579000,success
U02377,2024-04-03 21:00:00,card_payment,827000,success
U02378,2024-03-21 09:00:00,transfer,5212000,success
U02378,2024-04-29 19:00:00,loan_repayment,8858000,success
U02378,2024-05-01 06:00:00,qr_payment,3986000,success
U02379,2024-02-28 05:00:00,loan_repayment,1685000,success
U02379,2024-03-09 03:00:00,savings_deposit,4341000,success
U02379,2024-03-16 08:00:00,card_payment,7514000,success
U02379,2024-03-25 07:00:00,card_payment,4428000,success
U02379,2024-04-06 05:00:00,bill_payment,6332000,success
U02379,2024-04-07 05:00:00,loan_repayment,6839000,success
U02379,2024-04-07 23:00:00,card_payment,8349000,success
U02379,2024-04-20 07:00:00,bill_payment,3064000,success
U02380,2024-04-02 04:00:00,qr_payment,7402000,success
U02380,2024-04-10 00:00:00,qr_payment,39995000,success
U02380,2024-04-10 08:00:00,qr_payment,35175000,success
U02380,2024-04-22 22:00:00,qr_payment,44562000,success
U02380,2024-05-09 12:00:00,qr_payment,34022000,success
U02383,2024-04-29 07:00:00,transfer,9733000,success
U02383,2024-04-29 08:00:00,card_payment,6046000,success
U02383,2024-04-30 16:00:00,bill_payment,4695000,success
U02383,2024-05-11 01:00:00,bill_payment,9757000,success
U02383,2024-05-16 08:00:00,qr_payment,4984000,success
U02383,2024-05-19 05:00:00,bill_payment,8534000,success
U02383,2024-05-23 12:00:00,savings_deposit,6052000,success
U02383,2024-06-02 08:00:00,card_payment,9701000,success
U02383,2024-06-08 03:00:00,bill_payment,6644000,success
U02385,2024-03-27 21:00:00,transfer,5149000,success
U02385,2024-04-04 02:00:00,savings_deposit,1160000,success
U02385,2024-04-13 04:00:00,transfer,2435000,success
U02385,2024-04-17 15:00:00,qr_payment,7253000,success
U02385,2024-04-21 23:00:00,savings_deposit,1252000,success
U02385,2024-04-27 18:00:00,transfer,2688000,success
U02385,2024-05-02 00:00:00,qr_payment,2088000,success
U02385,2024-05-07 02:00:00,transfer,8864000,success
U02385,2024-05-08 19:00:00,savings_deposit,5837000,success
U02385,2024-05-24 20:00:00,transfer,2017000,success
U02386,2024-04-19 03:00:00,loan_repayment,1628000,success
U02386,2024-04-23 12:00:00,savings_deposit,1358000,success
U02386,2024-04-30 02:00:00,bill_payment,578000,success
U02386,2024-05-11 09:00:00,transfer,1832000,success
U02386,2024-05-14 00:00:00,loan_repayment,1187000,success
U02386,2024-05-19 06:00:00,loan_repayment,443000,success
U02386,2024-05-23 20:00:00,loan_repayment,199000,success
U02386,2024-05-29 05:00:00,qr_payment,1675000,success
U02386,2024-05-30 01:00:00,bill_payment,1340000,failed
U02391,2024-03-29 20:00:00,transfer,4226000,success
U02396,2024-03-07 20:00:00,qr_payment,2833000,success
U02396,2024-03-14 22:00:00,savings_deposit,4667000,success
U02396,2024-03-21 19:00:00,qr_payment,2551000,success
U02396,2024-03-31 07:00:00,savings_deposit,6687000,success
U02396,2024-04-06 07:00:00,qr_payment,6743000,success
U02396,2024-04-15 23:00:00,savings_deposit,9829000,success
U02396,2024-04-22 10:00:00,qr_payment,6779000,success
U02397,2024-02-27 23:00:00,transfer,7356000,failed
U02397,2024-03-15 22:00:00,transfer,1033000,success
U02397,2024-04-02 03:00:00,card_payment,6575000,success
U02398,2024-01-12 11:00:00,transfer,1081000,success
U02398,2024-01-13 09:00:00,transfer,1724000,success
U02398,2024-02-03 15:00:00,transfer,566000,success
U02398,2024-02-04 10:00:00,card_payment,280000,success
U02398,2024-02-05 18:00:00,bill_payment,1018000,success
U02398,2024-02-07 23:00:00,transfer,471000,success
U02398,2024-02-08 16:00:00,transfer,1215000,success
U02398,2024-02-16 21:00:00,bill_payment,114000,success
U02398,2024-02-28 11:00:00,qr_payment,722000,success
U02400,2024-02-15 07:00:00,loan_repayment,716000,success
U02400,2024-03-10 06:00:00,qr_payment,605000,success
U02400,2024-03-24 02:00:00,bill_payment,1576000,success
U02400,2024-03-27 06:00:00,bill_payment,1485000,success
U02400,2024-04-02 04:00:00,bill_payment,177000,success
U02406,2024-01-26 23:00:00,loan_repayment,373000,success
U02406,2024-02-05 20:00:00,loan_repayment,1723000,success
U02406,2024-02-05 23:00:00,qr_payment,1430000,success
U02406,2024-02-15 16:00:00,loan_repayment,617000,success
U02406,2024-02-17 00:00:00,loan_repayment,202000,success
U02406,2024-02-28 03:00:00,loan_repayment,299000,success
U02406,2024-02-29 16:00:00,qr_payment,1111000,success
U02406,2024-03-01 21:00:00,qr_payment,1731000,failed
U02406,2024-03-17 21:00:00,qr_payment,433000,success
U02407,2024-02-06 05:00:00,transfer,224000,success
U02407,2024-02-14 00:00:00,transfer,1309000,success
U02407,2024-02-17 08:00:00,loan_repayment,1786000,success
U02407,2024-02-18 23:00:00,transfer,696000,success
U02407,2024-03-02 17:00:00,transfer,1883000,success
U02407,2024-03-10 22:00:00,savings_deposit,486000,success
U02407,2024-03-17 02:00:00,transfer,90000,success
U02407,2024-03-21 18:00:00,transfer,619000,success
U02407,2024-03-21 19:00:00,savings_deposit,1177000,failed
U02408,2024-02-04 20:00:00,qr_payment,60000,success
U02408,2024-03-05 15:00:00,qr_payment,472000,success
U02408,2024-03-11 18:00:00,transfer,332000,success
U02412,2024-04-30 08:00:00,savings_deposit,23404000,success
U02412,2024-05-02 21:00:00,loan_repayment,16927000,success
U02412,2024-05-11 18:00:00,loan_repayment,10154000,success
U02412,2024-05-23 09:00:00,transfer,40258000,success
U02412,2024-05-27 20:00:00,savings_deposit,32145000,success
U02412,2024-06-07 03:00:00,savings_deposit,41592000,failed
U02416,2024-04-27 13:00:00,loan_repayment,1233000,success
U02416,2024-05-08 07:00:00,savings_deposit,492000,success
U02416,2024-05-13 13:00:00,savings_deposit,815000,success
U02416,2024-05-16 20:00:00,savings_deposit,1762000,success
U02416,2024-05-30 07:00:00,savings_deposit,1966000,success
U02416,2024-05-31 20:00:00,savings_deposit,232000,failed
U02418,2024-04-25 17:00:00,card_payment,6155000,success
U02418,2024-06-08 08:00:00,card_payment,3684000,failed
U02421,2024-03-20 12:00:00,card_payment,46112000,success
U02421,2024-03-24 02:00:00,card_payment,42202000,failed
U02421,2024-04-07 22:00:00,card_payment,49785000,success
U02421,2024-04-12 01:00:00,qr_payment,12379000,success
U02421,2024-04-18 23:00:00,card_payment,49272000,success
U02421,2024-05-08 22:00:00,qr_payment,29962000,success
U02424,2024-03-07 18:00:00,loan_repayment,9961000,success
U02424,2024-03-16 12:00:00,card_payment,898000,success
U02424,2024-03-19 03:00:00,bill_payment,6617000,success
U02424,2024-03-19 16:00:00,loan_repayment,2451000,success
U02424,2024-03-25 19:00:00,card_payment,2861000,success
U02424,2024-04-01 15:00:00,qr_payment,9705000,success
U02424,2024-04-02 00:00:00,card_payment,5730000,failed
U02424,2024-04-06 15:00:00,qr_payment,2199000,success
U02424,2024-04-06 15:00:00,bill_payment,8770000,success
U02424,2024-04-07 17:00:00,card_payment,6902000,success
U02424,2024-04-11 19:00:00,bill_payment,4938000,success
U02425,2024-04-24 19:00:00,loan_repayment,5932000,success
U02425,2024-04-25 09:00:00,qr_payment,9916000,success
U02425,2024-05-03 08:00:00,qr_payment,1556000,success
U02425,2024-05-11 04:00:00,card_payment,9428000,success
U02425,2024-05-11 11:00:00,transfer,6333000,failed
U02425,2024-05-14 01:00:00,loan_repayment,7880000,success
U02425,2024-05-16 07:00:00,loan_repayment,453000,success
U02425,2024-05-18 08:00:00,qr_payment,9570000,success
U02425,2024-05-24 05:00:00,qr_payment,8953000,success
U02425,2024-05-28 23:00:00,loan_repayment,1661000,success
U02425,2024-05-29 02:00:00,loan_repayment,7985000,success
U02425,2024-06-03 02:00:00,qr_payment,3770000,success
U02425,2024-06-06 00:00:00,transfer,9240000,success
U02425,2024-06-07 04:00:00,loan_repayment,6485000,success
U02425,2024-06-10 10:00:00,qr_payment,4922000,success
U02425,2024-06-15 20:00:00,qr_payment,7853000,success
U02427,2024-03-24 02:00:00,bill_payment,4040000,success
U02427,2024-04-08 05:00:00,bill_payment,2613000,success
U02427,2024-04-26 15:00:00,loan_repayment,3999000,success
U02427,2024-05-19 23:00:00,bill_payment,3762000,success
U02428,2024-01-21 08:00:00,bill_payment,8013000,success
U02428,2024-01-27 05:00:00,qr_payment,6627000,success
U02428,2024-01-28 14:00:00,qr_payment,4952000,failed
U02428,2024-02-06 05:00:00,qr_payment,4436000,success
U02428,2024-02-10 16:00:00,bill_payment,1886000,success
U02428,2024-02-19 13:00:00,savings_deposit,8046000,success
U02428,2024-02-22 14:00:00,card_payment,9553000,success
U02428,2024-02-23 21:00:00,bill_payment,5077000,success
U02428,2024-02-24 20:00:00,bill_payment,7062000,success
U02428,2024-02-26 12:00:00,qr_payment,9194000,success
U02428,2024-03-08 15:00:00,bill_payment,563000,success
U02428,2024-03-08 17:00:00,qr_payment,4376000,success
U02428,2024-03-09 13:00:00,qr_payment,749000,success
U02431,2024-01-28 22:00:00,savings_deposit,26652000,success
U02431,2024-01-31 19:00:00,bill_payment,32849000,success
U02431,2024-02-02 03:00:00,bill_payment,41198000,success
U02431,2024-02-03 00:00:00,savings_deposit,36954000,success
U02431,2024-02-18 22:00:00,savings_deposit,7383000,success
U02431,2024-03-01 02:00:00,card_payment,13446000,failed
U02431,2024-03-02 20:00:00,bill_payment,10262000,success
U02431,2024-03-06 23:00:00,savings_deposit,17328000,success
U02431,2024-03-08 04:00:00,savings_deposit,11897000,success
U02432,2024-01-23 07:00:00,bill_payment,1831000,success
U02432,2024-03-01 05:00:00,card_payment,1580000,success
U02432,2024-03-10 20:00:00,card_payment,1601000,success
U02432,2024-03-15 13:00:00,transfer,1391000,failed
U02434,2024-04-24 01:00:00,card_payment,7841000,success
U02434,2024-04-26 02:00:00,card_payment,4437000,success
U02434,2024-04-27 10:00:00,loan_repayment,4228000,failed
U02434,2024-04-28 13:00:00,loan_repayment,4203000,success
U02434,2024-05-02 13:00:00,card_payment,9408000,success
U02434,2024-05-06 09:00:00,loan_repayment,1866000,success
U02434,2024-05-15 12:00:00,loan_repayment,8712000,success
U02434,2024-05-16 15:00:00,savings_deposit,6224000,success
U02434,2024-05-31 03:00:00,bill_payment,9472000,success
U02439,2024-05-25 22:00:00,qr_payment,690000,success
U02439,2024-06-23 15:00:00,qr_payment,1830000,success
U02439,2024-06-25 02:00:00,qr_payment,209000,success
U02442,2024-02-28 20:00:00,loan_repayment,6536000,success
U02442,2024-03-07 09:00:00,card_payment,2758000,success
U02442,2024-03-10 08:00:00,card_payment,5039000,success
U02442,2024-03-16 08:00:00,transfer,8821000,success
U02442,2024-03-31 14:00:00,loan_repayment,1841000,success
U02442,2024-03-31 17:00:00,card_payment,8680000,success
U02442,2024-04-01 11:00:00,card_payment,9990000,success
U02442,2024-04-07 10:00:00,transfer,7340000,success
U02442,2024-04-08 04:00:00,loan_repayment,4305000,failed
U02442,2024-04-13 17:00:00,loan_repayment,4189000,success
U02442,2024-04-15 19:00:00,card_payment,2122000,success
U02442,2024-04-17 13:00:00,transfer,4935000,success
U02442,2024-04-18 07:00:00,transfer,8141000,success
U02442,2024-04-20 19:00:00,qr_payment,8261000,success
U02442,2024-04-23 07:00:00,loan_repayment,9109000,success
U02445,2024-03-02 00:00:00,card_payment,1861000,failed
U02445,2024-03-04 05:00:00,qr_payment,794000,failed
U02445,2024-03-11 22:00:00,bill_payment,1063000,success
U02445,2024-03-23 16:00:00,transfer,125000,success
U02445,2024-03-24 02:00:00,qr_payment,1707000,success
U02445,2024-03-31 15:00:00,savings_deposit,1551000,success
U02445,2024-04-02 03:00:00,transfer,313000,success
U02446,2024-04-02 01:00:00,savings_deposit,1551000,success
U02446,2024-04-05 22:00:00,card_payment,1031000,failed
U02446,2024-04-11 05:00:00,savings_deposit,1902000,success
U02446,2024-04-18 04:00:00,transfer,300000,success
U02446,2024-04-19 03:00:00,bill_payment,1393000,success
U02446,2024-04-21 20:00:00,qr_payment,619000,success
U02446,2024-04-22 16:00:00,bill_payment,1171000,success
U02446,2024-04-30 22:00:00,card_payment,68000,success
U02446,2024-05-05 04:00:00,savings_deposit,1225000,success
U02446,2024-05-24 00:00:00,savings_deposit,1980000,success
U02452,2024-05-02 05:00:00,bill_payment,1310000,success
U02452,2024-05-11 23:00:00,card_payment,8202000,success
U02452,2024-05-20 06:00:00,loan_repayment,4175000,failed
U02457,2024-03-17 14:00:00,loan_repayment,1559000,success
U02457,2024-03-30 12:00:00,qr_payment,1815000,success
U02457,2024-03-30 12:00:00,savings_deposit,331000,success
U02457,2024-03-30 23:00:00,qr_payment,1496000,success
U02457,2024-04-09 16:00:00,qr_payment,1087000,success
U02457,2024-04-10 22:00:00,qr_payment,219000,success
U02457,2024-04-13 14:00:00,qr_payment,1786000,success
U02457,2024-04-13 19:00:00,loan_repayment,1480000,success
U02457,2024-04-15 19:00:00,loan_repayment,116000,success
U02457,2024-04-28 19:00:00,qr_payment,176000,success
U02459,2024-02-11 05:00:00,card_payment,1840000,success
U02459,2024-02-20 18:00:00,bill_payment,2223000,success
U02459,2024-03-10 00:00:00,bill_payment,4793000,success
U02459,2024-03-23 01:00:00,bill_payment,468000,success
U02463,2024-04-28 10:00:00,transfer,18640000,success
U02463,2024-05-03 21:00:00,bill_payment,12945000,success
U02463,2024-05-08 20:00:00,bill_payment,42995000,success
U02463,2024-05-27 19:00:00,bill_payment,12261000,success
U02463,2024-06-07 01:00:00,transfer,28066000,success
U02463,2024-06-12 22:00:00,transfer,40929000,success
U02463,2024-06-14 19:00:00,savings_deposit,36606000,success
U02463,2024-06-20 21:00:00,transfer,49447000,failed
U02463,2024-06-24 19:00:00,transfer,11342000,success
U02463,2024-06-25 01:00:00,transfer,26366000,success
U02463,2024-06-25 19:00:00,transfer,48750000,success
U02470,2024-04-30 20:00:00,qr_payment,9805000,success
U02473,2024-04-11 05:00:00,bill_payment,475000,success
U02473,2024-05-07 12:00:00,bill_payment,1181000,failed
U02473,2024-06-04 11:00:00,savings_deposit,753000,success
U02474,2024-02-22 09:00:00,loan_repayment,970000,success
U02474,2024-02-24 15:00:00,bill_payment,9965000,success
U02474,2024-02-26 13:00:00,bill_payment,2146000,success
U02474,2024-04-04 13:00:00,bill_payment,1267000,success
U02474,2024-04-07 10:00:00,bill_payment,476000,success
U02475,2024-03-19 21:00:00,card_payment,9393000,success
U02475,2024-03-24 07:00:00,bill_payment,8009000,success
U02475,2024-03-28 06:00:00,card_payment,6811000,success
U02475,2024-03-30 07:00:00,card_payment,9846000,success
U02475,2024-04-01 07:00:00,card_payment,9463000,success
U02475,2024-04-03 06:00:00,card_payment,536000,success
U02475,2024-04-16 10:00:00,savings_deposit,3127000,failed
U02476,2024-03-21 23:00:00,bill_payment,1940000,success
U02476,2024-03-24 22:00:00,loan_repayment,8959000,success
U02476,2024-04-10 02:00:00,bill_payment,925000,success
U02476,2024-04-14 19:00:00,bill_payment,6620000,failed
U02476,2024-04-18 13:00:00,qr_payment,9708000,success
U02476,2024-04-21 13:00:00,savings_deposit,7048000,success
U02476,2024-04-23 14:00:00,qr_payment,2083000,success
U02477,2024-02-26 12:00:00,qr_payment,1409000,success
U02477,2024-02-28 12:00:00,transfer,905000,success
U02477,2024-03-02 07:00:00,qr_payment,1005000,success
U02477,2024-03-02 12:00:00,qr_payment,502000,success
U02477,2024-03-12 00:00:00,qr_payment,1959000,success
U02477,2024-03-13 04:00:00,transfer,202000,success
U02477,2024-03-19 03:00:00,qr_payment,173000,success
U02478,2024-01-29 13:00:00,loan_repayment,7659000,success
U02478,2024-01-29 13:00:00,bill_payment,3288000,success
U02478,2024-02-29 21:00:00,transfer,5545000,success
U02478,2024-03-17 13:00:00,bill_payment,7499000,success
U02478,2024-03-19 10:00:00,savings_deposit,3926000,failed
U02482,2024-04-03 02:00:00,savings_deposit,10510000,success
U02482,2024-04-04 01:00:00,qr_payment,38673000,success
U02482,2024-04-07 01:00:00,savings_deposit,12658000,success
U02482,2024-04-09 17:00:00,transfer,30951000,success
U02482,2024-04-26 07:00:00,loan_repayment,6118000,success
U02482,2024-04-28 23:00:00,qr_payment,19268000,success
U02482,2024-05-03 18:00:00,savings_deposit,29718000,success
U02482,2024-05-08 04:00:00,savings_deposit,48293000,success
U02482,2024-05-15 02:00:00,savings_deposit,7883000,success
U02485,2024-02-08 19:00:00,transfer,1572000,success
U02485,2024-02-13 01:00:00,qr_payment,8550000,success
U02485,2024-02-14 22:00:00,transfer,5795000,success
U02485,2024-02-15 01:00:00,card_payment,1903000,success
U02485,2024-02-18 14:00:00,transfer,8650000,success
U02485,2024-03-03 14:00:00,savings_deposit,6493000,success
U02485,2024-03-06 16:00:00,qr_payment,5619000,success
U02485,2024-03-23 04:00:00,loan_repayment,6535000,success
U02485,2024-03-31 01:00:00,qr_payment,8450000,failed
U02487,2024-03-25 16:00:00,loan_repayment,7319000,success
U02487,2024-04-05 15:00:00,loan_repayment,9133000,success
U02487,2024-04-07 01:00:00,loan_repayment,5642000,success
U02487,2024-04-13 04:00:00,loan_repayment,610000,success
U02487,2024-04-13 11:00:00,transfer,6020000,success
U02487,2024-04-24 15:00:00,qr_payment,3641000,failed
U02487,2024-04-25 10:00:00,card_payment,5135000,success
U02487,2024-05-07 06:00:00,transfer,1438000,success
U02487,2024-05-07 06:00:00,transfer,2398000,success
U02487,2024-05-07 13:00:00,transfer,6691000,success
U02487,2024-05-15 05:00:00,bill_payment,2871000,failed
U02487,2024-05-19 07:00:00,transfer,3223000,success
U02487,2024-05-19 12:00:00,transfer,2632000,success
U02487,2024-05-19 15:00:00,qr_payment,8797000,success
U02487,2024-05-24 01:00:00,transfer,4619000,success
U02489,2024-05-12 06:00:00,transfer,1853000,success
U02489,2024-05-16 22:00:00,transfer,1020000,success
U02489,2024-05-18 02:00:00,card_payment,1004000,success
U02489,2024-05-21 04:00:00,card_payment,754000,success
U02489,2024-06-06 12:00:00,card_payment,77000,success
U02489,2024-06-15 05:00:00,card_payment,1056000,success
U02501,2024-01-25 00:00:00,transfer,28685000,success
U02501,2024-01-28 11:00:00,bill_payment,18096000,success
U02501,2024-02-01 04:00:00,card_payment,22792000,success
U02501,2024-02-15 14:00:00,qr_payment,20979000,failed
U02501,2024-02-24 10:00:00,transfer,48057000,success
U02501,2024-02-25 10:00:00,savings_deposit,44243000,success
U02501,2024-02-27 13:00:00,bill_payment,2175000,success
U02501,2024-03-04 06:00:00,loan_repayment,31277000,success
U02501,2024-03-07 15:00:00,bill_payment,30162000,success
U02501,2024-03-09 04:00:00,bill_payment,34772000,success
U02501,2024-03-10 01:00:00,card_payment,29255000,success
U02501,2024-03-11 01:00:00,transfer,12811000,success
U02501,2024-03-13 07:00:00,bill_payment,43644000,success
U02501,2024-03-15 12:00:00,transfer,29606000,failed
U02501,2024-03-15 15:00:00,qr_payment,46615000,success
U02502,2024-02-07 03:00:00,card_payment,1609000,success
U02502,2024-02-24 03:00:00,bill_payment,942000,success
U02502,2024-03-14 19:00:00,card_payment,842000,success
U02502,2024-04-05 07:00:00,card_payment,1466000,success
U02511,2024-02-01 23:00:00,qr_payment,6383000,success
U02511,2024-02-06 22:00:00,qr_payment,1243000,success
U02511,2024-02-23 23:00:00,qr_payment,8914000,success
U02511,2024-03-10 23:00:00,qr_payment,9339000,success
U02512,2024-05-01 04:00:00,qr_payment,37592000,success
U02512,2024-05-07 13:00:00,qr_payment,6212000,success
U02512,2024-05-12 23:00:00,loan_repayment,20693000,success
U02512,2024-05-26 04:00:00,card_payment,15519000,success
U02514,2024-05-07 00:00:00,transfer,1911000,success
U02514,2024-05-08 04:00:00,bill_payment,2936000,success
U02514,2024-05-14 15:00:00,savings_deposit,2697000,success
U02514,2024-05-18 14:00:00,qr_payment,1086000,success
U02514,2024-05-25 22:00:00,bill_payment,9391000,success
U02514,2024-05-30 00:00:00,qr_payment,1735000,success
U02514,2024-05-30 22:00:00,savings_deposit,3466000,success
U02514,2024-05-31 14:00:00,bill_payment,7088000,success
U02514,2024-06-01 02:00:00,bill_payment,8238000,success
U02514,2024-06-09 21:00:00,savings_deposit,2473000,success
U02514,2024-06-10 18:00:00,loan_repayment,3481000,success
U02514,2024-06-15 14:00:00,qr_payment,5272000,success
U02516,2024-01-06 06:00:00,bill_payment,5359000,failed
U02516,2024-01-11 04:00:00,card_payment,8693000,success
U02516,2024-01-29 04:00:00,qr_payment,6375000,success
U02516,2024-02-03 05:00:00,bill_payment,7261000,failed
U02516,2024-02-17 21:00:00,qr_payment,1150000,success
U02516,2024-02-20 17:00:00,bill_payment,1860000,success
U02516,2024-03-03 04:00:00,savings_deposit,3155000,success
U02518,2024-01-12 05:00:00,qr_payment,42385000,success
U02518,2024-01-25 09:00:00,bill_payment,27603000,success
U02518,2024-01-26 20:00:00,card_payment,47413000,success
U02518,2024-01-27 10:00:00,qr_payment,8810000,failed
U02518,2024-01-28 08:00:00,transfer,42542000,success
U02518,2024-01-29 00:00:00,bill_payment,25342000,success
U02518,2024-01-31 21:00:00,qr_payment,23566000,success
U02518,2024-02-08 11:00:00,qr_payment,23910000,success
U02518,2024-02-13 04:00:00,card_payment,21420000,success
U02518,2024-02-13 19:00:00,loan_repayment,46377000,success
U02518,2024-02-14 23:00:00,card_payment,39333000,success
U02518,2024-02-20 04:00:00,qr_payment,37036000,success
U02518,2024-02-21 00:00:00,savings_deposit,5464000,success
U02518,2024-02-24 10:00:00,savings_deposit,4614000,success
U02518,2024-03-04 02:00:00,card_payment,28946000,success
U02518,2024-03-07 11:00:00,qr_payment,36322000,success
U02524,2024-01-29 00:00:00,savings_deposit,3674000,success
U02525,2024-02-21 10:00:00,qr_payment,791000,success
U02525,2024-02-27 23:00:00,transfer,422000,success
U02525,2024-02-28 12:00:00,transfer,1835000,success
U02525,2024-03-02 18:00:00,transfer,613000,success
U02525,2024-03-23 09:00:00,loan_repayment,1054000,success
U02527,2024-01-11 10:00:00,bill_payment,1342000,success
U02527,2024-01-14 22:00:00,loan_repayment,458000,success
U02527,2024-01-18 11:00:00,savings_deposit,1820000,success
U02527,2024-01-19 10:00:00,card_payment,1279000,success
U02527,2024-01-21 12:00:00,savings_deposit,704000,failed
U02527,2024-01-25 07:00:00,savings_deposit,147000,success
U02527,2024-01-30 21:00:00,bill_payment,1919000,failed
U02527,2024-02-05 07:00:00,loan_repayment,1539000,success
U02527,2024-02-10 11:00:00,card_payment,639000,success
U02527,2024-02-18 22:00:00,bill_payment,323000,success
U02527,2024-02-19 08:00:00,transfer,871000,success
U02527,2024-02-25 04:00:00,savings_deposit,1426000,success
U02527,2024-02-29 23:00:00,bill_payment,579000,success
U02527,2024-03-06 08:00:00,transfer,1547000,success
U02538,2024-03-09 01:00:00,card_payment,8305000,success
U02538,2024-03-17 22:00:00,loan_repayment,7786000,success
U02538,2024-03-20 07:00:00,transfer,5979000,success
U02538,2024-03-31 08:00:00,savings_deposit,6233000,success
U02540,2024-03-06 18:00:00,loan_repayment,1102000,success
U02540,2024-03-09 16:00:00,bill_payment,1437000,success
U02540,2024-03-10 05:00:00,bill_payment,972000,success
U02540,2024-03-16 11:00:00,bill_payment,1466000,success
U02540,2024-03-19 19:00:00,bill_payment,971000,success
U02540,2024-03-27 16:00:00,bill_payment,1133000,success
U02540,2024-04-04 15:00:00,loan_repayment,1074000,success
U02540,2024-04-08 06:00:00,bill_payment,795000,success
U02540,2024-04-08 11:00:00,qr_payment,966000,success
U02540,2024-04-11 04:00:00,transfer,724000,failed
U02540,2024-04-15 06:00:00,transfer,611000,success
U02540,2024-04-29 15:00:00,loan_repayment,885000,success
U02545,2024-04-03 06:00:00,qr_payment,872000,success
U02545,2024-04-05 18:00:00,bill_payment,448000,success
U02545,2024-04-11 18:00:00,card_payment,1476000,success
U02545,2024-04-29 04:00:00,qr_payment,1814000,success
U02545,2024-05-14 17:00:00,qr_payment,1098000,success
U02545,2024-05-17 05:00:00,qr_payment,1425000,success
U02545,2024-05-17 13:00:00,qr_payment,1252000,success
U02545,2024-05-24 09:00:00,card_payment,584000,success
U02545,2024-05-30 14:00:00,transfer,302000,success
U02546,2024-04-11 14:00:00,bill_payment,388000,success
U02546,2024-05-01 08:00:00,bill_payment,901000,success
U02547,2024-02-28 20:00:00,transfer,590000,success
U02547,2024-03-01 09:00:00,transfer,4078000,success
U02547,2024-04-11 19:00:00,card_payment,9653000,success
U02547,2024-04-18 00:00:00,bill_payment,6950000,success
U02547,2024-04-28 07:00:00,qr_payment,4869000,success
U02549,2024-01-07 00:00:00,bill_payment,5695000,failed
U02549,2024-01-07 06:00:00,transfer,5470000,success
U02549,2024-02-02 02:00:00,loan_repayment,1459000,success
U02549,2024-02-11 06:00:00,loan_repayment,6457000,success
U02549,2024-02-15 23:00:00,transfer,6856000,success
U02549,2024-02-22 00:00:00,transfer,9898000,success
U02549,2024-02-27 09:00:00,loan_repayment,4167000,success
U02549,2024-02-28 22:00:00,bill_payment,4439000,success
U02552,2024-01-21 10:00:00,card_payment,1534000,success
U02552,2024-02-17 21:00:00,card_payment,672000,success
U02552,2024-03-01 08:00:00,card_payment,1371000,failed
U02564,2024-02-15 10:00:00,qr_payment,3421000,success
U02564,2024-02-16 23:00:00,bill_payment,7231000,success
U02564,2024-02-19 22:00:00,loan_repayment,32131000,success
U02564,2024-02-22 21:00:00,qr_payment,1475000,success
U02564,2024-02-22 22:00:00,qr_payment,39802000,success
U02564,2024-03-06 03:00:00,savings_deposit,46790000,success
U02564,2024-03-14 04:00:00,card_payment,31094000,success
U02564,2024-03-18 22:00:00,qr_payment,24404000,success
U02564,2024-03-20 03:00:00,card_payment,9476000,success
U02564,2024-03-27 02:00:00,savings_deposit,21001000,success
U02570,2024-02-29 01:00:00,bill_payment,828000,success
U02570,2024-03-07 02:00:00,qr_payment,1112000,success
U02570,2024-03-07 08:00:00,savings_deposit,1678000,success
U02570,2024-03-13 14:00:00,bill_payment,1003000,success
U02570,2024-03-15 12:00:00,card_payment,768000,success
U02570,2024-03-18 04:00:00,bill_payment,1813000,success
U02570,2024-03-23 02:00:00,savings_deposit,1595000,success
U02570,2024-03-28 16:00:00,savings_deposit,1961000,success
U02570,2024-03-29 03:00:00,bill_payment,1749000,success
U02570,2024-04-20 07:00:00,bill_payment,172000,success
U02572,2024-04-17 02:00:00,loan_repayment,24721000,success
U02572,2024-04-21 23:00:00,card_payment,29722000,success
U02572,2024-04-22 02:00:00,savings_deposit,5758000,success
U02572,2024-04-30 05:00:00,card_payment,35380000,success
U02572,2024-05-03 23:00:00,card_payment,23931000,success
U02572,2024-05-09 20:00:00,transfer,12711000,success
U02572,2024-05-12 17:00:00,card_payment,36112000,success
U02572,2024-05-13 18:00:00,card_payment,38477000,success
U02574,2024-03-07 02:00:00,loan_repayment,675000,success
U02574,2024-03-16 02:00:00,card_payment,1204000,success
U02574,2024-03-21 14:00:00,transfer,544000,success
U02574,2024-03-22 09:00:00,savings_deposit,1070000,success
U02574,2024-03-23 02:00:00,card_payment,658000,success
U02574,2024-03-24 05:00:00,card_payment,423000,success
U02574,2024-03-26 04:00:00,bill_payment,1856000,success
U02574,2024-03-26 08:00:00,savings_deposit,1378000,success
U02574,2024-03-29 06:00:00,savings_deposit,98000,success
U02574,2024-04-08 09:00:00,card_payment,700000,success
U02574,2024-04-08 14:00:00,card_payment,1417000,success
U02574,2024-04-09 07:00:00,savings_deposit,1101000,success
U02574,2024-04-24 02:00:00,savings_deposit,921000,success
U02576,2024-01-19 22:00:00,savings_deposit,8136000,success
U02576,2024-01-24 18:00:00,savings_deposit,2032000,success
U02576,2024-01-29 09:00:00,qr_payment,7946000,success
U02576,2024-02-08 15:00:00,card_payment,8599000,success
U02576,2024-02-15 08:00:00,savings_deposit,193000,success
U02576,2024-02-26 10:00:00,savings_deposit,3781000,success
U02576,2024-03-07 12:00:00,qr_payment,6304000,success
U02576,2024-03-09 09:00:00,savings_deposit,4975000,success
U02576,2024-03-09 15:00:00,savings_deposit,708000,success
U02577,2024-05-27 12:00:00,bill_payment,1341000,success
U02577,2024-06-08 01:00:00,bill_payment,970000,success
U02579,2024-04-06 12:00:00,card_payment,6608000,success
U02579,2024-04-24 15:00:00,card_payment,4721000,success
U02579,2024-04-25 20:00:00,card_payment,5329000,failed
U02589,2024-02-14 05:00:00,bill_payment,45636000,success
U02589,2024-02-15 11:00:00,bill_payment,12838000,failed
U02589,2024-02-17 03:00:00,transfer,41438000,success
U02589,2024-03-22 22:00:00,savings_deposit,43400000,success
U02589,2024-03-23 12:00:00,bill_payment,39723000,success
U02589,2024-04-08 04:00:00,bill_payment,38889000,success
U02591,2024-01-03 17:00:00,qr_payment,47828000,success
U02591,2024-01-08 18:00:00,loan_repayment,15254000,success
U02591,2024-01-16 05:00:00,loan_repayment,28205000,success
U02591,2024-01-16 06:00:00,qr_payment,25647000,success
U02591,2024-01-16 19:00:00,card_payment,6348000,success
U02591,2024-01-19 08:00:00,qr_payment,13050000,success
U02591,2024-01-20 15:00:00,loan_repayment,16831000,success
U02591,2024-01-24 16:00:00,savings_deposit,19136000,success
U02591,2024-02-03 05:00:00,savings_deposit,29173000,success
U02591,2024-02-07 09:00:00,qr_payment,42762000,success
U02591,2024-02-16 15:00:00,savings_deposit,38499000,success
U02591,2024-02-21 05:00:00,bill_payment,38837000,success
U02591,2024-02-21 09:00:00,card_payment,38663000,success
U02591,2024-02-24 17:00:00,savings_deposit,2091000,success
U02591,2024-02-28 19:00:00,qr_payment,43057000,success
U02591,2024-03-01 08:00:00,bill_payment,21113000,success
U02601,2024-03-11 09:00:00,loan_repayment,1671000,success
U02601,2024-03-20 19:00:00,loan_repayment,893000,success
U02601,2024-03-27 13:00:00,loan_repayment,630000,success
U02601,2024-04-03 08:00:00,loan_repayment,1407000,success
U02601,2024-04-09 20:00:00,loan_repayment,271000,success
U02601,2024-04-13 14:00:00,loan_repayment,224000,success
U02601,2024-04-23 23:00:00,loan_repayment,1439000,success
U02601,2024-05-08 12:00:00,loan_repayment,1471000,failed
U02602,2024-03-08 11:00:00,savings_deposit,4727000,success
U02602,2024-03-13 14:00:00,qr_payment,4087000,success
U02602,2024-03-20 13:00:00,qr_payment,2057000,failed
U02602,2024-03-27 09:00:00,qr_payment,5002000,success
U02602,2024-03-31 05:00:00,transfer,7258000,success
U02602,2024-04-03 18:00:00,qr_payment,1962000,success
U02602,2024-04-07 06:00:00,card_payment,1075000,success
U02607,2024-04-17 00:00:00,savings_deposit,2275000,success
U02607,2024-04-20 23:00:00,card_payment,7319000,success
U02607,2024-04-25 02:00:00,qr_payment,602000,success
U02607,2024-05-02 19:00:00,qr_payment,4135000,failed
U02607,2024-05-04 01:00:00,savings_deposit,3593000,success
U02607,2024-05-12 04:00:00,qr_payment,454000,success
U02607,2024-05-14 16:00:00,transfer,4647000,success
U02607,2024-05-20 06:00:00,savings_deposit,6511000,success
U02607,2024-06-04 01:00:00,savings_deposit,4366000,success
U02607,2024-06-10 01:00:00,bill_payment,6048000,success
U02614,2024-01-08 02:00:00,loan_repayment,1015000,success
U02614,2024-01-10 01:00:00,bill_payment,364000,success
U02614,2024-01-11 16:00:00,card_payment,754000,success
U02614,2024-01-12 22:00:00,bill_payment,1059000,success
U02614,2024-01-17 06:00:00,savings_deposit,339000,success
U02614,2024-01-24 22:00:00,card_payment,1089000,success
U02614,2024-01-28 06:00:00,savings_deposit,1604000,success
U02614,2024-02-01 01:00:00,bill_payment,1086000,success
U02614,2024-02-01 03:00:00,savings_deposit,690000,success
U02614,2024-02-03 18:00:00,bill_payment,1651000,failed
U02614,2024-02-09 16:00:00,bill_payment,1128000,success
U02614,2024-02-10 18:00:00,bill_payment,1345000,failed
U02614,2024-02-10 19:00:00,transfer,1583000,success
U02614,2024-02-11 07:00:00,transfer,391000,success
U02614,2024-02-14 16:00:00,bill_payment,436000,success
U02614,2024-02-14 23:00:00,transfer,1495000,success
U02614,2024-02-16 02:00:00,loan_repayment,1811000,success
U02614,2024-02-27 16:00:00,savings_deposit,1933000,success
U02620,2024-01-26 20:00:00,loan_repayment,4031000,success
U02620,2024-02-03 15:00:00,transfer,1891000,success
U02620,2024-02-21 00:00:00,savings_deposit,3743000,success
U02620,2024-03-05 15:00:00,card_payment,5569000,success
U02623,2024-01-26 17:00:00,transfer,13481000,success
U02623,2024-02-26 11:00:00,bill_payment,34784000,success
U02623,2024-02-27 04:00:00,qr_payment,18545000,success
U02623,2024-03-01 15:00:00,savings_deposit,30528000,success
U02627,2024-03-27 12:00:00,savings_deposit,7030000,failed
U02627,2024-04-01 06:00:00,card_payment,2373000,success
U02627,2024-05-23 06:00:00,card_payment,6210000,success
U02635,2024-01-23 00:00:00,loan_repayment,1408000,success
U02635,2024-02-14 10:00:00,bill_payment,9659000,success
U02635,2024-03-13 23:00:00,loan_repayment,8666000,success
U02639,2024-02-16 20:00:00,loan_repayment,2785000,success
U02639,2024-02-24 06:00:00,card_payment,1621000,success
U02639,2024-02-27 04:00:00,card_payment,8167000,success
U02639,2024-03-03 07:00:00,bill_payment,1876000,success
U02639,2024-04-02 01:00:00,bill_payment,172000,success
U02639,2024-04-08 19:00:00,card_payment,3470000,success
U02639,2024-04-15 06:00:00,transfer,9328000,failed
U02643,2024-04-22 03:00:00,transfer,865000,success
U02643,2024-04-22 16:00:00,bill_payment,3896000,success
U02643,2024-04-24 15:00:00,transfer,4519000,success
U02643,2024-05-07 04:00:00,bill_payment,5047000,success
U02643,2024-05-09 05:00:00,bill_payment,8154000,success
U02643,2024-05-10 17:00:00,bill_payment,2874000,failed
U02643,2024-05-17 03:00:00,savings_deposit,7163000,failed
U02643,2024-06-05 11:00:00,transfer,4154000,success
U02643,2024-06-07 16:00:00,loan_repayment,3414000,success
U02643,2024-06-08 06:00:00,bill_payment,3254000,success
U02644,2024-05-04 07:00:00,loan_repayment,22579000,success
U02644,2024-05-07 07:00:00,savings_deposit,4454000,success
U02644,2024-05-15 23:00:00,savings_deposit,13541000,success
U02646,2024-03-14 00:00:00,loan_repayment,6237000,success
U02646,2024-03-14 13:00:00,card_payment,5091000,failed
U02646,2024-03-28 21:00:00,qr_payment,6696000,success
U02646,2024-04-07 16:00:00,card_payment,3261000,success
U02646,2024-04-15 16:00:00,bill_payment,5226000,success
U02646,2024-04-19 23:00:00,qr_payment,7153000,success
U02651,2024-04-26 05:00:00,loan_repayment,3727000,success
U02651,2024-04-27 13:00:00,bill_payment,7704000,success
U02651,2024-04-28 07:00:00,bill_payment,7953000,failed
U02651,2024-05-05 11:00:00,transfer,4156000,success
U02651,2024-05-13 00:00:00,transfer,1824000,success
U02651,2024-05-16 05:00:00,loan_repayment,5469000,success
U02651,2024-05-17 10:00:00,card_payment,6425000,success
U02651,2024-05-25 08:00:00,loan_repayment,4763000,success
U02651,2024-05-31 03:00:00,transfer,3899000,success
U02651,2024-06-03 02:00:00,loan_repayment,7859000,success
U02651,2024-06-12 02:00:00,transfer,8249000,success
U02657,2024-01-16 06:00:00,loan_repayment,207000,success
U02657,2024-01-25 07:00:00,card_payment,722000,success
U02657,2024-02-05 09:00:00,card_payment,9202000,success
U02657,2024-02-28 01:00:00,card_payment,7401000,success
U02658,2024-02-15 06:00:00,bill_payment,1372000,failed
U02658,2024-03-14 00:00:00,transfer,343000,success
U02659,2024-02-06 18:00:00,savings_deposit,3010000,failed
U02659,2024-02-10 18:00:00,card_payment,4349000,success
U02659,2024-02-15 00:00:00,card_payment,6689000,success
U02659,2024-02-21 13:00:00,card_payment,5907000,success
U02659,2024-02-21 15:00:00,savings_deposit,4966000,success
U02659,2024-03-02 04:00:00,loan_repayment,8654000,success
U02659,2024-03-03 20:00:00,card_payment,2153000,success
U02660,2024-01-15 23:00:00,transfer,9406000,success
U02660,2024-02-19 23:00:00,transfer,9756000,failed
U02672,2024-02-05 01:00:00,card_payment,630000,success
U02672,2024-02-05 16:00:00,loan_repayment,265000,success
U02672,2024-02-22 02:00:00,bill_payment,600000,failed
U02672,2024-03-06 22:00:00,savings_deposit,1858000,success
U02672,2024-03-20 03:00:00,bill_payment,1150000,success
U02672,2024-03-21 18:00:00,bill_payment,1658000,success
U02672,2024-03-24 02:00:00,bill_payment,232000,success
U02672,2024-03-29 17:00:00,bill_payment,1018000,failed
U02674,2024-04-22 13:00:00,transfer,1951000,success
U02674,2024-05-18 04:00:00,savings_deposit,917000,success
U02674,2024-05-22 19:00:00,transfer,1553000,success
U02674,2024-05-30 10:00:00,savings_deposit,84000,success
U02674,2024-06-02 06:00:00,savings_deposit,1205000,success
U02678,2024-02-27 00:00:00,savings_deposit,3903000,success
U02678,2024-03-05 15:00:00,savings_deposit,5188000,success
U02678,2024-03-07 12:00:00,transfer,9911000,success
U02678,2024-03-13 11:00:00,qr_payment,5491000,success
U02678,2024-03-13 14:00:00,loan_repayment,9684000,success
U02678,2024-03-14 23:00:00,card_payment,6245000,success
U02678,2024-03-18 20:00:00,loan_repayment,4120000,success
U02678,2024-03-21 00:00:00,loan_repayment,2268000,failed
U02678,2024-03-25 11:00:00,qr_payment,8962000,success
U02678,2024-03-25 12:00:00,card_payment,5705000,success
U02678,2024-04-13 18:00:00,savings_deposit,6479000,success
U02683,2024-04-05 01:00:00,card_payment,7723000,success
U02683,2024-04-13 13:00:00,bill_payment,8695000,success
U02683,2024-04-16 09:00:00,card_payment,8487000,success
U02683,2024-04-18 02:00:00,card_payment,5922000,success
U02683,2024-04-27 08:00:00,card_payment,910000,success
U02683,2024-05-02 09:00:00,qr_payment,5501000,success
U02683,2024-05-08 05:00:00,savings_deposit,7949000,success
U02683,2024-05-12 01:00:00,savings_deposit,6197000,success
U02683,2024-05-23 03:00:00,savings_deposit,2745000,success
U02691,2024-03-13 00:00:00,transfer,3503000,success
U02691,2024-03-18 07:00:00,bill_payment,3272000,success
U02691,2024-04-03 07:00:00,transfer,1048000,success
U02691,2024-04-09 01:00:00,bill_payment,9335000,success
U02691,2024-04-13 19:00:00,bill_payment,378000,success
U02694,2024-05-08 13:00:00,loan_repayment,26810000,success
U02694,2024-05-11 01:00:00,card_payment,16039000,success
U02694,2024-05-11 15:00:00,transfer,23465000,success
U02697,2024-01-28 01:00:00,card_payment,447000,success
U02697,2024-02-04 06:00:00,bill_payment,1309000,success
U02697,2024-02-07 10:00:00,card_payment,675000,success
U02697,2024-02-08 04:00:00,loan_repayment,1477000,success
U02697,2024-02-10 10:00:00,loan_repayment,688000,success
U02697,2024-02-15 05:00:00,transfer,413000,success
U02697,2024-02-22 05:00:00,savings_deposit,1866000,success
U02697,2024-02-22 17:00:00,savings_deposit,104000,success
U02697,2024-02-23 15:00:00,bill_payment,396000,success
U02697,2024-03-01 03:00:00,qr_payment,606000,success
U02697,2024-03-05 08:00:00,card_payment,1667000,success
U02697,2024-03-08 15:00:00,transfer,871000,success
U02697,2024-03-11 11:00:00,savings_deposit,1108000,success
U02697,2024-03-12 11:00:00,card_payment,1925000,success
U02697,2024-03-13 06:00:00,bill_payment,1920000,success
U02697,2024-03-17 12:00:00,loan_repayment,668000,success
U02697,2024-03-26 12:00:00,bill_payment,831000,success
U02700,2024-05-01 15:00:00,loan_repayment,1821000,success
U02705,2024-04-13 22:00:00,savings_deposit,1561000,success
U02705,2024-04-16 18:00:00,transfer,163000,success
U02705,2024-05-13 20:00:00,qr_payment,1485000,success
U02705,2024-06-02 14:00:00,qr_payment,1308000,success
U02705,2024-06-03 05:00:00,transfer,1462000,failed
U02706,2024-01-18 12:00:00,qr_payment,49477000,success
U02706,2024-01-26 19:00:00,qr_payment,27428000,success
U02706,2024-01-28 19:00:00,card_payment,4462000,success
U02706,2024-01-31 17:00:00,qr_payment,37328000,success
U02706,2024-02-08 11:00:00,qr_payment,16996000,success
U02706,2024-02-12 15:00:00,qr_payment,49924000,success
U02706,2024-02-16 13:00:00,loan_repayment,36536000,success
U02706,2024-02-27 14:00:00,bill_payment,36488000,success
U02706,2024-02-29 14:00:00,card_payment,43208000,success
U02706,2024-02-29 20:00:00,bill_payment,8756000,success
U02706,2024-03-06 22:00:00,card_payment,46609000,success
U02706,2024-03-07 20:00:00,card_payment,46308000,success
U02706,2024-03-09 00:00:00,bill_payment,15529000,success
U02706,2024-03-09 21:00:00,qr_payment,30456000,success
U02706,2024-03-11 17:00:00,card_payment,38524000,success
U02707,2024-05-04 14:00:00,transfer,1899000,success
U02708,2024-04-17 04:00:00,transfer,7629000,success
U02710,2024-03-04 12:00:00,card_payment,5064000,success
U02710,2024-03-12 01:00:00,loan_repayment,6480000,success
U02710,2024-03-16 09:00:00,loan_repayment,2116000,success
U02710,2024-03-26 09:00:00,savings_deposit,1632000,success
U02710,2024-03-31 14:00:00,savings_deposit,7142000,success
U02710,2024-04-02 12:00:00,bill_payment,4724000,success
U02710,2024-04-15 09:00:00,savings_deposit,2625000,success
U02710,2024-04-19 06:00:00,transfer,7802000,success
U02713,2024-01-26 11:00:00,card_payment,6587000,failed
U02713,2024-02-05 16:00:00,loan_repayment,926000,failed
U02713,2024-02-18 21:00:00,card_payment,1707000,success
U02713,2024-02-22 13:00:00,loan_repayment,1982000,success
U02713,2024-02-25 17:00:00,card_payment,437000,success
U02713,2024-03-09 16:00:00,savings_deposit,4288000,success
U02713,2024-03-23 01:00:00,bill_payment,7229000,success
U02715,2024-02-23 01:00:00,qr_payment,965000,success
U02715,2024-02-24 23:00:00,card_payment,347000,success
U02715,2024-02-27 02:00:00,savings_deposit,1677000,success
U02715,2024-03-10 08:00:00,qr_payment,1125000,success
U02715,2024-03-10 21:00:00,savings_deposit,1611000,success
U02715,2024-03-14 17:00:00,savings_deposit,1776000,success
U02715,2024-04-04 19:00:00,card_payment,1701000,success
U02715,2024-04-05 23:00:00,savings_deposit,1005000,success
U02715,2024-04-06 19:00:00,card_payment,1651000,success
U02718,2024-01-16 11:00:00,transfer,8057000,success
U02718,2024-01-16 20:00:00,qr_payment,9479000,success
U02718,2024-02-18 14:00:00,loan_repayment,1473000,success
U02718,2024-02-21 19:00:00,transfer,3960000,success
U02718,2024-02-22 17:00:00,qr_payment,2156000,success
U02718,2024-02-24 14:00:00,transfer,2300000,failed
U02718,2024-03-03 08:00:00,card_payment,572000,success
U02718,2024-03-03 16:00:00,bill_payment,5755000,success
U02718,2024-03-13 16:00:00,card_payment,936000,success
U02720,2024-03-28 23:00:00,bill_payment,1813000,success
U02720,2024-05-08 07:00:00,bill_payment,640000,failed
U02720,2024-05-18 18:00:00,bill_payment,1032000,success
U02720,2024-05-22 03:00:00,savings_deposit,403000,success
U02720,2024-05-22 18:00:00,qr_payment,1280000,success
U02720,2024-05-26 04:00:00,bill_payment,1107000,success
U02721,2024-02-09 21:00:00,card_payment,9527000,success
U02721,2024-02-13 23:00:00,card_payment,2567000,success
U02721,2024-02-15 03:00:00,card_payment,6012000,success
U02721,2024-02-18 22:00:00,card_payment,213000,success
U02721,2024-03-08 03:00:00,card_payment,5956000,success
U02721,2024-03-25 01:00:00,bill_payment,946000,success
U02721,2024-04-09 06:00:00,card_payment,7062000,success
U02724,2024-03-30 07:00:00,bill_payment,49804000,success
U02724,2024-04-07 19:00:00,bill_payment,38052000,success
U02724,2024-04-18 06:00:00,loan_repayment,42767000,failed
U02724,2024-04-21 17:00:00,bill_payment,37510000,success
U02726,2024-03-12 08:00:00,qr_payment,23927000,success
U02726,2024-03-15 11:00:00,bill_payment,37329000,success
U02726,2024-03-21 05:00:00,qr_payment,7741000,success
U02726,2024-03-23 13:00:00,qr_payment,13649000,success
U02726,2024-03-26 11:00:00,card_payment,42407000,success
U02726,2024-04-13 07:00:00,qr_payment,36389000,success
U02726,2024-04-14 02:00:00,savings_deposit,15351000,success
U02726,2024-04-14 12:00:00,card_payment,46059000,success
U02726,2024-04-19 04:00:00,card_payment,46571000,success
U02726,2024-04-19 14:00:00,card_payment,18208000,success
U02727,2024-02-08 02:00:00,card_payment,32180000,success
U02727,2024-02-09 19:00:00,card_payment,18464000,success
U02727,2024-02-13 06:00:00,card_payment,20098000,success
U02727,2024-03-02 04:00:00,loan_repayment,16263000,success
U02727,2024-03-03 22:00:00,transfer,43219000,success
U02727,2024-03-04 05:00:00,card_payment,18025000,success
U02727,2024-03-08 00:00:00,loan_repayment,5209000,success
U02727,2024-03-08 18:00:00,transfer,44807000,success
U02727,2024-03-08 21:00:00,loan_repayment,47341000,success
U02727,2024-03-12 18:00:00,card_payment,43916000,success
U02727,2024-03-12 23:00:00,loan_repayment,45040000,success
U02727,2024-03-14 04:00:00,loan_repayment,31524000,failed
U02728,2024-04-07 01:00:00,bill_payment,45124000,success
U02728,2024-04-09 03:00:00,bill_payment,18321000,success
U02728,2024-04-20 05:00:00,bill_payment,28775000,failed
U02728,2024-04-26 22:00:00,card_payment,550000,success
U02728,2024-05-03 19:00:00,card_payment,13411000,success
U02728,2024-05-18 08:00:00,card_payment,5315000,success
U02728,2024-05-21 06:00:00,card_payment,45586000,success
U02728,2024-05-27 06:00:00,bill_payment,18585000,success
U02733,2024-04-14 16:00:00,savings_deposit,3936000,failed
U02733,2024-05-28 06:00:00,savings_deposit,2287000,success
U02736,2024-02-25 18:00:00,savings_deposit,1491000,success
U02736,2024-03-11 07:00:00,bill_payment,3093000,success
U02736,2024-03-22 20:00:00,savings_deposit,6849000,success
U02736,2024-03-26 18:00:00,savings_deposit,5491000,success
U02737,2024-03-30 06:00:00,transfer,208000,success
U02737,2024-04-01 01:00:00,transfer,274000,failed
U02737,2024-04-01 20:00:00,bill_payment,422000,failed
U02737,2024-04-13 20:00:00,transfer,1401000,failed
U02737,2024-04-20 15:00:00,transfer,1585000,success
U02737,2024-05-03 16:00:00,bill_payment,1839000,success
U02737,2024-05-05 19:00:00,card_payment,332000,success
U02737,2024-05-08 06:00:00,bill_payment,312000,success
U02739,2024-02-18 18:00:00,loan_repayment,5268000,success
U02739,2024-02-19 05:00:00,loan_repayment,25491000,success
U02739,2024-03-03 20:00:00,savings_deposit,30057000,success
U02739,2024-04-07 04:00:00,loan_repayment,26507000,success
U02741,2024-04-13 05:00:00,card_payment,5501000,success
U02741,2024-04-22 03:00:00,bill_payment,1730000,success
U02741,2024-04-25 01:00:00,bill_payment,7717000,success
U02741,2024-05-12 07:00:00,card_payment,2277000,success
U02741,2024-05-30 02:00:00,bill_payment,1076000,success
U02741,2024-06-05 06:00:00,bill_payment,1339000,success
U02742,2024-02-04 13:00:00,savings_deposit,6448000,success
U02742,2024-02-09 08:00:00,loan_repayment,1331000,failed
U02742,2024-02-28 20:00:00,loan_repayment,9907000,success
U02742,2024-03-01 23:00:00,transfer,6459000,success
U02742,2024-03-04 10:00:00,loan_repayment,5848000,success
U02748,2024-03-10 10:00:00,qr_payment,3784000,success
U02748,2024-03-14 05:00:00,loan_repayment,1118000,success
U02748,2024-03-21 14:00:00,bill_payment,6958000,success
U02748,2024-03-24 09:00:00,card_payment,128000,failed
U02748,2024-03-24 21:00:00,bill_payment,3211000,success
U02748,2024-03-28 08:00:00,card_payment,6716000,success
U02748,2024-03-31 19:00:00,loan_repayment,448000,success
U02748,2024-04-03 14:00:00,qr_payment,9009000,success
U02748,2024-04-05 10:00:00,card_payment,9830000,success
U02748,2024-04-14 19:00:00,savings_deposit,9921000,success
U02748,2024-04-15 20:00:00,bill_payment,247000,success
U02748,2024-04-16 20:00:00,qr_payment,6017000,success
U02748,2024-04-18 06:00:00,qr_payment,9427000,success
U02754,2024-01-25 23:00:00,savings_deposit,489000,success
U02754,2024-01-26 15:00:00,bill_payment,1675000,success
U02754,2024-01-28 02:00:00,savings_deposit,282000,success
U02754,2024-03-01 22:00:00,transfer,940000,success
U02754,2024-03-09 20:00:00,card_payment,749000,success
U02754,2024-03-11 17:00:00,card_payment,1223000,success
U02754,2024-03-14 02:00:00,card_payment,1389000,success
U02756,2024-03-27 04:00:00,transfer,23173000,success
U02756,2024-03-29 17:00:00,savings_deposit,35970000,success
U02756,2024-03-30 19:00:00,qr_payment,41349000,success
U02756,2024-03-31 05:00:00,loan_repayment,44219000,success
U02756,2024-04-05 06:00:00,transfer,27233000,failed
U02756,2024-04-15 19:00:00,qr_payment,30628000,success
U02756,2024-04-19 16:00:00,card_payment,19496000,success
U02756,2024-05-02 21:00:00,savings_deposit,34799000,success
U02756,2024-05-06 07:00:00,qr_payment,21132000,success
U02756,2024-05-17 23:00:00,qr_payment,42961000,success
U02759,2024-03-18 06:00:00,bill_payment,1370000,success
U02759,2024-03-22 16:00:00,bill_payment,144000,success
U02759,2024-03-23 04:00:00,transfer,1032000,success
U02759,2024-03-25 12:00:00,loan_repayment,1844000,success
U02759,2024-04-02 08:00:00,transfer,1495000,success
U02759,2024-04-05 05:00:00,transfer,1889000,failed
U02759,2024-04-14 04:00:00,loan_repayment,1914000,failed
U02759,2024-04-20 03:00:00,bill_payment,374000,success
U02759,2024-04-22 05:00:00,qr_payment,1873000,success
U02759,2024-04-26 03:00:00,transfer,1683000,success
U02759,2024-04-28 03:00:00,transfer,1477000,success
U02769,2024-04-15 22:00:00,loan_repayment,233000,success
U02769,2024-04-16 21:00:00,bill_payment,1386000,success
U02769,2024-04-17 05:00:00,card_payment,943000,success
U02769,2024-04-27 16:00:00,transfer,1442000,success
U02769,2024-04-28 17:00:00,loan_repayment,1377000,success
U02769,2024-05-05 00:00:00,savings_deposit,1748000,failed
U02769,2024-05-05 04:00:00,transfer,139000,success
U02769,2024-05-10 01:00:00,loan_repayment,225000,success
U02772,2024-01-22 17:00:00,qr_payment,9023000,success
U02772,2024-01-24 22:00:00,qr_payment,2047000,success
U02772,2024-01-28 15:00:00,bill_payment,3618000,failed
U02772,2024-02-04 15:00:00,card_payment,6082000,success
U02772,2024-03-11 02:00:00,card_payment,4860000,success
U02772,2024-03-12 04:00:00,qr_payment,6237000,success
U02775,2024-04-04 17:00:00,qr_payment,1018000,failed
U02779,2024-01-13 17:00:00,loan_repayment,7058000,success
U02779,2024-01-19 21:00:00,qr_payment,8656000,success
U02779,2024-01-22 11:00:00,transfer,9102000,success
U02779,2024-01-24 08:00:00,bill_payment,3808000,success
U02779,2024-01-26 13:00:00,transfer,7508000,success
U02779,2024-02-04 13:00:00,bill_payment,711000,success
U02779,2024-02-28 18:00:00,qr_payment,2978000,success
U02780,2024-03-28 00:00:00,bill_payment,6102000,failed
U02780,2024-03-31 00:00:00,bill_payment,7814000,success
U02780,2024-04-05 22:00:00,bill_payment,152000,success
U02780,2024-04-10 00:00:00,bill_payment,2790000,success
U02780,2024-04-18 04:00:00,bill_payment,9322000,failed
U02780,2024-04-20 10:00:00,loan_repayment,4734000,success
U02780,2024-04-30 11:00:00,qr_payment,4351000,success
U02780,2024-05-06 07:00:00,qr_payment,5999000,success
U02781,2024-01-25 21:00:00,loan_repayment,5668000,success
U02781,2024-01-27 21:00:00,loan_repayment,4052000,success
U02781,2024-01-31 00:00:00,loan_repayment,2997000,success
U02785,2024-03-05 01:00:00,loan_repayment,7405000,success
U02785,2024-04-09 20:00:00,savings_deposit,5648000,success
U02797,2024-05-11 14:00:00,qr_payment,34927000,success
U02800,2024-04-25 08:00:00,loan_repayment,8693000,failed
U02800,2024-05-05 22:00:00,loan_repayment,4587000,success
U02800,2024-05-08 06:00:00,loan_repayment,5426000,success
U02800,2024-05-11 05:00:00,loan_repayment,4413000,success
U02800,2024-05-17 07:00:00,loan_repayment,4242000,success
U02800,2024-06-04 02:00:00,loan_repayment,8100000,success
U02800,2024-06-07 05:00:00,qr_payment,7280000,success
U02802,2024-04-15 09:00:00,bill_payment,810000,success
U02802,2024-05-11 21:00:00,bill_payment,1018000,success
U02802,2024-05-13 10:00:00,loan_repayment,1757000,success
U02802,2024-05-14 13:00:00,savings_deposit,203000,success
U02802,2024-05-15 06:00:00,savings_deposit,1698000,success
U02802,2024-05-16 09:00:00,savings_deposit,1119000,success
U02802,2024-05-23 13:00:00,savings_deposit,420000,success
U02802,2024-05-31 05:00:00,bill_payment,1359000,success
U02803,2024-03-02 19:00:00,loan_repayment,6877000,success
U02803,2024-03-06 13:00:00,savings_deposit,7408000,failed
U02803,2024-03-16 14:00:00,loan_repayment,1221000,success
U02803,2024-03-22 10:00:00,transfer,9635000,success
U02803,2024-03-24 00:00:00,loan_repayment,4022000,success
U02803,2024-04-08 20:00:00,qr_payment,9277000,failed
U02803,2024-04-15 15:00:00,qr_payment,3869000,success
U02803,2024-04-22 18:00:00,transfer,6152000,success
U02803,2024-04-23 22:00:00,transfer,7945000,success
U02803,2024-04-25 10:00:00,savings_deposit,573000,success
U02804,2024-02-05 03:00:00,loan_repayment,466000,success
U02804,2024-02-12 08:00:00,qr_payment,1923000,success
U02804,2024-02-23 03:00:00,transfer,396000,success
U02804,2024-02-25 02:00:00,qr_payment,305000,success
U02804,2024-03-03 04:00:00,transfer,71000,success
U02804,2024-03-04 04:00:00,bill_payment,104000,success
U02804,2024-03-06 02:00:00,transfer,319000,failed
U02804,2024-03-16 04:00:00,transfer,1485000,success
U02806,2024-02-09 09:00:00,card_payment,49188000,success
U02806,2024-02-10 08:00:00,card_payment,13692000,success
U02806,2024-02-18 12:00:00,transfer,36886000,success
U02806,2024-02-21 23:00:00,qr_payment,7275000,success
U02806,2024-02-23 10:00:00,qr_payment,19877000,success
U02806,2024-03-08 11:00:00,transfer,34402000,success
U02806,2024-03-10 00:00:00,card_payment,842000,success
U02806,2024-03-11 23:00:00,bill_payment,44837000,success
U02806,2024-03-13 10:00:00,qr_payment,5142000,success
U02806,2024-03-19 01:00:00,card_payment,43491000,success
U02806,2024-03-31 07:00:00,savings_deposit,35945000,success
U02806,2024-03-31 12:00:00,savings_deposit,11532000,failed
U02807,2024-04-01 19:00:00,loan_repayment,1062000,success
U02807,2024-04-02 02:00:00,card_payment,856000,success
U02807,2024-04-11 00:00:00,loan_repayment,263000,success
U02807,2024-04-16 04:00:00,bill_payment,1991000,success
U02807,2024-04-16 08:00:00,savings_deposit,233000,success
U02807,2024-04-16 19:00:00,card_payment,376000,success
U02807,2024-04-21 17:00:00,card_payment,228000,success
U02807,2024-04-28 17:00:00,loan_repayment,569000,success
U02807,2024-04-30 01:00:00,transfer,312000,success
U02807,2024-04-30 06:00:00,savings_deposit,699000,success
U02807,2024-05-03 18:00:00,loan_repayment,1388000,success
U02807,2024-05-16 00:00:00,transfer,1772000,success
U02807,2024-05-20 07:00:00,loan_repayment,1395000,success
U02810,2024-01-27 05:00:00,savings_deposit,6472000,success
U02810,2024-02-08 14:00:00,transfer,7200000,success
U02810,2024-03-02 19:00:00,transfer,9202000,failed
U02810,2024-03-05 11:00:00,transfer,4164000,failed
U02810,2024-03-08 14:00:00,savings_deposit,2188000,success
U02819,2024-01-15 21:00:00,qr_payment,6959000,success
U02819,2024-01-16 12:00:00,loan_repayment,9543000,success
U02819,2024-01-20 14:00:00,card_payment,7840000,success
U02819,2024-01-24 10:00:00,transfer,2699000,success
U02819,2024-01-28 18:00:00,transfer,438000,success
U02819,2024-02-01 19:00:00,qr_payment,9923000,success
U02819,2024-02-08 18:00:00,bill_payment,6666000,success
U02819,2024-02-20 21:00:00,transfer,4798000,success
U02819,2024-03-05 08:00:00,qr_payment,591000,success
U02819,2024-03-10 09:00:00,transfer,4041000,success
U02819,2024-03-13 16:00:00,bill_payment,7984000,success
U02822,2024-05-02 05:00:00,card_payment,1684000,success
U02822,2024-05-17 17:00:00,card_payment,9017000,success
U02822,2024-05-18 03:00:00,loan_repayment,7799000,failed
U02822,2024-05-30 19:00:00,card_payment,3639000,success
U02822,2024-06-03 17:00:00,loan_repayment,5210000,success
U02822,2024-06-04 17:00:00,loan_repayment,2773000,success
U02824,2024-04-03 06:00:00,card_payment,3051000,success
U02824,2024-04-04 18:00:00,loan_repayment,1755000,success
U02824,2024-04-11 03:00:00,savings_deposit,8884000,success
U02824,2024-04-11 09:00:00,qr_payment,3502000,success
U02824,2024-04-13 19:00:00,loan_repayment,2970000,success
U02824,2024-04-16 12:00:00,card_payment,8754000,success
U02824,2024-04-21 06:00:00,savings_deposit,5932000,success
U02824,2024-04-22 06:00:00,loan_repayment,6530000,success
U02824,2024-04-23 11:00:00,card_payment,1436000,success
U02824,2024-04-25 18:00:00,loan_repayment,6431000,success
U02824,2024-05-04 19:00:00,loan_repayment,1923000,success
U02824,2024-05-06 09:00:00,loan_repayment,8059000,success
U02824,2024-05-10 10:00:00,card_payment,3587000,success
U02824,2024-05-18 16:00:00,savings_deposit,5249000,success
U02824,2024-05-21 04:00:00,savings_deposit,4665000,success
U02824,2024-05-25 05:00:00,card_payment,6485000,success
U02824,2024-05-27 11:00:00,savings_deposit,460000,success
U02825,2024-02-17 14:00:00,bill_payment,27685000,success
U02825,2024-02-20 00:00:00,bill_payment,5723000,success
U02825,2024-02-20 22:00:00,qr_payment,15562000,success
U02825,2024-03-07 18:00:00,bill_payment,27481000,success
U02825,2024-03-13 18:00:00,card_payment,32373000,success
U02825,2024-03-22 16:00:00,bill_payment,12423000,success
U02825,2024-04-08 19:00:00,bill_payment,18594000,failed
U02826,2024-04-03 00:00:00,card_payment,1266000,success
U02826,2024-04-17 14:00:00,savings_deposit,528000,success
U02826,2024-04-23 11:00:00,card_payment,1141000,success
U02826,2024-05-10 04:00:00,transfer,528000,success
U02826,2024-05-11 08:00:00,bill_payment,518000,success
U02826,2024-05-11 23:00:00,loan_repayment,1238000,success
U02826,2024-05-20 06:00:00,loan_repayment,1640000,success
U02826,2024-05-23 01:00:00,loan_repayment,1973000,success
U02826,2024-05-23 07:00:00,card_payment,232000,success
U02829,2024-03-23 12:00:00,transfer,3295000,success
U02829,2024-03-26 02:00:00,qr_payment,3750000,success
U02829,2024-04-02 15:00:00,qr_payment,9945000,success
U02829,2024-04-03 07:00:00,bill_payment,5932000,success
U02829,2024-04-29 11:00:00,qr_payment,5392000,success
U02829,2024-05-05 02:00:00,savings_deposit,7264000,success
U02829,2024-05-08 01:00:00,loan_repayment,909000,success
U02829,2024-05-09 05:00:00,card_payment,7998000,success
U02830,2024-02-09 05:00:00,card_payment,1890000,failed
U02830,2024-02-16 04:00:00,bill_payment,1299000,success
U02830,2024-03-21 12:00:00,card_payment,693000,success
U02832,2024-03-19 06:00:00,savings_deposit,551000,success
U02836,2024-04-11 08:00:00,transfer,2875000,success
U02836,2024-04-18 19:00:00,transfer,486000,success
U02836,2024-05-14 07:00:00,qr_payment,3707000,success
U02836,2024-05-20 12:00:00,qr_payment,644000,success
U02836,2024-05-21 11:00:00,loan_repayment,1794000,failed
U02836,2024-05-22 23:00:00,loan_repayment,6057000,success
U02836,2024-05-28 21:00:00,transfer,1793000,success
U02846,2024-04-29 16:00:00,qr_payment,836000,success
U02846,2024-04-29 16:00:00,savings_deposit,1760000,success
U02846,2024-05-01 10:00:00,card_payment,1737000,success
U02846,2024-05-06 20:00:00,bill_payment,1499000,success
U02846,2024-05-09 15:00:00,card_payment,1056000,success
U02846,2024-05-19 10:00:00,savings_deposit,1508000,failed
U02846,2024-05-19 10:00:00,qr_payment,408000,success
U02846,2024-05-24 15:00:00,bill_payment,150000,success
U02846,2024-06-02 08:00:00,loan_repayment,1983000,success
U02846,2024-06-05 10:00:00,qr_payment,1212000,success
U02846,2024-06-07 13:00:00,card_payment,1537000,success
U02847,2024-01-24 04:00:00,loan_repayment,4345000,success
U02847,2024-01-26 01:00:00,savings_deposit,23795000,success
U02847,2024-02-06 06:00:00,savings_deposit,41902000,success
U02847,2024-02-20 02:00:00,loan_repayment,7859000,success
U02847,2024-03-16 14:00:00,loan_repayment,13673000,success
U02850,2024-03-07 13:00:00,savings_deposit,3045000,success
U02850,2024-03-14 20:00:00,qr_payment,2874000,success
U02850,2024-03-14 20:00:00,qr_payment,3186000,success
U02850,2024-03-16 03:00:00,savings_deposit,1431000,success
U02850,2024-03-23 16:00:00,transfer,2342000,success
U02850,2024-04-01 23:00:00,savings_deposit,8956000,success
U02850,2024-04-09 21:00:00,card_payment,4315000,success
U02850,2024-04-17 00:00:00,qr_payment,6963000,success
U02850,2024-04-21 00:00:00,savings_deposit,3145000,success
U02850,2024-04-29 16:00:00,card_payment,9840000,success
U02850,2024-05-02 21:00:00,savings_deposit,4007000,success
U02853,2024-03-17 00:00:00,bill_payment,31284000,success
U02853,2024-03-18 14:00:00,card_payment,47684000,success
U02853,2024-03-20 04:00:00,card_payment,16267000,success
U02853,2024-03-25 12:00:00,bill_payment,12128000,success
U02853,2024-03-29 03:00:00,card_payment,25361000,success
U02853,2024-04-28 08:00:00,card_payment,40378000,failed
U02853,2024-05-02 01:00:00,loan_repayment,3387000,success
U02853,2024-05-02 06:00:00,bill_payment,8192000,success
U02856,2024-03-28 06:00:00,bill_payment,743000,success
U02856,2024-04-01 01:00:00,transfer,630000,success
U02856,2024-04-03 03:00:00,qr_payment,203000,failed
U02856,2024-04-07 22:00:00,card_payment,308000,success
U02856,2024-04-16 21:00:00,bill_payment,1814000,success
U02856,2024-04-17 21:00:00,qr_payment,754000,success
U02856,2024-04-29 05:00:00,qr_payment,243000,success
U02858,2024-03-19 00:00:00,loan_repayment,8983000,success
U02858,2024-03-29 20:00:00,card_payment,9266000,success
U02858,2024-04-01 06:00:00,loan_repayment,2728000,success
U02858,2024-04-08 00:00:00,loan_repayment,4717000,success
U02858,2024-04-16 09:00:00,loan_repayment,8675000,success
U02858,2024-05-12 07:00:00,loan_repayment,8967000,success
U02858,2024-05-12 11:00:00,card_payment,7420000,success
U02860,2024-03-28 15:00:00,bill_payment,1772000,success
U02860,2024-04-21 23:00:00,bill_payment,253000,success
U02862,2024-01-19 22:00:00,savings_deposit,6103000,success
U02862,2024-01-22 03:00:00,savings_deposit,10844000,success
U02862,2024-02-26 21:00:00,savings_deposit,6483000,success
U02862,2024-02-28 04:00:00,savings_deposit,40597000,success
U02862,2024-03-01 03:00:00,transfer,35979000,success
U02862,2024-03-01 18:00:00,savings_deposit,10288000,success
U02862,2024-03-03 23:00:00,bill_payment,38863000,failed
U02862,2024-03-05 19:00:00,loan_repayment,25117000,success
U02869,2024-03-10 12:00:00,qr_payment,1233000,success
U02869,2024-03-12 11:00:00,loan_repayment,1843000,success
U02869,2024-03-24 14:00:00,transfer,7158000,success
U02869,2024-04-01 11:00:00,transfer,8177000,success
U02869,2024-04-03 13:00:00,bill_payment,3296000,success
U02869,2024-04-06 20:00:00,bill_payment,740000,failed
U02869,2024-04-07 05:00:00,card_payment,5233000,success
U02869,2024-04-12 04:00:00,bill_payment,1351000,success
U02869,2024-04-13 16:00:00,qr_payment,4781000,success
U02869,2024-04-21 08:00:00,bill_payment,9034000,success
U02869,2024-04-24 09:00:00,savings_deposit,2861000,success
U02870,2024-02-26 21:00:00,savings_deposit,5956000,success
U02870,2024-02-28 21:00:00,transfer,4844000,success
U02870,2024-03-02 22:00:00,loan_repayment,2895000,success
U02870,2024-03-18 10:00:00,savings_deposit,7164000,success
U02870,2024-03-21 20:00:00,qr_payment,3784000,failed
U02870,2024-03-22 19:00:00,bill_payment,1289000,success
U02870,2024-03-26 22:00:00,loan_repayment,1685000,success
U02870,2024-04-01 04:00:00,loan_repayment,4286000,success
U02870,2024-04-03 04:00:00,transfer,7697000,success
U02870,2024-04-04 02:00:00,card_payment,1304000,success
U02870,2024-04-15 04:00:00,qr_payment,8463000,success
U02870,2024-04-15 22:00:00,card_payment,7566000,success
U02870,2024-04-19 04:00:00,transfer,9468000,success
U02870,2024-04-20 22:00:00,loan_repayment,7835000,success
U02870,2024-04-22 00:00:00,transfer,4730000,success
U02871,2024-04-15 14:00:00,savings_deposit,112000,failed
U02871,2024-04-16 04:00:00,qr_payment,7631000,success
U02871,2024-04-17 11:00:00,qr_payment,1589000,success
U02871,2024-04-24 04:00:00,savings_deposit,507000,success
U02871,2024-04-26 14:00:00,loan_repayment,2461000,success
U02871,2024-04-28 16:00:00,qr_payment,3062000,success
U02871,2024-05-08 08:00:00,loan_repayment,5367000,success
U02871,2024-05-20 08:00:00,qr_payment,8057000,success
U02871,2024-05-27 15:00:00,savings_deposit,6785000,success
U02871,2024-06-07 10:00:00,transfer,744000,success
U02872,2024-02-28 18:00:00,savings_deposit,48547000,success
U02872,2024-03-01 14:00:00,loan_repayment,44336000,success
U02872,2024-04-12 02:00:00,loan_repayment,42111000,success
U02872,2024-04-13 21:00:00,loan_repayment,42193000,failed
U02872,2024-04-20 11:00:00,loan_repayment,48002000,success
U02877,2024-02-14 03:00:00,bill_payment,5881000,failed
U02877,2024-02-22 18:00:00,loan_repayment,2226000,success
U02877,2024-03-07 07:00:00,loan_repayment,1812000,success
U02877,2024-03-08 04:00:00,loan_repayment,4450000,success
U02877,2024-03-10 18:00:00,loan_repayment,9315000,success
U02882,2024-03-30 03:00:00,qr_payment,49814000,success
U02882,2024-03-31 00:00:00,qr_payment,11948000,failed
U02882,2024-03-31 05:00:00,card_payment,30387000,success
U02882,2024-04-02 06:00:00,qr_payment,34485000,success
U02882,2024-04-04 10:00:00,loan_repayment,1615000,success
U02882,2024-04-17 05:00:00,transfer,49552000,success
U02882,2024-04-28 03:00:00,qr_payment,46018000,success
U02882,2024-05-05 09:00:00,savings_deposit,37196000,success
U02882,2024-05-17 10:00:00,bill_payment,37229000,failed
U02882,2024-05-24 11:00:00,transfer,18594000,success
U02884,2024-02-21 11:00:00,savings_deposit,4430000,success
U02884,2024-02-25 19:00:00,transfer,8716000,success
U02884,2024-03-07 18:00:00,qr_payment,844000,success
U02884,2024-03-12 12:00:00,savings_deposit,1689000,success
U02884,2024-03-18 10:00:00,savings_deposit,4496000,failed
U02884,2024-03-18 16:00:00,qr_payment,3407000,success
U02884,2024-03-23 20:00:00,loan_repayment,6281000,success
U02884,2024-03-31 10:00:00,bill_payment,9530000,success
U02884,2024-04-05 18:00:00,loan_repayment,8677000,success
U02884,2024-04-06 10:00:00,qr_payment,2222000,success
U02884,2024-04-12 09:00:00,bill_payment,7809000,success
U02884,2024-04-13 13:00:00,qr_payment,2282000,success
U02887,2024-05-08 03:00:00,qr_payment,1126000,success
U02887,2024-05-14 07:00:00,qr_payment,2579000,failed
U02887,2024-05-15 11:00:00,qr_payment,4617000,success
U02887,2024-05-19 14:00:00,qr_payment,2754000,success
U02887,2024-05-26 06:00:00,savings_deposit,5897000,success
U02887,2024-06-04 12:00:00,savings_deposit,3826000,success
U02887,2024-06-11 16:00:00,card_payment,9836000,failed
U02890,2024-03-27 08:00:00,qr_payment,772000,success
U02890,2024-04-07 06:00:00,card_payment,2552000,success
U02890,2024-04-19 03:00:00,bill_payment,7567000,success
U02890,2024-04-28 10:00:00,bill_payment,7462000,success
U02890,2024-05-01 03:00:00,bill_payment,8399000,success
U02890,2024-05-02 13:00:00,loan_repayment,5447000,success
U02890,2024-05-03 00:00:00,bill_payment,5442000,success
U02890,2024-05-10 07:00:00,qr_payment,5926000,success
U02890,2024-05-17 11:00:00,bill_payment,7484000,success
U02891,2024-03-25 04:00:00,savings_deposit,6618000,success
U02891,2024-03-25 10:00:00,qr_payment,4289000,success
U02891,2024-03-30 03:00:00,loan_repayment,2534000,success
U02891,2024-04-03 13:00:00,transfer,4661000,success
U02891,2024-04-08 06:00:00,card_payment,3802000,success
U02891,2024-04-10 10:00:00,savings_deposit,2914000,success
U02891,2024-04-10 13:00:00,card_payment,8744000,success
U02891,2024-04-12 00:00:00,card_payment,4200000,success
U02891,2024-05-05 04:00:00,qr_payment,3879000,success
U02891,2024-05-16 09:00:00,card_payment,7958000,success
U02893,2024-04-28 20:00:00,loan_repayment,1476000,success
U02893,2024-05-28 11:00:00,bill_payment,129000,success
U02893,2024-05-31 23:00:00,qr_payment,1449000,success
U02893,2024-06-02 19:00:00,savings_deposit,804000,success
U02894,2024-01-19 05:00:00,savings_deposit,34007000,success
U02894,2024-01-19 11:00:00,savings_deposit,47085000,success
U02894,2024-01-24 07:00:00,loan_repayment,26941000,success
U02894,2024-01-30 07:00:00,qr_payment,24025000,success
U02894,2024-02-04 12:00:00,bill_payment,37605000,success
U02894,2024-02-06 08:00:00,loan_repayment,12352000,success
U02894,2024-02-06 12:00:00,bill_payment,18133000,success
U02894,2024-02-10 08:00:00,savings_deposit,44812000,success
U02894,2024-02-12 11:00:00,loan_repayment,48554000,success
U02894,2024-02-16 09:00:00,loan_repayment,40202000,success
U02894,2024-02-17 12:00:00,bill_payment,29002000,success
U02894,2024-02-22 06:00:00,bill_payment,43765000,success
U02894,2024-02-23 06:00:00,savings_deposit,3736000,success
U02894,2024-02-24 06:00:00,savings_deposit,26621000,success
U02894,2024-02-25 02:00:00,savings_deposit,4687000,success
U02894,2024-02-29 07:00:00,card_payment,36377000,success
U02894,2024-02-29 07:00:00,card_payment,29018000,success
U02894,2024-03-02 10:00:00,transfer,34739000,failed
U02894,2024-03-05 12:00:00,transfer,3618000,success
U02894,2024-03-10 06:00:00,card_payment,772000,success
U02894,2024-03-12 04:00:00,card_payment,19815000,success
U02896,2024-03-12 15:00:00,qr_payment,1745000,success
U02896,2024-03-14 18:00:00,transfer,146000,success
U02896,2024-03-16 13:00:00,transfer,1655000,success
U02896,2024-03-18 18:00:00,bill_payment,863000,success
U02896,2024-03-20 08:00:00,qr_payment,756000,success
U02896,2024-03-26 10:00:00,savings_deposit,1021000,failed
U02896,2024-03-28 22:00:00,qr_payment,789000,success
U02896,2024-03-29 22:00:00,transfer,844000,success
U02896,2024-03-31 12:00:00,bill_payment,1561000,failed
U02896,2024-04-06 10:00:00,qr_payment,1716000,success
U02896,2024-04-13 22:00:00,qr_payment,1591000,success
U02896,2024-04-24 22:00:00,bill_payment,216000,success
U02896,2024-05-02 08:00:00,qr_payment,228000,failed
U02897,2024-05-04 18:00:00,savings_deposit,7579000,success
U02897,2024-05-24 06:00:00,qr_payment,5491000,failed
U02897,2024-05-24 18:00:00,loan_repayment,2448000,success
U02897,2024-05-28 00:00:00,qr_payment,7313000,success
U02897,2024-06-03 22:00:00,savings_deposit,3380000,success
U02897,2024-06-10 02:00:00,loan_repayment,8920000,success
U02897,2024-06-11 17:00:00,qr_payment,4453000,success
U02897,2024-06-18 21:00:00,qr_payment,6208000,success
U02900,2024-04-22 02:00:00,savings_deposit,1406000,success
U02900,2024-04-22 02:00:00,transfer,1213000,success
U02900,2024-04-25 08:00:00,transfer,1776000,success
U02900,2024-04-27 16:00:00,savings_deposit,338000,success
U02900,2024-04-30 12:00:00,bill_payment,1080000,success
U02900,2024-05-03 11:00:00,loan_repayment,59000,success
U02900,2024-05-07 04:00:00,transfer,1589000,success
U02900,2024-05-21 02:00:00,bill_payment,387000,success
U02900,2024-05-22 10:00:00,transfer,935000,success
U02900,2024-06-01 13:00:00,transfer,652000,success
U02900,2024-06-15 06:00:00,bill_payment,1395000,success
U02900,2024-06-17 11:00:00,savings_deposit,1232000,success
U02905,2024-01-24 07:00:00,transfer,26374000,success
U02905,2024-02-19 12:00:00,transfer,49878000,success
U02905,2024-02-23 07:00:00,transfer,30305000,success
U02905,2024-03-02 02:00:00,transfer,28310000,success
U02905,2024-03-10 12:00:00,transfer,41027000,success
U02906,2024-01-30 06:00:00,transfer,8404000,success
U02907,2024-03-03 08:00:00,savings_deposit,878000,success
U02907,2024-03-14 19:00:00,savings_deposit,8463000,success
U02907,2024-03-20 12:00:00,transfer,2731000,success
U02907,2024-03-24 18:00:00,savings_deposit,4249000,success
U02907,2024-03-28 23:00:00,qr_payment,1007000,success
U02907,2024-03-30 08:00:00,qr_payment,8484000,success
U02907,2024-04-05 22:00:00,loan_repayment,1679000,success
U02909,2024-02-01 11:00:00,qr_payment,4520000,success
U02909,2024-02-11 17:00:00,loan_repayment,5637000,failed
U02909,2024-02-15 19:00:00,savings_deposit,8851000,success
U02909,2024-02-24 13:00:00,qr_payment,2639000,success
U02909,2024-02-28 11:00:00,card_payment,7893000,success
U02909,2024-03-03 11:00:00,qr_payment,213000,success
U02909,2024-03-06 00:00:00,loan_repayment,2289000,failed
U02909,2024-03-15 02:00:00,transfer,8781000,success
U02909,2024-03-23 00:00:00,qr_payment,347000,success
U02912,2024-04-25 18:00:00,transfer,12506000,success
U02912,2024-04-28 12:00:00,transfer,36527000,success
U02912,2024-05-04 12:00:00,savings_deposit,46775000,success
U02912,2024-05-22 01:00:00,savings_deposit,11347000,success
U02912,2024-05-23 13:00:00,savings_deposit,41976000,success
U02912,2024-05-27 14:00:00,loan_repayment,41093000,success
U02912,2024-05-28 17:00:00,qr_payment,6944000,success
U02912,2024-05-31 17:00:00,savings_deposit,5346000,success
U02920,2024-02-19 20:00:00,bill_payment,8241000,success
U02921,2024-02-05 12:00:00,loan_repayment,46409000,failed
U02921,2024-02-15 11:00:00,loan_repayment,5420000,success
U02921,2024-02-26 13:00:00,loan_repayment,14894000,success
U02921,2024-03-01 18:00:00,card_payment,37348000,success
U02921,2024-03-09 21:00:00,loan_repayment,2944000,success
U02921,2024-03-14 13:00:00,loan_repayment,36106000,success
U02921,2024-03-14 16:00:00,card_payment,9598000,success
U02924,2024-03-26 01:00:00,loan_repayment,22713000,failed
U02924,2024-03-26 22:00:00,loan_repayment,37510000,success
U02924,2024-04-15 11:00:00,bill_payment,46983000,success
U02924,2024-04-17 09:00:00,bill_payment,33327000,success
U02924,2024-04-18 01:00:00,bill_payment,46107000,success
U02924,2024-04-27 17:00:00,loan_repayment,28973000,success
U02924,2024-05-04 16:00:00,card_payment,13672000,success
U02924,2024-05-10 19:00:00,loan_repayment,19883000,success
U02925,2024-03-15 13:00:00,transfer,209000,success
U02925,2024-03-21 09:00:00,card_payment,726000,success
U02925,2024-04-03 04:00:00,loan_repayment,8149000,success
U02925,2024-04-09 18:00:00,qr_payment,5423000,success
U02925,2024-04-11 09:00:00,savings_deposit,2523000,success
U02925,2024-04-16 10:00:00,savings_deposit,1382000,success
U02925,2024-05-02 06:00:00,transfer,6840000,success
U02925,2024-05-05 07:00:00,bill_payment,8387000,success
U02932,2024-02-03 22:00:00,savings_deposit,27776000,success
U02932,2024-02-18 01:00:00,loan_repayment,29241000,success
U02932,2024-02-19 04:00:00,savings_deposit,5414000,success
U02932,2024-02-22 02:00:00,loan_repayment,46838000,success
U02932,2024-02-22 22:00:00,savings_deposit,45540000,success
U02932,2024-02-27 08:00:00,loan_repayment,12552000,success
U02932,2024-02-29 11:00:00,loan_repayment,3677000,success
U02932,2024-03-02 07:00:00,savings_deposit,15662000,success
U02932,2024-03-20 13:00:00,savings_deposit,46631000,success
U02933,2024-02-07 16:00:00,qr_payment,2097000,success
U02935,2024-05-07 07:00:00,card_payment,5607000,success
U02942,2024-01-20 03:00:00,card_payment,6122000,success
U02942,2024-01-24 17:00:00,transfer,6436000,success
U02942,2024-01-30 17:00:00,transfer,1221000,success
U02942,2024-02-19 23:00:00,card_payment,2281000,success
U02942,2024-02-25 22:00:00,card_payment,9428000,success
U02945,2024-01-12 22:00:00,qr_payment,1145000,success
U02945,2024-01-18 16:00:00,qr_payment,1281000,success
U02945,2024-02-08 14:00:00,card_payment,204000,failed
U02945,2024-02-09 18:00:00,savings_deposit,848000,success
U02945,2024-02-17 14:00:00,card_payment,1643000,success
U02945,2024-02-17 20:00:00,bill_payment,637000,success
U02945,2024-02-20 13:00:00,bill_payment,508000,success
U02945,2024-02-20 14:00:00,transfer,1683000,success
U02945,2024-02-24 15:00:00,qr_payment,1574000,success
U02945,2024-02-28 11:00:00,card_payment,794000,success
U02945,2024-02-29 10:00:00,bill_payment,1765000,success
U02945,2024-03-02 12:00:00,savings_deposit,1356000,success
U02945,2024-03-03 14:00:00,bill_payment,556000,success
U02946,2024-01-12 19:00:00,savings_deposit,4563000,success
U02946,2024-01-15 07:00:00,loan_repayment,7070000,success
U02946,2024-01-26 19:00:00,savings_deposit,328000,success
U02946,2024-03-04 05:00:00,bill_payment,4118000,success
U02954,2024-04-11 10:00:00,savings_deposit,1916000,success
U02954,2024-04-15 10:00:00,qr_payment,1530000,success
U02954,2024-04-19 16:00:00,bill_payment,215000,success
U02954,2024-04-21 06:00:00,qr_payment,557000,success
U02954,2024-04-22 08:00:00,qr_payment,1519000,success
U02954,2024-04-29 12:00:00,qr_payment,883000,success
U02954,2024-05-19 12:00:00,qr_payment,982000,success
U02954,2024-06-09 05:00:00,qr_payment,1360000,success
U02954,2024-06-09 13:00:00,transfer,1466000,success
U02956,2024-02-25 22:00:00,transfer,125000,success
U02956,2024-03-02 22:00:00,bill_payment,3638000,success
U02956,2024-03-08 03:00:00,bill_payment,7255000,success
U02956,2024-03-12 02:00:00,bill_payment,6027000,success
U02956,2024-03-20 08:00:00,bill_payment,108000,success
U02956,2024-04-02 02:00:00,bill_payment,8714000,success
U02956,2024-04-08 00:00:00,savings_deposit,10000000,success
U02956,2024-04-14 21:00:00,bill_payment,4357000,success
U02956,2024-04-25 00:00:00,card_payment,4485000,success
U02967,2024-03-13 09:00:00,card_payment,4223000,success
U02967,2024-03-15 22:00:00,card_payment,2867000,success
U02967,2024-03-27 21:00:00,card_payment,7610000,success
U02969,2024-05-14 00:00:00,loan_repayment,6050000,failed
U02969,2024-05-17 00:00:00,bill_payment,1173000,success
U02969,2024-06-01 00:00:00,bill_payment,6048000,success
U02978,2024-02-08 13:00:00,qr_payment,1427000,success
U02978,2024-02-12 07:00:00,savings_deposit,1495000,success
U02978,2024-02-15 04:00:00,savings_deposit,1877000,success
U02978,2024-03-04 03:00:00,transfer,1000000,success
U02978,2024-03-04 07:00:00,transfer,1988000,failed
U02979,2024-03-01 14:00:00,qr_payment,1792000,success
U02979,2024-03-01 20:00:00,loan_repayment,399000,success
U02979,2024-03-04 19:00:00,loan_repayment,1803000,failed
U02979,2024-03-12 18:00:00,qr_payment,513000,failed
U02979,2024-03-20 20:00:00,qr_payment,191000,success
U02979,2024-03-22 14:00:00,qr_payment,1423000,failed
U02979,2024-03-27 21:00:00,qr_payment,1623000,success
U02979,2024-04-01 00:00:00,transfer,1313000,success
U02979,2024-04-03 21:00:00,loan_repayment,1209000,success
U02979,2024-04-10 04:00:00,loan_repayment,1172000,success
U02979,2024-04-11 02:00:00,transfer,1905000,success
U02979,2024-04-15 18:00:00,loan_repayment,619000,success
U02979,2024-04-18 01:00:00,loan_repayment,99000,success
U02979,2024-04-29 05:00:00,bill_payment,1151000,success
U02982,2024-03-03 01:00:00,loan_repayment,5743000,success
U02982,2024-03-19 07:00:00,card_payment,3466000,success
U02982,2024-03-26 06:00:00,card_payment,7494000,success
U02982,2024-04-02 01:00:00,card_payment,8163000,success
U02982,2024-04-03 06:00:00,savings_deposit,8652000,success
U02982,2024-04-08 23:00:00,card_payment,6606000,success
U02982,2024-04-13 10:00:00,loan_repayment,9020000,success
U02982,2024-04-16 08:00:00,transfer,6794000,success
U02986,2024-01-24 14:00:00,card_payment,43710000,success
U02986,2024-01-29 08:00:00,loan_repayment,29416000,success
U02986,2024-01-31 02:00:00,card_payment,20300000,success
U02986,2024-01-31 10:00:00,card_payment,29361000,success
U02986,2024-02-13 09:00:00,transfer,16624000,success
U02986,2024-02-27 02:00:00,card_payment,18188000,success
U02986,2024-02-29 02:00:00,qr_payment,5110000,success
U02986,2024-03-05 02:00:00,loan_repayment,10710000,success
U02986,2024-03-08 01:00:00,savings_deposit,13461000,success
U02986,2024-03-13 07:00:00,loan_repayment,2757000,success
U02986,2024-03-13 07:00:00,transfer,29868000,success
U02990,2024-02-18 02:00:00,savings_deposit,988000,success
U02990,2024-03-09 21:00:00,savings_deposit,946000,success
U02990,2024-04-03 23:00:00,loan_repayment,1577000,success
U02990,2024-04-06 04:00:00,bill_payment,1751000,failed
U02991,2024-05-16 15:00:00,bill_payment,18959000,success
U02991,2024-06-02 08:00:00,bill_payment,8877000,success
U02992,2024-04-23 13:00:00,bill_payment,4441000,success
U02992,2024-05-05 07:00:00,loan_repayment,4340000,success
U02993,2024-02-17 05:00:00,qr_payment,1337000,success
U02993,2024-03-09 02:00:00,card_payment,1692000,success
U02993,2024-03-23 02:00:00,bill_payment,996000,success
U02993,2024-03-28 13:00:00,qr_payment,1318000,success
U03006,2024-04-12 12:00:00,loan_repayment,5114000,success
U03006,2024-04-23 22:00:00,loan_repayment,6742000,success
U03008,2024-01-26 04:00:00,loan_repayment,31907000,success
U03008,2024-02-17 20:00:00,card_payment,32608000,success
U03008,2024-02-18 18:00:00,bill_payment,2588000,success
U03008,2024-03-06 20:00:00,transfer,25676000,success
U03010,2024-01-21 00:00:00,loan_repayment,1030000,success
U03010,2024-02-12 14:00:00,loan_repayment,166000,success
U03010,2024-02-20 21:00:00,loan_repayment,616000,success
U03010,2024-02-26 00:00:00,loan_repayment,1503000,success
U03010,2024-03-01 11:00:00,loan_repayment,637000,success
U03010,2024-03-01 11:00:00,loan_repayment,1417000,success
U03010,2024-03-01 17:00:00,loan_repayment,795000,success
U03011,2024-02-13 08:00:00,loan_repayment,181000,success
U03011,2024-02-18 04:00:00,loan_repayment,9856000,success
U03014,2024-04-12 00:00:00,qr_payment,826000,failed
U03015,2024-02-24 18:00:00,qr_payment,1643000,success
U03015,2024-02-28 22:00:00,qr_payment,8870000,success
U03015,2024-02-29 16:00:00,card_payment,9871000,success
U03015,2024-03-01 10:00:00,qr_payment,43102000,success
U03015,2024-03-04 23:00:00,qr_payment,11018000,success
U03015,2024-03-09 09:00:00,qr_payment,49020000,success
U03015,2024-03-11 14:00:00,qr_payment,49938000,failed
U03015,2024-03-13 14:00:00,qr_payment,16671000,failed
U03015,2024-04-16 14:00:00,loan_repayment,21949000,success
U03015,2024-04-21 19:00:00,qr_payment,32982000,success
U03022,2024-03-15 21:00:00,transfer,6472000,success
U03022,2024-03-26 15:00:00,qr_payment,25081000,success
U03022,2024-03-29 16:00:00,card_payment,42312000,success
U03022,2024-04-01 21:00:00,transfer,15224000,success
U03022,2024-04-10 22:00:00,bill_payment,8270000,success
U03022,2024-04-18 06:00:00,transfer,20190000,success
U03022,2024-04-26 22:00:00,bill_payment,44197000,success
U03022,2024-04-30 22:00:00,qr_payment,44367000,success
U03022,2024-05-05 01:00:00,card_payment,42654000,success
U03022,2024-05-05 04:00:00,qr_payment,799000,success
U03022,2024-05-06 23:00:00,bill_payment,33469000,failed
U03022,2024-05-08 04:00:00,transfer,10209000,success
U03022,2024-05-10 06:00:00,bill_payment,29027000,success
U03027,2024-01-25 04:00:00,savings_deposit,389000,success
U03027,2024-01-25 15:00:00,qr_payment,767000,success
U03027,2024-01-26 14:00:00,savings_deposit,230000,success
U03027,2024-01-31 17:00:00,qr_payment,1576000,success
U03027,2024-02-06 12:00:00,savings_deposit,146000,success
U03027,2024-02-15 02:00:00,savings_deposit,581000,success
U03027,2024-02-27 13:00:00,qr_payment,145000,success
U03027,2024-03-03 18:00:00,qr_payment,1951000,success
U03028,2024-03-21 03:00:00,loan_repayment,1049000,success
U03028,2024-03-23 17:00:00,loan_repayment,397000,success
U03028,2024-03-24 08:00:00,transfer,1396000,success
U03028,2024-03-27 10:00:00,savings_deposit,1536000,success
U03028,2024-03-29 01:00:00,card_payment,674000,success
U03028,2024-03-30 06:00:00,savings_deposit,641000,success
U03028,2024-04-07 10:00:00,savings_deposit,1509000,success
U03028,2024-04-17 17:00:00,loan_repayment,940000,success
U03028,2024-04-22 12:00:00,transfer,404000,success
U03028,2024-04-24 05:00:00,savings_deposit,128000,success
U03028,2024-04-24 09:00:00,transfer,1781000,success
U03028,2024-05-03 08:00:00,loan_repayment,479000,success
U03036,2024-01-24 02:00:00,savings_deposit,2102000,success
U03036,2024-02-06 15:00:00,savings_deposit,6602000,success
U03036,2024-02-26 12:00:00,loan_repayment,1410000,success
U03036,2024-03-13 17:00:00,card_payment,7756000,success
U03038,2024-03-28 17:00:00,transfer,2710000,success
U03038,2024-04-01 10:00:00,transfer,5341000,success
U03038,2024-04-13 11:00:00,transfer,3853000,success
U03038,2024-04-19 19:00:00,card_payment,9195000,success
U03041,2024-02-03 23:00:00,savings_deposit,1355000,success
U03041,2024-02-05 16:00:00,savings_deposit,9995000,success
U03041,2024-02-19 01:00:00,transfer,2683000,success
U03041,2024-02-25 19:00:00,transfer,8454000,success
U03041,2024-03-03 21:00:00,transfer,9068000,success
U03041,2024-03-04 20:00:00,savings_deposit,4585000,success
U03041,2024-03-10 02:00:00,transfer,1549000,success
U03041,2024-03-10 07:00:00,transfer,5441000,success
U03046,2024-02-09 03:00:00,loan_repayment,4847000,failed
U03046,2024-02-25 04:00:00,card_payment,6432000,failed
U03046,2024-03-05 17:00:00,loan_repayment,8256000,success
U03046,2024-03-17 21:00:00,card_payment,1071000,success
U03046,2024-03-30 23:00:00,bill_payment,4120000,success
U03048,2024-04-11 10:00:00,loan_repayment,1025000,success
U03048,2024-04-16 06:00:00,transfer,1327000,success
U03048,2024-04-16 07:00:00,loan_repayment,6285000,success
U03048,2024-04-23 11:00:00,qr_payment,6832000,failed
U03048,2024-05-01 00:00:00,loan_repayment,1600000,success
U03048,2024-05-01 11:00:00,loan_repayment,3670000,success
U03048,2024-05-03 02:00:00,transfer,8994000,success
U03048,2024-05-06 09:00:00,loan_repayment,4547000,success
U03048,2024-05-09 06:00:00,loan_repayment,7216000,success
U03048,2024-05-11 10:00:00,loan_repayment,2030000,success
U03053,2024-03-13 08:00:00,loan_repayment,37294000,success
U03053,2024-03-20 02:00:00,bill_payment,26042000,success
U03053,2024-03-22 21:00:00,qr_payment,13183000,success
U03053,2024-04-13 21:00:00,loan_repayment,3591000,success
U03055,2024-03-13 20:00:00,bill_payment,1157000,success
U03055,2024-03-27 15:00:00,bill_payment,1107000,success
U03055,2024-03-31 23:00:00,bill_payment,1258000,success
U03055,2024-04-05 17:00:00,savings_deposit,948000,success
U03055,2024-04-11 17:00:00,bill_payment,1645000,success
U03055,2024-04-14 23:00:00,bill_payment,1081000,success
U03063,2024-04-12 20:00:00,qr_payment,1560000,success
U03063,2024-04-23 13:00:00,qr_payment,813000,success
U03063,2024-04-28 16:00:00,card_payment,1755000,success
U03063,2024-05-11 05:00:00,qr_payment,1370000,success
U03063,2024-05-23 20:00:00,qr_payment,598000,failed
U03063,2024-05-29 16:00:00,qr_payment,1035000,success
U03065,2024-04-15 20:00:00,card_payment,2141000,success
U03065,2024-04-16 02:00:00,savings_deposit,4618000,failed
U03065,2024-04-22 22:00:00,savings_deposit,2424000,success
U03065,2024-04-29 14:00:00,card_payment,3197000,failed
U03065,2024-05-02 18:00:00,card_payment,9244000,success
U03065,2024-05-08 18:00:00,loan_repayment,2183000,success
U03065,2024-05-10 03:00:00,loan_repayment,6495000,success
U03065,2024-05-15 19:00:00,bill_payment,7898000,success
U03065,2024-05-19 21:00:00,bill_payment,5245000,success
U03065,2024-05-20 01:00:00,transfer,2239000,success
U03065,2024-05-22 16:00:00,transfer,5311000,success
U03065,2024-05-26 01:00:00,bill_payment,9002000,success
U03065,2024-05-26 14:00:00,loan_repayment,162000,success
U03065,2024-05-31 05:00:00,qr_payment,8791000,success
U03065,2024-06-06 22:00:00,loan_repayment,7871000,success
U03076,2024-02-26 05:00:00,savings_deposit,7691000,failed
U03076,2024-03-30 09:00:00,loan_repayment,9060000,success
U03081,2024-05-01 03:00:00,card_payment,1187000,success
U03081,2024-05-07 21:00:00,loan_repayment,1250000,success
U03081,2024-05-08 02:00:00,card_payment,663000,success
U03081,2024-05-30 08:00:00,card_payment,211000,success
U03081,2024-05-31 00:00:00,loan_repayment,430000,success
U03081,2024-05-31 05:00:00,transfer,1896000,success
U03081,2024-06-06 08:00:00,loan_repayment,1633000,success
U03086,2024-04-01 14:00:00,savings_deposit,1473000,success
U03086,2024-04-04 06:00:00,bill_payment,60000,success
U03086,2024-04-07 14:00:00,bill_payment,910000,success
U03086,2024-04-18 10:00:00,transfer,1953000,success
U03086,2024-05-04 10:00:00,savings_deposit,55000,success
U03086,2024-05-19 07:00:00,loan_repayment,1550000,success
U03086,2024-05-20 07:00:00,savings_deposit,1920000,success
U03088,2024-01-24 17:00:00,loan_repayment,13638000,success
U03088,2024-01-25 13:00:00,bill_payment,10925000,success
U03088,2024-01-28 14:00:00,qr_payment,30775000,success
U03088,2024-01-28 22:00:00,loan_repayment,5953000,success
U03088,2024-01-30 22:00:00,transfer,2407000,success
U03088,2024-02-06 19:00:00,qr_payment,19579000,success
U03088,2024-02-09 16:00:00,transfer,11773000,success
U03088,2024-02-10 16:00:00,qr_payment,16576000,success
U03088,2024-02-20 09:00:00,loan_repayment,20574000,success
U03088,2024-02-21 22:00:00,qr_payment,26985000,success
U03088,2024-02-23 23:00:00,card_payment,17383000,failed
U03088,2024-02-26 09:00:00,loan_repayment,15241000,success
U03088,2024-03-08 15:00:00,qr_payment,40109000,success
U03088,2024-03-08 19:00:00,qr_payment,40691000,success
U03088,2024-03-09 20:00:00,qr_payment,47204000,success
U03088,2024-03-13 16:00:00,bill_payment,33695000,success
U03089,2024-01-22 09:00:00,transfer,9282000,success
U03089,2024-01-24 00:00:00,bill_payment,7340000,success
U03089,2024-01-29 16:00:00,transfer,8442000,success
U03089,2024-02-01 12:00:00,transfer,2416000,success
U03089,2024-02-06 18:00:00,transfer,3005000,success
U03089,2024-02-09 20:00:00,card_payment,8775000,success
U03089,2024-02-15 18:00:00,transfer,3540000,success
U03089,2024-02-23 22:00:00,transfer,4934000,success
U03089,2024-02-24 21:00:00,savings_deposit,9367000,success
U03089,2024-03-02 15:00:00,transfer,6469000,success
U03089,2024-03-12 00:00:00,loan_repayment,9573000,success
U03089,2024-03-15 21:00:00,transfer,2464000,success
U03089,2024-03-17 20:00:00,bill_payment,2477000,success
U03090,2024-01-21 21:00:00,loan_repayment,7122000,success
U03090,2024-01-30 13:00:00,qr_payment,1805000,failed
U03090,2024-02-04 15:00:00,transfer,6167000,success
U03090,2024-02-09 19:00:00,qr_payment,3791000,success
U03090,2024-02-15 06:00:00,qr_payment,7213000,success
U03090,2024-02-20 10:00:00,loan_repayment,9503000,success
U03090,2024-02-24 11:00:00,loan_repayment,1661000,success
U03090,2024-03-01 19:00:00,qr_payment,1891000,success
U03090,2024-03-02 16:00:00,qr_payment,8756000,success
U03093,2024-05-02 22:00:00,bill_payment,462000,success
U03093,2024-05-05 15:00:00,bill_payment,1912000,success
U03093,2024-05-16 20:00:00,transfer,600000,success
U03093,2024-05-19 14:00:00,transfer,1528000,success
U03093,2024-05-23 01:00:00,transfer,135000,success
U03093,2024-05-24 22:00:00,bill_payment,1110000,success
U03093,2024-05-29 15:00:00,savings_deposit,797000,success
U03093,2024-05-29 19:00:00,bill_payment,1589000,success
U03093,2024-06-01 00:00:00,qr_payment,1538000,success
U03093,2024-06-08 02:00:00,card_payment,856000,success
U03093,2024-06-11 12:00:00,bill_payment,1135000,success
U03098,2024-01-23 16:00:00,bill_payment,1124000,success
U03098,2024-01-24 17:00:00,card_payment,882000,success
U03098,2024-01-26 16:00:00,card_payment,1274000,success
U03098,2024-01-31 00:00:00,card_payment,1337000,success
U03098,2024-02-01 11:00:00,card_payment,86000,success
U03098,2024-02-18 22:00:00,loan_repayment,1812000,success
U03098,2024-02-21 09:00:00,card_payment,1351000,success
U03098,2024-02-21 10:00:00,loan_repayment,359000,success
U03098,2024-02-22 17:00:00,loan_repayment,1223000,success
U03098,2024-02-27 17:00:00,loan_repayment,413000,success
U03098,2024-02-28 01:00:00,loan_repayment,728000,success
U03098,2024-03-02 13:00:00,loan_repayment,1571000,success
U03098,2024-03-04 22:00:00,bill_payment,1124000,success
U03098,2024-03-11 12:00:00,transfer,433000,success
U03098,2024-03-14 00:00:00,transfer,203000,failed
U03098,2024-03-14 17:00:00,qr_payment,1868000,failed
U03098,2024-03-16 18:00:00,card_payment,1473000,success
U03098,2024-03-19 13:00:00,bill_payment,277000,success
U03098,2024-03-19 22:00:00,transfer,1879000,success
U03099,2024-01-29 04:00:00,transfer,133000,success
U03099,2024-03-03 04:00:00,card_payment,3280000,success
U03104,2024-01-20 02:00:00,qr_payment,6875000,success
U03104,2024-02-22 19:00:00,loan_repayment,5534000,success
U03104,2024-03-05 23:00:00,loan_repayment,7931000,success
U03108,2024-04-08 04:00:00,loan_repayment,35931000,success
U03108,2024-04-08 13:00:00,qr_payment,12328000,success
U03108,2024-04-09 12:00:00,loan_repayment,12814000,success
U03108,2024-04-24 01:00:00,card_payment,13912000,success
U03108,2024-04-29 04:00:00,savings_deposit,45660000,success
U03108,2024-04-30 21:00:00,qr_payment,17095000,success
U03108,2024-05-03 03:00:00,bill_payment,9837000,success
U03108,2024-05-07 15:00:00,transfer,42427000,failed
U03108,2024-05-19 19:00:00,qr_payment,49591000,success
U03108,2024-05-22 23:00:00,card_payment,7008000,success
U03108,2024-05-24 17:00:00,loan_repayment,49861000,success
U03108,2024-05-24 23:00:00,savings_deposit,28440000,success
U03111,2024-03-04 13:00:00,transfer,1197000,success
U03111,2024-03-30 22:00:00,savings_deposit,1287000,success
U03111,2024-04-02 10:00:00,transfer,925000,success
U03111,2024-04-28 13:00:00,savings_deposit,990000,success
U03117,2024-03-12 18:00:00,qr_payment,1629000,success
U03117,2024-03-21 13:00:00,transfer,9274000,success
U03117,2024-03-24 13:00:00,card_payment,6401000,success
U03117,2024-03-24 14:00:00,transfer,9663000,success
U03117,2024-04-01 07:00:00,card_payment,107000,success
U03117,2024-04-05 03:00:00,qr_payment,3066000,success
U03117,2024-04-05 07:00:00,savings_deposit,4998000,success
U03117,2024-04-13 14:00:00,savings_deposit,3002000,success
U03117,2024-04-20 12:00:00,card_payment,6703000,success
U03117,2024-04-26 10:00:00,card_payment,8994000,success
U03117,2024-05-01 09:00:00,card_payment,4079000,success
U03117,2024-05-03 07:00:00,loan_repayment,6422000,failed
U03117,2024-05-05 12:00:00,transfer,7070000,success
U03117,2024-05-07 18:00:00,transfer,6170000,success
U03125,2024-04-08 22:00:00,savings_deposit,1837000,success
U03125,2024-04-11 18:00:00,card_payment,1901000,success
U03125,2024-04-20 14:00:00,card_payment,998000,success
U03125,2024-04-28 22:00:00,card_payment,1251000,success
U03125,2024-05-15 22:00:00,card_payment,1484000,success
U03125,2024-05-26 14:00:00,savings_deposit,1876000,failed
U03125,2024-05-26 20:00:00,card_payment,1042000,success
U03125,2024-06-05 12:00:00,savings_deposit,1450000,success
U03126,2024-04-24 10:00:00,qr_payment,1079000,success
U03126,2024-05-02 05:00:00,loan_repayment,1832000,success
U03126,2024-05-09 05:00:00,bill_payment,142000,success
U03126,2024-05-13 09:00:00,transfer,1443000,success
U03126,2024-05-18 17:00:00,loan_repayment,377000,success
U03126,2024-05-27 20:00:00,loan_repayment,521000,success
U03126,2024-05-31 14:00:00,savings_deposit,923000,success
U03126,2024-06-01 18:00:00,savings_deposit,1962000,success
U03126,2024-06-01 20:00:00,transfer,790000,success
U03126,2024-06-15 16:00:00,loan_repayment,1574000,success
U03126,2024-06-16 19:00:00,loan_repayment,366000,success
U03129,2024-03-03 11:00:00,bill_payment,3562000,success
U03129,2024-03-17 16:00:00,card_payment,7730000,success
U03129,2024-03-23 13:00:00,savings_deposit,4799000,success
U03129,2024-03-26 04:00:00,savings_deposit,6530000,success
U03129,2024-03-31 17:00:00,savings_deposit,679000,success
U03129,2024-04-12 08:00:00,bill_payment,6725000,failed
U03129,2024-04-13 08:00:00,loan_repayment,7087000,success
U03133,2024-03-16 04:00:00,transfer,3500000,failed
U03133,2024-03-19 01:00:00,savings_deposit,4455000,success
U03133,2024-03-30 18:00:00,transfer,7004000,success
U03133,2024-04-10 09:00:00,transfer,1752000,failed
U03133,2024-04-16 04:00:00,transfer,3429000,success
U03133,2024-04-26 03:00:00,loan_repayment,1138000,success
U03133,2024-04-26 07:00:00,transfer,5812000,success
U03133,2024-05-07 09:00:00,loan_repayment,2583000,success
U03141,2024-02-20 08:00:00,savings_deposit,36633000,success
U03141,2024-03-04 13:00:00,bill_payment,43099000,failed
U03141,2024-03-05 15:00:00,qr_payment,20553000,success
U03141,2024-03-10 09:00:00,loan_repayment,12840000,failed
U03141,2024-03-16 06:00:00,savings_deposit,13741000,failed
U03141,2024-03-16 16:00:00,bill_payment,49763000,success
U03141,2024-03-31 08:00:00,savings_deposit,7228000,success
U03145,2024-03-05 08:00:00,transfer,1489000,success
U03145,2024-03-09 10:00:00,bill_payment,1818000,success
U03145,2024-03-10 08:00:00,bill_payment,899000,success
U03145,2024-03-11 01:00:00,bill_payment,870000,success
U03145,2024-03-11 08:00:00,transfer,492000,success
U03145,2024-03-18 05:00:00,bill_payment,904000,success
U03145,2024-04-08 03:00:00,loan_repayment,1824000,failed
U03145,2024-04-12 14:00:00,transfer,1531000,success
U03145,2024-04-13 12:00:00,transfer,516000,success
U03145,2024-04-14 13:00:00,savings_deposit,589000,failed
U03145,2024-04-19 04:00:00,transfer,1461000,failed
U03145,2024-04-23 12:00:00,transfer,296000,success
U03147,2024-02-21 13:00:00,card_payment,16247000,success
U03147,2024-02-27 23:00:00,bill_payment,14551000,success
U03147,2024-03-10 23:00:00,card_payment,21507000,success
U03147,2024-03-14 23:00:00,savings_deposit,36869000,success
U03147,2024-03-17 23:00:00,loan_repayment,14017000,success
U03147,2024-03-26 10:00:00,savings_deposit,8944000,success
U03147,2024-03-28 08:00:00,savings_deposit,12081000,success
U03155,2024-03-30 11:00:00,qr_payment,349000,success
U03155,2024-03-30 15:00:00,loan_repayment,218000,success
U03155,2024-04-04 08:00:00,loan_repayment,1820000,success
U03155,2024-04-05 13:00:00,transfer,1849000,success
U03155,2024-04-05 14:00:00,savings_deposit,928000,success
U03155,2024-04-07 15:00:00,qr_payment,1782000,success
U03155,2024-04-10 16:00:00,loan_repayment,1235000,success
U03155,2024-04-21 09:00:00,bill_payment,1361000,success
U03155,2024-04-21 13:00:00,transfer,1438000,success
U03155,2024-04-25 06:00:00,qr_payment,755000,success
U03155,2024-04-28 13:00:00,bill_payment,1384000,failed
U03155,2024-05-08 07:00:00,qr_payment,1664000,success
U03155,2024-05-08 11:00:00,qr_payment,279000,success
U03157,2024-02-06 03:00:00,transfer,925000,success
U03157,2024-02-09 03:00:00,savings_deposit,1063000,success
U03157,2024-02-15 08:00:00,qr_payment,924000,success
U03157,2024-02-22 15:00:00,savings_deposit,1630000,success
U03157,2024-03-01 03:00:00,transfer,1116000,success
U03157,2024-03-03 13:00:00,transfer,1442000,success
U03157,2024-03-08 13:00:00,savings_deposit,681000,success
U03157,2024-03-20 08:00:00,transfer,1263000,success
U03157,2024-03-23 12:00:00,bill_payment,1935000,success
U03157,2024-03-26 14:00:00,transfer,1200000,success
U03172,2024-03-31 23:00:00,savings_deposit,6065000,failed
U03172,2024-04-03 14:00:00,loan_repayment,3770000,success
U03172,2024-04-08 18:00:00,bill_payment,2891000,success
U03172,2024-04-09 15:00:00,bill_payment,9482000,success
U03172,2024-04-24 13:00:00,bill_payment,5554000,success
U03172,2024-04-27 05:00:00,qr_payment,7728000,success
U03172,2024-05-12 23:00:00,bill_payment,4303000,success
U03174,2024-05-14 21:00:00,savings_deposit,12112000,success
U03174,2024-05-19 21:00:00,loan_repayment,45537000,success
U03177,2024-04-21 05:00:00,loan_repayment,299000,success
U03177,2024-05-02 14:00:00,loan_repayment,5871000,success
U03177,2024-05-24 01:00:00,bill_payment,8932000,success
U03177,2024-06-05 01:00:00,loan_repayment,7642000,success
U03177,2024-06-10 02:00:00,loan_repayment,6935000,success
U03180,2024-01-21 02:00:00,transfer,5805000,success
U03182,2024-04-09 15:00:00,card_payment,310000,success
U03182,2024-04-16 19:00:00,loan_repayment,840000,success
U03182,2024-04-22 18:00:00,card_payment,1456000,success
U03182,2024-05-12 06:00:00,loan_repayment,237000,success
U03182,2024-05-19 04:00:00,card_payment,1518000,failed
U03182,2024-05-27 03:00:00,qr_payment,890000,success
U03182,2024-05-28 19:00:00,savings_deposit,1447000,success
U03182,2024-05-29 22:00:00,savings_deposit,168000,success
U03182,2024-05-31 03:00:00,card_payment,1809000,success
U03184,2024-03-13 00:00:00,transfer,360000,failed
U03184,2024-03-15 15:00:00,loan_repayment,1910000,success
U03185,2024-01-05 02:00:00,bill_payment,6358000,failed
U03185,2024-01-05 17:00:00,savings_deposit,3200000,success
U03185,2024-01-05 19:00:00,savings_deposit,3524000,success
U03185,2024-01-12 07:00:00,qr_payment,7196000,success
U03185,2024-01-16 03:00:00,card_payment,3528000,success
U03185,2024-01-24 08:00:00,qr_payment,9494000,success
U03185,2024-01-25 21:00:00,transfer,8482000,success
U03185,2024-01-27 04:00:00,bill_payment,5721000,success
U03185,2024-02-03 03:00:00,qr_payment,9399000,success
U03185,2024-02-06 02:00:00,card_payment,1518000,success
U03185,2024-02-06 02:00:00,transfer,6789000,success
U03185,2024-02-06 20:00:00,savings_deposit,9941000,failed
U03185,2024-02-06 22:00:00,savings_deposit,1645000,success
U03185,2024-02-08 02:00:00,card_payment,8119000,failed
U03185,2024-02-08 22:00:00,bill_payment,7982000,success
U03185,2024-02-11 02:00:00,savings_deposit,1567000,success
U03185,2024-02-13 00:00:00,qr_payment,7155000,success
U03185,2024-02-21 18:00:00,bill_payment,1851000,success
U03185,2024-03-01 07:00:00,transfer,5640000,success
U03185,2024-03-02 19:00:00,savings_deposit,3122000,success
U03185,2024-03-03 05:00:00,card_payment,5609000,success
U03186,2024-03-04 01:00:00,transfer,46753000,success
U03188,2024-03-06 16:00:00,qr_payment,28356000,success
U03188,2024-03-10 16:00:00,card_payment,21106000,success
U03188,2024-03-26 10:00:00,transfer,36132000,success
U03188,2024-04-02 13:00:00,transfer,10849000,success
U03188,2024-04-11 15:00:00,card_payment,23911000,success
U03188,2024-04-15 05:00:00,card_payment,34151000,success
U03188,2024-04-21 16:00:00,transfer,37333000,success
U03189,2024-01-24 00:00:00,bill_payment,33218000,success
U03189,2024-01-26 01:00:00,card_payment,13790000,success
U03189,2024-02-06 20:00:00,qr_payment,30227000,success
U03189,2024-02-07 10:00:00,card_payment,17913000,success
U03189,2024-02-12 06:00:00,qr_payment,14155000,success
U03189,2024-02-15 21:00:00,bill_payment,12852000,success
U03189,2024-02-23 06:00:00,card_payment,11077000,success
U03189,2024-03-02 01:00:00,bill_payment,11804000,success
U03189,2024-03-17 22:00:00,card_payment,21135000,success
U03190,2024-03-08 03:00:00,card_payment,41371000,success
U03190,2024-03-10 11:00:00,qr_payment,13359000,success
U03190,2024-03-19 21:00:00,qr_payment,46110000,success
U03190,2024-03-20 10:00:00,card_payment,7761000,success
U03190,2024-03-21 23:00:00,qr_payment,49632000,success
U03190,2024-03-29 21:00:00,bill_payment,39136000,success
U03190,2024-04-18 09:00:00,qr_payment,44035000,success
U03190,2024-04-24 06:00:00,transfer,25954000,success
U03195,2024-04-12 08:00:00,bill_payment,8906000,failed
U03195,2024-05-09 09:00:00,qr_payment,6750000,success
U03195,2024-05-15 00:00:00,qr_payment,7605000,success
U03195,2024-05-15 08:00:00,savings_deposit,1147000,success
U03195,2024-05-20 09:00:00,savings_deposit,6976000,success
U03195,2024-06-06 01:00:00,savings_deposit,6594000,success
U03196,2024-03-21 08:00:00,loan_repayment,23251000,success
U03196,2024-04-10 17:00:00,card_payment,49732000,success
U03196,2024-04-17 07:00:00,bill_payment,29611000,success
U03196,2024-05-08 12:00:00,card_payment,46673000,success
U03201,2024-04-08 17:00:00,savings_deposit,565000,success
U03201,2024-04-27 14:00:00,qr_payment,1057000,success
U03201,2024-05-06 01:00:00,qr_payment,167000,success
U03201,2024-05-13 04:00:00,transfer,626000,success
U03201,2024-05-18 16:00:00,savings_deposit,894000,success
U03201,2024-05-19 21:00:00,card_payment,1598000,success
U03201,2024-05-27 02:00:00,qr_payment,909000,success
U03201,2024-05-27 17:00:00,qr_payment,502000,success
U03201,2024-06-01 02:00:00,transfer,627000,success
U03203,2024-04-11 19:00:00,card_payment,7220000,success
U03203,2024-04-13 23:00:00,card_payment,1960000,failed
U03203,2024-04-14 21:00:00,transfer,8832000,success
U03203,2024-04-19 21:00:00,transfer,5960000,success
U03203,2024-05-22 22:00:00,bill_payment,2452000,success
U03203,2024-05-27 02:00:00,transfer,6002000,success
U03206,2024-02-21 22:00:00,loan_repayment,44556000,success
U03206,2024-02-22 18:00:00,card_payment,15952000,success
U03206,2024-03-02 12:00:00,bill_payment,22971000,success
U03206,2024-03-04 19:00:00,loan_repayment,9275000,success
U03206,2024-03-12 21:00:00,loan_repayment,11326000,success
U03206,2024-03-23 12:00:00,card_payment,35856000,success
U03206,2024-03-25 19:00:00,card_payment,28188000,success
U03208,2024-02-17 06:00:00,card_payment,5425000,success
U03208,2024-02-26 02:00:00,bill_payment,13192000,success
U03208,2024-04-08 14:00:00,qr_payment,44419000,success
U03210,2024-03-26 04:00:00,qr_payment,49335000,success
U03210,2024-04-08 10:00:00,savings_deposit,12280000,success
U03210,2024-04-10 10:00:00,bill_payment,9946000,success
U03210,2024-04-19 16:00:00,qr_payment,39902000,failed
U03210,2024-04-30 09:00:00,qr_payment,24495000,success
U03210,2024-05-02 03:00:00,loan_repayment,41951000,failed
U03210,2024-05-03 05:00:00,savings_deposit,13240000,success
U03210,2024-05-03 05:00:00,qr_payment,11197000,success
U03211,2024-04-28 15:00:00,qr_payment,7469000,success
U03212,2024-03-07 14:00:00,loan_repayment,1796000,success
U03212,2024-03-13 03:00:00,loan_repayment,1698000,success
U03212,2024-03-19 23:00:00,qr_payment,1627000,failed
U03212,2024-03-31 05:00:00,bill_payment,1937000,success
U03212,2024-04-08 15:00:00,loan_repayment,475000,success
U03213,2024-02-14 19:00:00,loan_repayment,108000,success
U03213,2024-02-15 21:00:00,transfer,1258000,success
U03213,2024-03-01 16:00:00,loan_repayment,95000,success
U03213,2024-03-05 13:00:00,loan_repayment,872000,success
U03213,2024-03-19 16:00:00,card_payment,481000,success
U03213,2024-03-28 21:00:00,qr_payment,814000,success
U03213,2024-04-04 15:00:00,transfer,790000,success
U03213,2024-04-12 00:00:00,bill_payment,146000,success
U03216,2024-05-03 23:00:00,bill_payment,2046000,success
U03216,2024-05-10 15:00:00,bill_payment,4760000,success
U03216,2024-05-11 13:00:00,card_payment,697000,success
U03216,2024-05-30 03:00:00,transfer,6613000,success
U03217,2024-03-17 15:00:00,transfer,9075000,success
U03217,2024-03-20 15:00:00,qr_payment,5147000,success
U03217,2024-03-23 08:00:00,bill_payment,5402000,success
U03217,2024-03-29 15:00:00,transfer,3091000,success
U03217,2024-03-29 16:00:00,bill_payment,5569000,success
U03217,2024-04-30 12:00:00,bill_payment,7363000,success
U03217,2024-05-01 07:00:00,transfer,8295000,failed
U03217,2024-05-04 11:00:00,transfer,5648000,success
U03222,2024-04-16 23:00:00,card_payment,21113000,success
U03222,2024-04-16 23:00:00,qr_payment,33061000,success
U03222,2024-04-26 22:00:00,savings_deposit,25454000,success
U03222,2024-04-27 04:00:00,savings_deposit,22203000,success
U03222,2024-05-12 02:00:00,qr_payment,4832000,success
U03222,2024-05-16 03:00:00,savings_deposit,16855000,success
U03222,2024-05-19 03:00:00,savings_deposit,834000,success
U03222,2024-05-20 22:00:00,transfer,33718000,success
U03222,2024-05-25 21:00:00,bill_payment,43138000,success
U03222,2024-05-26 18:00:00,savings_deposit,32283000,success
U03222,2024-06-08 06:00:00,savings_deposit,47117000,success
U03223,2024-04-30 21:00:00,savings_deposit,6936000,success
U03223,2024-05-29 11:00:00,qr_payment,1201000,success
U03223,2024-06-07 14:00:00,savings_deposit,7109000,success
U03223,2024-06-09 20:00:00,card_payment,6914000,success
U03223,2024-06-19 06:00:00,loan_repayment,7090000,success
U03228,2024-03-31 16:00:00,qr_payment,3455000,success
U03228,2024-04-01 08:00:00,bill_payment,8707000,success
U03228,2024-04-03 20:00:00,bill_payment,6890000,failed
U03228,2024-04-12 13:00:00,loan_repayment,6832000,success
U03228,2024-04-14 09:00:00,loan_repayment,8635000,success
U03228,2024-04-16 09:00:00,bill_payment,8680000,success
U03228,2024-05-15 12:00:00,savings_deposit,5791000,success
U03228,2024-05-25 09:00:00,bill_payment,995000,success
U03228,2024-05-30 11:00:00,qr_payment,2072000,success
U03232,2024-02-18 22:00:00,card_payment,3216000,success
U03232,2024-03-15 21:00:00,savings_deposit,9647000,success
U03235,2024-03-16 15:00:00,transfer,9297000,failed
U03235,2024-04-01 11:00:00,qr_payment,9089000,success
U03235,2024-04-07 11:00:00,savings_deposit,1429000,success
U03235,2024-04-11 12:00:00,bill_payment,2503000,success
U03242,2024-02-02 07:00:00,card_payment,1795000,failed
U03242,2024-02-03 23:00:00,card_payment,747000,success
U03242,2024-02-06 01:00:00,transfer,1261000,success
U03242,2024-02-09 19:00:00,bill_payment,66000,failed
U03242,2024-03-06 20:00:00,bill_payment,1731000,success
U03242,2024-03-09 00:00:00,card_payment,82000,success
U03242,2024-03-12 09:00:00,card_payment,1386000,success
U03243,2024-04-11 08:00:00,savings_deposit,1503000,success
U03243,2024-04-21 15:00:00,qr_payment,1249000,success
U03243,2024-05-06 05:00:00,qr_payment,1229000,failed
U03243,2024-05-22 07:00:00,savings_deposit,443000,success
U03243,2024-05-22 15:00:00,qr_payment,86000,success
U03251,2024-05-06 07:00:00,savings_deposit,3781000,success
U03251,2024-05-16 01:00:00,savings_deposit,9408000,success
U03251,2024-05-21 06:00:00,savings_deposit,484000,success
U03251,2024-05-28 10:00:00,savings_deposit,3206000,success
U03257,2024-04-15 13:00:00,savings_deposit,689000,success
U03263,2024-04-15 22:00:00,bill_payment,5162000,success
U03263,2024-04-22 08:00:00,bill_payment,8886000,success
U03263,2024-04-23 17:00:00,loan_repayment,240000,success
U03263,2024-05-19 14:00:00,bill_payment,5419000,success
U03263,2024-05-27 16:00:00,qr_payment,8709000,success
U03263,2024-05-29 15:00:00,card_payment,9863000,success
U03263,2024-06-04 13:00:00,card_payment,1105000,success
U03269,2024-04-04 11:00:00,qr_payment,18522000,success
U03269,2024-04-19 20:00:00,qr_payment,40149000,success
U03272,2024-02-28 14:00:00,qr_payment,4971000,success
U03272,2024-03-05 11:00:00,bill_payment,7959000,success
U03272,2024-03-10 12:00:00,transfer,9643000,success
U03272,2024-03-15 23:00:00,card_payment,2940000,failed
U03272,2024-03-20 14:00:00,card_payment,7096000,success
U03272,2024-04-07 05:00:00,card_payment,4796000,success
U03272,2024-04-10 12:00:00,card_payment,5377000,success
U03272,2024-04-15 05:00:00,transfer,3550000,failed
U03272,2024-04-17 03:00:00,card_payment,1158000,success
U03272,2024-04-24 02:00:00,qr_payment,1339000,success
U03272,2024-04-26 09:00:00,transfer,7267000,success
U03274,2024-02-06 06:00:00,card_payment,9254000,success
U03274,2024-02-20 20:00:00,card_payment,7991000,success
U03274,2024-02-21 12:00:00,transfer,9082000,success
U03274,2024-03-05 08:00:00,transfer,8872000,success
U03274,2024-03-26 09:00:00,card_payment,4681000,success
U03274,2024-03-28 17:00:00,savings_deposit,1402000,failed
U03277,2024-02-08 13:00:00,qr_payment,929000,success
U03277,2024-02-18 22:00:00,qr_payment,9964000,success
U03277,2024-02-25 08:00:00,loan_repayment,3100000,success
U03277,2024-03-01 12:00:00,qr_payment,8434000,success
U03277,2024-03-07 12:00:00,qr_payment,3868000,success
U03279,2024-04-30 19:00:00,card_payment,7782000,success
U03279,2024-05-12 16:00:00,card_payment,241000,success
U03287,2024-03-27 00:00:00,qr_payment,1123000,success
U03287,2024-04-14 07:00:00,transfer,29026000,success
U03290,2024-02-07 14:00:00,qr_payment,305000,success
U03290,2024-02-07 18:00:00,savings_deposit,1688000,success
U03290,2024-02-12 20:00:00,qr_payment,913000,failed
U03290,2024-02-14 09:00:00,transfer,822000,success
U03290,2024-02-25 06:00:00,loan_repayment,268000,success
U03290,2024-03-01 19:00:00,card_payment,312000,success
U03290,2024-03-03 17:00:00,bill_payment,1413000,success
U03291,2024-02-10 18:00:00,loan_repayment,2921000,success
U03291,2024-02-11 08:00:00,card_payment,1682000,success
U03291,2024-02-17 07:00:00,card_payment,7511000,failed
U03291,2024-03-11 12:00:00,bill_payment,1502000,failed
U03291,2024-03-19 08:00:00,loan_repayment,3962000,success
U03291,2024-03-24 08:00:00,qr_payment,4539000,success
U03291,2024-04-01 04:00:00,card_payment,7378000,success
U03291,2024-04-03 14:00:00,card_payment,1873000,success
U03292,2024-01-27 10:00:00,loan_repayment,1068000,success
U03292,2024-01-31 08:00:00,card_payment,503000,success
U03292,2024-02-08 11:00:00,card_payment,1739000,success
U03292,2024-02-15 14:00:00,bill_payment,343000,success
U03292,2024-02-19 10:00:00,loan_repayment,656000,success
U03292,2024-02-22 08:00:00,transfer,569000,success
U03292,2024-02-22 13:00:00,transfer,800000,success
U03292,2024-02-23 00:00:00,loan_repayment,1190000,success
U03292,2024-02-24 13:00:00,loan_repayment,1511000,failed
U03292,2024-03-04 11:00:00,card_payment,348000,success
U03292,2024-03-08 09:00:00,card_payment,278000,success
U03297,2024-03-23 23:00:00,bill_payment,20730000,success
U03297,2024-03-28 11:00:00,bill_payment,15524000,failed
U03297,2024-04-08 11:00:00,bill_payment,44440000,success
U03297,2024-04-18 01:00:00,bill_payment,16645000,success
U03297,2024-04-28 03:00:00,bill_payment,4299000,success
U03297,2024-05-10 14:00:00,card_payment,37736000,success
U03297,2024-05-20 09:00:00,loan_repayment,1497000,success
U03300,2024-01-19 02:00:00,qr_payment,272000,success
U03300,2024-01-28 14:00:00,bill_payment,1351000,failed
U03300,2024-02-04 03:00:00,card_payment,1542000,success
U03300,2024-02-09 16:00:00,transfer,983000,success
U03300,2024-02-14 19:00:00,transfer,1778000,success
U03300,2024-02-19 02:00:00,transfer,1116000,success
U03300,2024-03-02 01:00:00,bill_payment,1476000,success
U03300,2024-03-10 16:00:00,qr_payment,718000,success
U03302,2024-02-20 19:00:00,loan_repayment,883000,success
U03302,2024-03-03 10:00:00,qr_payment,998000,success
U03302,2024-03-07 16:00:00,bill_payment,1985000,success
U03302,2024-03-12 01:00:00,savings_deposit,860000,success
U03302,2024-03-12 14:00:00,loan_repayment,1211000,success
U03302,2024-03-13 10:00:00,loan_repayment,1238000,success
U03302,2024-03-28 10:00:00,savings_deposit,738000,success
U03302,2024-04-06 15:00:00,savings_deposit,971000,success
U03302,2024-04-07 21:00:00,loan_repayment,685000,success
U03302,2024-04-13 20:00:00,card_payment,550000,success
U03303,2024-04-13 20:00:00,bill_payment,765000,success
U03303,2024-04-13 20:00:00,bill_payment,9655000,success
U03303,2024-05-02 01:00:00,bill_payment,1997000,success
U03303,2024-05-06 04:00:00,bill_payment,7983000,success
U03303,2024-05-31 22:00:00,bill_payment,6741000,success
U03304,2024-04-17 17:00:00,bill_payment,29532000,success
U03307,2024-04-26 01:00:00,bill_payment,9039000,failed
U03309,2024-01-19 03:00:00,savings_deposit,28451000,success
U03309,2024-01-20 06:00:00,bill_payment,25471000,success
U03320,2024-04-10 04:00:00,savings_deposit,3165000,success
U03320,2024-04-26 04:00:00,loan_repayment,7127000,success
U03320,2024-05-07 20:00:00,savings_deposit,5539000,success
U03320,2024-05-08 19:00:00,bill_payment,6775000,success
U03320,2024-06-04 01:00:00,loan_repayment,6038000,success
U03329,2024-04-03 06:00:00,bill_payment,8896000,failed
U03329,2024-04-07 00:00:00,loan_repayment,5728000,success
U03329,2024-04-08 20:00:00,qr_payment,2904000,success
U03329,2024-04-11 02:00:00,loan_repayment,2453000,failed
U03329,2024-04-22 01:00:00,savings_deposit,9411000,success
U03329,2024-04-22 01:00:00,transfer,8963000,success
U03329,2024-04-23 22:00:00,card_payment,6344000,success
U03329,2024-05-03 00:00:00,bill_payment,1145000,success
U03329,2024-05-06 02:00:00,savings_deposit,7963000,success
U03329,2024-05-10 06:00:00,card_payment,5752000,success
U03329,2024-05-13 20:00:00,savings_deposit,6676000,success
U03329,2024-05-18 18:00:00,qr_payment,7490000,success
U03329,2024-05-25 07:00:00,bill_payment,9537000,success
U03329,2024-05-25 22:00:00,transfer,5161000,success
U03333,2024-04-13 09:00:00,savings_deposit,577000,success
U03333,2024-04-16 12:00:00,transfer,9124000,success
U03333,2024-05-01 06:00:00,qr_payment,3665000,success
U03333,2024-05-15 19:00:00,transfer,8640000,success
U03334,2024-04-06 09:00:00,transfer,40548000,success
U03334,2024-04-10 20:00:00,transfer,2965000,success
U03334,2024-04-12 21:00:00,transfer,30021000,success
U03334,2024-05-08 05:00:00,qr_payment,16704000,failed
U03334,2024-05-19 23:00:00,transfer,9716000,success
U03334,2024-05-28 01:00:00,qr_payment,16641000,success
U03334,2024-05-29 17:00:00,transfer,32398000,success
U03338,2024-03-14 20:00:00,loan_repayment,6445000,success
U03339,2024-03-05 21:00:00,bill_payment,1536000,success
U03339,2024-03-10 02:00:00,bill_payment,2226000,failed
U03339,2024-04-02 22:00:00,bill_payment,2090000,success
U03343,2024-01-09 02:00:00,bill_payment,3948000,success
U03343,2024-01-19 04:00:00,qr_payment,2848000,success
U03343,2024-02-06 07:00:00,bill_payment,6891000,success
U03343,2024-02-08 09:00:00,bill_payment,2707000,success
U03343,2024-02-11 15:00:00,card_payment,7814000,success
U03343,2024-02-16 08:00:00,bill_payment,7306000,success
U03343,2024-02-26 12:00:00,bill_payment,1958000,success
U03343,2024-02-27 03:00:00,savings_deposit,5440000,success
U03343,2024-03-02 04:00:00,bill_payment,8478000,success
U03343,2024-03-02 13:00:00,savings_deposit,5294000,success
U03349,2024-04-07 16:00:00,qr_payment,2701000,success
U03349,2024-04-22 03:00:00,loan_repayment,1393000,success
U03349,2024-04-26 16:00:00,bill_payment,4725000,success
U03349,2024-05-29 12:00:00,qr_payment,4691000,success
U03349,2024-06-01 07:00:00,bill_payment,1761000,failed
U03349,2024-06-02 00:00:00,card_payment,2140000,success
U03354,2024-01-06 10:00:00,savings_deposit,2109000,success
U03354,2024-01-10 18:00:00,savings_deposit,8068000,success
U03354,2024-01-14 14:00:00,card_payment,8172000,success
U03354,2024-01-21 16:00:00,bill_payment,5269000,success
U03354,2024-01-22 12:00:00,qr_payment,5769000,success
U03354,2024-01-22 17:00:00,card_payment,8440000,success
U03354,2024-01-23 08:00:00,transfer,1510000,success
U03354,2024-01-25 19:00:00,card_payment,5815000,success
U03354,2024-01-30 20:00:00,savings_deposit,9912000,success
U03354,2024-02-12 07:00:00,qr_payment,1279000,success
U03354,2024-02-15 18:00:00,card_payment,1141000,failed
U03354,2024-02-19 16:00:00,qr_payment,6255000,success
U03354,2024-02-28 08:00:00,transfer,4043000,failed
U03354,2024-03-01 06:00:00,qr_payment,1760000,success
U03354,2024-03-03 15:00:00,loan_repayment,8543000,success
U03357,2024-03-25 13:00:00,transfer,1246000,success
U03357,2024-03-27 15:00:00,bill_payment,1255000,failed
U03357,2024-03-29 16:00:00,transfer,670000,success
U03357,2024-05-11 21:00:00,bill_payment,1785000,success
U03357,2024-05-16 15:00:00,savings_deposit,917000,success
U03360,2024-02-27 11:00:00,card_payment,1559000,success
U03360,2024-03-04 17:00:00,qr_payment,1333000,success
U03360,2024-03-06 17:00:00,loan_repayment,897000,success
U03360,2024-03-13 09:00:00,transfer,1084000,success
U03360,2024-03-17 18:00:00,loan_repayment,1364000,success
U03360,2024-03-24 19:00:00,loan_repayment,457000,success
U03366,2024-05-12 13:00:00,card_payment,7878000,success
U03366,2024-05-13 21:00:00,qr_payment,6796000,failed
U03366,2024-05-31 15:00:00,savings_deposit,5330000,success
U03369,2024-03-07 14:00:00,loan_repayment,39847000,success
U03369,2024-03-08 10:00:00,loan_repayment,34404000,success
U03369,2024-03-11 11:00:00,loan_repayment,44891000,success
U03369,2024-03-12 16:00:00,bill_payment,10841000,success
U03369,2024-03-15 18:00:00,bill_payment,9462000,success
U03369,2024-03-17 16:00:00,bill_payment,33368000,success
U03369,2024-03-21 20:00:00,loan_repayment,875000,success
U03369,2024-04-03 17:00:00,bill_payment,39358000,success
U03369,2024-04-06 21:00:00,bill_payment,38095000,success
U03369,2024-04-11 18:00:00,loan_repayment,20777000,success
U03377,2024-04-14 03:00:00,qr_payment,32887000,success
U03377,2024-05-02 00:00:00,savings_deposit,45797000,success
U03377,2024-05-03 00:00:00,savings_deposit,10131000,success
U03377,2024-05-07 18:00:00,qr_payment,34722000,success
U03377,2024-05-18 23:00:00,qr_payment,14709000,success
U03377,2024-05-22 23:00:00,transfer,29617000,success
U03377,2024-05-26 05:00:00,qr_payment,10394000,success
U03377,2024-05-30 23:00:00,bill_payment,13864000,success
U03381,2024-04-02 15:00:00,transfer,801000,success
U03381,2024-04-17 03:00:00,qr_payment,179000,success
U03381,2024-04-20 03:00:00,card_payment,1149000,success
U03381,2024-04-27 21:00:00,transfer,558000,success
U03381,2024-04-28 15:00:00,transfer,890000,success
U03381,2024-05-07 16:00:00,transfer,1999000,success
U03381,2024-05-28 20:00:00,qr_payment,1758000,success
U03381,2024-06-01 21:00:00,transfer,360000,success
U03382,2024-02-01 02:00:00,qr_payment,1927000,failed
U03382,2024-02-11 13:00:00,loan_repayment,1790000,success
U03382,2024-02-17 14:00:00,savings_deposit,1057000,success
U03382,2024-02-24 20:00:00,bill_payment,992000,success
U03382,2024-03-05 14:00:00,savings_deposit,1386000,success
U03382,2024-03-06 21:00:00,qr_payment,317000,success
U03382,2024-03-11 00:00:00,savings_deposit,1964000,success
U03382,2024-03-13 14:00:00,transfer,862000,success
U03382,2024-03-18 20:00:00,savings_deposit,963000,success
U03382,2024-03-20 01:00:00,loan_repayment,238000,success
U03382,2024-03-26 14:00:00,bill_payment,1768000,success
U03383,2024-01-17 12:00:00,loan_repayment,7026000,success
U03383,2024-01-29 20:00:00,loan_repayment,8207000,success
U03383,2024-02-07 12:00:00,transfer,2087000,success
U03383,2024-02-13 02:00:00,loan_repayment,116000,success
U03383,2024-02-17 21:00:00,loan_repayment,4149000,success
U03383,2024-02-24 09:00:00,loan_repayment,5023000,success
U03385,2024-02-21 08:00:00,loan_repayment,8794000,success
U03385,2024-02-25 03:00:00,loan_repayment,5910000,success
U03385,2024-02-25 10:00:00,qr_payment,3865000,success
U03385,2024-03-06 15:00:00,qr_payment,7846000,success
U03385,2024-03-24 01:00:00,bill_payment,7522000,failed
U03387,2024-02-09 09:00:00,transfer,289000,success
U03387,2024-02-16 05:00:00,savings_deposit,9610000,success
U03387,2024-03-08 23:00:00,savings_deposit,2382000,failed
U03387,2024-03-15 04:00:00,transfer,3615000,success
U03387,2024-03-28 22:00:00,transfer,3505000,success
U03387,2024-04-06 18:00:00,transfer,8955000,success
U03389,2024-04-08 08:00:00,loan_repayment,2884000,success
U03389,2024-04-22 15:00:00,card_payment,4042000,success
U03389,2024-04-26 20:00:00,loan_repayment,7948000,success
U03389,2024-05-19 17:00:00,loan_repayment,320000,success
U03389,2024-05-24 13:00:00,savings_deposit,5581000,success
U03399,2024-03-02 01:00:00,loan_repayment,1989000,failed
U03401,2024-02-22 09:00:00,qr_payment,32447000,success
U03401,2024-02-22 13:00:00,qr_payment,10948000,success
U03401,2024-02-25 18:00:00,qr_payment,3134000,success
U03401,2024-02-28 15:00:00,card_payment,25264000,success
U03401,2024-02-29 05:00:00,card_payment,26984000,success
U03401,2024-03-01 15:00:00,qr_payment,966000,success
U03401,2024-03-04 03:00:00,qr_payment,28117000,success
U03401,2024-03-17 17:00:00,savings_deposit,49886000,success
U03401,2024-03-27 15:00:00,qr_payment,17234000,success
U03401,2024-04-01 19:00:00,loan_repayment,39288000,success
U03401,2024-04-12 04:00:00,card_payment,8006000,success
U03409,2024-02-17 23:00:00,savings_deposit,359000,success
U03409,2024-02-27 19:00:00,qr_payment,1372000,success
U03409,2024-03-04 21:00:00,qr_payment,1520000,success
U03409,2024-03-11 06:00:00,qr_payment,148000,success
U03409,2024-04-04 09:00:00,loan_repayment,369000,success
U03414,2024-02-07 21:00:00,bill_payment,1249000,success
U03414,2024-02-09 13:00:00,loan_repayment,1010000,success
U03414,2024-02-10 13:00:00,loan_repayment,298000,success
U03414,2024-02-20 20:00:00,loan_repayment,1024000,success
U03414,2024-02-21 11:00:00,qr_payment,369000,success
U03414,2024-02-28 20:00:00,bill_payment,865000,success
U03414,2024-03-02 19:00:00,loan_repayment,213000,success
U03414,2024-03-12 19:00:00,loan_repayment,146000,success
U03422,2024-03-21 07:00:00,loan_repayment,870000,success
U03422,2024-04-15 17:00:00,loan_repayment,1642000,success
U03422,2024-04-30 12:00:00,bill_payment,1864000,success
U03422,2024-05-04 06:00:00,loan_repayment,462000,success
U03424,2024-02-22 01:00:00,loan_repayment,4360000,success
U03424,2024-03-06 23:00:00,bill_payment,9935000,success
U03424,2024-03-30 12:00:00,loan_repayment,7879000,failed
U03433,2024-03-01 06:00:00,qr_payment,223000,success
U03433,2024-04-05 19:00:00,qr_payment,109000,success
U03436,2024-03-30 10:00:00,transfer,758000,success
U03436,2024-04-05 06:00:00,transfer,15981000,success
U03436,2024-04-07 03:00:00,loan_repayment,45890000,success
U03436,2024-04-11 05:00:00,loan_repayment,46301000,success
U03436,2024-04-17 22:00:00,card_payment,8910000,success
U03436,2024-04-19 22:00:00,savings_deposit,22937000,failed
U03436,2024-04-20 05:00:00,card_payment,33439000,success
U03436,2024-04-25 04:00:00,savings_deposit,28121000,success
U03436,2024-04-28 01:00:00,savings_deposit,39187000,success
U03437,2024-03-06 19:00:00,transfer,637000,success
U03437,2024-03-07 13:00:00,transfer,1472000,success
U03437,2024-03-10 22:00:00,bill_payment,973000,success
U03437,2024-03-24 16:00:00,transfer,1411000,success
U03437,2024-03-26 01:00:00,savings_deposit,4578000,success
U03437,2024-03-28 03:00:00,savings_deposit,2721000,success
U03437,2024-03-30 23:00:00,savings_deposit,9865000,failed
U03437,2024-03-31 00:00:00,transfer,4505000,success
U03437,2024-04-10 04:00:00,loan_repayment,2807000,success
U03437,2024-04-15 19:00:00,bill_payment,8129000,success
U03437,2024-04-17 13:00:00,loan_repayment,8770000,success
U03437,2024-04-17 19:00:00,transfer,5728000,success
U03437,2024-04-22 18:00:00,transfer,4153000,success
U03437,2024-04-30 23:00:00,loan_repayment,268000,success
U03439,2024-06-17 03:00:00,transfer,1829000,success
U03440,2024-04-02 04:00:00,savings_deposit,6373000,success
U03440,2024-04-10 14:00:00,qr_payment,1054000,failed
U03440,2024-04-15 06:00:00,card_payment,2810000,success
U03440,2024-04-19 05:00:00,qr_payment,2191000,success
U03440,2024-04-27 19:00:00,card_payment,6705000,success
U03440,2024-05-23 19:00:00,qr_payment,5855000,success
U03440,2024-05-25 19:00:00,card_payment,5306000,success
U03440,2024-05-30 08:00:00,card_payment,3182000,success
U03448,2024-03-27 09:00:00,bill_payment,957000,success
U03448,2024-03-29 18:00:00,savings_deposit,7019000,success
U03448,2024-05-07 12:00:00,savings_deposit,9070000,success
U03448,2024-05-16 13:00:00,card_payment,7807000,success
U03448,2024-05-16 14:00:00,bill_payment,7660000,success
U03450,2024-02-03 18:00:00,savings_deposit,96000,success
U03450,2024-02-13 19:00:00,qr_payment,741000,success
U03450,2024-02-24 03:00:00,bill_payment,220000,success
U03450,2024-02-24 21:00:00,bill_payment,1394000,success
U03450,2024-03-02 02:00:00,bill_payment,1288000,success
U03450,2024-03-06 08:00:00,loan_repayment,618000,success
U03450,2024-03-07 16:00:00,bill_payment,1272000,success
U03450,2024-03-14 07:00:00,qr_payment,1982000,success
U03450,2024-03-20 03:00:00,bill_payment,1406000,success
U03450,2024-03-27 03:00:00,savings_deposit,1467000,success
U03452,2024-03-05 20:00:00,transfer,7552000,success
U03452,2024-03-05 22:00:00,loan_repayment,5391000,success
U03452,2024-03-10 14:00:00,loan_repayment,9005000,success
U03452,2024-03-31 21:00:00,qr_payment,6078000,success
U03452,2024-04-10 03:00:00,loan_repayment,317000,success
U03452,2024-04-10 04:00:00,loan_repayment,4510000,success
U03452,2024-04-12 21:00:00,loan_repayment,2275000,success
U03452,2024-04-24 04:00:00,transfer,2858000,success
U03461,2024-05-02 03:00:00,card_payment,867000,success
U03461,2024-05-03 09:00:00,transfer,6350000,success
U03461,2024-05-15 01:00:00,loan_repayment,2011000,success
U03461,2024-05-20 22:00:00,card_payment,44740000,success
U03461,2024-06-14 02:00:00,bill_payment,30660000,success
U03461,2024-06-20 10:00:00,card_payment,9478000,success
U03461,2024-06-23 22:00:00,loan_repayment,5187000,success
U03461,2024-06-26 21:00:00,bill_payment,43084000,success
U03465,2024-04-16 09:00:00,card_payment,7463000,success
U03465,2024-04-24 04:00:00,transfer,3495000,success
U03465,2024-05-10 03:00:00,bill_payment,661000,success
U03465,2024-05-23 11:00:00,transfer,6062000,success
U03465,2024-05-28 15:00:00,transfer,8160000,success
U03465,2024-06-02 02:00:00,loan_repayment,5751000,failed
U03465,2024-06-12 16:00:00,loan_repayment,7190000,success
U03468,2024-02-18 17:00:00,bill_payment,12843000,success
U03468,2024-02-23 15:00:00,transfer,30227000,success
U03468,2024-03-08 05:00:00,transfer,17098000,success
U03468,2024-03-13 08:00:00,transfer,10744000,failed
U03468,2024-03-21 18:00:00,card_payment,5201000,success
U03468,2024-03-29 08:00:00,bill_payment,32134000,success
U03471,2024-04-03 21:00:00,savings_deposit,1721000,success
U03471,2024-04-08 11:00:00,qr_payment,398000,success
U03471,2024-04-11 17:00:00,qr_payment,782000,success
U03471,2024-05-11 18:00:00,loan_repayment,854000,success
U03471,2024-05-17 10:00:00,loan_repayment,1518000,success
U03471,2024-05-20 13:00:00,qr_payment,1582000,success
U03474,2024-05-10 21:00:00,transfer,3478000,success
U03474,2024-05-13 05:00:00,loan_repayment,7226000,success
U03474,2024-05-25 18:00:00,loan_repayment,301000,success
U03474,2024-06-11 05:00:00,qr_payment,8422000,failed
U03474,2024-06-23 05:00:00,loan_repayment,3002000,success
U03475,2024-04-13 11:00:00,card_payment,1098000,success
U03475,2024-04-24 18:00:00,transfer,3299000,success
U03475,2024-04-28 10:00:00,loan_repayment,9764000,success
U03475,2024-05-03 06:00:00,bill_payment,6786000,success
U03475,2024-05-08 05:00:00,transfer,1027000,success
U03475,2024-05-13 06:00:00,card_payment,609000,success
U03475,2024-05-14 13:00:00,card_payment,1333000,success
U03475,2024-05-16 18:00:00,transfer,2909000,success
U03475,2024-05-17 07:00:00,transfer,3644000,success
U03475,2024-05-18 09:00:00,card_payment,3254000,success
U03475,2024-05-25 08:00:00,savings_deposit,916000,success
U03475,2024-05-31 21:00:00,bill_payment,3592000,success
U03475,2024-06-03 13:00:00,card_payment,5172000,success
U03475,2024-06-05 14:00:00,card_payment,7248000,success
U03475,2024-06-11 13:00:00,card_payment,5798000,success
U03477,2024-03-13 02:00:00,qr_payment,86000,failed
U03477,2024-03-17 22:00:00,savings_deposit,1749000,success
U03477,2024-04-02 01:00:00,savings_deposit,165000,success
U03477,2024-04-18 20:00:00,savings_deposit,122000,success
U03477,2024-04-25 05:00:00,savings_deposit,363000,success
U03477,2024-04-29 19:00:00,savings_deposit,1574000,success
U03485,2024-01-20 21:00:00,transfer,9715000,success
U03485,2024-01-21 19:00:00,qr_payment,4089000,success
U03485,2024-01-23 06:00:00,loan_repayment,9492000,success
U03485,2024-01-29 07:00:00,bill_payment,7056000,success
U03485,2024-01-31 17:00:00,loan_repayment,6834000,success
U03485,2024-02-05 19:00:00,qr_payment,8412000,success
U03485,2024-02-07 05:00:00,bill_payment,917000,success
U03485,2024-02-07 05:00:00,transfer,120000,success
U03485,2024-02-15 19:00:00,transfer,5553000,failed
U03485,2024-02-16 04:00:00,savings_deposit,903000,success
U03488,2024-05-20 12:00:00,card_payment,3205000,success
U03488,2024-06-07 13:00:00,savings_deposit,2549000,success
U03488,2024-06-07 19:00:00,bill_payment,2440000,success
U03488,2024-06-07 21:00:00,bill_payment,4787000,success
U03488,2024-06-19 14:00:00,loan_repayment,2139000,success
U03488,2024-06-23 17:00:00,savings_deposit,6510000,success
U03490,2024-02-19 04:00:00,card_payment,827000,success
U03490,2024-03-03 04:00:00,card_payment,5824000,success
U03490,2024-03-05 01:00:00,transfer,3838000,success
U03490,2024-03-19 00:00:00,card_payment,7072000,success
U03491,2024-03-16 04:00:00,bill_payment,16377000,success
U03491,2024-03-25 04:00:00,transfer,6921000,success
U03491,2024-03-25 07:00:00,bill_payment,35016000,failed
U03491,2024-04-03 22:00:00,card_payment,48024000,success
U03491,2024-04-08 00:00:00,card_payment,4036000,success
U03491,2024-04-12 09:00:00,bill_payment,3674000,success
U03491,2024-04-13 03:00:00,bill_payment,11822000,success
U03491,2024-04-14 09:00:00,card_payment,28003000,success
U03491,2024-04-17 01:00:00,qr_payment,19424000,success
U03491,2024-04-17 02:00:00,card_payment,3475000,success
U03491,2024-04-18 03:00:00,card_payment,48078000,success
U03491,2024-05-05 06:00:00,bill_payment,36622000,success
U03491,2024-05-11 00:00:00,loan_repayment,1336000,success
U03491,2024-05-14 00:00:00,bill_payment,31593000,success
U03493,2024-03-13 04:00:00,loan_repayment,1873000,success
U03495,2024-03-18 15:00:00,loan_repayment,1294000,success
U03495,2024-03-25 17:00:00,loan_repayment,6779000,success
U03500,2024-04-06 14:00:00,transfer,4255000,success
U03500,2024-04-09 00:00:00,transfer,574000,success
U03500,2024-04-11 21:00:00,bill_payment,3402000,failed
U03500,2024-05-11 18:00:00,qr_payment,8378000,success
U03503,2024-03-24 19:00:00,qr_payment,1145000,success
U03503,2024-03-27 09:00:00,card_payment,1635000,success
U03503,2024-03-29 03:00:00,qr_payment,373000,success
U03503,2024-03-31 21:00:00,qr_payment,588000,success
U03503,2024-04-03 01:00:00,qr_payment,137000,success
U03503,2024-04-09 01:00:00,qr_payment,700000,success
U03503,2024-04-22 09:00:00,bill_payment,1002000,failed
U03503,2024-05-01 21:00:00,card_payment,1578000,success
U03503,2024-05-05 06:00:00,transfer,1681000,success
U03503,2024-05-16 09:00:00,qr_payment,160000,failed
U03504,2024-03-06 02:00:00,transfer,722000,success
U03504,2024-03-23 00:00:00,card_payment,1174000,success
U03504,2024-04-02 22:00:00,loan_repayment,1651000,success
U03504,2024-04-03 14:00:00,qr_payment,1659000,success
U03504,2024-04-07 07:00:00,qr_payment,382000,success
U03504,2024-04-09 23:00:00,savings_deposit,1981000,success
U03504,2024-04-10 05:00:00,card_payment,474000,success
U03504,2024-04-10 13:00:00,qr_payment,1138000,success
U03504,2024-04-15 03:00:00,card_payment,1765000,success
U03504,2024-04-22 00:00:00,qr_payment,142000,success
U03504,2024-04-26 14:00:00,card_payment,1417000,success
U03504,2024-05-02 00:00:00,qr_payment,742000,success
U03514,2024-02-26 16:00:00,loan_repayment,4493000,success
U03514,2024-03-02 02:00:00,loan_repayment,4024000,success
U03514,2024-03-05 12:00:00,loan_repayment,7285000,success
U03514,2024-03-19 12:00:00,qr_payment,5661000,success
U03514,2024-03-23 15:00:00,bill_payment,4542000,success
U03514,2024-03-25 05:00:00,savings_deposit,7567000,success
U03514,2024-04-15 07:00:00,loan_repayment,8344000,success
U03514,2024-04-25 02:00:00,qr_payment,6222000,success
U03517,2024-01-28 05:00:00,card_payment,7967000,success
U03517,2024-01-31 14:00:00,card_payment,2751000,success
U03517,2024-02-02 02:00:00,card_payment,6592000,success
U03517,2024-02-18 04:00:00,card_payment,9836000,success
U03517,2024-03-04 03:00:00,loan_repayment,1011000,success
U03518,2024-03-24 08:00:00,bill_payment,27338000,success
U03518,2024-03-24 16:00:00,card_payment,38828000,success
U03518,2024-03-28 12:00:00,loan_repayment,37121000,success
U03518,2024-04-03 10:00:00,qr_payment,46104000,success
U03518,2024-04-13 05:00:00,loan_repayment,41420000,success
U03520,2024-04-03 12:00:00,qr_payment,1285000,success
U03520,2024-04-05 17:00:00,qr_payment,1317000,success
U03520,2024-04-07 14:00:00,loan_repayment,656000,success
U03520,2024-04-16 12:00:00,bill_payment,1123000,success
U03520,2024-04-18 09:00:00,qr_payment,1281000,success
U03520,2024-04-24 00:00:00,bill_payment,1216000,success
U03520,2024-04-26 00:00:00,qr_payment,97000,success
U03520,2024-04-30 00:00:00,card_payment,940000,success
U03520,2024-05-05 01:00:00,card_payment,215000,success
U03524,2024-01-17 19:00:00,savings_deposit,13677000,success
U03524,2024-02-16 06:00:00,bill_payment,40584000,success
U03526,2024-02-04 14:00:00,loan_repayment,11996000,success
U03526,2024-02-12 20:00:00,card_payment,47079000,success
U03526,2024-02-16 07:00:00,transfer,30740000,success
U03526,2024-02-17 09:00:00,transfer,19181000,success
U03526,2024-02-19 05:00:00,card_payment,5198000,success
U03526,2024-02-29 05:00:00,loan_repayment,28768000,success
U03526,2024-03-07 14:00:00,transfer,30576000,success
U03528,2024-01-09 19:00:00,savings_deposit,1991000,success
U03528,2024-01-13 14:00:00,loan_repayment,1928000,success
U03528,2024-01-28 14:00:00,savings_deposit,1567000,success
U03528,2024-02-09 03:00:00,bill_payment,1239000,success
U03528,2024-02-15 15:00:00,savings_deposit,1353000,success
U03528,2024-02-19 16:00:00,card_payment,1167000,success
U03528,2024-02-23 18:00:00,savings_deposit,1828000,success
U03528,2024-02-25 22:00:00,savings_deposit,416000,success
U03528,2024-02-26 19:00:00,savings_deposit,763000,success
U03534,2024-02-29 13:00:00,qr_payment,3378000,success
U03537,2024-01-11 14:00:00,qr_payment,4505000,success
U03537,2024-02-04 10:00:00,qr_payment,2374000,success
U03537,2024-02-09 16:00:00,bill_payment,1821000,failed
U03537,2024-02-12 03:00:00,qr_payment,746000,success
U03537,2024-02-20 13:00:00,qr_payment,4779000,failed
U03537,2024-03-01 05:00:00,bill_payment,6831000,success
U03537,2024-03-11 13:00:00,card_payment,5250000,success
U03549,2024-04-11 02:00:00,bill_payment,24408000,success
U03549,2024-04-13 08:00:00,card_payment,42666000,success
U03549,2024-04-27 07:00:00,savings_deposit,42719000,success
U03549,2024-05-05 19:00:00,savings_deposit,29043000,success
U03549,2024-05-14 02:00:00,qr_payment,19558000,success
U03549,2024-05-14 17:00:00,card_payment,36282000,success
U03549,2024-06-07 04:00:00,savings_deposit,47038000,success
U03562,2024-01-17 17:00:00,transfer,2248000,failed
U03562,2024-01-26 11:00:00,qr_payment,5652000,success
U03562,2024-03-01 19:00:00,transfer,4879000,success
U03562,2024-03-09 12:00:00,savings_deposit,1505000,success
U03564,2024-05-05 15:00:00,loan_repayment,946000,success
U03564,2024-05-07 07:00:00,card_payment,2398000,failed
U03569,2024-05-14 22:00:00,transfer,47971000,success
U03569,2024-05-15 11:00:00,loan_repayment,18751000,success
U03569,2024-05-17 10:00:00,savings_deposit,8282000,success
U03569,2024-05-21 13:00:00,card_payment,31756000,success
U03569,2024-05-22 13:00:00,loan_repayment,45207000,success
U03569,2024-05-22 14:00:00,loan_repayment,47360000,success
U03569,2024-05-22 22:00:00,savings_deposit,4292000,success
U03569,2024-05-24 23:00:00,loan_repayment,33957000,success
U03569,2024-06-05 12:00:00,loan_repayment,31154000,success
U03569,2024-06-08 16:00:00,transfer,14772000,success
U03569,2024-06-13 11:00:00,transfer,28104000,success
U03569,2024-06-21 11:00:00,savings_deposit,16221000,success
U03572,2024-03-09 20:00:00,qr_payment,1265000,success
U03572,2024-03-21 18:00:00,qr_payment,1042000,success
U03575,2024-03-10 01:00:00,qr_payment,4726000,success
U03575,2024-03-12 23:00:00,card_payment,9927000,success
U03575,2024-03-22 17:00:00,bill_payment,4638000,success
U03575,2024-03-31 10:00:00,bill_payment,9813000,success
U03575,2024-04-04 23:00:00,bill_payment,1618000,success
U03575,2024-04-26 11:00:00,bill_payment,9172000,success
U03575,2024-05-06 09:00:00,qr_payment,7787000,success
U03579,2024-04-30 10:00:00,savings_deposit,27583000,success
U03579,2024-05-10 13:00:00,savings_deposit,38088000,success
U03579,2024-05-12 00:00:00,bill_payment,48518000,success
U03579,2024-05-17 13:00:00,transfer,39249000,success
U03579,2024-05-19 02:00:00,savings_deposit,24911000,success
U03579,2024-06-02 16:00:00,savings_deposit,38896000,success
U03579,2024-06-02 23:00:00,card_payment,5812000,success
U03579,2024-06-04 13:00:00,savings_deposit,9360000,success
U03579,2024-06-05 13:00:00,bill_payment,32760000,success
U03579,2024-06-08 23:00:00,savings_deposit,8511000,success
U03579,2024-06-09 20:00:00,loan_repayment,2144000,success
U03585,2024-04-06 08:00:00,bill_payment,1877000,success
U03585,2024-04-27 02:00:00,savings_deposit,405000,success
U03585,2024-05-01 05:00:00,loan_repayment,1245000,success
U03585,2024-05-15 18:00:00,loan_repayment,1763000,success
U03585,2024-05-16 16:00:00,savings_deposit,143000,success
U03588,2024-02-26 13:00:00,bill_payment,1996000,success
U03588,2024-03-03 03:00:00,bill_payment,1419000,success
U03588,2024-03-16 13:00:00,bill_payment,1015000,success
U03588,2024-03-16 15:00:00,bill_payment,1441000,failed
U03588,2024-04-01 12:00:00,card_payment,1198000,success
U03588,2024-04-07 04:00:00,bill_payment,556000,success
U03588,2024-04-13 01:00:00,transfer,1815000,success
U03588,2024-04-13 04:00:00,savings_deposit,1143000,success
U03588,2024-04-16 06:00:00,card_payment,827000,success
U03588,2024-04-23 09:00:00,savings_deposit,835000,success
U03588,2024-04-24 23:00:00,bill_payment,237000,failed
U03588,2024-04-25 15:00:00,card_payment,273000,success
U03588,2024-04-26 07:00:00,transfer,65000,success
U03589,2024-03-20 07:00:00,transfer,635000,success
U03589,2024-04-06 15:00:00,bill_payment,1882000,success
U03589,2024-05-05 12:00:00,bill_payment,377000,success
U03589,2024-05-07 06:00:00,savings_deposit,950000,success
U03589,2024-05-09 14:00:00,transfer,65000,success
U03590,2024-02-28 22:00:00,card_payment,133000,success
U03590,2024-03-11 10:00:00,loan_repayment,750000,success
U03590,2024-03-18 05:00:00,bill_payment,813000,success
U03590,2024-03-20 05:00:00,card_payment,139000,success
U03590,2024-03-22 09:00:00,qr_payment,116000,success
U03590,2024-03-29 20:00:00,loan_repayment,76000,success
U03590,2024-04-01 06:00:00,qr_payment,1889000,success
U03590,2024-04-04 03:00:00,card_payment,1976000,success
U03590,2024-04-12 00:00:00,bill_payment,494000,success
U03597,2024-02-14 11:00:00,bill_payment,4749000,success
U03597,2024-02-20 22:00:00,loan_repayment,5636000,success
U03597,2024-02-22 21:00:00,qr_payment,6410000,success
U03597,2024-03-26 07:00:00,qr_payment,3953000,success
U03597,2024-03-31 18:00:00,bill_payment,7039000,success
U03598,2024-02-03 22:00:00,savings_deposit,1248000,success
U03598,2024-02-16 05:00:00,savings_deposit,303000,success
U03598,2024-02-29 17:00:00,transfer,398000,success
U03598,2024-03-03 13:00:00,transfer,796000,success
U03598,2024-03-15 16:00:00,transfer,163000,success
U03598,2024-03-22 05:00:00,transfer,1360000,success
U03600,2024-04-03 22:00:00,savings_deposit,11463000,success
U03600,2024-04-23 02:00:00,card_payment,27028000,success
U03600,2024-04-24 19:00:00,loan_repayment,6156000,success
U03600,2024-04-25 09:00:00,bill_payment,3961000,success
U03600,2024-04-26 03:00:00,card_payment,49296000,success
U03600,2024-05-10 08:00:00,bill_payment,42762000,success
U03600,2024-05-16 07:00:00,card_payment,35267000,success
U03600,2024-05-27 08:00:00,card_payment,19335000,success
U03600,2024-05-28 05:00:00,bill_payment,22898000,success
U03602,2024-01-18 03:00:00,card_payment,1651000,success
U03602,2024-01-19 05:00:00,savings_deposit,1076000,success
U03602,2024-01-21 09:00:00,card_payment,769000,success
U03602,2024-01-26 03:00:00,savings_deposit,1007000,success
U03602,2024-01-30 23:00:00,bill_payment,382000,success
U03602,2024-01-31 07:00:00,qr_payment,1240000,success
U03602,2024-02-07 23:00:00,savings_deposit,1743000,success
U03602,2024-02-08 04:00:00,savings_deposit,1282000,success
U03602,2024-02-11 11:00:00,card_payment,271000,success
U03602,2024-02-16 03:00:00,savings_deposit,796000,success
U03602,2024-02-17 10:00:00,bill_payment,1819000,success
U03602,2024-02-19 00:00:00,loan_repayment,1175000,success
U03602,2024-02-19 04:00:00,savings_deposit,1033000,success
U03602,2024-02-19 13:00:00,savings_deposit,634000,success
U03602,2024-02-29 09:00:00,bill_payment,1272000,success
U03602,2024-03-05 09:00:00,savings_deposit,1262000,failed
U03602,2024-03-07 06:00:00,card_payment,628000,success
U03602,2024-03-08 13:00:00,bill_payment,1514000,success
U03602,2024-03-14 04:00:00,savings_deposit,1309000,success
U03602,2024-03-16 08:00:00,card_payment,976000,success
U03602,2024-03-16 23:00:00,bill_payment,486000,success
U03608,2024-04-15 01:00:00,savings_deposit,7669000,success
U03608,2024-05-04 15:00:00,transfer,1120000,success
U03608,2024-05-08 07:00:00,savings_deposit,5931000,success
U03608,2024-05-11 04:00:00,loan_repayment,3138000,success
U03608,2024-05-16 01:00:00,savings_deposit,8092000,success
U03608,2024-05-16 09:00:00,savings_deposit,7254000,success
U03608,2024-05-17 07:00:00,qr_payment,6739000,success
U03608,2024-05-18 05:00:00,transfer,2355000,success
U03608,2024-05-19 03:00:00,transfer,707000,success
U03608,2024-05-19 12:00:00,qr_payment,4523000,success
U03608,2024-06-04 11:00:00,loan_repayment,9707000,success
U03608,2024-06-05 16:00:00,transfer,8490000,success
U03608,2024-06-06 07:00:00,qr_payment,7366000,success
U03617,2024-01-15 16:00:00,savings_deposit,1385000,success
U03617,2024-01-16 13:00:00,loan_repayment,217000,success
U03617,2024-01-23 15:00:00,savings_deposit,229000,success
U03617,2024-01-31 14:00:00,card_payment,311000,success
U03617,2024-02-05 19:00:00,loan_repayment,251000,success
U03617,2024-02-13 05:00:00,qr_payment,1550000,success
U03617,2024-02-20 08:00:00,savings_deposit,1726000,success
U03617,2024-03-05 04:00:00,savings_deposit,981000,success
U03622,2024-04-30 09:00:00,card_payment,861000,success
U03622,2024-05-04 02:00:00,qr_payment,838000,success
U03622,2024-05-05 07:00:00,savings_deposit,1164000,success
U03622,2024-05-18 01:00:00,transfer,1777000,success
U03622,2024-05-20 13:00:00,card_payment,405000,success
U03622,2024-05-22 04:00:00,bill_payment,787000,success
U03622,2024-05-23 10:00:00,card_payment,1427000,success
U03622,2024-06-03 10:00:00,card_payment,1969000,success
U03622,2024-06-11 06:00:00,card_payment,1181000,success
U03622,2024-06-21 01:00:00,card_payment,1456000,failed
U03622,2024-06-21 05:00:00,savings_deposit,1245000,success
U03626,2024-01-20 19:00:00,savings_deposit,6548000,success
U03626,2024-01-24 18:00:00,bill_payment,5615000,success
U03626,2024-01-25 22:00:00,transfer,126000,success
U03626,2024-02-01 04:00:00,bill_payment,4990000,success
U03626,2024-02-03 15:00:00,savings_deposit,7696000,success
U03626,2024-02-08 21:00:00,loan_repayment,1380000,success
U03626,2024-02-09 23:00:00,bill_payment,5100000,failed
U03626,2024-02-19 03:00:00,bill_payment,331000,success
U03626,2024-03-01 19:00:00,bill_payment,2326000,success
U03626,2024-03-02 16:00:00,qr_payment,5435000,failed
U03626,2024-03-04 03:00:00,bill_payment,5399000,success
U03626,2024-03-08 02:00:00,savings_deposit,9478000,success
U03627,2024-03-24 01:00:00,qr_payment,8049000,success
U03627,2024-03-30 17:00:00,savings_deposit,2409000,success
U03627,2024-04-04 17:00:00,savings_deposit,1762000,failed
U03627,2024-04-16 10:00:00,savings_deposit,1680000,success
U03627,2024-04-20 17:00:00,savings_deposit,5463000,success
U03631,2024-03-07 16:00:00,qr_payment,626000,success
U03631,2024-03-11 17:00:00,savings_deposit,412000,success
U03635,2024-01-10 00:00:00,loan_repayment,5074000,success
U03635,2024-01-15 00:00:00,bill_payment,1821000,failed
U03635,2024-01-30 06:00:00,savings_deposit,421000,success
U03635,2024-02-06 00:00:00,savings_deposit,5163000,success
U03635,2024-03-05 11:00:00,card_payment,5570000,success
U03635,2024-03-09 04:00:00,savings_deposit,4242000,success
U03636,2024-01-30 20:00:00,qr_payment,25399000,success
U03636,2024-02-02 18:00:00,transfer,40565000,success
U03636,2024-02-11 11:00:00,bill_payment,26292000,success
U03636,2024-03-07 21:00:00,qr_payment,3692000,success
U03639,2024-01-31 05:00:00,loan_repayment,8289000,success
U03639,2024-02-01 08:00:00,loan_repayment,6697000,success
U03639,2024-02-04 23:00:00,loan_repayment,6316000,success
U03639,2024-02-14 23:00:00,qr_payment,2024000,success
U03639,2024-02-20 05:00:00,loan_repayment,6392000,success
U03639,2024-02-21 23:00:00,loan_repayment,6849000,success
U03639,2024-02-29 04:00:00,card_payment,4707000,failed
U03639,2024-03-04 07:00:00,loan_repayment,7566000,success
U03639,2024-03-06 00:00:00,savings_deposit,6392000,success
U03639,2024-03-21 06:00:00,loan_repayment,5842000,success
U03639,2024-03-29 09:00:00,loan_repayment,5900000,success
U03643,2024-02-14 16:00:00,card_payment,9377000,success
U03643,2024-02-16 13:00:00,card_payment,8022000,success
U03643,2024-02-28 14:00:00,card_payment,6907000,success
U03643,2024-03-14 15:00:00,qr_payment,3017000,success
U03643,2024-04-03 11:00:00,qr_payment,9822000,success
U03643,2024-04-05 13:00:00,qr_payment,3930000,success
U03644,2024-03-16 16:00:00,card_payment,5908000,success
U03644,2024-03-21 23:00:00,transfer,4768000,success
U03644,2024-03-28 13:00:00,card_payment,252000,success
U03644,2024-04-12 00:00:00,savings_deposit,3810000,success
U03644,2024-04-23 18:00:00,transfer,273000,success
U03644,2024-04-28 22:00:00,savings_deposit,285000,success
U03649,2024-02-13 01:00:00,qr_payment,1260000,success
U03649,2024-02-29 19:00:00,card_payment,3422000,success
U03649,2024-04-01 16:00:00,savings_deposit,2630000,success
U03649,2024-04-04 22:00:00,bill_payment,4146000,success
U03652,2024-05-09 13:00:00,card_payment,1524000,success
U03652,2024-05-29 09:00:00,savings_deposit,1718000,success
U03652,2024-06-13 17:00:00,qr_payment,1599000,success
U03653,2024-01-28 13:00:00,loan_repayment,386000,success
U03653,2024-01-29 14:00:00,savings_deposit,184000,success
U03653,2024-02-27 03:00:00,qr_payment,1192000,success
U03653,2024-03-02 11:00:00,qr_payment,1717000,success
U03653,2024-03-21 06:00:00,loan_repayment,780000,success
U03654,2024-03-30 22:00:00,bill_payment,3108000,success
U03654,2024-03-30 23:00:00,savings_deposit,5106000,success
U03654,2024-03-31 07:00:00,savings_deposit,1349000,success
U03654,2024-04-14 16:00:00,bill_payment,336000,success
U03654,2024-04-15 20:00:00,loan_repayment,2290000,success
U03654,2024-04-22 17:00:00,card_payment,548000,success
U03654,2024-04-25 10:00:00,bill_payment,7918000,success
U03654,2024-04-29 18:00:00,card_payment,2514000,success
U03654,2024-05-08 17:00:00,bill_payment,3948000,success
U03654,2024-05-10 08:00:00,transfer,3631000,success
U03654,2024-05-11 13:00:00,card_payment,9004000,success
U03654,2024-05-12 15:00:00,card_payment,9456000,success
U03654,2024-05-14 11:00:00,card_payment,747000,success
U03658,2024-02-13 02:00:00,transfer,5052000,success
U03658,2024-02-22 07:00:00,bill_payment,6651000,success
U03658,2024-02-29 18:00:00,card_payment,8315000,success
U03658,2024-03-05 06:00:00,loan_repayment,262000,success
U03658,2024-03-11 17:00:00,bill_payment,9591000,failed
U03658,2024-03-12 09:00:00,bill_payment,7209000,success
U03658,2024-03-20 11:00:00,bill_payment,7509000,success
U03658,2024-03-23 07:00:00,card_payment,1453000,success
U03658,2024-03-28 16:00:00,bill_payment,7547000,success
U03658,2024-04-06 10:00:00,card_payment,8068000,success
U03658,2024-04-07 07:00:00,loan_repayment,2354000,success
U03659,2024-02-15 05:00:00,transfer,754000,success
U03659,2024-02-28 09:00:00,card_payment,1075000,success
U03659,2024-02-29 04:00:00,transfer,1706000,success
U03659,2024-03-27 02:00:00,loan_repayment,121000,success
U03660,2024-01-30 11:00:00,savings_deposit,1874000,success
U03660,2024-02-19 11:00:00,savings_deposit,679000,success
U03660,2024-03-09 20:00:00,savings_deposit,1763000,success
U03660,2024-03-10 13:00:00,savings_deposit,1283000,success
U03661,2024-03-17 21:00:00,savings_deposit,3069000,success
U03661,2024-03-21 01:00:00,qr_payment,2963000,success
U03661,2024-03-23 13:00:00,loan_repayment,9721000,success
U03661,2024-03-29 02:00:00,loan_repayment,1547000,success
U03661,2024-03-31 12:00:00,bill_payment,6351000,success
U03661,2024-04-10 16:00:00,qr_payment,4367000,success
U03661,2024-04-14 13:00:00,loan_repayment,6561000,success
U03661,2024-04-19 20:00:00,bill_payment,1132000,success
U03661,2024-04-22 01:00:00,savings_deposit,4697000,success
U03661,2024-05-06 17:00:00,bill_payment,5244000,success
U03661,2024-05-09 14:00:00,savings_deposit,1465000,success
U03661,2024-05-12 11:00:00,savings_deposit,8317000,success
U03661,2024-05-12 23:00:00,qr_payment,1320000,success
U03661,2024-05-13 01:00:00,transfer,1272000,success
U03667,2024-04-01 09:00:00,transfer,851000,failed
U03667,2024-04-10 14:00:00,transfer,6945000,success
U03667,2024-04-11 09:00:00,transfer,1783000,success
U03667,2024-04-21 12:00:00,transfer,7078000,success
U03667,2024-04-22 21:00:00,transfer,3261000,success
U03668,2024-04-15 15:00:00,bill_payment,678000,success
U03668,2024-04-19 18:00:00,bill_payment,321000,success
U03668,2024-04-23 10:00:00,transfer,1497000,success
U03668,2024-04-28 05:00:00,bill_payment,1350000,success
U03668,2024-05-04 04:00:00,bill_payment,1971000,success
U03668,2024-05-05 07:00:00,bill_payment,268000,success
U03668,2024-05-06 11:00:00,bill_payment,791000,success
U03668,2024-05-12 14:00:00,bill_payment,1848000,success
U03668,2024-05-20 04:00:00,bill_payment,788000,success
U03668,2024-05-25 04:00:00,qr_payment,1348000,success
U03669,2024-02-26 08:00:00,card_payment,44258000,success
U03669,2024-02-28 11:00:00,card_payment,45242000,failed
U03669,2024-03-01 12:00:00,savings_deposit,39124000,success
U03669,2024-03-03 17:00:00,card_payment,47757000,failed
U03669,2024-03-17 13:00:00,qr_payment,2761000,failed
U03669,2024-03-19 19:00:00,card_payment,12306000,success
U03669,2024-04-04 15:00:00,transfer,28942000,success
U03669,2024-04-04 18:00:00,transfer,43265000,success
U03669,2024-04-10 22:00:00,transfer,14092000,success
U03669,2024-04-16 21:00:00,transfer,11586000,success
U03669,2024-04-22 00:00:00,transfer,38721000,success
U03670,2024-03-13 17:00:00,card_payment,27096000,success
U03670,2024-03-19 09:00:00,savings_deposit,10366000,success
U03670,2024-03-20 03:00:00,bill_payment,9432000,success
U03670,2024-03-25 04:00:00,bill_payment,16074000,success
U03670,2024-03-26 02:00:00,card_payment,49316000,success
U03670,2024-03-28 08:00:00,bill_payment,41883000,success
U03670,2024-03-30 17:00:00,loan_repayment,31847000,success
U03670,2024-04-13 17:00:00,card_payment,30250000,success
U03670,2024-04-30 05:00:00,card_payment,3088000,success
U03670,2024-05-02 03:00:00,card_payment,20063000,failed
U03670,2024-05-03 18:00:00,savings_deposit,28856000,success
U03670,2024-05-07 03:00:00,card_payment,42962000,success
U03670,2024-05-10 07:00:00,bill_payment,38501000,success
U03672,2024-01-19 23:00:00,qr_payment,839000,success
U03672,2024-01-21 02:00:00,qr_payment,1856000,success
U03672,2024-01-23 04:00:00,transfer,1420000,success
U03672,2024-02-05 16:00:00,bill_payment,1083000,success
U03672,2024-02-07 18:00:00,card_payment,508000,success
U03672,2024-02-19 02:00:00,card_payment,1568000,success
U03672,2024-02-24 15:00:00,bill_payment,580000,success
U03672,2024-02-25 18:00:00,bill_payment,1142000,success
U03672,2024-03-02 02:00:00,card_payment,1149000,success
U03676,2024-02-22 05:00:00,qr_payment,7654000,success
U03676,2024-02-23 05:00:00,qr_payment,8382000,success
U03676,2024-03-04 02:00:00,qr_payment,6496000,success
U03676,2024-03-04 07:00:00,qr_payment,6721000,success
U03676,2024-03-28 23:00:00,qr_payment,3452000,success
U03676,2024-03-30 08:00:00,card_payment,1841000,success
U03676,2024-04-07 08:00:00,qr_payment,9340000,success
U03676,2024-04-14 08:00:00,qr_payment,3581000,success
U03677,2024-04-19 20:00:00,qr_payment,4130000,success
U03677,2024-04-26 11:00:00,card_payment,5506000,success
U03677,2024-05-05 09:00:00,bill_payment,9892000,success
U03677,2024-05-30 22:00:00,qr_payment,848000,success
U03677,2024-06-02 00:00:00,bill_payment,5726000,success
U03677,2024-06-12 04:00:00,transfer,8974000,success
U03680,2024-05-25 22:00:00,qr_payment,9509000,failed
U03681,2024-03-22 13:00:00,card_payment,36852000,success
U03681,2024-03-24 16:00:00,bill_payment,38030000,failed
U03681,2024-04-10 19:00:00,bill_payment,23879000,success
U03682,2024-03-18 04:00:00,loan_repayment,4325000,success
U03682,2024-04-01 06:00:00,loan_repayment,21193000,success
U03682,2024-04-03 21:00:00,loan_repayment,13259000,success
U03682,2024-04-09 05:00:00,transfer,18118000,success
U03682,2024-04-18 23:00:00,bill_payment,8402000,success
U03682,2024-04-19 15:00:00,savings_deposit,35158000,success
U03682,2024-04-21 02:00:00,loan_repayment,26538000,success
U03686,2024-02-01 17:00:00,qr_payment,945000,success
U03686,2024-02-16 10:00:00,savings_deposit,1180000,success
U03686,2024-02-18 17:00:00,bill_payment,1646000,success
U03686,2024-02-20 22:00:00,loan_repayment,227000,success
U03686,2024-02-21 18:00:00,savings_deposit,195000,success
U03686,2024-02-25 22:00:00,loan_repayment,1849000,success
U03686,2024-03-02 11:00:00,savings_deposit,1293000,success
U03688,2024-04-07 10:00:00,qr_payment,40819000,success
U03688,2024-04-10 09:00:00,qr_payment,37029000,success
U03690,2024-02-04 15:00:00,loan_repayment,1583000,success
U03690,2024-02-13 09:00:00,bill_payment,9197000,success
U03690,2024-02-17 02:00:00,transfer,5389000,success
U03690,2024-02-17 06:00:00,loan_repayment,1027000,success
U03690,2024-02-19 14:00:00,card_payment,9351000,success
U03690,2024-02-21 09:00:00,savings_deposit,6096000,success
U03690,2024-03-22 00:00:00,transfer,3434000,success
U03690,2024-03-23 03:00:00,qr_payment,5448000,success
U03690,2024-04-02 00:00:00,card_payment,8516000,success
U03691,2024-05-19 23:00:00,transfer,6020000,success
U03701,2024-03-14 02:00:00,qr_payment,25862000,success
U03701,2024-03-16 02:00:00,qr_payment,22705000,success
U03711,2024-03-31 18:00:00,transfer,9656000,success
U03711,2024-04-09 22:00:00,bill_payment,7375000,success
U03711,2024-04-11 14:00:00,bill_payment,2244000,success
U03711,2024-04-13 11:00:00,bill_payment,5186000,success
U03711,2024-04-15 20:00:00,transfer,2142000,success
U03711,2024-05-07 14:00:00,card_payment,7789000,success
U03713,2024-03-11 06:00:00,loan_repayment,5839000,success
U03713,2024-03-16 02:00:00,card_payment,5435000,success
U03713,2024-03-23 04:00:00,loan_repayment,2980000,success
U03713,2024-03-24 15:00:00,transfer,7852000,success
U03713,2024-04-14 17:00:00,loan_repayment,3184000,success
U03714,2024-04-23 23:00:00,qr_payment,1559000,success
U03714,2024-04-29 11:00:00,transfer,1064000,success
U03714,2024-04-30 21:00:00,qr_payment,91000,success
U03714,2024-05-09 18:00:00,qr_payment,1540000,success
U03714,2024-05-12 08:00:00,loan_repayment,198000,success
U03714,2024-05-21 20:00:00,card_payment,819000,success
U03714,2024-05-27 22:00:00,savings_deposit,76000,success
U03714,2024-05-28 13:00:00,loan_repayment,406000,success
U03714,2024-06-05 22:00:00,card_payment,426000,success
U03720,2024-01-27 12:00:00,bill_payment,219000,failed
U03720,2024-01-29 15:00:00,transfer,1706000,failed
U03720,2024-02-01 02:00:00,card_payment,800000,success
U03720,2024-02-01 13:00:00,transfer,245000,success
U03720,2024-02-03 21:00:00,transfer,1002000,success
U03720,2024-02-06 23:00:00,qr_payment,1442000,success
U03720,2024-02-11 01:00:00,qr_payment,821000,success
U03720,2024-02-18 18:00:00,card_payment,1234000,success
U03720,2024-02-20 12:00:00,bill_payment,1500000,success
U03720,2024-02-25 22:00:00,card_payment,520000,success
U03720,2024-02-27 14:00:00,qr_payment,992000,success
U03720,2024-03-01 00:00:00,card_payment,1077000,success
U03720,2024-03-02 13:00:00,savings_deposit,898000,failed
U03720,2024-03-05 15:00:00,bill_payment,154000,success
U03720,2024-03-10 22:00:00,card_payment,1006000,success
U03720,2024-03-13 19:00:00,qr_payment,1835000,success
U03720,2024-03-24 13:00:00,transfer,1482000,success
U03720,2024-03-25 13:00:00,savings_deposit,196000,success
U03721,2024-01-17 20:00:00,bill_payment,4225000,success
U03721,2024-01-20 08:00:00,savings_deposit,8773000,failed
U03721,2024-01-21 21:00:00,transfer,6212000,success
U03721,2024-02-01 21:00:00,transfer,6709000,success
U03721,2024-02-14 13:00:00,bill_payment,2625000,success
U03721,2024-02-21 16:00:00,bill_payment,3825000,success
U03721,2024-03-03 08:00:00,bill_payment,3579000,success
U03721,2024-03-03 21:00:00,savings_deposit,9876000,success
U03723,2024-03-07 06:00:00,loan_repayment,1047000,success
U03723,2024-03-30 04:00:00,bill_payment,1237000,success
U03724,2024-03-29 03:00:00,bill_payment,1439000,success
U03724,2024-04-04 00:00:00,savings_deposit,1692000,success
U03724,2024-04-17 02:00:00,card_payment,1078000,success
U03724,2024-04-25 04:00:00,transfer,627000,success
U03724,2024-04-26 17:00:00,savings_deposit,946000,success
U03724,2024-04-29 19:00:00,loan_repayment,83000,success
U03724,2024-05-01 15:00:00,loan_repayment,1832000,success
U03724,2024-05-06 04:00:00,bill_payment,120000,success
U03724,2024-05-08 18:00:00,bill_payment,1305000,success
U03724,2024-05-13 14:00:00,transfer,1001000,success
U03724,2024-05-14 02:00:00,savings_deposit,420000,success
U03724,2024-05-22 22:00:00,transfer,1315000,success
U03725,2024-03-22 19:00:00,card_payment,46721000,success
U03725,2024-03-24 19:00:00,bill_payment,44715000,success
U03725,2024-03-25 21:00:00,bill_payment,17773000,success
U03725,2024-04-06 16:00:00,card_payment,36333000,success
U03725,2024-04-06 18:00:00,card_payment,14688000,success
U03725,2024-04-20 07:00:00,card_payment,44001000,success
U03725,2024-04-23 17:00:00,card_payment,2385000,success
U03725,2024-04-23 19:00:00,qr_payment,7923000,success
U03725,2024-04-25 08:00:00,card_payment,46487000,success
U03725,2024-05-05 08:00:00,card_payment,27590000,success
U03725,2024-05-09 19:00:00,qr_payment,27421000,success
U03725,2024-05-11 08:00:00,card_payment,44924000,success
U03725,2024-05-13 22:00:00,qr_payment,15570000,success
U03726,2024-04-25 07:00:00,qr_payment,24233000,success
U03726,2024-05-01 07:00:00,transfer,7842000,success
U03728,2024-04-23 12:00:00,transfer,42218000,success
U03728,2024-05-04 13:00:00,transfer,37667000,success
U03728,2024-05-08 05:00:00,transfer,48532000,failed
U03728,2024-05-12 03:00:00,savings_deposit,11581000,success
U03728,2024-05-13 07:00:00,transfer,7121000,success
U03728,2024-05-25 03:00:00,savings_deposit,41782000,success
U03728,2024-06-05 01:00:00,qr_payment,39523000,failed
U03728,2024-06-06 05:00:00,savings_deposit,27805000,failed
U03728,2024-06-20 04:00:00,savings_deposit,35797000,success
U03732,2024-05-02 17:00:00,savings_deposit,2184000,success
U03732,2024-05-23 21:00:00,savings_deposit,7372000,success
U03734,2024-04-04 13:00:00,loan_repayment,4452000,success
U03734,2024-04-09 04:00:00,savings_deposit,5386000,success
U03734,2024-04-10 05:00:00,savings_deposit,8225000,success
U03734,2024-05-02 03:00:00,savings_deposit,362000,success
U03734,2024-05-06 05:00:00,transfer,3800000,success
U03734,2024-05-11 04:00:00,savings_deposit,453000,success
U03734,2024-05-11 16:00:00,card_payment,7049000,success
U03734,2024-05-14 13:00:00,transfer,2688000,failed
U03734,2024-05-17 15:00:00,card_payment,8599000,success
U03734,2024-05-17 15:00:00,transfer,874000,success
U03734,2024-05-23 17:00:00,savings_deposit,9081000,success
U03744,2024-04-27 22:00:00,loan_repayment,5243000,success
U03744,2024-05-10 23:00:00,transfer,3123000,success
U03744,2024-05-12 07:00:00,transfer,7911000,success
U03744,2024-05-23 00:00:00,transfer,2573000,success
U03744,2024-05-27 04:00:00,qr_payment,8536000,success
U03744,2024-05-28 21:00:00,qr_payment,3413000,success
U03744,2024-06-05 03:00:00,transfer,8506000,success
U03744,2024-06-12 19:00:00,qr_payment,2462000,success
U03744,2024-06-13 06:00:00,transfer,1954000,success
U03744,2024-06-20 08:00:00,transfer,5059000,success
U03744,2024-06-25 23:00:00,loan_repayment,5582000,failed
U03745,2024-01-06 00:00:00,savings_deposit,1592000,success
U03745,2024-01-17 02:00:00,bill_payment,1115000,failed
U03745,2024-01-18 03:00:00,savings_deposit,1725000,success
U03747,2024-01-30 14:00:00,loan_repayment,24101000,success
U03747,2024-01-30 15:00:00,transfer,44648000,success
U03747,2024-02-03 19:00:00,card_payment,35189000,success
U03747,2024-02-09 02:00:00,transfer,29589000,failed
U03747,2024-02-19 20:00:00,loan_repayment,19757000,success
U03747,2024-02-26 20:00:00,transfer,28873000,success
U03747,2024-03-02 13:00:00,transfer,48734000,failed
U03747,2024-03-07 19:00:00,card_payment,44591000,success
U03747,2024-03-23 16:00:00,card_payment,16162000,success
U03747,2024-03-26 16:00:00,loan_repayment,2612000,success
U03748,2024-04-21 02:00:00,qr_payment,2440000,failed
U03748,2024-04-24 08:00:00,qr_payment,8230000,success
U03748,2024-05-08 01:00:00,qr_payment,9280000,success
U03748,2024-05-30 15:00:00,bill_payment,1688000,success
U03753,2024-02-20 17:00:00,card_payment,604000,success
U03754,2024-04-04 09:00:00,card_payment,745000,success
U03754,2024-04-08 02:00:00,loan_repayment,1307000,success
U03754,2024-04-10 04:00:00,loan_repayment,435000,success
U03754,2024-04-19 10:00:00,loan_repayment,224000,success
U03754,2024-04-22 16:00:00,loan_repayment,1138000,success
U03754,2024-05-11 16:00:00,loan_repayment,1155000,success
U03754,2024-05-22 07:00:00,card_payment,118000,failed
U03754,2024-05-24 10:00:00,bill_payment,1133000,success
U03754,2024-05-25 04:00:00,card_payment,1926000,success
U03754,2024-05-26 12:00:00,transfer,935000,success
U03759,2024-02-13 01:00:00,savings_deposit,300000,success
U03759,2024-02-13 09:00:00,qr_payment,1333000,failed
U03759,2024-02-26 03:00:00,bill_payment,254000,success
U03759,2024-03-02 11:00:00,savings_deposit,1748000,success
U03759,2024-03-13 11:00:00,bill_payment,1385000,success
U03759,2024-03-20 09:00:00,bill_payment,747000,success
U03759,2024-03-22 03:00:00,bill_payment,946000,success
U03759,2024-03-23 02:00:00,loan_repayment,777000,success
U03763,2024-02-12 20:00:00,bill_payment,1687000,success
U03763,2024-03-01 07:00:00,bill_payment,470000,success
U03763,2024-03-10 09:00:00,bill_payment,1126000,success
U03763,2024-03-17 14:00:00,qr_payment,1940000,success
U03763,2024-03-18 13:00:00,transfer,1375000,success
U03763,2024-03-20 06:00:00,qr_payment,1617000,success
U03763,2024-03-20 08:00:00,loan_repayment,151000,success
U03765,2024-03-03 03:00:00,card_payment,3803000,success
U03765,2024-03-05 08:00:00,transfer,2307000,success
U03765,2024-03-10 11:00:00,card_payment,9344000,success
U03765,2024-03-14 14:00:00,card_payment,5697000,success
U03765,2024-03-15 04:00:00,card_payment,592000,success
U03765,2024-03-15 15:00:00,card_payment,7257000,failed
U03765,2024-04-02 01:00:00,transfer,190000,success
U03765,2024-04-02 14:00:00,transfer,6392000,success
U03765,2024-04-07 03:00:00,savings_deposit,4183000,success
U03765,2024-04-09 02:00:00,card_payment,1041000,success
U03765,2024-04-19 16:00:00,transfer,1102000,success
U03765,2024-04-30 06:00:00,card_payment,5298000,success
U03768,2024-02-23 22:00:00,card_payment,9988000,success
U03768,2024-03-05 20:00:00,card_payment,2692000,success
U03768,2024-03-08 02:00:00,loan_repayment,234000,failed
U03768,2024-03-26 06:00:00,card_payment,3399000,success
U03768,2024-04-03 23:00:00,savings_deposit,6192000,success
U03768,2024-04-05 05:00:00,loan_repayment,3147000,success
U03768,2024-04-11 10:00:00,card_payment,6233000,success
U03779,2024-03-09 10:00:00,savings_deposit,9949000,success
U03779,2024-03-10 22:00:00,qr_payment,5656000,success
U03779,2024-03-16 18:00:00,bill_payment,1531000,success
U03779,2024-04-05 02:00:00,qr_payment,4150000,success
U03779,2024-04-14 09:00:00,loan_repayment,2991000,success
U03779,2024-04-26 20:00:00,card_payment,3643000,success
U03779,2024-05-01 02:00:00,transfer,8430000,failed
U03780,2024-04-28 19:00:00,loan_repayment,8536000,success
U03780,2024-05-08 13:00:00,loan_repayment,6756000,success
U03780,2024-06-08 21:00:00,loan_repayment,3125000,success
U03783,2024-02-05 00:00:00,card_payment,7731000,success
U03783,2024-02-14 09:00:00,savings_deposit,4811000,failed
U03783,2024-03-24 13:00:00,card_payment,4478000,failed
U03783,2024-03-27 09:00:00,savings_deposit,5021000,success
U03785,2024-02-13 08:00:00,loan_repayment,626000,success
U03785,2024-02-16 04:00:00,bill_payment,1048000,success
U03785,2024-02-24 02:00:00,card_payment,1847000,success
U03785,2024-02-29 22:00:00,loan_repayment,302000,success
U03785,2024-03-01 08:00:00,card_payment,556000,failed
U03785,2024-03-07 13:00:00,loan_repayment,1458000,success
U03785,2024-03-08 03:00:00,bill_payment,1512000,success
U03785,2024-03-11 14:00:00,card_payment,1075000,success
U03785,2024-04-07 12:00:00,card_payment,1249000,success
U03785,2024-04-08 22:00:00,transfer,1417000,failed
U03795,2024-03-24 12:00:00,card_payment,6519000,success
U03795,2024-04-18 15:00:00,card_payment,8925000,success
U03795,2024-04-19 12:00:00,card_payment,1423000,success
U03795,2024-04-26 00:00:00,card_payment,41202000,success
U03796,2024-04-03 03:00:00,qr_payment,41756000,success
U03796,2024-04-22 07:00:00,qr_payment,17836000,success
U03796,2024-05-02 11:00:00,card_payment,16224000,success
U03796,2024-05-16 07:00:00,qr_payment,48570000,success
U03803,2024-03-28 11:00:00,card_payment,40879000,success
U03803,2024-03-30 20:00:00,transfer,36331000,success
U03803,2024-04-10 07:00:00,card_payment,23253000,success
U03804,2024-02-03 10:00:00,transfer,6929000,success
U03804,2024-02-05 06:00:00,savings_deposit,1448000,success
U03804,2024-02-06 14:00:00,loan_repayment,6064000,success
U03804,2024-02-07 06:00:00,qr_payment,1897000,failed
U03804,2024-02-08 02:00:00,savings_deposit,7924000,failed
U03804,2024-02-18 10:00:00,bill_payment,9562000,success
U03804,2024-02-26 16:00:00,bill_payment,2608000,success
U03804,2024-02-27 04:00:00,savings_deposit,9538000,success
U03804,2024-02-29 02:00:00,card_payment,3796000,success
U03804,2024-03-09 15:00:00,bill_payment,7714000,success
U03804,2024-03-11 08:00:00,savings_deposit,3733000,success
U03804,2024-03-13 09:00:00,savings_deposit,8064000,success
U03804,2024-03-16 12:00:00,bill_payment,5643000,success
U03804,2024-03-17 02:00:00,savings_deposit,5835000,failed
U03804,2024-03-17 14:00:00,card_payment,8816000,success
U03804,2024-03-21 15:00:00,card_payment,4389000,success
U03804,2024-03-23 08:00:00,loan_repayment,1212000,success
U03804,2024-03-25 14:00:00,bill_payment,4317000,success
U03804,2024-03-26 01:00:00,card_payment,6376000,success
U03804,2024-03-26 10:00:00,savings_deposit,1698000,success
U03804,2024-03-31 02:00:00,bill_payment,8307000,success
U03804,2024-04-01 16:00:00,card_payment,4666000,failed
U03808,2024-02-05 22:00:00,savings_deposit,1224000,success
U03808,2024-02-15 07:00:00,savings_deposit,1453000,success
U03808,2024-02-19 08:00:00,card_payment,1106000,failed
U03808,2024-02-25 12:00:00,savings_deposit,1207000,success
U03808,2024-03-12 16:00:00,savings_deposit,1872000,success
U03808,2024-03-25 11:00:00,transfer,824000,success
U03808,2024-04-01 07:00:00,bill_payment,1719000,success
U03808,2024-04-02 18:00:00,card_payment,1707000,success
U03817,2024-03-16 02:00:00,bill_payment,1976000,success
U03817,2024-03-18 10:00:00,savings_deposit,1467000,success
U03817,2024-04-01 13:00:00,bill_payment,1020000,failed
U03817,2024-05-04 00:00:00,savings_deposit,521000,success
U03818,2024-04-05 04:00:00,transfer,760000,success
U03818,2024-04-06 07:00:00,bill_payment,6127000,success
U03818,2024-04-06 08:00:00,card_payment,6497000,failed
U03818,2024-04-08 07:00:00,savings_deposit,6299000,success
U03818,2024-05-01 07:00:00,savings_deposit,6849000,success
U03818,2024-05-04 07:00:00,bill_payment,7432000,failed
U03818,2024-05-05 13:00:00,qr_payment,1974000,success
U03818,2024-05-08 17:00:00,bill_payment,9426000,success
U03818,2024-05-19 11:00:00,transfer,1813000,success
U03818,2024-05-24 03:00:00,savings_deposit,1545000,success
U03818,2024-06-03 03:00:00,loan_repayment,7362000,success
U03818,2024-06-03 13:00:00,savings_deposit,5384000,success
U03823,2024-01-27 08:00:00,loan_repayment,24720000,success
U03823,2024-01-28 22:00:00,savings_deposit,23199000,success
U03823,2024-02-01 07:00:00,savings_deposit,22299000,success
U03823,2024-02-10 06:00:00,transfer,32131000,success
U03823,2024-02-27 22:00:00,card_payment,1981000,success
U03823,2024-03-04 03:00:00,card_payment,25160000,success
U03823,2024-03-06 07:00:00,loan_repayment,3604000,success
U03823,2024-03-19 00:00:00,loan_repayment,4971000,success
U03825,2024-04-21 21:00:00,bill_payment,1474000,success
U03825,2024-04-29 09:00:00,qr_payment,1897000,success
U03825,2024-04-30 18:00:00,loan_repayment,2528000,success
U03825,2024-05-13 12:00:00,qr_payment,4919000,success
U03825,2024-05-18 06:00:00,card_payment,3398000,success
U03825,2024-05-21 13:00:00,transfer,1492000,success
U03825,2024-05-24 20:00:00,qr_payment,4782000,success
U03825,2024-05-31 19:00:00,loan_repayment,1778000,success
U03825,2024-06-06 10:00:00,savings_deposit,5468000,success
U03825,2024-06-09 16:00:00,bill_payment,1014000,success
U03826,2024-03-15 23:00:00,loan_repayment,1436000,success
U03826,2024-04-05 12:00:00,savings_deposit,234000,success
U03826,2024-04-08 13:00:00,savings_deposit,1771000,success
U03826,2024-04-09 08:00:00,qr_payment,1887000,success
U03826,2024-04-12 14:00:00,savings_deposit,397000,success
U03826,2024-04-17 03:00:00,card_payment,1908000,success
U03827,2024-02-06 08:00:00,savings_deposit,8801000,success
U03827,2024-02-27 10:00:00,savings_deposit,5436000,success
U03827,2024-03-04 23:00:00,savings_deposit,160000,success
U03827,2024-03-19 00:00:00,card_payment,5906000,success
U03827,2024-03-19 05:00:00,savings_deposit,788000,success
U03830,2024-03-30 00:00:00,savings_deposit,9933000,failed
U03830,2024-04-10 19:00:00,transfer,9572000,success
U03830,2024-04-21 23:00:00,qr_payment,7395000,success
U03830,2024-04-23 19:00:00,bill_payment,2969000,success
U03830,2024-04-27 16:00:00,savings_deposit,5790000,failed
U03830,2024-04-30 03:00:00,qr_payment,2965000,success
U03831,2024-03-26 03:00:00,card_payment,4290000,success
U03831,2024-03-27 12:00:00,bill_payment,5650000,success
U03831,2024-04-07 12:00:00,qr_payment,4460000,success
U03831,2024-04-18 09:00:00,card_payment,4748000,success
U03831,2024-04-27 11:00:00,card_payment,217000,failed
U03832,2024-02-02 19:00:00,card_payment,1293000,success
U03832,2024-02-17 14:00:00,card_payment,1234000,success
U03832,2024-03-21 18:00:00,qr_payment,60000,success
U03834,2024-03-17 00:00:00,loan_repayment,10812000,success
U03834,2024-04-23 05:00:00,card_payment,25214000,success
U03834,2024-04-25 21:00:00,card_payment,47042000,success
U03834,2024-04-26 19:00:00,savings_deposit,48158000,success
U03834,2024-04-29 00:00:00,loan_repayment,4815000,success
U03834,2024-05-05 17:00:00,card_payment,28819000,success
U03834,2024-05-10 21:00:00,loan_repayment,41323000,success
U03835,2024-03-25 17:00:00,loan_repayment,5854000,success
U03835,2024-03-26 09:00:00,transfer,5557000,success
U03835,2024-04-11 11:00:00,loan_repayment,7584000,success
U03835,2024-04-17 16:00:00,loan_repayment,8254000,success
U03835,2024-05-14 14:00:00,bill_payment,8655000,success
U03839,2024-04-20 21:00:00,card_payment,306000,success
U03839,2024-04-26 21:00:00,qr_payment,8413000,success
U03839,2024-04-30 08:00:00,savings_deposit,1378000,success
U03839,2024-05-06 08:00:00,loan_repayment,9434000,success
U03839,2024-05-07 20:00:00,qr_payment,7595000,success
U03839,2024-05-11 19:00:00,bill_payment,2904000,success
U03839,2024-05-15 08:00:00,loan_repayment,7358000,success
U03839,2024-05-25 18:00:00,card_payment,1010000,success
U03839,2024-05-26 07:00:00,qr_payment,1165000,success
U03839,2024-05-29 19:00:00,qr_payment,9766000,success
U03840,2024-04-24 15:00:00,bill_payment,7165000,success
U03840,2024-06-01 01:00:00,transfer,5161000,success
U03846,2024-01-10 19:00:00,loan_repayment,1222000,success
U03846,2024-01-26 03:00:00,loan_repayment,317000,success
U03846,2024-02-14 20:00:00,loan_repayment,911000,success
U03847,2024-03-01 03:00:00,transfer,7991000,success
U03848,2024-01-23 22:00:00,qr_payment,842000,success
U03848,2024-03-14 09:00:00,transfer,8631000,failed
U03849,2024-04-27 19:00:00,bill_payment,6408000,success
U03849,2024-04-29 11:00:00,loan_repayment,1007000,success
U03849,2024-05-08 08:00:00,transfer,7467000,success
U03849,2024-06-08 17:00:00,loan_repayment,3538000,success
U03849,2024-06-14 07:00:00,loan_repayment,3998000,success
U03849,2024-06-14 15:00:00,loan_repayment,4174000,success
U03852,2024-02-02 05:00:00,card_payment,8959000,success
U03852,2024-02-13 00:00:00,card_payment,4360000,success
U03852,2024-03-04 12:00:00,savings_deposit,6988000,failed
U03855,2024-02-05 12:00:00,qr_payment,1511000,success
U03855,2024-02-26 09:00:00,qr_payment,1226000,success
U03864,2024-03-25 03:00:00,loan_repayment,40845000,success
U03864,2024-03-25 08:00:00,savings_deposit,29873000,success
U03864,2024-03-30 23:00:00,card_payment,6262000,success
U03864,2024-04-07 19:00:00,qr_payment,10657000,failed
U03864,2024-04-22 21:00:00,qr_payment,33903000,success
U03864,2024-04-27 21:00:00,loan_repayment,22342000,success
U03864,2024-04-28 05:00:00,qr_payment,47102000,success
U03864,2024-04-28 23:00:00,loan_repayment,14349000,success
U03864,2024-05-08 02:00:00,qr_payment,27286000,success
U03864,2024-05-11 19:00:00,qr_payment,14972000,failed
U03866,2024-03-19 09:00:00,loan_repayment,1605000,success
U03866,2024-03-26 22:00:00,savings_deposit,6934000,success
U03866,2024-04-02 05:00:00,loan_repayment,9448000,success
U03866,2024-04-08 11:00:00,qr_payment,1555000,success
U03866,2024-04-09 10:00:00,loan_repayment,6975000,success
U03866,2024-04-10 00:00:00,loan_repayment,9554000,failed
U03866,2024-04-12 22:00:00,card_payment,3477000,success
U03866,2024-04-18 13:00:00,bill_payment,9565000,success
U03866,2024-04-20 11:00:00,card_payment,8497000,success
U03866,2024-04-27 06:00:00,loan_repayment,1252000,success
U03871,2024-03-13 01:00:00,card_payment,5566000,success
U03871,2024-03-15 05:00:00,card_payment,2313000,success
U03871,2024-03-22 01:00:00,loan_repayment,8242000,success
U03871,2024-03-27 05:00:00,bill_payment,993000,failed
U03871,2024-04-19 09:00:00,loan_repayment,9148000,success
U03871,2024-04-25 00:00:00,loan_repayment,5595000,success
U03871,2024-05-04 23:00:00,loan_repayment,4614000,success
U03873,2024-03-01 01:00:00,qr_payment,361000,success
U03873,2024-03-03 22:00:00,transfer,1729000,success
U03873,2024-03-08 10:00:00,loan_repayment,6654000,success
U03873,2024-03-15 04:00:00,bill_payment,654000,success
U03873,2024-03-17 09:00:00,bill_payment,3269000,success
U03873,2024-03-18 07:00:00,transfer,8500000,success
U03873,2024-03-24 08:00:00,savings_deposit,100000,success
U03873,2024-03-29 02:00:00,transfer,4330000,success
U03873,2024-04-14 04:00:00,savings_deposit,1894000,failed
U03873,2024-04-16 03:00:00,bill_payment,5249000,success
U03873,2024-04-21 05:00:00,bill_payment,7501000,success
U03874,2024-01-03 22:00:00,loan_repayment,13969000,success
U03874,2024-01-05 00:00:00,qr_payment,39684000,success
U03874,2024-01-12 23:00:00,loan_repayment,29508000,success
U03874,2024-01-25 18:00:00,loan_repayment,45946000,success
U03874,2024-01-27 04:00:00,loan_repayment,47399000,success
U03874,2024-02-24 07:00:00,qr_payment,1508000,success
U03874,2024-02-27 01:00:00,loan_repayment,48576000,success
U03877,2024-04-04 20:00:00,bill_payment,9689000,success
U03877,2024-04-10 07:00:00,transfer,9088000,failed
U03877,2024-04-15 06:00:00,bill_payment,8787000,success
U03877,2024-04-19 08:00:00,qr_payment,8770000,success
U03877,2024-04-21 15:00:00,bill_payment,4649000,success
U03877,2024-05-08 07:00:00,qr_payment,4734000,success
U03877,2024-05-09 17:00:00,loan_repayment,5905000,success
U03877,2024-05-11 16:00:00,loan_repayment,7461000,success
U03877,2024-05-18 11:00:00,loan_repayment,5247000,success
U03877,2024-05-23 06:00:00,transfer,9965000,failed
U03877,2024-05-29 17:00:00,qr_payment,5236000,success
U03877,2024-05-31 20:00:00,bill_payment,8179000,success
U03877,2024-06-03 19:00:00,bill_payment,2158000,success
U03882,2024-03-09 01:00:00,card_payment,8961000,success
U03882,2024-03-24 04:00:00,bill_payment,882000,failed
U03882,2024-03-30 01:00:00,card_payment,5765000,success
U03882,2024-04-06 00:00:00,qr_payment,9771000,success
U03882,2024-04-20 13:00:00,transfer,4797000,success
U03882,2024-04-24 01:00:00,card_payment,9244000,success
U03882,2024-04-25 01:00:00,card_payment,337000,success
U03882,2024-05-05 02:00:00,qr_payment,5909000,success
U03883,2024-04-19 14:00:00,transfer,2920000,success
U03883,2024-05-04 20:00:00,transfer,4156000,success
U03883,2024-05-17 16:00:00,transfer,1243000,success
U03883,2024-06-02 19:00:00,savings_deposit,7657000,success
U03883,2024-06-13 09:00:00,transfer,8314000,success
U03887,2024-06-01 02:00:00,loan_repayment,8860000,success
U03890,2024-03-07 11:00:00,savings_deposit,2960000,success
U03893,2024-01-29 10:00:00,card_payment,1432000,success
U03893,2024-02-01 11:00:00,transfer,1661000,success
U03893,2024-02-01 18:00:00,loan_repayment,182000,success
U03893,2024-02-05 11:00:00,loan_repayment,1245000,success
U03893,2024-02-06 10:00:00,qr_payment,673000,success
U03893,2024-02-20 03:00:00,card_payment,354000,success
U03893,2024-03-07 11:00:00,card_payment,489000,success
U03893,2024-03-08 09:00:00,qr_payment,655000,success
U03893,2024-03-14 13:00:00,transfer,1416000,success
U03895,2024-02-05 14:00:00,savings_deposit,5618000,success
U03895,2024-02-11 18:00:00,loan_repayment,4946000,success
U03895,2024-02-11 19:00:00,loan_repayment,7664000,failed
U03895,2024-02-12 09:00:00,card_payment,5300000,success
U03895,2024-02-19 13:00:00,bill_payment,7115000,success
U03895,2024-02-20 07:00:00,loan_repayment,8153000,success
U03895,2024-02-20 18:00:00,qr_payment,3157000,success
U03895,2024-02-21 05:00:00,transfer,8530000,success
U03895,2024-02-28 09:00:00,card_payment,9904000,success
U03895,2024-03-01 13:00:00,card_payment,4991000,success
U03895,2024-03-04 16:00:00,card_payment,107000,success
U03895,2024-03-05 11:00:00,transfer,7903000,success
U03895,2024-03-08 10:00:00,loan_repayment,3243000,success
U03895,2024-03-19 19:00:00,transfer,3950000,success
U03895,2024-03-25 07:00:00,loan_repayment,8772000,success
U03902,2024-05-12 22:00:00,loan_repayment,1446000,success
U03903,2024-03-10 21:00:00,card_payment,1728000,success
U03903,2024-04-08 06:00:00,savings_deposit,6511000,success
U03911,2024-01-31 04:00:00,qr_payment,34352000,success
U03911,2024-02-03 20:00:00,qr_payment,26871000,success
U03911,2024-02-09 03:00:00,bill_payment,42009000,success
U03911,2024-02-14 04:00:00,qr_payment,7852000,success
U03911,2024-02-16 10:00:00,qr_payment,1561000,failed
U03911,2024-02-18 12:00:00,bill_payment,30781000,success
U03911,2024-02-22 20:00:00,qr_payment,15929000,success
U03911,2024-02-23 09:00:00,qr_payment,25292000,success
U03911,2024-02-29 08:00:00,bill_payment,47981000,success
U03911,2024-03-06 12:00:00,qr_payment,10959000,success
U03911,2024-03-07 02:00:00,savings_deposit,20684000,success
U03911,2024-03-11 05:00:00,qr_payment,29133000,success
U03915,2024-04-19 19:00:00,bill_payment,5418000,success
U03915,2024-04-28 00:00:00,transfer,9672000,success
U03915,2024-04-28 08:00:00,transfer,3178000,success
U03915,2024-05-02 22:00:00,card_payment,3127000,success
U03915,2024-05-03 10:00:00,card_payment,6973000,success
U03915,2024-05-25 22:00:00,card_payment,6703000,success
U03915,2024-06-04 21:00:00,transfer,8221000,success
U03921,2024-01-08 09:00:00,savings_deposit,1632000,success
U03921,2024-01-19 12:00:00,bill_payment,1423000,success
U03921,2024-01-20 14:00:00,savings_deposit,486000,success
U03921,2024-01-28 08:00:00,card_payment,409000,success
U03921,2024-02-13 14:00:00,transfer,138000,success
U03921,2024-02-14 01:00:00,loan_repayment,403000,success
U03921,2024-02-16 07:00:00,loan_repayment,1501000,success
U03921,2024-02-17 09:00:00,bill_payment,1814000,success
U03921,2024-02-23 07:00:00,loan_repayment,1427000,success
U03922,2024-01-25 02:00:00,card_payment,727000,success
U03922,2024-01-29 08:00:00,card_payment,1126000,success
U03922,2024-02-10 10:00:00,card_payment,1792000,success
U03922,2024-02-15 07:00:00,card_payment,363000,success
U03922,2024-03-07 16:00:00,card_payment,845000,success
U03922,2024-03-10 16:00:00,card_payment,1819000,success
U03927,2024-03-13 20:00:00,loan_repayment,552000,success
U03927,2024-03-14 18:00:00,qr_payment,1474000,success
U03927,2024-03-26 15:00:00,loan_repayment,1020000,failed
U03927,2024-04-27 08:00:00,loan_repayment,275000,success
U03935,2024-05-05 21:00:00,card_payment,6644000,success
U03935,2024-05-09 18:00:00,card_payment,7090000,success
U03935,2024-06-02 11:00:00,qr_payment,4668000,success
U03936,2024-03-04 18:00:00,qr_payment,997000,success
U03936,2024-03-05 16:00:00,transfer,159000,success
U03936,2024-03-11 06:00:00,qr_payment,1535000,success
U03936,2024-04-07 06:00:00,savings_deposit,256000,success
U03938,2024-05-04 21:00:00,card_payment,1828000,success
U03938,2024-05-12 12:00:00,transfer,9765000,success
U03938,2024-05-26 23:00:00,transfer,4628000,success
U03938,2024-06-09 05:00:00,transfer,408000,success
U03943,2024-05-31 05:00:00,loan_repayment,1759000,success
U03944,2024-03-14 13:00:00,transfer,822000,success
U03944,2024-03-23 20:00:00,qr_payment,1015000,success
U03944,2024-04-05 17:00:00,card_payment,581000,failed
U03944,2024-04-19 16:00:00,transfer,1961000,success
U03944,2024-04-25 02:00:00,loan_repayment,102000,success
U03944,2024-04-25 17:00:00,card_payment,389000,success
U03944,2024-04-25 20:00:00,transfer,78000,success
U03944,2024-04-27 13:00:00,card_payment,202000,success
U03944,2024-04-28 20:00:00,transfer,1008000,success
U03947,2024-01-31 10:00:00,transfer,1999000,success
U03947,2024-02-28 06:00:00,loan_repayment,200000,success
U03947,2024-03-05 05:00:00,qr_payment,1507000,success
U03947,2024-03-07 16:00:00,transfer,1588000,success
U03947,2024-03-12 02:00:00,bill_payment,1328000,success
U03947,2024-03-18 11:00:00,bill_payment,377000,success
U03947,2024-03-21 16:00:00,qr_payment,512000,success
U03947,2024-03-26 08:00:00,qr_payment,1718000,success
U03952,2024-04-13 03:00:00,bill_payment,9334000,success
U03952,2024-04-14 03:00:00,qr_payment,6727000,success
U03952,2024-04-16 20:00:00,bill_payment,7795000,success
U03952,2024-05-03 07:00:00,bill_payment,8521000,success
U03952,2024-05-03 23:00:00,bill_payment,2896000,success
U03954,2024-02-08 04:00:00,loan_repayment,6191000,success
U03954,2024-02-10 07:00:00,savings_deposit,6924000,success
U03954,2024-02-11 06:00:00,loan_repayment,8663000,success
U03954,2024-02-13 10:00:00,loan_repayment,9478000,success
U03954,2024-02-22 06:00:00,transfer,5932000,success
U03954,2024-02-28 16:00:00,savings_deposit,4151000,success
U03954,2024-03-07 10:00:00,bill_payment,5169000,success
U03954,2024-03-08 14:00:00,savings_deposit,2119000,success
U03954,2024-03-14 15:00:00,savings_deposit,6923000,success
U03954,2024-03-16 12:00:00,savings_deposit,3815000,success
U03954,2024-03-19 05:00:00,bill_payment,9372000,success
U03954,2024-03-22 17:00:00,card_payment,5584000,success
U03954,2024-03-29 04:00:00,bill_payment,4491000,success
U03954,2024-03-29 07:00:00,card_payment,1554000,success
U03954,2024-04-03 17:00:00,card_payment,1694000,success
U03956,2024-01-18 10:00:00,card_payment,7221000,failed
U03956,2024-02-05 19:00:00,card_payment,6025000,success
U03956,2024-02-24 21:00:00,savings_deposit,839000,success
U03956,2024-03-01 14:00:00,card_payment,5909000,success
U03957,2024-04-11 08:00:00,qr_payment,1289000,success
U03957,2024-04-22 05:00:00,card_payment,1014000,success
U03957,2024-05-01 13:00:00,qr_payment,590000,failed
U03957,2024-05-24 08:00:00,loan_repayment,1074000,success
U03959,2024-04-26 22:00:00,loan_repayment,7753000,success
U03959,2024-05-05 03:00:00,loan_repayment,2359000,success
U03959,2024-05-05 04:00:00,loan_repayment,4995000,success
U03959,2024-05-05 08:00:00,qr_payment,2505000,success
U03959,2024-05-09 21:00:00,loan_repayment,6796000,success
U03959,2024-05-15 07:00:00,transfer,8174000,success
U03959,2024-05-19 00:00:00,loan_repayment,1251000,success
U03959,2024-05-20 18:00:00,qr_payment,7025000,success
U03959,2024-06-12 22:00:00,transfer,4653000,success
U03959,2024-06-14 02:00:00,qr_payment,499000,success
U03959,2024-06-26 02:00:00,loan_repayment,2076000,success
U03960,2024-03-21 18:00:00,savings_deposit,5669000,success
U03961,2024-04-23 03:00:00,savings_deposit,1868000,success
U03961,2024-05-04 05:00:00,transfer,1933000,success
U03961,2024-05-04 12:00:00,savings_deposit,1277000,failed
U03962,2024-03-29 04:00:00,loan_repayment,9283000,success
U03962,2024-03-29 07:00:00,loan_repayment,1115000,success
U03962,2024-03-29 08:00:00,savings_deposit,7744000,success
U03962,2024-04-04 04:00:00,loan_repayment,3747000,success
U03962,2024-04-19 11:00:00,savings_deposit,4325000,success
U03962,2024-04-20 07:00:00,savings_deposit,6241000,success
U03962,2024-04-21 08:00:00,savings_deposit,6176000,success
U03962,2024-04-23 15:00:00,savings_deposit,361000,success
U03962,2024-04-25 12:00:00,savings_deposit,2633000,failed
U03976,2024-03-11 11:00:00,transfer,1665000,success
U03980,2024-02-07 17:00:00,qr_payment,253000,success
U03980,2024-02-24 20:00:00,bill_payment,1416000,success
U03981,2024-03-14 14:00:00,loan_repayment,1285000,failed
U03981,2024-03-22 16:00:00,transfer,1554000,success
U03981,2024-03-23 19:00:00,loan_repayment,225000,failed
U03981,2024-04-14 16:00:00,transfer,460000,success
U03981,2024-04-14 18:00:00,transfer,996000,success
U03981,2024-04-28 22:00:00,qr_payment,1173000,success
U03981,2024-05-02 00:00:00,transfer,1438000,success
U03981,2024-05-07 11:00:00,transfer,1239000,success
U03984,2024-02-23 17:00:00,loan_repayment,1545000,success
U03984,2024-03-04 07:00:00,bill_payment,1917000,success
U03984,2024-03-22 17:00:00,qr_payment,1920000,success
U03984,2024-03-28 12:00:00,savings_deposit,332000,success
U03984,2024-03-31 09:00:00,loan_repayment,1023000,success
U03984,2024-04-12 20:00:00,loan_repayment,1486000,failed
U03985,2024-04-03 12:00:00,transfer,25016000,success
U03985,2024-04-03 15:00:00,savings_deposit,8726000,success
U03985,2024-04-07 17:00:00,card_payment,43523000,success
U03985,2024-04-15 11:00:00,qr_payment,1146000,success
U03985,2024-04-15 13:00:00,qr_payment,47684000,success
U03985,2024-04-18 09:00:00,qr_payment,49383000,success
U03985,2024-04-19 20:00:00,qr_payment,49088000,success
U03985,2024-04-22 07:00:00,qr_payment,15447000,success
U03985,2024-04-23 20:00:00,qr_payment,5944000,success
U03985,2024-04-29 20:00:00,qr_payment,1579000,success
U03985,2024-05-05 23:00:00,qr_payment,14555000,success
U03985,2024-05-07 15:00:00,qr_payment,15452000,success
U03985,2024-05-07 17:00:00,loan_repayment,17154000,success
U03985,2024-05-08 15:00:00,savings_deposit,40857000,success
U03985,2024-05-16 14:00:00,transfer,49791000,success
U03985,2024-05-22 21:00:00,savings_deposit,47941000,success
U03986,2024-05-13 12:00:00,transfer,8512000,success
U03986,2024-05-14 22:00:00,card_payment,1011000,success
U03986,2024-05-19 14:00:00,loan_repayment,5531000,success
U03986,2024-05-24 21:00:00,card_payment,9477000,success
U03986,2024-05-25 14:00:00,bill_payment,9146000,success
U03986,2024-06-01 18:00:00,savings_deposit,3058000,failed
U03986,2024-06-01 21:00:00,bill_payment,1817000,success
U03986,2024-06-02 23:00:00,savings_deposit,3321000,success
U03986,2024-06-11 07:00:00,savings_deposit,6799000,success
U03986,2024-06-11 16:00:00,savings_deposit,1146000,success
U03986,2024-06-11 20:00:00,qr_payment,3733000,success
U03986,2024-06-13 16:00:00,transfer,5991000,failed
U03986,2024-06-17 15:00:00,qr_payment,3603000,success
U03986,2024-06-19 12:00:00,savings_deposit,7282000,success
U03986,2024-06-20 15:00:00,bill_payment,3240000,success
U03990,2024-05-14 16:00:00,qr_payment,1168000,success
U03990,2024-05-15 16:00:00,qr_payment,1551000,failed
U03991,2024-04-09 12:00:00,transfer,1888000,success
U03991,2024-04-10 14:00:00,savings_deposit,1032000,success
U03991,2024-04-24 14:00:00,loan_repayment,1388000,success
U03991,2024-05-11 17:00:00,loan_repayment,1554000,success
U03993,2024-04-17 17:00:00,savings_deposit,1877000,failed
U03993,2024-04-21 21:00:00,savings_deposit,664000,success
U03993,2024-04-22 18:00:00,bill_payment,434000,success
U03993,2024-05-02 22:00:00,savings_deposit,1579000,success
U03993,2024-05-27 03:00:00,qr_payment,1591000,success
U03993,2024-06-01 03:00:00,savings_deposit,1720000,success
U03994,2024-04-02 22:00:00,transfer,788000,failed
U04002,2024-03-01 22:00:00,qr_payment,412000,success
U04002,2024-03-20 01:00:00,savings_deposit,1950000,success
U04002,2024-04-10 05:00:00,savings_deposit,501000,success
U04003,2024-02-16 02:00:00,loan_repayment,2109000,success
U04003,2024-03-14 09:00:00,loan_repayment,9065000,success
U04011,2024-02-26 15:00:00,bill_payment,9277000,success
U04011,2024-02-27 07:00:00,loan_repayment,48078000,success
U04011,2024-02-29 23:00:00,qr_payment,8179000,success
U04011,2024-03-04 14:00:00,loan_repayment,30519000,failed
U04011,2024-03-09 09:00:00,qr_payment,34388000,success
U04011,2024-03-22 14:00:00,savings_deposit,45629000,success
U04011,2024-03-22 19:00:00,qr_payment,31023000,success
U04011,2024-03-25 09:00:00,bill_payment,46065000,success
U04011,2024-03-28 13:00:00,transfer,5476000,success
U04011,2024-03-29 12:00:00,qr_payment,3781000,success
U04011,2024-03-31 16:00:00,loan_repayment,42396000,success
U04011,2024-04-11 08:00:00,qr_payment,44954000,success
U04011,2024-04-16 14:00:00,loan_repayment,42288000,success
U04015,2024-03-24 18:00:00,loan_repayment,1718000,failed
U04015,2024-03-28 01:00:00,card_payment,1125000,success
U04015,2024-04-02 00:00:00,qr_payment,1346000,success
U04015,2024-04-03 17:00:00,qr_payment,680000,success
U04015,2024-04-04 20:00:00,qr_payment,1256000,failed
U04015,2024-04-15 21:00:00,savings_deposit,1193000,success
U04015,2024-04-18 23:00:00,qr_payment,278000,success
U04015,2024-04-24 01:00:00,bill_payment,604000,success
U04015,2024-04-28 03:00:00,savings_deposit,395000,success
U04015,2024-04-29 22:00:00,savings_deposit,436000,success
U04015,2024-05-05 13:00:00,bill_payment,335000,success
U04015,2024-05-12 23:00:00,savings_deposit,439000,failed
U04015,2024-05-14 15:00:00,savings_deposit,1054000,success
U04015,2024-05-18 21:00:00,card_payment,1091000,success
U04015,2024-05-23 19:00:00,loan_repayment,802000,success
U04016,2024-02-29 00:00:00,loan_repayment,539000,success
U04016,2024-03-02 10:00:00,bill_payment,1651000,success
U04016,2024-03-08 09:00:00,bill_payment,1444000,success
U04016,2024-03-10 04:00:00,card_payment,1326000,success
U04016,2024-03-10 22:00:00,bill_payment,1819000,success
U04016,2024-03-24 04:00:00,qr_payment,1409000,success
U04016,2024-03-27 05:00:00,card_payment,55000,failed
U04016,2024-03-29 09:00:00,bill_payment,982000,failed
U04016,2024-04-05 07:00:00,card_payment,1822000,success
U04018,2024-03-06 14:00:00,card_payment,663000,success
U04018,2024-03-07 15:00:00,loan_repayment,1848000,success
U04018,2024-03-10 15:00:00,qr_payment,1192000,failed
U04018,2024-03-10 19:00:00,qr_payment,1083000,success
U04018,2024-03-26 21:00:00,card_payment,1294000,success
U04018,2024-04-05 11:00:00,qr_payment,747000,success
U04018,2024-04-12 18:00:00,card_payment,1741000,success
U04018,2024-04-25 09:00:00,qr_payment,331000,success
U04024,2024-03-01 08:00:00,loan_repayment,597000,failed
U04024,2024-03-03 05:00:00,card_payment,1035000,success
U04024,2024-03-10 23:00:00,qr_payment,1642000,success
U04024,2024-03-12 23:00:00,transfer,1964000,success
U04024,2024-03-13 18:00:00,card_payment,282000,success
U04024,2024-03-21 21:00:00,card_payment,1483000,success
U04024,2024-04-04 02:00:00,card_payment,96000,success
U04024,2024-04-09 22:00:00,loan_repayment,1667000,success
U04024,2024-04-12 05:00:00,transfer,1179000,success
U04024,2024-04-13 08:00:00,card_payment,339000,success
U04024,2024-04-24 21:00:00,qr_payment,544000,success
U04024,2024-04-26 02:00:00,card_payment,1275000,failed
U04025,2024-02-13 12:00:00,transfer,821000,success
U04025,2024-02-16 14:00:00,loan_repayment,2533000,success
U04025,2024-02-21 10:00:00,bill_payment,8592000,success
U04025,2024-02-28 15:00:00,savings_deposit,4647000,success
U04025,2024-03-12 18:00:00,loan_repayment,8564000,failed
U04025,2024-03-14 20:00:00,qr_payment,6261000,success
U04025,2024-03-18 10:00:00,card_payment,2700000,success
U04025,2024-03-21 05:00:00,transfer,8311000,success
U04027,2024-03-26 18:00:00,loan_repayment,9113000,success
U04027,2024-03-27 16:00:00,loan_repayment,600000,success
U04027,2024-04-12 16:00:00,loan_repayment,4559000,success
U04027,2024-04-24 08:00:00,bill_payment,8555000,success
U04027,2024-04-25 14:00:00,loan_repayment,2484000,success
U04027,2024-05-03 08:00:00,loan_repayment,1958000,success
U04027,2024-05-15 03:00:00,bill_payment,7083000,success
U04030,2024-02-12 01:00:00,savings_deposit,1001000,success
U04030,2024-02-13 05:00:00,qr_payment,1043000,success
U04034,2024-05-11 07:00:00,transfer,1644000,failed
U04034,2024-05-14 16:00:00,transfer,1651000,success
U04035,2024-02-05 02:00:00,transfer,5946000,success
U04035,2024-02-10 12:00:00,card_payment,3791000,success
U04035,2024-02-11 08:00:00,card_payment,1842000,success
U04035,2024-02-12 05:00:00,card_payment,5804000,success
U04035,2024-02-20 02:00:00,loan_repayment,7715000,success
U04035,2024-02-22 00:00:00,card_payment,6704000,success
U04035,2024-02-22 09:00:00,transfer,2213000,success
U04035,2024-02-27 06:00:00,savings_deposit,5611000,success
U04035,2024-03-02 00:00:00,card_payment,4017000,failed
U04035,2024-03-25 23:00:00,transfer,1667000,success
U04035,2024-03-26 12:00:00,savings_deposit,3029000,success
U04035,2024-03-29 11:00:00,transfer,6246000,success
U04039,2024-02-10 11:00:00,qr_payment,9254000,success
U04039,2024-02-16 22:00:00,transfer,8215000,success
U04039,2024-02-20 01:00:00,transfer,4669000,success
U04039,2024-02-20 17:00:00,bill_payment,3397000,failed
U04039,2024-03-01 21:00:00,bill_payment,2276000,failed
U04039,2024-03-10 14:00:00,transfer,8892000,success
U04039,2024-03-24 09:00:00,qr_payment,5142000,success
U04039,2024-04-01 22:00:00,card_payment,5111000,success
U04039,2024-04-02 20:00:00,transfer,5180000,success
U04039,2024-04-05 21:00:00,bill_payment,4913000,success
U04041,2024-03-02 09:00:00,card_payment,859000,success
U04041,2024-03-27 09:00:00,loan_repayment,1010000,success
U04041,2024-03-27 16:00:00,savings_deposit,1009000,success
U04041,2024-03-28 08:00:00,card_payment,624000,success
U04041,2024-03-31 05:00:00,loan_repayment,868000,success
U04041,2024-04-03 12:00:00,loan_repayment,364000,failed
U04041,2024-04-15 09:00:00,loan_repayment,1507000,success
U04041,2024-04-17 08:00:00,loan_repayment,746000,failed
U04043,2024-05-03 02:00:00,qr_payment,3052000,success
U04043,2024-05-27 07:00:00,loan_repayment,4803000,success
U04043,2024-06-03 04:00:00,transfer,2181000,success
U04048,2024-02-26 17:00:00,savings_deposit,891000,success
U04048,2024-03-23 06:00:00,bill_payment,1946000,success
U04053,2024-02-20 20:00:00,loan_repayment,4084000,success
U04053,2024-03-07 11:00:00,loan_repayment,8155000,success
U04053,2024-03-15 20:00:00,loan_repayment,7786000,success
U04053,2024-03-28 21:00:00,card_payment,9428000,success
U04054,2024-03-04 01:00:00,qr_payment,434000,success
U04054,2024-03-07 10:00:00,loan_repayment,5461000,success
U04054,2024-03-09 20:00:00,qr_payment,8720000,success
U04054,2024-03-10 08:00:00,qr_payment,7516000,success
U04054,2024-03-21 01:00:00,qr_payment,5187000,success
U04054,2024-03-25 09:00:00,card_payment,9434000,success
U04054,2024-04-02 05:00:00,qr_payment,2851000,success
U04054,2024-04-10 05:00:00,card_payment,954000,success
U04054,2024-04-20 03:00:00,qr_payment,1368000,success
U04054,2024-04-23 06:00:00,loan_repayment,3807000,success
U04054,2024-04-25 04:00:00,qr_payment,3767000,success
U04054,2024-04-26 18:00:00,qr_payment,7239000,success
U04054,2024-04-27 03:00:00,loan_repayment,1092000,success
U04057,2024-02-06 00:00:00,savings_deposit,2963000,success
U04057,2024-02-11 01:00:00,qr_payment,8490000,success
U04057,2024-02-19 12:00:00,qr_payment,4166000,success
U04057,2024-03-04 19:00:00,loan_repayment,9764000,failed
U04057,2024-03-07 13:00:00,qr_payment,119000,success
U04057,2024-03-09 04:00:00,bill_payment,4783000,success
U04057,2024-03-15 18:00:00,qr_payment,2934000,success
U04057,2024-03-30 04:00:00,bill_payment,448000,success
U04059,2024-01-19 20:00:00,loan_repayment,6418000,success
U04059,2024-01-20 22:00:00,loan_repayment,9349000,success
U04059,2024-01-22 05:00:00,transfer,6245000,success
U04059,2024-01-30 18:00:00,qr_payment,7669000,success
U04059,2024-02-03 23:00:00,loan_repayment,3475000,failed
U04059,2024-02-05 22:00:00,qr_payment,3263000,success
U04059,2024-02-19 07:00:00,loan_repayment,5925000,failed
U04059,2024-02-25 00:00:00,savings_deposit,9779000,success
U04059,2024-03-03 23:00:00,savings_deposit,4667000,success
U04059,2024-03-08 03:00:00,qr_payment,9374000,success
U04059,2024-03-16 23:00:00,savings_deposit,3969000,success
U04063,2024-02-28 23:00:00,qr_payment,7518000,success
U04063,2024-03-01 12:00:00,transfer,3260000,success
U04063,2024-03-02 14:00:00,savings_deposit,354000,success
U04063,2024-03-10 02:00:00,qr_payment,3208000,success
U04063,2024-03-12 17:00:00,savings_deposit,4328000,success
U04063,2024-03-13 22:00:00,transfer,4871000,success
U04063,2024-04-07 14:00:00,bill_payment,3507000,success
U04063,2024-04-25 23:00:00,transfer,3536000,success
U04064,2024-03-29 07:00:00,savings_deposit,7438000,failed
U04064,2024-04-03 02:00:00,transfer,8214000,success
U04064,2024-04-14 07:00:00,savings_deposit,642000,success
U04064,2024-04-23 00:00:00,savings_deposit,5031000,success
U04064,2024-04-29 19:00:00,savings_deposit,1990000,failed
U04064,2024-05-06 20:00:00,card_payment,5945000,success
U04064,2024-05-06 23:00:00,card_payment,6880000,failed
U04064,2024-05-08 11:00:00,savings_deposit,9527000,success
U04065,2024-03-21 15:00:00,loan_repayment,4307000,success
U04065,2024-04-18 13:00:00,loan_repayment,5391000,success
U04065,2024-05-08 15:00:00,loan_repayment,5189000,success
U04065,2024-05-09 09:00:00,loan_repayment,7362000,success
U04065,2024-05-10 21:00:00,savings_deposit,6975000,success
U04068,2024-02-15 06:00:00,transfer,2923000,success
U04068,2024-02-18 12:00:00,transfer,5188000,success
U04068,2024-02-26 06:00:00,transfer,7839000,success
U04068,2024-03-11 01:00:00,transfer,2906000,success
U04068,2024-03-16 10:00:00,card_payment,5261000,success
U04072,2024-03-18 00:00:00,qr_payment,1540000,success
U04072,2024-03-18 14:00:00,savings_deposit,1088000,success
U04072,2024-03-27 03:00:00,transfer,747000,success
U04072,2024-04-03 01:00:00,savings_deposit,1569000,success
U04072,2024-04-11 02:00:00,card_payment,1333000,success
U04072,2024-04-12 02:00:00,bill_payment,1333000,success
U04072,2024-04-14 20:00:00,qr_payment,784000,success
U04072,2024-04-20 16:00:00,qr_payment,1658000,success
U04072,2024-04-26 16:00:00,qr_payment,1075000,failed
U04072,2024-04-30 19:00:00,loan_repayment,575000,success
U04072,2024-05-03 18:00:00,savings_deposit,1767000,success
U04072,2024-05-10 05:00:00,card_payment,1322000,success
U04073,2024-02-03 00:00:00,transfer,300000,success
U04073,2024-03-03 12:00:00,transfer,9776000,success
U04080,2024-01-15 20:00:00,card_payment,5934000,success
U04080,2024-02-02 18:00:00,savings_deposit,1487000,success
U04082,2024-04-01 15:00:00,transfer,36307000,success
U04082,2024-04-20 15:00:00,savings_deposit,10410000,success
U04082,2024-04-22 11:00:00,bill_payment,41022000,success
U04085,2024-01-21 02:00:00,transfer,1420000,success
U04085,2024-01-27 17:00:00,transfer,641000,success
U04085,2024-01-29 15:00:00,savings_deposit,1459000,failed
U04085,2024-01-30 15:00:00,savings_deposit,1061000,success
U04085,2024-02-11 18:00:00,savings_deposit,1299000,success
U04085,2024-02-29 20:00:00,transfer,577000,success
U04089,2024-05-01 07:00:00,card_payment,1936000,success
U04089,2024-05-06 16:00:00,transfer,1000000,success
U04089,2024-06-17 06:00:00,transfer,1168000,success
U04093,2024-01-26 13:00:00,card_payment,9325000,success
U04093,2024-01-31 00:00:00,transfer,2535000,success
U04093,2024-02-01 22:00:00,savings_deposit,5363000,success
U04093,2024-02-12 21:00:00,card_payment,9008000,success
U04093,2024-02-16 00:00:00,bill_payment,8058000,success
U04093,2024-02-27 15:00:00,transfer,4908000,success
U04093,2024-02-28 19:00:00,bill_payment,855000,success
U04093,2024-03-02 11:00:00,transfer,913000,success
U04093,2024-03-07 13:00:00,bill_payment,272000,success
U04093,2024-03-10 23:00:00,bill_payment,848000,success
U04097,2024-02-05 14:00:00,savings_deposit,1083000,success
U04097,2024-03-04 07:00:00,transfer,8879000,success
U04100,2024-02-19 07:00:00,savings_deposit,3836000,success
U04100,2024-03-16 23:00:00,loan_repayment,37748000,success
U04100,2024-04-04 06:00:00,loan_repayment,42697000,success
U04104,2024-01-30 07:00:00,savings_deposit,8185000,success
U04104,2024-03-11 16:00:00,qr_payment,7187000,success
U04106,2024-02-14 03:00:00,qr_payment,1956000,success
U04106,2024-02-17 03:00:00,card_payment,753000,success
U04106,2024-02-21 06:00:00,card_payment,652000,success
U04106,2024-02-26 20:00:00,qr_payment,908000,success
U04106,2024-03-31 03:00:00,transfer,1707000,success
U04108,2024-02-20 19:00:00,bill_payment,469000,success
U04108,2024-02-26 13:00:00,transfer,418000,success
U04108,2024-03-10 19:00:00,qr_payment,1199000,success
U04108,2024-03-20 00:00:00,transfer,303000,success
U04108,2024-03-20 18:00:00,transfer,1031000,success
U04108,2024-03-24 02:00:00,savings_deposit,1157000,success
U04108,2024-04-07 21:00:00,savings_deposit,681000,success
U04108,2024-04-09 15:00:00,loan_repayment,276000,failed
U04109,2024-03-05 02:00:00,bill_payment,8808000,success
U04109,2024-03-14 13:00:00,qr_payment,25698000,success
U04109,2024-03-16 00:00:00,qr_payment,34453000,success
U04109,2024-03-25 07:00:00,bill_payment,47194000,success
U04109,2024-04-06 09:00:00,bill_payment,17062000,success
U04109,2024-04-09 23:00:00,bill_payment,28103000,failed
U04109,2024-04-12 06:00:00,qr_payment,49412000,success
U04109,2024-04-18 03:00:00,savings_deposit,6277000,success
U04109,2024-04-20 13:00:00,bill_payment,16478000,success
U04109,2024-05-03 07:00:00,bill_payment,30153000,success
U04112,2024-02-28 06:00:00,loan_repayment,5551000,success
U04112,2024-03-12 09:00:00,loan_repayment,3136000,success
U04112,2024-03-24 07:00:00,card_payment,1818000,success
U04112,2024-03-27 21:00:00,card_payment,822000,failed
U04112,2024-04-08 04:00:00,loan_repayment,3011000,success
U04112,2024-04-08 09:00:00,loan_repayment,1393000,success
U04112,2024-04-09 08:00:00,loan_repayment,9726000,success
U04114,2024-02-04 07:00:00,transfer,6560000,success
U04114,2024-02-23 20:00:00,transfer,7336000,success
U04114,2024-02-25 09:00:00,savings_deposit,3625000,success
U04114,2024-02-27 07:00:00,qr_payment,9467000,success
U04114,2024-03-01 00:00:00,loan_repayment,3510000,success
U04114,2024-03-01 07:00:00,card_payment,1032000,success
U04114,2024-03-03 11:00:00,savings_deposit,4964000,success
U04114,2024-03-07 12:00:00,qr_payment,1257000,success
U04114,2024-03-15 06:00:00,qr_payment,5173000,success
U04114,2024-03-15 11:00:00,bill_payment,3258000,success
U04114,2024-03-21 04:00:00,loan_repayment,4871000,success
U04114,2024-03-22 12:00:00,bill_payment,3852000,success
U04114,2024-03-29 08:00:00,qr_payment,7375000,success
U04114,2024-04-01 08:00:00,bill_payment,1732000,success
U04118,2024-03-19 08:00:00,card_payment,538000,success
U04118,2024-04-07 06:00:00,transfer,1468000,success
U04118,2024-04-09 09:00:00,card_payment,467000,success
U04118,2024-05-06 05:00:00,loan_repayment,445000,success
U04122,2024-02-03 16:00:00,loan_repayment,5282000,success
U04122,2024-02-10 19:00:00,loan_repayment,2505000,success
U04122,2024-02-19 18:00:00,savings_deposit,7745000,failed
U04128,2024-04-24 08:00:00,transfer,902000,success
U04128,2024-04-25 05:00:00,savings_deposit,189000,success
U04128,2024-04-25 12:00:00,transfer,1656000,failed
U04128,2024-04-27 05:00:00,transfer,1567000,success
U04128,2024-04-30 01:00:00,transfer,580000,success
U04128,2024-05-01 08:00:00,savings_deposit,1186000,success
U04128,2024-05-03 02:00:00,bill_payment,1842000,success
U04128,2024-05-04 02:00:00,transfer,189000,success
U04128,2024-05-04 09:00:00,transfer,826000,success
U04128,2024-05-05 12:00:00,savings_deposit,992000,success
U04128,2024-05-15 05:00:00,transfer,86000,success
U04128,2024-05-15 13:00:00,bill_payment,804000,success
U04128,2024-05-19 00:00:00,card_payment,281000,success
U04128,2024-05-27 04:00:00,transfer,569000,success
U04128,2024-05-30 06:00:00,loan_repayment,116000,success
U04128,2024-06-03 15:00:00,bill_payment,1344000,success
U04128,2024-06-17 00:00:00,loan_repayment,496000,success
U04128,2024-06-17 05:00:00,loan_repayment,1177000,failed
U04130,2024-02-28 18:00:00,qr_payment,1717000,success
U04130,2024-03-07 09:00:00,card_payment,1899000,success
U04130,2024-03-27 22:00:00,card_payment,52000,success
U04130,2024-04-01 09:00:00,qr_payment,954000,success
U04130,2024-04-13 22:00:00,qr_payment,1741000,success
U04130,2024-04-15 20:00:00,qr_payment,440000,success
U04131,2024-04-23 06:00:00,qr_payment,694000,success
U04131,2024-04-25 02:00:00,transfer,53000,success
U04131,2024-05-02 07:00:00,loan_repayment,817000,success
U04131,2024-05-03 03:00:00,qr_payment,583000,success
U04131,2024-05-04 15:00:00,savings_deposit,432000,success
U04131,2024-05-12 15:00:00,bill_payment,1831000,failed
U04131,2024-05-17 09:00:00,loan_repayment,1608000,success
U04131,2024-05-18 14:00:00,savings_deposit,294000,success
U04131,2024-05-22 04:00:00,qr_payment,236000,success
U04131,2024-05-23 12:00:00,qr_payment,464000,success
U04131,2024-05-25 05:00:00,qr_payment,1114000,success
U04135,2024-02-19 04:00:00,loan_repayment,6546000,success
U04135,2024-02-23 02:00:00,qr_payment,915000,success
U04135,2024-03-11 11:00:00,qr_payment,6972000,success
U04135,2024-03-15 08:00:00,card_payment,8971000,success
U04135,2024-03-18 11:00:00,loan_repayment,5665000,success
U04135,2024-03-23 12:00:00,qr_payment,7854000,success
U04135,2024-03-28 06:00:00,loan_repayment,8623000,success
U04135,2024-04-11 23:00:00,loan_repayment,9089000,success
U04143,2024-03-01 10:00:00,qr_payment,6498000,success
U04143,2024-03-25 21:00:00,loan_repayment,5342000,success
U04143,2024-03-26 01:00:00,qr_payment,9951000,success
U04143,2024-04-08 03:00:00,loan_repayment,9779000,success
U04143,2024-04-10 12:00:00,qr_payment,9798000,failed
U04147,2024-02-02 20:00:00,card_payment,7793000,success
U04147,2024-02-09 02:00:00,loan_repayment,6382000,success
U04147,2024-02-28 10:00:00,savings_deposit,5319000,failed
U04147,2024-03-09 06:00:00,loan_repayment,3412000,success
U04147,2024-03-10 09:00:00,card_payment,9384000,success
U04147,2024-03-12 11:00:00,loan_repayment,9640000,success
U04147,2024-03-15 02:00:00,savings_deposit,6953000,success
U04147,2024-03-21 03:00:00,transfer,3140000,success
U04151,2024-02-26 09:00:00,qr_payment,2093000,success
U04151,2024-03-04 11:00:00,loan_repayment,9509000,success
U04151,2024-03-22 10:00:00,transfer,7092000,success
U04151,2024-04-03 09:00:00,transfer,712000,success
U04151,2024-04-09 12:00:00,qr_payment,9310000,success
U04151,2024-04-11 08:00:00,transfer,4167000,success
U04151,2024-04-17 12:00:00,bill_payment,997000,success
U04157,2024-03-25 17:00:00,qr_payment,30211000,success
U04157,2024-04-01 17:00:00,qr_payment,25872000,success
U04157,2024-04-22 21:00:00,qr_payment,25660000,success
U04158,2024-03-21 05:00:00,qr_payment,4577000,success
U04158,2024-04-01 10:00:00,transfer,6880000,success
U04158,2024-04-17 10:00:00,card_payment,8800000,success
U04158,2024-04-21 03:00:00,loan_repayment,6782000,success
U04158,2024-04-26 19:00:00,savings_deposit,8955000,failed
U04158,2024-05-10 11:00:00,bill_payment,4148000,success
U04160,2024-02-04 05:00:00,loan_repayment,1712000,success
U04160,2024-02-08 07:00:00,transfer,498000,failed
U04160,2024-02-16 08:00:00,savings_deposit,1763000,failed
U04160,2024-02-18 22:00:00,loan_repayment,223000,success
U04160,2024-02-22 19:00:00,qr_payment,510000,success
U04160,2024-02-23 20:00:00,card_payment,1027000,success
U04160,2024-02-24 21:00:00,savings_deposit,320000,success
U04160,2024-02-24 23:00:00,bill_payment,628000,failed
U04160,2024-02-29 00:00:00,qr_payment,1038000,success
U04160,2024-03-04 00:00:00,qr_payment,822000,success
U04160,2024-03-23 20:00:00,savings_deposit,1043000,success
U04160,2024-03-24 23:00:00,savings_deposit,1364000,success
U04160,2024-03-26 04:00:00,bill_payment,781000,success
U04160,2024-03-27 02:00:00,savings_deposit,1100000,success
U04160,2024-03-28 03:00:00,bill_payment,636000,failed
U04160,2024-03-30 18:00:00,savings_deposit,1882000,failed
U04160,2024-04-02 21:00:00,savings_deposit,437000,success
U04160,2024-04-03 03:00:00,savings_deposit,1647000,success
U04162,2024-02-21 23:00:00,card_payment,617000,success
U04162,2024-02-22 18:00:00,transfer,107000,failed
U04162,2024-02-23 17:00:00,savings_deposit,1541000,success
U04162,2024-02-24 07:00:00,transfer,957000,success
U04162,2024-02-24 10:00:00,savings_deposit,600000,success
U04162,2024-03-05 13:00:00,qr_payment,1132000,success
U04162,2024-03-18 16:00:00,savings_deposit,1464000,success
U04162,2024-03-20 12:00:00,card_payment,538000,success
U04162,2024-03-27 07:00:00,loan_repayment,1706000,success
U04162,2024-04-04 23:00:00,savings_deposit,607000,success
U04162,2024-04-15 20:00:00,card_payment,1584000,success
U04162,2024-04-17 22:00:00,qr_payment,987000,success
U04164,2024-04-19 06:00:00,savings_deposit,160000,success
U04164,2024-04-23 07:00:00,loan_repayment,648000,success
U04164,2024-04-23 23:00:00,savings_deposit,827000,success
U04164,2024-04-27 14:00:00,loan_repayment,621000,success
U04164,2024-05-04 01:00:00,card_payment,349000,success
U04164,2024-05-04 03:00:00,savings_deposit,1532000,success
U04164,2024-05-15 10:00:00,savings_deposit,1953000,success
U04164,2024-05-15 13:00:00,savings_deposit,1003000,failed
U04164,2024-05-19 14:00:00,savings_deposit,1627000,success
U04164,2024-05-26 11:00:00,qr_payment,1691000,success
U04164,2024-05-27 07:00:00,savings_deposit,984000,success
U04164,2024-05-28 08:00:00,savings_deposit,426000,failed
U04164,2024-05-30 09:00:00,card_payment,1707000,success
U04164,2024-06-01 11:00:00,card_payment,1139000,success
U04164,2024-06-03 05:00:00,card_payment,588000,success
U04164,2024-06-03 11:00:00,card_payment,406000,success
U04164,2024-06-12 00:00:00,qr_payment,1895000,success
U04166,2024-02-26 09:00:00,loan_repayment,5687000,success
U04166,2024-03-18 08:00:00,bill_payment,5143000,success
U04166,2024-04-19 16:00:00,loan_repayment,3593000,success
U04166,2024-04-22 11:00:00,loan_repayment,329000,success
U04169,2024-03-18 10:00:00,savings_deposit,1222000,success
U04169,2024-04-29 06:00:00,bill_payment,1956000,success
U04171,2024-03-22 17:00:00,qr_payment,7957000,success
U04171,2024-03-31 10:00:00,qr_payment,1364000,failed
U04171,2024-04-08 11:00:00,qr_payment,3416000,success
U04171,2024-04-10 12:00:00,qr_payment,6476000,success
U04171,2024-04-11 14:00:00,card_payment,2301000,success
U04171,2024-04-11 17:00:00,card_payment,5845000,success
U04171,2024-04-16 17:00:00,transfer,5481000,success
U04171,2024-04-17 15:00:00,transfer,3307000,success
U04171,2024-04-23 19:00:00,transfer,793000,success
U04171,2024-04-26 21:00:00,card_payment,6466000,success
U04171,2024-04-26 22:00:00,card_payment,2525000,success
U04171,2024-05-04 14:00:00,card_payment,5309000,success
U04171,2024-05-05 13:00:00,loan_repayment,4648000,failed
U04171,2024-05-06 16:00:00,savings_deposit,4448000,success
U04171,2024-05-11 21:00:00,transfer,861000,success
U04171,2024-05-12 18:00:00,card_payment,6064000,success
U04171,2024-05-16 18:00:00,transfer,1741000,failed
U04177,2024-01-19 15:00:00,qr_payment,8206000,success
U04177,2024-01-26 16:00:00,qr_payment,2737000,success
U04180,2024-04-03 03:00:00,card_payment,1743000,success
U04180,2024-04-29 16:00:00,loan_repayment,805000,success
U04180,2024-05-01 00:00:00,savings_deposit,109000,success
U04180,2024-05-01 18:00:00,bill_payment,557000,success
U04180,2024-05-03 02:00:00,card_payment,559000,success
U04180,2024-05-07 23:00:00,card_payment,1648000,success
U04180,2024-05-08 02:00:00,loan_repayment,1940000,success
U04180,2024-05-10 05:00:00,savings_deposit,1525000,success
U04180,2024-05-10 15:00:00,savings_deposit,1837000,success
U04180,2024-05-30 05:00:00,qr_payment,1829000,success
U04182,2024-03-28 19:00:00,card_payment,3203000,success
U04182,2024-04-17 05:00:00,card_payment,2595000,success
U04184,2024-02-12 02:00:00,loan_repayment,5764000,failed
U04184,2024-02-14 08:00:00,loan_repayment,2118000,success
U04184,2024-02-22 05:00:00,loan_repayment,8136000,success
U04184,2024-02-23 02:00:00,transfer,3528000,success
U04184,2024-02-25 21:00:00,bill_payment,2606000,success
U04184,2024-02-26 04:00:00,card_payment,9683000,success
U04184,2024-03-13 23:00:00,transfer,1073000,failed
U04184,2024-03-17 02:00:00,loan_repayment,931000,success
U04184,2024-03-30 07:00:00,transfer,3684000,success
U04185,2024-04-25 19:00:00,savings_deposit,5222000,success
U04185,2024-04-30 02:00:00,bill_payment,8640000,failed
U04185,2024-06-03 00:00:00,transfer,1719000,success
U04185,2024-06-04 23:00:00,savings_deposit,3694000,success
U04185,2024-06-07 20:00:00,savings_deposit,6354000,success
U04186,2024-04-09 19:00:00,card_payment,8794000,success
U04186,2024-04-19 06:00:00,qr_payment,7524000,success
U04186,2024-04-22 10:00:00,qr_payment,4537000,success
U04186,2024-04-26 13:00:00,transfer,8474000,success
U04192,2024-03-15 08:00:00,transfer,1303000,success
U04192,2024-03-28 20:00:00,loan_repayment,1528000,failed
U04192,2024-04-02 11:00:00,transfer,90000,success
U04192,2024-04-11 18:00:00,transfer,935000,success
U04196,2024-04-10 21:00:00,transfer,780000,success
U04196,2024-04-11 17:00:00,transfer,311000,success
U04196,2024-04-23 22:00:00,card_payment,1447000,success
U04196,2024-05-13 23:00:00,transfer,587000,success
U04198,2024-02-23 10:00:00,bill_payment,3367000,success
U04198,2024-02-26 03:00:00,loan_repayment,6695000,success
U04198,2024-02-27 23:00:00,savings_deposit,2965000,success
U04198,2024-03-03 00:00:00,savings_deposit,1316000,success
U04198,2024-03-06 03:00:00,savings_deposit,8371000,success
U04198,2024-03-13 23:00:00,savings_deposit,1600000,failed
U04198,2024-03-22 23:00:00,savings_deposit,8367000,success
U04199,2024-03-07 15:00:00,qr_payment,2373000,success
U04199,2024-03-23 09:00:00,savings_deposit,9977000,success
U04202,2024-04-08 08:00:00,bill_payment,9309000,failed
U04202,2024-04-08 18:00:00,card_payment,37204000,success
U04202,2024-04-17 14:00:00,qr_payment,41875000,success
U04202,2024-04-18 04:00:00,loan_repayment,6745000,success
U04202,2024-04-28 10:00:00,savings_deposit,8230000,success
U04202,2024-05-02 06:00:00,loan_repayment,30425000,success
U04202,2024-05-02 12:00:00,bill_payment,14185000,success
U04202,2024-05-05 10:00:00,transfer,26748000,success
U04202,2024-05-05 16:00:00,card_payment,44861000,success
U04202,2024-05-10 05:00:00,card_payment,29183000,success
U04202,2024-05-17 02:00:00,qr_payment,4809000,success
U04202,2024-05-18 16:00:00,loan_repayment,30411000,success
U04202,2024-05-23 05:00:00,qr_payment,20099000,success
U04202,2024-05-23 14:00:00,card_payment,3813000,success
U04202,2024-05-24 05:00:00,card_payment,22746000,success
U04207,2024-02-28 12:00:00,qr_payment,3517000,success
U04207,2024-03-08 20:00:00,qr_payment,9937000,failed
U04207,2024-03-24 00:00:00,qr_payment,1783000,success
U04207,2024-04-07 18:00:00,qr_payment,8727000,success
U04207,2024-04-28 23:00:00,savings_deposit,4299000,success
U04211,2024-03-02 03:00:00,transfer,1711000,success
U04211,2024-03-02 22:00:00,transfer,228000,success
U04211,2024-03-04 12:00:00,bill_payment,530000,success
U04211,2024-03-04 14:00:00,savings_deposit,917000,success
U04211,2024-03-27 00:00:00,transfer,1738000,success
U04211,2024-04-10 10:00:00,transfer,727000,success
U04211,2024-04-10 10:00:00,transfer,911000,success
U04211,2024-04-12 02:00:00,transfer,1809000,success
U04211,2024-04-17 00:00:00,loan_repayment,223000,success
U04211,2024-04-19 00:00:00,transfer,1006000,success
U04223,2024-04-19 11:00:00,qr_payment,3091000,failed
U04223,2024-04-22 02:00:00,savings_deposit,6645000,success
U04223,2024-04-25 20:00:00,loan_repayment,9075000,success
U04223,2024-04-26 01:00:00,transfer,4474000,failed
U04223,2024-05-03 20:00:00,savings_deposit,7976000,success
U04223,2024-05-13 12:00:00,savings_deposit,3243000,failed
U04223,2024-05-20 21:00:00,bill_payment,3450000,success
U04223,2024-05-21 07:00:00,savings_deposit,5097000,success
U04223,2024-05-23 01:00:00,card_payment,8848000,success
U04223,2024-05-26 05:00:00,savings_deposit,4480000,success
U04223,2024-05-31 11:00:00,loan_repayment,6317000,success
U04223,2024-06-01 05:00:00,bill_payment,9277000,success
U04223,2024-06-02 23:00:00,transfer,2622000,success
U04223,2024-06-07 03:00:00,savings_deposit,4444000,success
U04226,2024-04-14 01:00:00,qr_payment,6604000,success
U04226,2024-05-08 01:00:00,qr_payment,4953000,success
U04226,2024-05-12 07:00:00,transfer,8709000,success
U04226,2024-05-12 12:00:00,qr_payment,3479000,failed
U04226,2024-05-15 09:00:00,transfer,6407000,success
U04226,2024-05-16 14:00:00,transfer,5824000,success
U04226,2024-05-22 15:00:00,transfer,117000,success
U04227,2024-01-19 10:00:00,loan_repayment,7192000,success
U04227,2024-01-29 05:00:00,loan_repayment,3301000,success
U04227,2024-01-29 05:00:00,bill_payment,8459000,success
U04227,2024-01-30 11:00:00,bill_payment,2774000,success
U04227,2024-01-31 08:00:00,card_payment,8469000,failed
U04227,2024-02-02 11:00:00,savings_deposit,6738000,success
U04227,2024-02-06 15:00:00,savings_deposit,3872000,success
U04227,2024-02-08 15:00:00,loan_repayment,8841000,success
U04227,2024-02-13 04:00:00,bill_payment,6352000,failed
U04227,2024-02-15 07:00:00,savings_deposit,5651000,success
U04227,2024-03-03 10:00:00,savings_deposit,6938000,success
U04227,2024-03-11 02:00:00,loan_repayment,5947000,success
U04227,2024-03-13 05:00:00,card_payment,3806000,success
U04231,2024-04-02 20:00:00,transfer,1914000,success
U04231,2024-04-03 17:00:00,savings_deposit,1161000,success
U04231,2024-04-05 00:00:00,transfer,828000,success
U04231,2024-04-06 21:00:00,qr_payment,1491000,success
U04231,2024-04-12 12:00:00,transfer,1028000,success
U04231,2024-04-15 03:00:00,transfer,696000,success
U04231,2024-04-15 17:00:00,transfer,1470000,success
U04231,2024-04-22 17:00:00,qr_payment,927000,success
U04231,2024-04-24 20:00:00,transfer,204000,success
U04231,2024-04-25 18:00:00,transfer,1483000,success
U04231,2024-05-14 22:00:00,transfer,279000,success
U04231,2024-05-15 17:00:00,transfer,909000,success
U04231,2024-05-16 20:00:00,card_payment,390000,success
U04231,2024-05-20 12:00:00,bill_payment,775000,success
U04231,2024-05-24 12:00:00,transfer,1738000,success
U04234,2024-01-26 07:00:00,bill_payment,43870000,success
U04234,2024-01-26 10:00:00,card_payment,27518000,success
U04234,2024-01-27 11:00:00,bill_payment,7688000,success
U04234,2024-01-28 11:00:00,bill_payment,47758000,success
U04234,2024-01-30 06:00:00,card_payment,1863000,success
U04234,2024-02-08 04:00:00,card_payment,20059000,success
U04234,2024-02-21 08:00:00,bill_payment,17063000,success
U04234,2024-02-25 04:00:00,bill_payment,9914000,success
U04234,2024-03-09 13:00:00,bill_payment,29682000,success
U04234,2024-03-15 09:00:00,card_payment,39633000,success
U04234,2024-03-23 03:00:00,savings_deposit,45042000,success
U04235,2024-03-28 02:00:00,savings_deposit,42136000,success
U04235,2024-03-31 10:00:00,transfer,4695000,success
U04235,2024-04-03 07:00:00,transfer,19584000,failed
U04235,2024-05-01 11:00:00,qr_payment,5937000,success
U04235,2024-05-01 14:00:00,qr_payment,35181000,success
U04235,2024-05-02 13:00:00,savings_deposit,9590000,success
U04235,2024-05-04 03:00:00,loan_repayment,21106000,success
U04235,2024-05-15 15:00:00,card_payment,19601000,success
U04239,2024-04-07 08:00:00,loan_repayment,317000,success
U04239,2024-04-11 14:00:00,loan_repayment,4661000,success
U04239,2024-04-18 16:00:00,transfer,5583000,success
U04239,2024-04-23 06:00:00,transfer,3360000,success
U04239,2024-04-24 21:00:00,loan_repayment,8666000,success
U04239,2024-04-27 05:00:00,transfer,5774000,success
U04239,2024-05-06 18:00:00,loan_repayment,1577000,success
U04239,2024-05-10 18:00:00,loan_repayment,7792000,success
U04242,2024-02-29 03:00:00,loan_repayment,10223000,success
U04242,2024-03-07 06:00:00,savings_deposit,30375000,failed
U04242,2024-03-09 04:00:00,savings_deposit,10511000,success
U04242,2024-03-11 00:00:00,savings_deposit,22991000,success
U04242,2024-03-22 10:00:00,card_payment,14677000,success
U04242,2024-04-06 15:00:00,savings_deposit,41179000,success
U04242,2024-04-07 10:00:00,card_payment,4628000,success
U04242,2024-04-18 03:00:00,card_payment,37632000,success
U04242,2024-04-20 04:00:00,card_payment,6891000,success
U04242,2024-04-20 06:00:00,loan_repayment,15622000,success
U04242,2024-04-22 11:00:00,savings_deposit,40081000,success
U04244,2024-02-17 10:00:00,qr_payment,4807000,success
U04244,2024-02-20 15:00:00,bill_payment,5591000,failed
U04244,2024-02-22 11:00:00,bill_payment,609000,success
U04244,2024-03-01 02:00:00,bill_payment,7812000,success
U04244,2024-03-02 06:00:00,qr_payment,384000,success
U04244,2024-03-03 08:00:00,qr_payment,1406000,failed
U04244,2024-03-05 03:00:00,transfer,7705000,success
U04244,2024-03-07 02:00:00,transfer,2140000,success
U04244,2024-03-11 14:00:00,qr_payment,7138000,success
U04244,2024-03-16 16:00:00,bill_payment,964000,success
U04244,2024-03-24 00:00:00,card_payment,5239000,failed
U04244,2024-03-24 14:00:00,savings_deposit,3626000,success
U04244,2024-03-30 12:00:00,transfer,5870000,success
U04244,2024-04-08 08:00:00,savings_deposit,1664000,success
U04244,2024-04-09 03:00:00,savings_deposit,6470000,success
U04244,2024-04-11 00:00:00,qr_payment,101000,success
U04251,2024-03-12 05:00:00,savings_deposit,1386000,success
U04251,2024-03-24 08:00:00,savings_deposit,445000,success
U04253,2024-04-09 07:00:00,qr_payment,2026000,success
U04253,2024-04-10 17:00:00,bill_payment,5780000,success
U04253,2024-04-17 06:00:00,savings_deposit,6242000,success
U04253,2024-04-24 11:00:00,loan_repayment,4599000,success
U04253,2024-05-15 12:00:00,savings_deposit,5325000,success
U04253,2024-05-27 04:00:00,qr_payment,4461000,success
U04253,2024-05-28 09:00:00,loan_repayment,8217000,success
U04253,2024-06-01 14:00:00,qr_payment,3941000,success
U04254,2024-03-19 09:00:00,bill_payment,23936000,failed
U04254,2024-03-20 05:00:00,transfer,15291000,success
U04254,2024-03-24 09:00:00,transfer,13414000,success
U04254,2024-04-06 01:00:00,bill_payment,30205000,success
U04254,2024-04-12 11:00:00,card_payment,8618000,success
U04254,2024-04-13 14:00:00,loan_repayment,3355000,success
U04254,2024-04-14 09:00:00,loan_repayment,23460000,success
U04254,2024-04-15 10:00:00,transfer,44222000,success
U04254,2024-04-18 07:00:00,loan_repayment,22693000,success
U04254,2024-04-26 10:00:00,transfer,3825000,success
U04254,2024-04-30 05:00:00,card_payment,28734000,success
U04254,2024-05-02 11:00:00,savings_deposit,30923000,success
U04254,2024-05-06 09:00:00,loan_repayment,29692000,success
U04259,2024-02-03 13:00:00,loan_repayment,724000,success
U04259,2024-02-11 06:00:00,card_payment,1326000,success
U04259,2024-02-13 19:00:00,savings_deposit,766000,success
U04259,2024-02-16 07:00:00,qr_payment,1703000,success
U04259,2024-02-19 08:00:00,qr_payment,1123000,success
U04259,2024-02-20 06:00:00,card_payment,923000,failed
U04259,2024-02-29 09:00:00,qr_payment,741000,success
U04259,2024-03-16 06:00:00,qr_payment,475000,success
U04259,2024-03-22 14:00:00,qr_payment,88000,failed
U04259,2024-03-27 19:00:00,qr_payment,1262000,success
U04259,2024-03-29 05:00:00,transfer,1647000,success
U04261,2024-02-21 13:00:00,loan_repayment,5192000,success
U04261,2024-02-25 08:00:00,transfer,9783000,failed
U04261,2024-02-28 13:00:00,transfer,8625000,success
U04261,2024-04-09 06:00:00,transfer,2397000,success
U04263,2024-03-09 12:00:00,bill_payment,8288000,success
U04263,2024-04-06 00:00:00,bill_payment,492000,success
U04263,2024-04-13 19:00:00,bill_payment,9304000,failed
U04263,2024-04-13 22:00:00,bill_payment,3044000,success
U04263,2024-04-20 13:00:00,bill_payment,2567000,success
U04263,2024-04-24 09:00:00,bill_payment,4190000,success
U04267,2024-04-30 21:00:00,savings_deposit,2758000,failed
U04267,2024-05-18 08:00:00,savings_deposit,39757000,success
U04267,2024-05-20 02:00:00,loan_repayment,2158000,success
U04267,2024-05-27 07:00:00,qr_payment,10099000,success
U04272,2024-03-12 12:00:00,qr_payment,2660000,success
U04272,2024-04-26 16:00:00,transfer,6885000,success
U04274,2024-02-08 22:00:00,loan_repayment,3023000,success
U04274,2024-02-12 21:00:00,qr_payment,5131000,failed
U04274,2024-02-14 17:00:00,savings_deposit,1651000,success
U04274,2024-02-16 17:00:00,transfer,6292000,success
U04274,2024-02-20 18:00:00,loan_repayment,1438000,success
U04274,2024-02-26 16:00:00,loan_repayment,6689000,success
U04274,2024-02-27 02:00:00,savings_deposit,2174000,failed
U04274,2024-03-01 12:00:00,card_payment,1286000,success
U04274,2024-03-03 04:00:00,loan_repayment,8131000,success
U04274,2024-03-04 02:00:00,card_payment,6883000,success
U04274,2024-03-13 03:00:00,qr_payment,2369000,success
U04274,2024-03-16 13:00:00,bill_payment,175000,failed
U04274,2024-03-26 19:00:00,qr_payment,9923000,success
U04274,2024-03-31 18:00:00,bill_payment,6649000,success
U04274,2024-04-01 21:00:00,loan_repayment,9514000,success
U04274,2024-04-09 00:00:00,bill_payment,8252000,success
U04279,2024-04-13 13:00:00,card_payment,1321000,success
U04279,2024-04-21 10:00:00,card_payment,9387000,success
U04279,2024-05-09 04:00:00,qr_payment,8340000,success
U04279,2024-05-26 10:00:00,card_payment,3078000,success
U04279,2024-05-29 01:00:00,card_payment,3005000,success
U04280,2024-01-24 09:00:00,loan_repayment,7558000,success
U04280,2024-01-24 13:00:00,savings_deposit,3800000,success
U04280,2024-01-28 00:00:00,transfer,2737000,success
U04280,2024-01-28 14:00:00,loan_repayment,2556000,success
U04280,2024-02-03 13:00:00,savings_deposit,2594000,success
U04280,2024-02-25 13:00:00,loan_repayment,3376000,success
U04281,2024-02-27 13:00:00,savings_deposit,24157000,success
U04281,2024-03-02 00:00:00,loan_repayment,12121000,success
U04281,2024-03-04 15:00:00,savings_deposit,48479000,success
U04281,2024-03-05 15:00:00,savings_deposit,10188000,success
U04281,2024-03-09 09:00:00,loan_repayment,18021000,success
U04281,2024-03-11 10:00:00,loan_repayment,24728000,success
U04281,2024-03-17 01:00:00,loan_repayment,34107000,success
U04281,2024-03-18 18:00:00,savings_deposit,29153000,success
U04281,2024-03-20 10:00:00,bill_payment,17039000,success
U04281,2024-04-01 17:00:00,loan_repayment,29814000,success
U04281,2024-04-03 20:00:00,bill_payment,15396000,success
U04281,2024-04-11 19:00:00,bill_payment,10066000,success
U04285,2024-04-20 06:00:00,transfer,8297000,success
U04285,2024-04-27 16:00:00,card_payment,6112000,success
U04285,2024-04-28 01:00:00,card_payment,5464000,success
U04285,2024-04-30 18:00:00,card_payment,2189000,success
U04285,2024-04-30 19:00:00,transfer,2420000,success
U04285,2024-04-30 23:00:00,card_payment,7572000,success
U04285,2024-05-03 14:00:00,transfer,2599000,success
U04285,2024-05-18 03:00:00,qr_payment,3773000,success
U04285,2024-05-19 02:00:00,transfer,1199000,success
U04285,2024-05-29 14:00:00,transfer,7742000,success
U04285,2024-06-03 23:00:00,card_payment,9431000,success
U04285,2024-06-04 05:00:00,loan_repayment,2769000,success
U04295,2024-03-08 08:00:00,transfer,4487000,failed
U04295,2024-04-15 08:00:00,qr_payment,5199000,success
U04295,2024-04-25 14:00:00,bill_payment,2992000,success
U04295,2024-04-27 09:00:00,bill_payment,1652000,success
U04303,2024-01-16 17:00:00,card_payment,994000,success
U04303,2024-01-22 22:00:00,loan_repayment,737000,failed
U04303,2024-01-28 11:00:00,loan_repayment,1980000,success
U04303,2024-02-04 14:00:00,bill_payment,946000,success
U04303,2024-02-12 01:00:00,loan_repayment,552000,success
U04303,2024-02-14 18:00:00,qr_payment,1855000,success
U04304,2024-05-12 01:00:00,card_payment,1405000,success
U04304,2024-05-25 21:00:00,transfer,892000,success
U04304,2024-06-11 18:00:00,card_payment,1250000,success
U04304,2024-06-15 05:00:00,card_payment,1062000,success
U04307,2024-01-16 11:00:00,bill_payment,303000,success
U04307,2024-01-16 23:00:00,card_payment,1001000,success
U04307,2024-01-19 10:00:00,bill_payment,249000,success
U04307,2024-01-20 05:00:00,bill_payment,1224000,success
U04307,2024-01-28 05:00:00,transfer,1754000,success
U04307,2024-02-06 02:00:00,qr_payment,891000,success
U04307,2024-02-09 04:00:00,qr_payment,1715000,success
U04307,2024-02-12 09:00:00,transfer,751000,success
U04307,2024-02-13 12:00:00,qr_payment,582000,success
U04307,2024-02-14 23:00:00,card_payment,1839000,success
U04307,2024-02-15 11:00:00,bill_payment,81000,success
U04307,2024-02-21 08:00:00,transfer,773000,success
U04307,2024-02-24 04:00:00,card_payment,1222000,success
U04307,2024-03-11 02:00:00,bill_payment,298000,success
U04309,2024-05-03 08:00:00,qr_payment,583000,success
U04309,2024-05-05 17:00:00,transfer,357000,success
U04309,2024-05-09 17:00:00,qr_payment,1967000,success
U04309,2024-05-22 09:00:00,qr_payment,271000,success
U04309,2024-05-28 05:00:00,transfer,307000,success
U04309,2024-06-01 17:00:00,card_payment,103000,success
U04309,2024-06-04 08:00:00,loan_repayment,406000,success
U04312,2024-02-04 08:00:00,card_payment,5947000,success
U04312,2024-03-01 01:00:00,savings_deposit,6725000,success
U04314,2024-01-29 20:00:00,qr_payment,1828000,success
U04314,2024-02-02 14:00:00,qr_payment,568000,success
U04314,2024-02-10 01:00:00,qr_payment,4143000,success
U04314,2024-02-13 15:00:00,savings_deposit,1327000,success
U04314,2024-03-02 19:00:00,card_payment,2465000,success
U04314,2024-03-04 15:00:00,loan_repayment,9306000,failed
U04315,2024-03-17 15:00:00,savings_deposit,6771000,success
U04315,2024-03-20 12:00:00,bill_payment,665000,success
U04315,2024-04-07 10:00:00,bill_payment,9391000,success
U04315,2024-04-13 12:00:00,savings_deposit,5108000,success
U04315,2024-04-18 10:00:00,bill_payment,511000,success
U04315,2024-04-20 01:00:00,loan_repayment,3897000,failed
U04315,2024-04-25 14:00:00,savings_deposit,7513000,success
U04315,2024-05-11 00:00:00,bill_payment,1849000,success
U04316,2024-01-24 12:00:00,bill_payment,1060000,success
U04316,2024-01-26 15:00:00,bill_payment,5007000,success
U04316,2024-01-28 10:00:00,loan_repayment,6860000,success
U04316,2024-02-03 19:00:00,qr_payment,9883000,success
U04316,2024-02-05 01:00:00,qr_payment,1634000,success
U04316,2024-02-05 10:00:00,bill_payment,8926000,success
U04316,2024-02-09 18:00:00,bill_payment,4638000,success
U04316,2024-02-12 21:00:00,transfer,7898000,success
U04316,2024-02-19 20:00:00,savings_deposit,460000,success
U04316,2024-02-21 00:00:00,qr_payment,9782000,failed
U04316,2024-02-23 09:00:00,card_payment,9711000,success
U04316,2024-03-03 18:00:00,savings_deposit,6434000,success
U04316,2024-03-07 10:00:00,loan_repayment,4645000,success
U04316,2024-03-16 21:00:00,savings_deposit,319000,success
U04316,2024-03-23 17:00:00,bill_payment,2523000,success
U04319,2024-02-29 15:00:00,savings_deposit,16853000,failed
U04319,2024-03-10 08:00:00,loan_repayment,40908000,success
U04319,2024-03-15 11:00:00,card_payment,28059000,success
U04319,2024-03-24 02:00:00,transfer,16740000,success
U04319,2024-03-25 00:00:00,qr_payment,38476000,success
U04319,2024-04-11 03:00:00,loan_repayment,23090000,success
U04319,2024-04-16 13:00:00,qr_payment,38539000,success
U04319,2024-04-17 14:00:00,qr_payment,37320000,success
U04320,2024-03-04 11:00:00,loan_repayment,1572000,success
U04320,2024-03-07 06:00:00,loan_repayment,1115000,success
U04320,2024-03-08 21:00:00,bill_payment,986000,success
U04320,2024-03-14 08:00:00,bill_payment,1649000,success
U04320,2024-03-14 10:00:00,savings_deposit,1818000,success
U04320,2024-03-20 10:00:00,savings_deposit,459000,failed
U04320,2024-03-25 14:00:00,bill_payment,1505000,failed
U04320,2024-04-12 11:00:00,loan_repayment,1413000,failed
U04320,2024-04-16 14:00:00,loan_repayment,490000,success
U04320,2024-04-21 21:00:00,loan_repayment,148000,success
U04322,2024-04-14 22:00:00,card_payment,1012000,success
U04322,2024-05-03 17:00:00,card_payment,666000,success
U04322,2024-05-28 23:00:00,card_payment,1249000,success
U04322,2024-05-29 01:00:00,card_payment,1966000,success
U04322,2024-05-30 10:00:00,savings_deposit,593000,success
U04322,2024-06-02 14:00:00,savings_deposit,1447000,success
U04322,2024-06-12 21:00:00,savings_deposit,326000,success
U04327,2024-03-28 09:00:00,loan_repayment,9586000,success
U04327,2024-03-30 12:00:00,loan_repayment,6012000,success
U04327,2024-04-17 09:00:00,card_payment,3878000,success
U04327,2024-04-17 17:00:00,loan_repayment,9497000,success
U04327,2024-05-02 16:00:00,loan_repayment,9094000,success
U04327,2024-05-09 18:00:00,card_payment,519000,success
U04327,2024-05-10 06:00:00,loan_repayment,3144000,success
U04327,2024-05-10 15:00:00,loan_repayment,6167000,success
U04327,2024-05-23 16:00:00,card_payment,1094000,success
U04331,2024-01-06 00:00:00,loan_repayment,737000,success
U04331,2024-01-10 12:00:00,qr_payment,306000,success
U04331,2024-01-20 04:00:00,loan_repayment,1230000,success
U04331,2024-01-25 23:00:00,savings_deposit,1952000,success
U04331,2024-01-31 01:00:00,card_payment,1852000,success
U04331,2024-02-01 04:00:00,bill_payment,1417000,success
U04331,2024-02-02 01:00:00,loan_repayment,843000,failed
U04331,2024-02-10 22:00:00,card_payment,1030000,success
U04331,2024-02-12 17:00:00,card_payment,1181000,success
U04331,2024-02-13 12:00:00,bill_payment,1413000,success
U04331,2024-02-15 01:00:00,card_payment,1505000,success
U04331,2024-02-27 13:00:00,card_payment,1707000,success
U04331,2024-02-27 20:00:00,bill_payment,679000,success
U04331,2024-03-05 14:00:00,qr_payment,1567000,success
U04337,2024-04-01 18:00:00,transfer,8055000,success
U04337,2024-04-07 09:00:00,loan_repayment,8325000,success
U04337,2024-04-07 21:00:00,transfer,9864000,success
U04337,2024-04-24 22:00:00,bill_payment,1390000,success
U04337,2024-04-28 16:00:00,loan_repayment,3282000,success
U04337,2024-04-28 19:00:00,loan_repayment,2176000,success
U04337,2024-05-08 00:00:00,transfer,4808000,success
U04338,2024-02-26 09:00:00,bill_payment,41525000,failed
U04338,2024-03-08 02:00:00,bill_payment,30205000,success
U04338,2024-03-08 10:00:00,bill_payment,12923000,success
U04338,2024-03-08 12:00:00,bill_payment,6107000,success
U04338,2024-04-12 11:00:00,bill_payment,45298000,success
U04338,2024-04-14 05:00:00,bill_payment,33431000,success
U04338,2024-04-22 21:00:00,card_payment,1286000,success
U04340,2024-01-04 16:00:00,transfer,4923000,success
U04340,2024-01-22 19:00:00,savings_deposit,8569000,success
U04340,2024-02-26 04:00:00,savings_deposit,5689000,success
U04341,2024-04-16 00:00:00,qr_payment,4751000,success
U04341,2024-04-17 18:00:00,transfer,2239000,success
U04341,2024-04-23 13:00:00,transfer,6639000,success
U04341,2024-04-26 13:00:00,loan_repayment,2947000,success
U04341,2024-05-10 19:00:00,qr_payment,8744000,success
U04341,2024-05-13 15:00:00,loan_repayment,9004000,failed
U04341,2024-05-14 18:00:00,loan_repayment,3735000,failed
U04344,2024-02-26 00:00:00,loan_repayment,30552000,success
U04344,2024-03-02 04:00:00,card_payment,14856000,success
U04344,2024-03-03 22:00:00,card_payment,25226000,success
U04344,2024-03-06 03:00:00,card_payment,25945000,success
U04344,2024-03-13 09:00:00,loan_repayment,706000,success
U04344,2024-03-14 08:00:00,transfer,20293000,failed
U04344,2024-03-15 09:00:00,qr_payment,8341000,success
U04344,2024-03-22 19:00:00,card_payment,16094000,success
U04345,2024-05-17 09:00:00,savings_deposit,44004000,success
U04345,2024-05-21 03:00:00,savings_deposit,3888000,success
U04351,2024-01-17 12:00:00,loan_repayment,1632000,success
U04351,2024-01-21 12:00:00,savings_deposit,1956000,success
U04351,2024-01-25 12:00:00,loan_repayment,1099000,success
U04351,2024-02-09 00:00:00,loan_repayment,944000,success
U04351,2024-02-18 23:00:00,loan_repayment,782000,success
U04351,2024-02-21 04:00:00,loan_repayment,1661000,failed
U04351,2024-02-23 21:00:00,qr_payment,1247000,success
U04351,2024-02-26 10:00:00,qr_payment,556000,success
U04351,2024-02-27 05:00:00,qr_payment,911000,success
U04351,2024-03-10 20:00:00,loan_repayment,1473000,success
U04352,2024-05-13 17:00:00,loan_repayment,7399000,success
U04352,2024-06-12 19:00:00,bill_payment,3157000,success
U04353,2024-04-24 10:00:00,loan_repayment,1024000,success
U04353,2024-05-07 05:00:00,transfer,608000,success
U04353,2024-05-10 12:00:00,savings_deposit,651000,success
U04353,2024-05-10 23:00:00,qr_payment,1082000,success
U04353,2024-05-15 09:00:00,loan_repayment,470000,success
U04353,2024-05-15 22:00:00,loan_repayment,892000,success
U04353,2024-05-21 04:00:00,loan_repayment,614000,success
U04353,2024-05-22 13:00:00,transfer,1968000,success
U04353,2024-05-24 01:00:00,bill_payment,124000,success
U04353,2024-05-27 01:00:00,qr_payment,1776000,success
U04353,2024-06-07 23:00:00,loan_repayment,298000,success
U04353,2024-06-10 04:00:00,qr_payment,77000,failed
U04355,2024-01-30 09:00:00,transfer,1723000,success
U04355,2024-02-01 11:00:00,transfer,380000,success
U04355,2024-02-20 10:00:00,qr_payment,1234000,success
U04355,2024-03-08 01:00:00,transfer,1705000,success
U04355,2024-03-09 21:00:00,qr_payment,618000,success
U04355,2024-03-14 11:00:00,loan_repayment,1396000,success
U04355,2024-03-21 12:00:00,transfer,1020000,success
U04355,2024-03-22 21:00:00,loan_repayment,1215000,success
U04355,2024-03-24 00:00:00,qr_payment,1228000,success
U04356,2024-02-18 12:00:00,qr_payment,7087000,success
U04356,2024-02-20 14:00:00,bill_payment,7072000,success
U04356,2024-02-21 05:00:00,transfer,4073000,success
U04356,2024-02-22 09:00:00,card_payment,4921000,success
U04356,2024-02-23 20:00:00,transfer,2163000,failed
U04356,2024-02-24 13:00:00,savings_deposit,7513000,success
U04356,2024-03-04 17:00:00,qr_payment,4792000,success
U04356,2024-03-09 14:00:00,loan_repayment,3480000,success
U04356,2024-03-10 06:00:00,loan_repayment,1718000,success
U04356,2024-03-10 13:00:00,loan_repayment,5225000,success
U04356,2024-03-16 18:00:00,bill_payment,7055000,success
U04356,2024-03-17 14:00:00,bill_payment,3661000,success
U04356,2024-03-18 08:00:00,qr_payment,3970000,success
U04356,2024-03-30 15:00:00,card_payment,1818000,success
U04356,2024-04-07 18:00:00,loan_repayment,8382000,success
U04356,2024-04-10 08:00:00,card_payment,137000,success
U04356,2024-04-12 19:00:00,qr_payment,7536000,failed
U04356,2024-04-15 16:00:00,bill_payment,1964000,success
U04356,2024-04-16 09:00:00,qr_payment,8829000,failed
U04358,2024-02-06 17:00:00,card_payment,1100000,failed
U04358,2024-02-12 00:00:00,bill_payment,9789000,success
U04358,2024-02-14 15:00:00,qr_payment,3187000,success
U04358,2024-02-19 02:00:00,loan_repayment,3123000,success
U04358,2024-02-22 15:00:00,bill_payment,1179000,success
U04358,2024-02-22 16:00:00,card_payment,5930000,success
U04358,2024-02-27 01:00:00,qr_payment,6203000,success
U04358,2024-02-29 20:00:00,bill_payment,5570000,success
U04358,2024-03-06 23:00:00,card_payment,7324000,success
U04358,2024-03-12 20:00:00,transfer,7608000,success
U04358,2024-03-17 21:00:00,savings_deposit,727000,success
U04358,2024-03-20 02:00:00,card_payment,7007000,success
U04358,2024-03-21 14:00:00,loan_repayment,8925000,success
U04358,2024-03-24 05:00:00,transfer,8517000,success
U04358,2024-03-25 03:00:00,loan_repayment,6461000,success
U04358,2024-03-27 13:00:00,card_payment,4269000,success
U04359,2024-04-03 00:00:00,qr_payment,14608000,success
U04359,2024-04-07 22:00:00,bill_payment,30762000,success
U04360,2024-01-20 09:00:00,transfer,7137000,success
U04360,2024-01-31 03:00:00,card_payment,7407000,success
U04360,2024-02-03 09:00:00,transfer,38810000,success
U04360,2024-02-21 11:00:00,loan_repayment,5108000,success
U04364,2024-03-07 00:00:00,transfer,28447000,success
U04364,2024-03-08 03:00:00,savings_deposit,5746000,success
U04364,2024-03-15 11:00:00,transfer,43843000,success
U04364,2024-04-05 11:00:00,savings_deposit,27039000,success
U04364,2024-04-21 22:00:00,loan_repayment,3651000,success
U04364,2024-04-28 21:00:00,savings_deposit,40530000,success
U04364,2024-05-04 06:00:00,loan_repayment,45167000,success
U04369,2024-02-28 17:00:00,savings_deposit,35919000,success
U04369,2024-03-18 02:00:00,transfer,41224000,success
U04369,2024-03-25 17:00:00,savings_deposit,45109000,success
U04369,2024-04-07 03:00:00,transfer,47862000,success
U04369,2024-04-07 23:00:00,transfer,30486000,success
U04369,2024-04-09 03:00:00,transfer,9793000,success
U04374,2024-03-08 14:00:00,transfer,3418000,success
U04374,2024-03-08 17:00:00,transfer,9159000,success
U04374,2024-03-16 06:00:00,loan_repayment,647000,success
U04374,2024-04-16 04:00:00,transfer,9068000,success
U04375,2024-03-10 09:00:00,loan_repayment,13082000,success
U04375,2024-03-20 23:00:00,bill_payment,5663000,success
U04375,2024-04-05 08:00:00,loan_repayment,18832000,failed
U04375,2024-04-06 03:00:00,qr_payment,3881000,success
U04375,2024-04-08 09:00:00,qr_payment,40123000,success
U04375,2024-04-12 07:00:00,qr_payment,13677000,success
U04377,2024-03-04 15:00:00,loan_repayment,13779000,success
U04377,2024-03-04 19:00:00,bill_payment,25376000,success
U04377,2024-03-09 02:00:00,bill_payment,24584000,success
U04377,2024-03-12 02:00:00,card_payment,37679000,success
U04377,2024-03-17 01:00:00,bill_payment,33089000,success
U04377,2024-03-24 19:00:00,loan_repayment,42617000,success
U04377,2024-03-26 02:00:00,loan_repayment,45711000,success
U04377,2024-03-30 13:00:00,loan_repayment,7093000,success
U04377,2024-04-05 22:00:00,card_payment,22903000,success
U04377,2024-04-07 20:00:00,bill_payment,23915000,success
U04377,2024-04-09 14:00:00,bill_payment,47403000,success
U04377,2024-04-19 01:00:00,transfer,1202000,success
U04377,2024-04-19 04:00:00,card_payment,21410000,success
U04378,2024-03-22 03:00:00,card_payment,9089000,success
U04378,2024-03-22 23:00:00,loan_repayment,5304000,success
U04378,2024-04-01 06:00:00,qr_payment,7660000,success
U04378,2024-04-04 00:00:00,savings_deposit,6830000,success
U04378,2024-04-06 23:00:00,savings_deposit,3063000,success
U04378,2024-04-11 12:00:00,card_payment,4899000,success
U04378,2024-04-22 13:00:00,bill_payment,2218000,success
U04390,2024-02-29 20:00:00,transfer,3732000,success
U04390,2024-03-02 06:00:00,transfer,8981000,success
U04393,2024-03-06 00:00:00,qr_payment,681000,failed
U04399,2024-03-17 04:00:00,qr_payment,4110000,success
U04399,2024-03-18 00:00:00,qr_payment,5695000,success
U04399,2024-03-27 14:00:00,bill_payment,998000,success
U04399,2024-04-14 09:00:00,qr_payment,5405000,success
U04399,2024-04-15 02:00:00,bill_payment,8927000,success
U04399,2024-04-17 14:00:00,bill_payment,6976000,success
U04399,2024-04-18 02:00:00,transfer,9772000,success
U04399,2024-05-04 02:00:00,bill_payment,7369000,success
U04400,2024-02-22 04:00:00,savings_deposit,1016000,success
U04400,2024-02-22 12:00:00,loan_repayment,1416000,success
U04400,2024-02-26 09:00:00,loan_repayment,1123000,success
U04400,2024-03-03 06:00:00,savings_deposit,1475000,failed
U04400,2024-03-03 18:00:00,transfer,1174000,success
U04400,2024-03-20 15:00:00,loan_repayment,1459000,success
U04400,2024-03-26 02:00:00,bill_payment,523000,success
U04400,2024-03-30 06:00:00,qr_payment,440000,success
U04400,2024-04-01 07:00:00,qr_payment,1888000,failed
U04400,2024-04-02 09:00:00,bill_payment,643000,success
U04400,2024-04-15 05:00:00,card_payment,309000,success
U04400,2024-04-21 07:00:00,bill_payment,769000,success
U04402,2024-04-01 08:00:00,savings_deposit,7236000,success
U04402,2024-04-09 09:00:00,bill_payment,1097000,success
U04402,2024-04-12 07:00:00,card_payment,1175000,success
U04402,2024-04-20 02:00:00,card_payment,3895000,success
U04402,2024-04-21 09:00:00,bill_payment,1893000,success
U04402,2024-05-08 05:00:00,bill_payment,9317000,success
U04402,2024-05-16 02:00:00,card_payment,6652000,success
U04406,2024-03-13 21:00:00,transfer,1052000,success
U04406,2024-04-03 07:00:00,savings_deposit,464000,success
U04406,2024-04-03 20:00:00,savings_deposit,1269000,success
U04406,2024-04-09 01:00:00,savings_deposit,399000,success
U04406,2024-04-10 23:00:00,card_payment,1979000,success
U04406,2024-04-21 04:00:00,loan_repayment,1044000,success
U04412,2024-03-30 21:00:00,savings_deposit,2268000,failed
U04412,2024-04-08 21:00:00,savings_deposit,3873000,success
U04412,2024-04-09 08:00:00,savings_deposit,9844000,success
U04412,2024-04-10 21:00:00,savings_deposit,3023000,success
U04412,2024-04-12 05:00:00,bill_payment,3590000,success
U04412,2024-04-24 22:00:00,bill_payment,4879000,success
U04412,2024-04-30 21:00:00,savings_deposit,3480000,failed
U04412,2024-05-06 00:00:00,card_payment,7750000,success
U04412,2024-05-06 16:00:00,savings_deposit,9615000,success
U04412,2024-05-07 21:00:00,savings_deposit,3550000,success
U04414,2024-03-23 20:00:00,card_payment,942000,success
U04414,2024-03-28 11:00:00,transfer,1237000,failed
U04414,2024-03-30 23:00:00,savings_deposit,1465000,failed
U04414,2024-04-05 09:00:00,savings_deposit,68000,success
U04414,2024-04-09 19:00:00,card_payment,1196000,success
U04414,2024-04-10 11:00:00,transfer,131000,success
U04414,2024-04-13 08:00:00,card_payment,455000,success
U04414,2024-04-21 22:00:00,loan_repayment,827000,success
U04414,2024-05-07 01:00:00,card_payment,1520000,success
U04418,2024-01-24 14:00:00,savings_deposit,4169000,success
U04418,2024-02-08 11:00:00,savings_deposit,4841000,success
U04418,2024-02-12 18:00:00,savings_deposit,1431000,success
U04418,2024-02-22 10:00:00,savings_deposit,2591000,success
U04418,2024-02-22 19:00:00,savings_deposit,8751000,success
U04418,2024-03-12 16:00:00,qr_payment,7495000,success
U04419,2024-02-25 18:00:00,transfer,32703000,success
U04419,2024-03-12 08:00:00,transfer,34912000,success
U04420,2024-02-11 19:00:00,card_payment,927000,success
U04420,2024-02-12 13:00:00,loan_repayment,1940000,success
U04420,2024-02-23 19:00:00,loan_repayment,1049000,success
U04420,2024-03-12 13:00:00,bill_payment,1231000,success
U04420,2024-03-17 12:00:00,transfer,535000,success
U04420,2024-03-17 21:00:00,loan_repayment,509000,success
U04420,2024-03-23 03:00:00,bill_payment,650000,success
U04420,2024-03-23 04:00:00,transfer,1944000,success
U04420,2024-03-25 04:00:00,bill_payment,173000,failed
U04420,2024-03-28 01:00:00,transfer,1879000,success
U04420,2024-03-30 17:00:00,card_payment,467000,success
U04420,2024-04-01 14:00:00,transfer,1531000,failed
U04420,2024-04-03 04:00:00,loan_repayment,952000,success
U04424,2024-01-26 04:00:00,qr_payment,152000,success
U04424,2024-01-28 15:00:00,qr_payment,601000,success
U04424,2024-02-14 02:00:00,loan_repayment,1319000,success
U04424,2024-02-18 07:00:00,qr_payment,1924000,success
U04424,2024-02-24 15:00:00,qr_payment,84000,success
U04424,2024-03-03 06:00:00,qr_payment,1195000,success
U04424,2024-03-04 02:00:00,loan_repayment,1355000,success
U04424,2024-03-09 02:00:00,qr_payment,1655000,success
U04424,2024-03-09 09:00:00,bill_payment,206000,success
U04426,2024-02-27 19:00:00,transfer,2774000,success
U04426,2024-03-03 00:00:00,bill_payment,9536000,success
U04426,2024-03-03 22:00:00,transfer,7781000,success
U04426,2024-03-04 23:00:00,qr_payment,7899000,success
U04426,2024-03-08 06:00:00,transfer,1869000,success
U04426,2024-03-12 22:00:00,savings_deposit,3976000,success
U04426,2024-03-15 02:00:00,bill_payment,3944000,success
U04426,2024-03-17 16:00:00,bill_payment,8337000,success
U04426,2024-03-19 23:00:00,qr_payment,8403000,success
U04426,2024-04-10 15:00:00,card_payment,7644000,success
U04426,2024-04-14 23:00:00,bill_payment,8051000,failed
U04426,2024-04-15 23:00:00,card_payment,1088000,success
U04430,2024-03-13 18:00:00,qr_payment,1343000,success
U04430,2024-03-16 19:00:00,card_payment,476000,success
U04430,2024-03-21 21:00:00,qr_payment,68000,success
U04432,2024-02-23 15:00:00,card_payment,15380000,success
U04432,2024-02-29 19:00:00,card_payment,6198000,success
U04432,2024-03-04 14:00:00,savings_deposit,45506000,success
U04432,2024-03-07 08:00:00,savings_deposit,22308000,success
U04432,2024-03-26 09:00:00,card_payment,25426000,success
U04432,2024-03-26 17:00:00,qr_payment,43298000,failed
U04432,2024-03-31 18:00:00,card_payment,39875000,success
U04432,2024-04-03 08:00:00,card_payment,1396000,success
U04432,2024-04-04 05:00:00,card_payment,38674000,success
U04432,2024-04-10 16:00:00,qr_payment,10369000,success
U04432,2024-04-11 05:00:00,card_payment,19756000,success
U04432,2024-04-12 06:00:00,card_payment,48500000,success
U04433,2024-03-29 02:00:00,card_payment,874000,success
U04433,2024-04-07 16:00:00,card_payment,909000,success
U04433,2024-04-22 16:00:00,card_payment,629000,success
U04433,2024-04-24 13:00:00,card_payment,298000,success
U04433,2024-04-27 08:00:00,savings_deposit,1763000,failed
U04433,2024-04-28 10:00:00,loan_repayment,1679000,success
U04433,2024-05-05 14:00:00,loan_repayment,1500000,success
U04433,2024-05-10 17:00:00,card_payment,52000,success
U04434,2024-03-10 07:00:00,transfer,39477000,success
U04434,2024-03-12 17:00:00,loan_repayment,3844000,failed
U04434,2024-03-19 10:00:00,qr_payment,40866000,success
U04434,2024-03-24 09:00:00,loan_repayment,26166000,success
U04434,2024-03-28 08:00:00,card_payment,4935000,failed
U04434,2024-04-02 12:00:00,transfer,8757000,success
U04434,2024-04-03 18:00:00,qr_payment,23579000,success
U04434,2024-04-04 20:00:00,loan_repayment,11555000,success
U04434,2024-04-18 15:00:00,loan_repayment,17568000,success
U04434,2024-04-22 07:00:00,qr_payment,35933000,success
U04434,2024-04-26 14:00:00,card_payment,21885000,success
U04434,2024-04-27 17:00:00,qr_payment,47283000,success
U04434,2024-05-04 11:00:00,card_payment,22354000,success
U04436,2024-03-08 19:00:00,bill_payment,3894000,success
U04436,2024-03-09 15:00:00,loan_repayment,2555000,success
U04436,2024-03-19 18:00:00,qr_payment,878000,failed
U04436,2024-03-22 12:00:00,qr_payment,4558000,failed
U04436,2024-03-23 15:00:00,loan_repayment,1691000,success
U04436,2024-04-05 19:00:00,loan_repayment,1302000,success
U04436,2024-04-05 21:00:00,qr_payment,9073000,success
U04436,2024-04-11 10:00:00,card_payment,7588000,success
U04436,2024-04-30 21:00:00,loan_repayment,1034000,success
U04437,2024-02-28 01:00:00,savings_deposit,3255000,success
U04437,2024-03-11 00:00:00,loan_repayment,5853000,success
U04437,2024-03-21 07:00:00,loan_repayment,5266000,success
U04437,2024-03-23 05:00:00,bill_payment,5238000,success
U04437,2024-03-29 00:00:00,transfer,6342000,success
U04437,2024-04-04 22:00:00,savings_deposit,5931000,failed
U04437,2024-04-08 17:00:00,bill_payment,618000,success
U04437,2024-04-11 17:00:00,bill_payment,9714000,failed
U04437,2024-04-12 05:00:00,bill_payment,1726000,success
U04437,2024-04-22 06:00:00,savings_deposit,4922000,success
U04442,2024-04-22 02:00:00,bill_payment,8934000,success
U04442,2024-05-11 06:00:00,bill_payment,1458000,success
U04442,2024-05-14 03:00:00,bill_payment,7312000,success
U04442,2024-06-04 17:00:00,bill_payment,1089000,success
U04442,2024-06-10 07:00:00,bill_payment,6732000,success
U04443,2024-03-10 03:00:00,savings_deposit,1844000,failed
U04443,2024-03-10 22:00:00,bill_payment,1426000,success
U04443,2024-03-11 02:00:00,qr_payment,347000,success
U04443,2024-03-14 12:00:00,bill_payment,1333000,success
U04443,2024-04-07 00:00:00,qr_payment,1701000,success
U04443,2024-04-10 19:00:00,qr_payment,1366000,success
U04443,2024-04-12 22:00:00,card_payment,921000,success
U04443,2024-04-22 03:00:00,bill_payment,656000,success
U04447,2024-03-23 05:00:00,bill_payment,37036000,success
U04447,2024-03-24 13:00:00,qr_payment,32772000,success
U04447,2024-04-01 08:00:00,bill_payment,46072000,success
U04447,2024-04-08 16:00:00,qr_payment,18517000,success
U04447,2024-04-10 13:00:00,qr_payment,16618000,success
U04447,2024-04-20 04:00:00,savings_deposit,41890000,success
U04453,2024-01-28 01:00:00,transfer,8368000,success
U04453,2024-02-19 10:00:00,savings_deposit,7397000,failed
U04457,2024-02-08 11:00:00,bill_payment,1377000,success
U04457,2024-02-16 18:00:00,transfer,1308000,success
U04457,2024-03-08 09:00:00,transfer,1192000,success
U04457,2024-03-11 04:00:00,bill_payment,1136000,success
U04457,2024-03-24 05:00:00,transfer,441000,success
U04457,2024-03-25 05:00:00,bill_payment,1116000,success
U04457,2024-03-30 11:00:00,bill_payment,731000,success
U04457,2024-04-03 09:00:00,bill_payment,1476000,success
U04457,2024-04-05 05:00:00,bill_payment,370000,success
U04458,2024-02-03 00:00:00,loan_repayment,1325000,failed
U04458,2024-02-12 03:00:00,savings_deposit,1792000,success
U04458,2024-02-16 10:00:00,card_payment,1035000,success
U04458,2024-02-22 22:00:00,loan_repayment,503000,success
U04458,2024-02-24 20:00:00,card_payment,131000,success
U04458,2024-02-25 02:00:00,savings_deposit,1744000,success
U04458,2024-02-27 07:00:00,card_payment,427000,success
U04458,2024-03-19 05:00:00,loan_repayment,1938000,failed
U04458,2024-03-19 06:00:00,card_payment,1089000,success
U04458,2024-03-21 23:00:00,bill_payment,1870000,success
U04459,2024-04-26 19:00:00,savings_deposit,8731000,success
U04459,2024-04-26 22:00:00,savings_deposit,2636000,success
U04459,2024-05-08 03:00:00,transfer,6773000,success
U04459,2024-05-25 22:00:00,loan_repayment,5873000,success
U04459,2024-05-28 22:00:00,card_payment,2723000,success
U04459,2024-05-29 03:00:00,qr_payment,9350000,success
U04459,2024-06-03 01:00:00,transfer,1876000,success
U04459,2024-06-03 07:00:00,transfer,6218000,success
U04459,2024-06-06 20:00:00,savings_deposit,3579000,success
U04468,2024-01-17 13:00:00,card_payment,19572000,success
U04468,2024-02-08 16:00:00,qr_payment,41902000,failed
U04468,2024-02-24 16:00:00,savings_deposit,11050000,success
U04468,2024-03-10 11:00:00,bill_payment,7271000,success
U04471,2024-02-13 08:00:00,bill_payment,5008000,success
U04471,2024-02-15 18:00:00,bill_payment,48518000,success
U04471,2024-02-26 03:00:00,transfer,3257000,success
U04471,2024-02-26 08:00:00,savings_deposit,9393000,success
U04471,2024-03-03 08:00:00,bill_payment,16216000,success
U04471,2024-03-05 14:00:00,bill_payment,41317000,success
U04471,2024-03-19 04:00:00,loan_repayment,31236000,success
U04471,2024-03-22 16:00:00,bill_payment,11062000,success
U04471,2024-04-03 10:00:00,transfer,31568000,success
U04475,2024-02-20 02:00:00,bill_payment,4299000,success
U04475,2024-02-25 04:00:00,bill_payment,9893000,success
U04475,2024-03-01 11:00:00,bill_payment,6009000,success
U04475,2024-03-07 02:00:00,bill_payment,6049000,success
U04475,2024-03-29 05:00:00,bill_payment,1163000,success
U04476,2024-03-29 15:00:00,card_payment,7594000,success
U04476,2024-04-04 02:00:00,card_payment,704000,failed
U04476,2024-05-07 07:00:00,transfer,7020000,success
U04478,2024-04-11 19:00:00,savings_deposit,48844000,success
U04478,2024-04-14 12:00:00,bill_payment,45070000,success
U04478,2024-04-17 20:00:00,savings_deposit,36629000,success
U04478,2024-05-03 06:00:00,savings_deposit,45804000,success
U04478,2024-05-03 08:00:00,savings_deposit,8945000,success
U04478,2024-05-03 12:00:00,bill_payment,32119000,failed
U04478,2024-05-09 05:00:00,savings_deposit,19284000,success
U04478,2024-05-11 09:00:00,savings_deposit,19899000,success
U04478,2024-05-12 07:00:00,bill_payment,35258000,success
U04478,2024-05-16 17:00:00,bill_payment,15269000,success
U04478,2024-05-17 13:00:00,bill_payment,31711000,failed
U04478,2024-05-20 16:00:00,savings_deposit,47272000,success
U04478,2024-05-22 14:00:00,bill_payment,4550000,success
U04478,2024-05-28 10:00:00,savings_deposit,31180000,success
U04478,2024-05-30 09:00:00,bill_payment,27500000,success
U04478,2024-06-05 06:00:00,savings_deposit,10564000,success
U04478,2024-06-06 08:00:00,bill_payment,9624000,success
U04481,2024-04-09 08:00:00,bill_payment,1123000,success
U04481,2024-04-09 18:00:00,loan_repayment,844000,success
U04481,2024-04-12 11:00:00,qr_payment,765000,success
U04481,2024-04-18 10:00:00,qr_payment,1633000,failed
U04481,2024-04-23 21:00:00,bill_payment,667000,success
U04481,2024-04-27 18:00:00,bill_payment,520000,failed
U04481,2024-04-27 21:00:00,qr_payment,977000,success
U04481,2024-04-29 10:00:00,transfer,306000,success
U04481,2024-05-05 10:00:00,loan_repayment,1895000,success
U04481,2024-05-18 10:00:00,bill_payment,1550000,success
U04481,2024-05-23 16:00:00,qr_payment,2000000,success
U04481,2024-06-01 10:00:00,card_payment,672000,success
U04484,2024-01-31 03:00:00,loan_repayment,7465000,success
U04484,2024-02-03 04:00:00,bill_payment,6387000,success
U04484,2024-02-06 00:00:00,loan_repayment,1581000,success
U04484,2024-02-20 07:00:00,loan_repayment,7134000,success
U04484,2024-02-26 03:00:00,bill_payment,8157000,success
U04484,2024-03-02 02:00:00,bill_payment,9585000,success
U04487,2024-04-11 23:00:00,bill_payment,1082000,success
U04487,2024-04-16 11:00:00,savings_deposit,377000,success
U04487,2024-05-02 11:00:00,transfer,343000,success
U04487,2024-05-16 19:00:00,card_payment,418000,success
U04487,2024-05-20 16:00:00,loan_repayment,1110000,success
U04490,2024-05-16 13:00:00,transfer,5605000,success
U04490,2024-05-16 15:00:00,transfer,6325000,success
U04490,2024-06-06 11:00:00,qr_payment,8513000,success
U04490,2024-06-07 14:00:00,savings_deposit,4135000,success
U04492,2024-02-12 14:00:00,qr_payment,2549000,success
U04492,2024-02-20 09:00:00,bill_payment,3296000,success
U04492,2024-02-26 07:00:00,transfer,3210000,success
U04492,2024-02-28 00:00:00,bill_payment,3491000,success
U04492,2024-03-10 06:00:00,qr_payment,6877000,success
U04492,2024-03-20 13:00:00,qr_payment,7652000,success
U04492,2024-03-21 10:00:00,bill_payment,1209000,success
U04492,2024-03-29 03:00:00,qr_payment,9479000,success
U04492,2024-04-02 23:00:00,qr_payment,9568000,success
U04492,2024-04-08 08:00:00,savings_deposit,6222000,success
U04499,2024-04-23 02:00:00,qr_payment,9737000,success
U04499,2024-04-24 11:00:00,savings_deposit,7957000,success
U04499,2024-04-25 01:00:00,bill_payment,8938000,success
U04499,2024-04-25 21:00:00,bill_payment,5308000,success
U04499,2024-05-05 02:00:00,savings_deposit,6307000,success
U04499,2024-05-08 09:00:00,qr_payment,5225000,success
U04499,2024-05-09 09:00:00,card_payment,8645000,success
U04499,2024-05-15 02:00:00,loan_repayment,1969000,success
U04499,2024-05-17 09:00:00,savings_deposit,963000,success
U04499,2024-05-27 10:00:00,loan_repayment,3341000,success
U04499,2024-05-29 23:00:00,savings_deposit,6635000,success
U04499,2024-06-13 01:00:00,savings_deposit,2582000,failed
U04506,2024-02-09 20:00:00,loan_repayment,2830000,success
U04506,2024-02-15 03:00:00,transfer,6177000,success
U04506,2024-02-19 23:00:00,transfer,2121000,success
U04506,2024-02-27 00:00:00,card_payment,7448000,success
U04506,2024-03-06 04:00:00,loan_repayment,8831000,success
U04506,2024-03-15 21:00:00,savings_deposit,3015000,success
U04506,2024-03-17 10:00:00,transfer,7973000,success
U04506,2024-03-26 08:00:00,loan_repayment,6691000,success
U04508,2024-04-17 02:00:00,savings_deposit,3404000,success
U04508,2024-04-18 16:00:00,card_payment,9552000,success
U04508,2024-04-22 22:00:00,qr_payment,2179000,success
U04508,2024-04-29 22:00:00,qr_payment,4344000,success
U04508,2024-05-04 14:00:00,qr_payment,1782000,success
U04508,2024-05-31 19:00:00,card_payment,2848000,success
U04508,2024-06-03 12:00:00,bill_payment,2598000,success
U04508,2024-06-13 21:00:00,qr_payment,2083000,success
U04519,2024-04-08 03:00:00,loan_repayment,34039000,failed
U04519,2024-04-23 11:00:00,loan_repayment,7230000,success
U04519,2024-04-27 21:00:00,card_payment,24934000,success
U04519,2024-05-02 09:00:00,loan_repayment,19478000,success
U04519,2024-05-03 00:00:00,loan_repayment,6247000,success
U04519,2024-05-09 11:00:00,loan_repayment,8085000,success
U04519,2024-05-15 13:00:00,loan_repayment,43705000,success
U04523,2024-04-22 03:00:00,qr_payment,48837000,success
U04523,2024-04-28 13:00:00,bill_payment,11711000,success
U04523,2024-04-29 03:00:00,transfer,9206000,success
U04523,2024-05-01 11:00:00,savings_deposit,30102000,success
U04523,2024-05-08 02:00:00,transfer,26774000,success
U04523,2024-05-08 12:00:00,bill_payment,32760000,success
U04523,2024-05-14 14:00:00,loan_repayment,14067000,failed
U04523,2024-05-23 06:00:00,loan_repayment,23565000,success
U04523,2024-05-24 02:00:00,transfer,12276000,success
U04523,2024-05-24 09:00:00,card_payment,34321000,success
U04523,2024-05-26 03:00:00,loan_repayment,9652000,success
U04523,2024-06-06 12:00:00,transfer,24703000,success
U04523,2024-06-11 16:00:00,transfer,21151000,success
U04533,2024-01-24 04:00:00,card_payment,619000,success
U04533,2024-01-25 14:00:00,transfer,1279000,success
U04533,2024-01-28 17:00:00,transfer,1506000,success
U04533,2024-01-29 20:00:00,card_payment,68000,success
U04533,2024-02-17 21:00:00,card_payment,1154000,success
U04533,2024-02-21 22:00:00,qr_payment,1602000,success
U04533,2024-02-24 20:00:00,savings_deposit,1823000,success
U04533,2024-02-26 22:00:00,card_payment,1244000,success
U04533,2024-03-13 18:00:00,qr_payment,1938000,success
U04533,2024-03-16 22:00:00,transfer,1058000,success
U04535,2024-04-15 03:00:00,loan_repayment,8988000,success
U04535,2024-05-26 11:00:00,loan_repayment,2047000,success
U04538,2024-03-30 09:00:00,transfer,1949000,success
U04538,2024-04-01 15:00:00,card_payment,947000,success
U04538,2024-04-09 15:00:00,loan_repayment,754000,success
U04538,2024-04-13 01:00:00,qr_payment,1574000,success
U04538,2024-04-13 09:00:00,qr_payment,1375000,failed
U04538,2024-04-19 01:00:00,loan_repayment,1362000,success
U04538,2024-04-27 13:00:00,card_payment,1339000,success
U04538,2024-04-29 05:00:00,qr_payment,899000,success
U04538,2024-05-05 00:00:00,loan_repayment,934000,success
U04538,2024-05-10 04:00:00,transfer,189000,success
U04538,2024-05-11 02:00:00,loan_repayment,764000,success
U04546,2024-02-02 20:00:00,loan_repayment,866000,success
U04546,2024-02-02 21:00:00,savings_deposit,531000,success
U04546,2024-02-02 22:00:00,bill_payment,131000,success
U04546,2024-02-07 05:00:00,bill_payment,6196000,failed
U04546,2024-02-11 13:00:00,savings_deposit,1864000,success
U04546,2024-02-18 15:00:00,qr_payment,8709000,success
U04546,2024-02-20 21:00:00,qr_payment,1034000,success
U04546,2024-03-15 18:00:00,card_payment,4594000,success
U04546,2024-03-17 20:00:00,qr_payment,5269000,success
U04553,2024-04-06 17:00:00,savings_deposit,7796000,success
U04555,2024-04-13 07:00:00,transfer,364000,success
U04555,2024-05-15 00:00:00,card_payment,1471000,success
U04557,2024-01-18 17:00:00,transfer,9156000,success
U04557,2024-01-28 18:00:00,card_payment,7085000,success
U04557,2024-01-30 16:00:00,qr_payment,2179000,success
U04557,2024-01-30 17:00:00,bill_payment,8089000,failed
U04557,2024-02-27 16:00:00,loan_repayment,6095000,success
U04557,2024-02-27 22:00:00,bill_payment,5440000,success
U04557,2024-03-03 23:00:00,transfer,7993000,success
U04557,2024-03-05 22:00:00,transfer,8811000,failed
U04558,2024-02-16 11:00:00,bill_payment,1024000,success
U04558,2024-03-15 17:00:00,bill_payment,6887000,success
U04558,2024-03-21 07:00:00,qr_payment,5277000,success
U04562,2024-04-20 02:00:00,savings_deposit,1701000,success
U04562,2024-04-22 01:00:00,transfer,1490000,success
U04562,2024-04-27 00:00:00,savings_deposit,1492000,success
U04562,2024-04-28 00:00:00,bill_payment,212000,success
U04562,2024-05-11 22:00:00,transfer,193000,success
U04562,2024-05-14 08:00:00,savings_deposit,1246000,success
U04562,2024-05-21 04:00:00,savings_deposit,1770000,success
U04562,2024-05-22 20:00:00,loan_repayment,268000,success
U04562,2024-06-06 06:00:00,loan_repayment,197000,success
U04562,2024-06-11 01:00:00,loan_repayment,617000,success
U04563,2024-02-07 04:00:00,qr_payment,3640000,success
U04563,2024-02-07 15:00:00,qr_payment,6714000,success
U04563,2024-03-05 10:00:00,savings_deposit,5383000,success
U04563,2024-03-08 06:00:00,qr_payment,8774000,success
U04563,2024-03-16 11:00:00,savings_deposit,8608000,success
U04563,2024-03-16 11:00:00,loan_repayment,9760000,success
U04563,2024-03-21 02:00:00,savings_deposit,6339000,success
U04563,2024-03-27 03:00:00,savings_deposit,1300000,success
U04563,2024-03-27 08:00:00,qr_payment,986000,success
U04563,2024-03-28 14:00:00,qr_payment,2010000,success
U04566,2024-04-05 07:00:00,transfer,340000,success
U04566,2024-04-07 06:00:00,loan_repayment,1542000,success
U04566,2024-04-21 07:00:00,bill_payment,1001000,failed
U04566,2024-04-21 11:00:00,qr_payment,1451000,success
U04566,2024-04-28 21:00:00,qr_payment,1651000,success
U04566,2024-05-03 07:00:00,loan_repayment,1736000,success
U04566,2024-05-05 03:00:00,loan_repayment,689000,success
U04566,2024-05-05 11:00:00,qr_payment,1170000,success
U04566,2024-05-13 02:00:00,qr_payment,817000,success
U04566,2024-05-22 02:00:00,qr_payment,819000,success
U04566,2024-05-22 03:00:00,qr_payment,204000,success
U04566,2024-05-23 12:00:00,card_payment,810000,success
U04566,2024-05-25 06:00:00,savings_deposit,867000,success
U04566,2024-05-26 12:00:00,bill_payment,298000,success
U04569,2024-01-29 17:00:00,savings_deposit,5668000,success
U04569,2024-02-06 17:00:00,bill_payment,3316000,success
U04569,2024-02-08 17:00:00,savings_deposit,192000,failed
U04569,2024-02-24 18:00:00,bill_payment,9221000,success
U04571,2024-03-24 00:00:00,transfer,1215000,success
U04571,2024-04-03 08:00:00,bill_payment,1989000,success
U04571,2024-04-10 12:00:00,card_payment,1035000,success
U04571,2024-04-16 16:00:00,bill_payment,1860000,success
U04571,2024-04-17 04:00:00,bill_payment,1811000,success
U04571,2024-04-18 14:00:00,card_payment,183000,success
U04571,2024-05-01 03:00:00,bill_payment,374000,success
U04571,2024-05-02 02:00:00,qr_payment,1976000,success
U04571,2024-05-05 01:00:00,qr_payment,1537000,success
U04571,2024-05-10 03:00:00,transfer,259000,success
U04571,2024-05-14 02:00:00,transfer,630000,success
U04571,2024-05-14 16:00:00,transfer,162000,success
U04571,2024-05-15 08:00:00,card_payment,50000,success
U04571,2024-05-18 13:00:00,qr_payment,1959000,success
U04587,2024-04-02 07:00:00,transfer,19377000,success
U04587,2024-04-02 11:00:00,loan_repayment,39323000,success
U04587,2024-04-06 01:00:00,loan_repayment,44095000,success
U04587,2024-04-06 05:00:00,loan_repayment,3996000,success
U04587,2024-04-06 19:00:00,loan_repayment,48665000,success
U04587,2024-04-18 11:00:00,loan_repayment,22821000,success
U04587,2024-05-02 08:00:00,card_payment,12715000,success
U04587,2024-05-04 06:00:00,card_payment,44287000,success
U04587,2024-05-05 02:00:00,loan_repayment,27442000,success
U04587,2024-05-13 01:00:00,savings_deposit,43102000,success
U04587,2024-05-18 10:00:00,savings_deposit,12440000,success
U04587,2024-05-24 06:00:00,card_payment,28577000,success
U04587,2024-05-25 00:00:00,qr_payment,20323000,success
U04591,2024-03-05 02:00:00,transfer,6156000,success
U04591,2024-03-24 08:00:00,bill_payment,6362000,success
U04591,2024-04-07 05:00:00,card_payment,8352000,success
U04591,2024-04-08 02:00:00,savings_deposit,6927000,success
U04591,2024-04-30 12:00:00,transfer,5578000,success
U04594,2024-02-18 10:00:00,transfer,2225000,success
U04603,2024-03-28 06:00:00,qr_payment,483000,success
U04603,2024-04-18 20:00:00,loan_repayment,1809000,success
U04603,2024-05-10 11:00:00,transfer,569000,success
U04603,2024-05-12 06:00:00,savings_deposit,291000,success
U04604,2024-04-01 10:00:00,card_payment,875000,success
U04604,2024-04-02 10:00:00,qr_payment,1366000,success
U04604,2024-04-03 06:00:00,transfer,710000,success
U04604,2024-04-03 11:00:00,transfer,153000,success
U04604,2024-04-08 09:00:00,card_payment,1518000,success
U04604,2024-04-19 16:00:00,qr_payment,1469000,success
U04604,2024-04-24 11:00:00,qr_payment,762000,success
U04604,2024-04-29 09:00:00,savings_deposit,98000,success
U04604,2024-04-30 00:00:00,card_payment,987000,success
U04604,2024-05-28 11:00:00,bill_payment,1849000,success
U04604,2024-05-29 05:00:00,loan_repayment,1898000,success
U04606,2024-04-20 14:00:00,loan_repayment,39671000,success
U04606,2024-05-07 18:00:00,savings_deposit,40876000,success
U04606,2024-05-14 07:00:00,card_payment,2929000,success
U04606,2024-05-17 19:00:00,savings_deposit,2834000,success
U04606,2024-05-19 19:00:00,savings_deposit,8347000,success
U04606,2024-05-20 14:00:00,transfer,16430000,success
U04606,2024-05-21 10:00:00,card_payment,3204000,success
U04606,2024-06-14 07:00:00,loan_repayment,3596000,success
U04606,2024-06-17 16:00:00,savings_deposit,40243000,success
U04606,2024-06-19 12:00:00,savings_deposit,3614000,success
U04611,2024-02-05 12:00:00,card_payment,8245000,success
U04611,2024-02-06 12:00:00,savings_deposit,2722000,success
U04611,2024-02-06 13:00:00,transfer,8952000,success
U04611,2024-02-13 13:00:00,transfer,2160000,success
U04611,2024-02-18 19:00:00,card_payment,4834000,success
U04611,2024-02-26 00:00:00,card_payment,6040000,success
U04611,2024-03-04 01:00:00,savings_deposit,8384000,success
U04611,2024-03-04 11:00:00,transfer,9606000,success
U04611,2024-03-04 11:00:00,transfer,692000,success
U04611,2024-03-07 14:00:00,qr_payment,247000,success
U04611,2024-03-07 15:00:00,transfer,5760000,success
U04611,2024-03-10 00:00:00,bill_payment,3466000,success
U04611,2024-03-12 17:00:00,transfer,2306000,success
U04611,2024-03-16 10:00:00,card_payment,9909000,failed
U04611,2024-03-18 15:00:00,card_payment,3134000,success
U04611,2024-03-23 14:00:00,loan_repayment,7944000,success
U04611,2024-03-23 18:00:00,bill_payment,2942000,success
U04612,2024-03-01 20:00:00,qr_payment,12569000,success
U04612,2024-03-26 16:00:00,bill_payment,22101000,success
U04612,2024-03-30 17:00:00,loan_repayment,47783000,success
U04612,2024-04-11 10:00:00,qr_payment,33558000,success
U04612,2024-04-13 08:00:00,qr_payment,519000,success
U04618,2024-04-18 23:00:00,card_payment,1080000,success
U04618,2024-04-20 00:00:00,transfer,4409000,failed
U04618,2024-05-03 15:00:00,card_payment,8239000,success
U04618,2024-05-18 18:00:00,card_payment,2267000,success
U04618,2024-05-22 19:00:00,savings_deposit,1103000,success
U04618,2024-06-08 10:00:00,card_payment,2537000,success
U04618,2024-06-09 01:00:00,loan_repayment,8952000,success
U04618,2024-06-09 11:00:00,savings_deposit,104000,success
U04618,2024-06-10 01:00:00,bill_payment,7806000,success
U04618,2024-06-14 21:00:00,bill_payment,6026000,success
U04621,2024-03-19 20:00:00,bill_payment,2226000,failed
U04621,2024-03-26 21:00:00,savings_deposit,14037000,success
U04621,2024-03-28 01:00:00,loan_repayment,14211000,success
U04621,2024-04-06 21:00:00,transfer,18570000,success
U04621,2024-05-08 17:00:00,transfer,26253000,success
U04627,2024-04-13 18:00:00,bill_payment,8763000,success
U04627,2024-04-22 21:00:00,card_payment,2520000,success
U04627,2024-05-09 00:00:00,bill_payment,9668000,success
U04627,2024-05-10 17:00:00,savings_deposit,2572000,success
U04627,2024-05-13 05:00:00,loan_repayment,3838000,success
U04627,2024-05-13 23:00:00,card_payment,9911000,success
U04627,2024-05-17 05:00:00,savings_deposit,8970000,success
U04627,2024-05-19 00:00:00,savings_deposit,6729000,success
U04627,2024-05-21 17:00:00,transfer,2411000,success
U04627,2024-05-24 02:00:00,qr_payment,7708000,success
U04627,2024-05-24 18:00:00,card_payment,9319000,success
U04630,2024-04-02 20:00:00,transfer,1052000,success
U04630,2024-04-07 15:00:00,transfer,624000,success
U04630,2024-04-11 01:00:00,transfer,1751000,failed
U04630,2024-04-27 22:00:00,transfer,602000,success
U04630,2024-05-03 12:00:00,transfer,491000,success
U04631,2024-04-10 20:00:00,savings_deposit,29027000,success
U04631,2024-04-21 19:00:00,card_payment,5633000,success
U04631,2024-05-04 18:00:00,card_payment,47571000,success
U04631,2024-05-13 22:00:00,card_payment,42686000,success
U04635,2024-03-26 10:00:00,qr_payment,4249000,success
U04635,2024-04-03 21:00:00,qr_payment,7268000,success
U04635,2024-04-16 18:00:00,card_payment,9569000,failed
U04635,2024-05-05 12:00:00,qr_payment,6446000,success
U04635,2024-05-06 19:00:00,qr_payment,2944000,success
U04637,2024-05-29 06:00:00,bill_payment,1978000,success
U04637,2024-06-01 08:00:00,bill_payment,1804000,success
U04638,2024-03-19 13:00:00,transfer,2660000,success
U04638,2024-03-31 04:00:00,bill_payment,3584000,success
U04638,2024-04-03 10:00:00,transfer,832000,failed
U04638,2024-04-05 03:00:00,savings_deposit,2836000,success
U04638,2024-04-06 16:00:00,loan_repayment,439000,success
U04638,2024-04-20 07:00:00,card_payment,1770000,success
U04638,2024-04-22 13:00:00,savings_deposit,4426000,success
U04640,2024-01-29 17:00:00,qr_payment,2292000,success
U04650,2024-01-21 07:00:00,savings_deposit,4325000,success
U04650,2024-01-31 06:00:00,bill_payment,9447000,success
U04650,2024-02-13 01:00:00,savings_deposit,3901000,success
U04650,2024-02-26 03:00:00,transfer,101000,success
U04650,2024-02-27 01:00:00,bill_payment,9853000,success
U04650,2024-03-04 13:00:00,qr_payment,7268000,success
U04650,2024-03-12 04:00:00,bill_payment,5878000,success
U04650,2024-03-12 05:00:00,bill_payment,2838000,success
U04651,2024-04-27 08:00:00,loan_repayment,1221000,success
U04651,2024-05-03 15:00:00,loan_repayment,277000,success
U04651,2024-05-11 13:00:00,bill_payment,1160000,success
U04651,2024-05-12 00:00:00,savings_deposit,742000,success
U04651,2024-05-25 13:00:00,bill_payment,92000,success
U04651,2024-05-29 08:00:00,loan_repayment,250000,success
U04651,2024-06-20 00:00:00,qr_payment,1446000,success
U04653,2024-02-22 00:00:00,bill_payment,9748000,success
U04653,2024-02-26 05:00:00,loan_repayment,1915000,success
U04653,2024-02-28 00:00:00,transfer,2493000,failed
U04653,2024-03-07 18:00:00,bill_payment,9117000,failed
U04653,2024-03-15 18:00:00,savings_deposit,8882000,success
U04653,2024-03-20 15:00:00,transfer,7222000,success
U04655,2024-04-30 12:00:00,savings_deposit,8727000,success
U04655,2024-05-09 15:00:00,transfer,7967000,success
U04655,2024-05-28 11:00:00,qr_payment,8982000,success
U04655,2024-06-02 06:00:00,transfer,2334000,success
U04655,2024-06-08 04:00:00,qr_payment,6641000,success
U04655,2024-06-12 02:00:00,savings_deposit,9498000,success
U04655,2024-06-12 14:00:00,savings_deposit,7510000,success
U04655,2024-06-18 02:00:00,qr_payment,2418000,failed
U04659,2024-03-30 16:00:00,loan_repayment,220000,success
U04659,2024-03-31 03:00:00,transfer,787000,success
U04659,2024-03-31 19:00:00,bill_payment,1268000,success
U04659,2024-04-01 18:00:00,bill_payment,602000,success
U04659,2024-04-03 10:00:00,bill_payment,167000,success
U04659,2024-04-22 11:00:00,bill_payment,1508000,success
U04659,2024-05-09 07:00:00,loan_repayment,82000,success
U04659,2024-05-18 05:00:00,savings_deposit,1911000,success
U04659,2024-05-20 11:00:00,bill_payment,1463000,success
U04663,2024-02-29 23:00:00,card_payment,7055000,success
U04663,2024-03-04 20:00:00,bill_payment,7536000,failed
U04663,2024-03-24 00:00:00,card_payment,3963000,success
U04666,2024-04-16 10:00:00,transfer,8657000,success
U04666,2024-05-03 03:00:00,bill_payment,4176000,success
U04666,2024-05-04 02:00:00,bill_payment,4204000,success
U04666,2024-05-04 06:00:00,bill_payment,4358000,success
U04666,2024-05-08 22:00:00,bill_payment,9142000,success
U04666,2024-05-09 22:00:00,bill_payment,4001000,success
U04666,2024-05-21 02:00:00,bill_payment,2595000,failed
U04666,2024-05-22 06:00:00,transfer,5798000,failed
U04668,2024-03-07 12:00:00,savings_deposit,260000,success
U04670,2024-04-05 08:00:00,qr_payment,3957000,success
U04670,2024-04-19 06:00:00,transfer,9702000,success
U04670,2024-04-19 07:00:00,loan_repayment,3326000,success
U04670,2024-04-20 07:00:00,loan_repayment,662000,success
U04670,2024-04-22 15:00:00,bill_payment,213000,success
U04670,2024-04-23 23:00:00,savings_deposit,6510000,success
U04670,2024-04-28 12:00:00,loan_repayment,2509000,success
U04670,2024-04-30 01:00:00,savings_deposit,3958000,success
U04670,2024-05-10 02:00:00,transfer,1315000,success
U04670,2024-05-12 11:00:00,bill_payment,7901000,success
U04670,2024-05-12 12:00:00,qr_payment,6394000,success
U04670,2024-05-20 00:00:00,loan_repayment,6567000,success
U04676,2024-04-09 17:00:00,bill_payment,672000,success
U04677,2024-04-09 08:00:00,qr_payment,1544000,success
U04679,2024-04-01 09:00:00,loan_repayment,248000,success
U04679,2024-04-01 13:00:00,savings_deposit,4390000,success
U04679,2024-04-17 09:00:00,loan_repayment,854000,success
U04679,2024-05-05 13:00:00,qr_payment,1182000,success
U04679,2024-05-14 16:00:00,qr_payment,5853000,success
U04679,2024-05-21 20:00:00,loan_repayment,8063000,success
U04679,2024-05-30 18:00:00,savings_deposit,2775000,success
U04680,2024-01-18 04:00:00,card_payment,32604000,success
U04680,2024-01-18 07:00:00,loan_repayment,10180000,success
U04680,2024-01-19 00:00:00,transfer,1800000,success
U04680,2024-01-19 11:00:00,loan_repayment,7186000,success
U04680,2024-01-29 03:00:00,bill_payment,4336000,success
U04680,2024-01-29 05:00:00,bill_payment,39733000,success
U04680,2024-02-01 03:00:00,card_payment,37295000,success
U04680,2024-02-04 16:00:00,loan_repayment,43438000,success
U04680,2024-02-05 05:00:00,savings_deposit,27821000,success
U04680,2024-02-11 03:00:00,transfer,44930000,success
U04680,2024-03-12 09:00:00,card_payment,36204000,success
U04690,2024-03-13 12:00:00,qr_payment,1876000,success
U04690,2024-03-23 06:00:00,qr_payment,8803000,success
U04690,2024-03-25 16:00:00,savings_deposit,5531000,success
U04690,2024-04-03 10:00:00,qr_payment,4629000,success
U04690,2024-04-04 08:00:00,qr_payment,2888000,success
U04690,2024-04-07 14:00:00,qr_payment,3794000,success
U04690,2024-04-13 17:00:00,transfer,1483000,success
U04691,2024-02-04 23:00:00,qr_payment,36111000,success
U04691,2024-02-19 08:00:00,qr_payment,34073000,success
U04693,2024-04-07 11:00:00,card_payment,32274000,failed
U04693,2024-04-07 12:00:00,savings_deposit,36375000,success
U04693,2024-04-09 23:00:00,savings_deposit,27151000,success
U04693,2024-04-13 18:00:00,savings_deposit,5305000,failed
U04693,2024-04-17 18:00:00,transfer,32781000,success
U04693,2024-04-29 09:00:00,card_payment,32401000,success
U04693,2024-05-02 18:00:00,transfer,44414000,success
U04693,2024-05-09 11:00:00,savings_deposit,40162000,success
U04693,2024-05-28 19:00:00,transfer,24098000,success
U04700,2024-01-19 19:00:00,transfer,5035000,success
U04700,2024-01-28 20:00:00,savings_deposit,429000,success
U04700,2024-01-31 22:00:00,bill_payment,6146000,success
U04700,2024-02-10 03:00:00,bill_payment,3398000,success
U04700,2024-02-28 02:00:00,savings_deposit,6522000,success
U04700,2024-03-01 01:00:00,savings_deposit,1352000,success
U04700,2024-03-15 21:00:00,loan_repayment,1031000,success
U04700,2024-03-16 05:00:00,qr_payment,185000,success
U04703,2024-01-31 22:00:00,loan_repayment,5809000,success
U04703,2024-02-07 17:00:00,loan_repayment,8048000,success
U04703,2024-02-12 18:00:00,loan_repayment,8232000,success
U04703,2024-03-02 03:00:00,savings_deposit,8532000,success
U04703,2024-03-05 09:00:00,loan_repayment,6047000,success
U04703,2024-03-14 04:00:00,bill_payment,815000,success
U04703,2024-03-16 18:00:00,savings_deposit,8320000,success
U04703,2024-03-24 02:00:00,savings_deposit,3745000,success
U04703,2024-03-27 04:00:00,bill_payment,3392000,success
U04703,2024-03-28 07:00:00,card_payment,7881000,success
U04704,2024-02-24 02:00:00,transfer,6631000,success
U04704,2024-02-25 18:00:00,bill_payment,1826000,failed
U04704,2024-03-10 04:00:00,transfer,7159000,success
U04704,2024-03-10 07:00:00,transfer,8255000,success
U04704,2024-03-11 19:00:00,bill_payment,7859000,success
U04704,2024-03-16 19:00:00,transfer,1377000,success
U04704,2024-03-22 01:00:00,loan_repayment,4384000,success
U04704,2024-03-24 18:00:00,bill_payment,1048000,success
U04704,2024-03-26 08:00:00,transfer,8856000,success
U04704,2024-03-28 01:00:00,card_payment,4329000,success
U04704,2024-03-31 08:00:00,bill_payment,3080000,success
U04704,2024-04-01 04:00:00,bill_payment,545000,success
U04704,2024-04-08 18:00:00,transfer,2091000,success
U04704,2024-04-10 06:00:00,savings_deposit,317000,failed
U04704,2024-04-13 01:00:00,loan_repayment,5393000,success
U04704,2024-04-15 05:00:00,transfer,5134000,success
U04704,2024-04-16 01:00:00,loan_repayment,1235000,success
U04704,2024-04-22 03:00:00,qr_payment,2675000,success
U04706,2024-05-08 10:00:00,savings_deposit,1136000,success
U04706,2024-05-18 07:00:00,card_payment,3522000,success
U04706,2024-05-24 12:00:00,loan_repayment,8890000,success
U04706,2024-05-25 22:00:00,card_payment,7513000,success
U04706,2024-06-02 01:00:00,transfer,2254000,success
U04706,2024-06-03 01:00:00,qr_payment,4131000,success
U04706,2024-06-04 11:00:00,savings_deposit,1639000,success
U04708,2024-01-30 00:00:00,card_payment,9769000,success
U04708,2024-02-08 23:00:00,savings_deposit,7426000,failed
U04708,2024-02-12 09:00:00,card_payment,6295000,success
U04708,2024-02-20 16:00:00,card_payment,7063000,success
U04708,2024-02-24 01:00:00,card_payment,6807000,failed
U04708,2024-02-25 15:00:00,savings_deposit,7263000,success
U04708,2024-02-29 13:00:00,card_payment,5373000,success
U04723,2024-01-23 00:00:00,card_payment,6669000,success
U04723,2024-02-02 03:00:00,loan_repayment,4909000,success
U04723,2024-02-14 22:00:00,card_payment,8651000,success
U04723,2024-02-27 21:00:00,loan_repayment,136000,success
U04723,2024-03-05 06:00:00,loan_repayment,3823000,success
U04727,2024-01-25 04:00:00,qr_payment,7139000,success
U04727,2024-01-31 09:00:00,qr_payment,7568000,success
U04727,2024-02-01 18:00:00,savings_deposit,6303000,success
U04727,2024-02-20 02:00:00,savings_deposit,5896000,success
U04728,2024-03-22 15:00:00,qr_payment,2949000,success
U04728,2024-03-25 14:00:00,card_payment,4130000,success
U04728,2024-03-31 19:00:00,qr_payment,6431000,success
U04728,2024-04-06 22:00:00,card_payment,7705000,success
U04728,2024-04-15 22:00:00,savings_deposit,7864000,success
U04728,2024-04-16 15:00:00,loan_repayment,4365000,success
U04728,2024-04-19 18:00:00,qr_payment,9812000,success
U04728,2024-04-25 13:00:00,bill_payment,153000,success
U04728,2024-05-01 00:00:00,bill_payment,5604000,success
U04728,2024-05-02 21:00:00,bill_payment,1891000,success
U04728,2024-05-02 23:00:00,loan_repayment,2175000,success
U04728,2024-05-03 01:00:00,loan_repayment,2536000,success
U04728,2024-05-08 05:00:00,qr_payment,8667000,success
U04728,2024-05-08 16:00:00,bill_payment,4904000,success
U04737,2024-01-22 08:00:00,card_payment,1469000,success
U04737,2024-01-29 07:00:00,qr_payment,1479000,success
U04737,2024-02-08 07:00:00,savings_deposit,1970000,success
U04737,2024-02-10 12:00:00,bill_payment,860000,success
U04737,2024-02-20 23:00:00,savings_deposit,1946000,success
U04737,2024-02-23 14:00:00,qr_payment,504000,success
U04737,2024-03-05 04:00:00,loan_repayment,895000,success
U04737,2024-03-10 06:00:00,savings_deposit,1948000,failed
U04737,2024-03-12 02:00:00,qr_payment,1167000,success
U04737,2024-03-19 10:00:00,loan_repayment,1832000,success
U04746,2024-02-02 10:00:00,bill_payment,8560000,success
U04746,2024-03-01 17:00:00,bill_payment,8495000,success
U04746,2024-03-08 15:00:00,bill_payment,9607000,success
U04746,2024-03-11 14:00:00,bill_payment,5903000,success
U04749,2024-01-23 07:00:00,card_payment,1844000,success
U04749,2024-01-26 16:00:00,card_payment,1388000,success
U04749,2024-02-17 19:00:00,card_payment,358000,success
U04749,2024-02-23 11:00:00,card_payment,637000,success
U04749,2024-03-16 22:00:00,card_payment,1854000,success
U04749,2024-03-18 11:00:00,card_payment,1064000,success
U04754,2024-02-26 23:00:00,transfer,4306000,success
U04754,2024-02-29 00:00:00,qr_payment,4577000,success
U04754,2024-03-10 09:00:00,savings_deposit,5749000,success
U04754,2024-03-10 11:00:00,transfer,3182000,success
U04754,2024-03-11 07:00:00,qr_payment,159000,success
U04754,2024-03-18 07:00:00,qr_payment,9960000,failed
U04754,2024-03-23 06:00:00,savings_deposit,5101000,success
U04754,2024-03-25 20:00:00,qr_payment,9260000,failed
U04754,2024-03-25 23:00:00,card_payment,623000,success
U04754,2024-03-30 21:00:00,bill_payment,7426000,success
U04754,2024-04-10 03:00:00,savings_deposit,4164000,success
U04754,2024-04-11 20:00:00,savings_deposit,1191000,success
U04754,2024-04-25 01:00:00,bill_payment,8374000,success
U04755,2024-02-19 12:00:00,savings_deposit,4732000,success
U04755,2024-02-25 05:00:00,savings_deposit,1905000,success
U04755,2024-02-28 14:00:00,transfer,739000,success
U04755,2024-03-18 03:00:00,card_payment,5362000,success
U04755,2024-03-23 01:00:00,qr_payment,4347000,success
U04755,2024-03-23 07:00:00,transfer,7310000,success
U04755,2024-04-01 08:00:00,qr_payment,1708000,success
U04763,2024-03-23 21:00:00,savings_deposit,1568000,success
U04763,2024-03-28 16:00:00,transfer,1973000,failed
U04763,2024-04-16 11:00:00,savings_deposit,987000,success
U04763,2024-05-08 16:00:00,qr_payment,1809000,success
U04768,2024-02-21 11:00:00,qr_payment,13001000,success
U04768,2024-02-22 12:00:00,qr_payment,6823000,success
U04768,2024-02-22 20:00:00,qr_payment,35967000,success
U04768,2024-02-29 04:00:00,qr_payment,33835000,success
U04768,2024-03-15 08:00:00,qr_payment,19233000,success
U04768,2024-03-25 11:00:00,bill_payment,28856000,success
U04768,2024-03-29 21:00:00,qr_payment,37470000,success
U04768,2024-03-30 21:00:00,loan_repayment,24743000,success
U04768,2024-04-01 08:00:00,qr_payment,12356000,success
U04768,2024-04-01 09:00:00,qr_payment,1547000,success
U04768,2024-04-03 00:00:00,bill_payment,40739000,success
U04770,2024-03-31 13:00:00,savings_deposit,1802000,success
U04770,2024-04-01 04:00:00,bill_payment,801000,success
U04770,2024-04-08 13:00:00,savings_deposit,735000,success
U04770,2024-04-11 12:00:00,savings_deposit,647000,success
U04770,2024-04-13 01:00:00,savings_deposit,1300000,failed
U04770,2024-04-13 14:00:00,bill_payment,724000,success
U04770,2024-04-19 12:00:00,savings_deposit,252000,failed
U04770,2024-04-24 00:00:00,loan_repayment,1441000,success
U04770,2024-04-25 16:00:00,transfer,680000,success
U04770,2024-05-23 01:00:00,loan_repayment,593000,success
U04777,2024-01-29 20:00:00,loan_repayment,56000,success
U04777,2024-02-02 06:00:00,qr_payment,1312000,success
U04777,2024-02-06 06:00:00,qr_payment,818000,failed
U04777,2024-02-08 11:00:00,qr_payment,1271000,success
U04777,2024-02-09 05:00:00,loan_repayment,1390000,success
U04777,2024-02-11 09:00:00,qr_payment,1121000,success
U04777,2024-02-24 12:00:00,qr_payment,815000,success
U04777,2024-02-29 15:00:00,transfer,1503000,success
U04777,2024-03-01 08:00:00,bill_payment,1338000,success
U04781,2024-01-26 19:00:00,bill_payment,42621000,failed
U04781,2024-01-31 11:00:00,loan_repayment,27108000,success
U04781,2024-01-31 22:00:00,qr_payment,30118000,failed
U04781,2024-02-09 23:00:00,bill_payment,8730000,success
U04781,2024-02-13 14:00:00,loan_repayment,47818000,success
U04781,2024-02-20 15:00:00,qr_payment,17697000,success
U04781,2024-03-01 23:00:00,loan_repayment,42634000,success
U04781,2024-03-03 11:00:00,bill_payment,35834000,success
U04781,2024-03-08 15:00:00,loan_repayment,9314000,success
U04781,2024-03-19 18:00:00,bill_payment,13013000,success
U04781,2024-03-24 14:00:00,qr_payment,36058000,success
U04781,2024-03-26 21:00:00,transfer,40396000,success
U04783,2024-03-01 16:00:00,savings_deposit,2140000,success
U04783,2024-03-14 12:00:00,qr_payment,31778000,success
U04783,2024-03-16 16:00:00,qr_payment,46437000,success
U04783,2024-03-16 16:00:00,loan_repayment,28425000,success
U04783,2024-03-21 00:00:00,savings_deposit,44438000,success
U04783,2024-03-26 09:00:00,bill_payment,21379000,success
U04783,2024-03-26 16:00:00,savings_deposit,36113000,failed
U04783,2024-04-10 15:00:00,transfer,31958000,success
U04783,2024-04-17 15:00:00,transfer,28688000,success
U04786,2024-01-10 07:00:00,transfer,3691000,failed
U04786,2024-01-10 14:00:00,card_payment,9159000,success
U04786,2024-01-12 08:00:00,transfer,3714000,success
U04786,2024-01-20 04:00:00,card_payment,8051000,success
U04786,2024-01-21 10:00:00,savings_deposit,5634000,success
U04786,2024-01-22 12:00:00,savings_deposit,7390000,success
U04786,2024-01-30 04:00:00,card_payment,3247000,success
U04786,2024-02-12 14:00:00,card_payment,2876000,success
U04786,2024-02-27 16:00:00,qr_payment,9138000,success
U04787,2024-04-21 08:00:00,loan_repayment,6798000,success
U04787,2024-04-29 10:00:00,bill_payment,5971000,success
U04787,2024-05-01 19:00:00,savings_deposit,6610000,success
U04787,2024-05-06 18:00:00,transfer,7189000,success
U04787,2024-05-09 06:00:00,savings_deposit,8436000,success
U04787,2024-05-13 09:00:00,bill_payment,7055000,success
U04787,2024-05-16 04:00:00,transfer,8036000,success
U04787,2024-05-29 09:00:00,bill_payment,6150000,success
U04787,2024-06-02 19:00:00,transfer,5884000,success
U04787,2024-06-04 11:00:00,savings_deposit,7164000,success
U04787,2024-06-10 11:00:00,loan_repayment,3439000,success
U04788,2024-05-13 11:00:00,qr_payment,4741000,success
U04788,2024-05-14 08:00:00,transfer,9803000,success
U04788,2024-05-15 12:00:00,bill_payment,757000,success
U04788,2024-05-17 10:00:00,qr_payment,4773000,success
U04788,2024-05-26 02:00:00,loan_repayment,9314000,success
U04788,2024-05-30 10:00:00,card_payment,2922000,success
U04788,2024-06-03 12:00:00,loan_repayment,6779000,success
U04788,2024-06-07 00:00:00,transfer,4254000,success
U04788,2024-06-15 03:00:00,qr_payment,1176000,success
U04788,2024-06-22 01:00:00,loan_repayment,6565000,success
U04788,2024-06-23 13:00:00,transfer,6555000,success
U04789,2024-04-15 13:00:00,bill_payment,1765000,success
U04789,2024-04-28 07:00:00,bill_payment,1129000,success
U04789,2024-05-05 10:00:00,bill_payment,1612000,success
U04789,2024-06-03 01:00:00,bill_payment,1064000,success
U04791,2024-03-10 06:00:00,qr_payment,9828000,success
U04791,2024-03-12 02:00:00,transfer,9811000,failed
U04791,2024-03-12 23:00:00,savings_deposit,3682000,success
U04791,2024-03-16 21:00:00,loan_repayment,1450000,success
U04791,2024-03-21 16:00:00,transfer,6022000,success
U04791,2024-03-23 05:00:00,loan_repayment,1510000,success
U04791,2024-03-25 21:00:00,savings_deposit,1712000,success
U04791,2024-03-27 03:00:00,loan_repayment,6243000,success
U04791,2024-04-01 05:00:00,transfer,549000,success
U04791,2024-04-08 01:00:00,transfer,7832000,success
U04791,2024-04-08 22:00:00,loan_repayment,1596000,success
U04791,2024-04-10 22:00:00,transfer,8135000,success
U04791,2024-04-13 01:00:00,transfer,3381000,success
U04791,2024-04-23 04:00:00,card_payment,8009000,success
U04791,2024-04-27 03:00:00,transfer,1254000,success
U04791,2024-04-28 17:00:00,qr_payment,4702000,success
U04791,2024-04-28 20:00:00,loan_repayment,1506000,failed
U04791,2024-05-02 22:00:00,transfer,5528000,success
U04794,2024-02-26 09:00:00,savings_deposit,2676000,success
U04794,2024-03-05 05:00:00,savings_deposit,918000,success
U04794,2024-03-08 02:00:00,savings_deposit,5549000,success
U04794,2024-03-27 22:00:00,qr_payment,2249000,success
U04794,2024-03-28 00:00:00,savings_deposit,2630000,success
U04794,2024-03-29 08:00:00,savings_deposit,8515000,success
U04794,2024-03-30 00:00:00,savings_deposit,3208000,success
U04800,2024-04-25 14:00:00,card_payment,7628000,failed
U04800,2024-04-26 00:00:00,bill_payment,9040000,success
U04800,2024-05-02 07:00:00,transfer,2300000,success
U04800,2024-05-07 01:00:00,card_payment,3596000,success
U04800,2024-05-16 13:00:00,bill_payment,8693000,success
U04800,2024-06-09 12:00:00,bill_payment,9481000,success
U04800,2024-06-14 02:00:00,card_payment,9050000,success
U04800,2024-06-19 15:00:00,card_payment,3513000,success
U04800,2024-06-20 00:00:00,qr_payment,9070000,success
U04801,2024-01-08 04:00:00,bill_payment,7261000,success
U04801,2024-01-08 19:00:00,card_payment,19969000,success
U04801,2024-01-10 16:00:00,bill_payment,38298000,success
U04801,2024-01-10 19:00:00,bill_payment,6016000,success
U04801,2024-01-14 04:00:00,loan_repayment,34334000,success
U04801,2024-01-20 04:00:00,card_payment,31177000,success
U04801,2024-01-22 17:00:00,qr_payment,1388000,success
U04801,2024-01-29 22:00:00,qr_payment,38096000,success
U04801,2024-02-01 08:00:00,qr_payment,32964000,success
U04801,2024-02-05 17:00:00,loan_repayment,25740000,success
U04801,2024-02-18 08:00:00,bill_payment,18527000,success
U04801,2024-02-19 22:00:00,card_payment,33986000,success
U04801,2024-02-24 01:00:00,transfer,28549000,success
U04804,2024-02-22 03:00:00,loan_repayment,248000,success
U04804,2024-02-23 03:00:00,bill_payment,1100000,success
U04804,2024-03-06 22:00:00,loan_repayment,1501000,success
U04804,2024-03-11 06:00:00,loan_repayment,1508000,failed
U04808,2024-03-22 20:00:00,savings_deposit,18429000,success
U04808,2024-03-28 13:00:00,bill_payment,22129000,success
U04808,2024-04-14 21:00:00,bill_payment,34721000,success
U04808,2024-05-12 00:00:00,bill_payment,5457000,success
U04813,2024-01-27 03:00:00,card_payment,7311000,success
U04813,2024-02-27 15:00:00,card_payment,4907000,success
U04813,2024-02-29 15:00:00,savings_deposit,4211000,success
U04813,2024-03-11 08:00:00,card_payment,5817000,success
U04814,2024-04-25 16:00:00,bill_payment,317000,success
U04814,2024-05-06 16:00:00,card_payment,283000,success
U04814,2024-05-14 16:00:00,loan_repayment,140000,success
U04814,2024-05-24 03:00:00,card_payment,1858000,success
U04814,2024-05-29 16:00:00,savings_deposit,739000,success
U04815,2024-03-08 09:00:00,loan_repayment,8021000,success
U04815,2024-03-21 16:00:00,qr_payment,3307000,failed
U04815,2024-03-22 13:00:00,bill_payment,2752000,success
U04815,2024-03-23 19:00:00,loan_repayment,3258000,success
U04815,2024-04-02 21:00:00,bill_payment,1731000,success
U04815,2024-04-05 11:00:00,bill_payment,8476000,success
U04815,2024-04-14 16:00:00,bill_payment,5772000,success
U04815,2024-04-14 23:00:00,loan_repayment,6816000,success
U04815,2024-05-01 12:00:00,bill_payment,5719000,success
U04816,2024-05-20 19:00:00,transfer,2606000,success
U04819,2024-05-06 02:00:00,bill_payment,343000,success
U04823,2024-02-18 12:00:00,savings_deposit,5111000,success
U04823,2024-03-02 11:00:00,savings_deposit,4208000,success
U04823,2024-03-06 14:00:00,savings_deposit,5940000,success
U04825,2024-01-10 05:00:00,qr_payment,256000,success
U04825,2024-01-16 01:00:00,card_payment,3571000,success
U04825,2024-01-17 05:00:00,loan_repayment,530000,success
U04825,2024-01-20 08:00:00,loan_repayment,9276000,success
U04825,2024-01-22 04:00:00,bill_payment,9786000,success
U04825,2024-01-26 07:00:00,loan_repayment,5820000,success
U04825,2024-01-29 22:00:00,card_payment,9408000,success
U04825,2024-02-04 03:00:00,bill_payment,1949000,success
U04825,2024-02-11 07:00:00,transfer,7756000,success
U04825,2024-02-11 10:00:00,transfer,585000,success
U04825,2024-02-13 01:00:00,loan_repayment,227000,success
U04825,2024-02-17 09:00:00,bill_payment,9452000,success
U04825,2024-02-25 09:00:00,qr_payment,2157000,success
U04825,2024-02-29 21:00:00,bill_payment,607000,success
U04825,2024-03-02 03:00:00,transfer,6666000,success
U04825,2024-03-08 11:00:00,transfer,7055000,success
U04825,2024-03-08 21:00:00,qr_payment,7952000,success
U04825,2024-03-09 21:00:00,card_payment,3655000,success
U04838,2024-01-15 17:00:00,loan_repayment,6494000,success
U04838,2024-02-26 08:00:00,qr_payment,1347000,success
U04841,2024-03-19 21:00:00,savings_deposit,1973000,success
U04841,2024-03-25 16:00:00,savings_deposit,1132000,success
U04841,2024-03-26 00:00:00,loan_repayment,1543000,success
U04841,2024-03-26 03:00:00,card_payment,1711000,failed
U04841,2024-03-28 18:00:00,transfer,810000,success
U04841,2024-04-01 14:00:00,savings_deposit,1730000,success
U04841,2024-04-06 21:00:00,transfer,1818000,success
U04841,2024-04-07 05:00:00,loan_repayment,1983000,success
U04841,2024-04-07 19:00:00,savings_deposit,548000,success
U04841,2024-04-10 15:00:00,savings_deposit,625000,success
U04841,2024-04-15 00:00:00,transfer,1406000,success
U04841,2024-04-17 15:00:00,card_payment,1196000,success
U04841,2024-04-19 21:00:00,bill_payment,1898000,failed
U04841,2024-04-29 20:00:00,savings_deposit,1660000,success
U04841,2024-05-01 05:00:00,transfer,1145000,success
U04841,2024-05-08 01:00:00,transfer,621000,success
U04846,2024-02-17 14:00:00,qr_payment,8288000,success
U04848,2024-03-08 04:00:00,loan_repayment,44508000,success
U04848,2024-04-02 04:00:00,transfer,6424000,success
U04848,2024-04-13 05:00:00,savings_deposit,31133000,success
U04848,2024-04-21 01:00:00,card_payment,19535000,success
U04848,2024-04-30 06:00:00,qr_payment,7266000,success
U04848,2024-05-01 19:00:00,loan_repayment,48791000,success
U04849,2024-03-22 10:00:00,loan_repayment,6415000,success
U04849,2024-03-29 01:00:00,transfer,4000000,success
U04850,2024-05-08 17:00:00,transfer,2033000,success
U04850,2024-06-06 04:00:00,savings_deposit,497000,success
U04850,2024-06-08 17:00:00,qr_payment,7402000,success
U04850,2024-06-14 02:00:00,savings_deposit,8202000,success
U04851,2024-01-22 01:00:00,transfer,41248000,success
U04851,2024-02-10 09:00:00,bill_payment,13354000,failed
U04851,2024-02-11 02:00:00,qr_payment,16505000,failed
U04851,2024-02-11 04:00:00,transfer,43912000,success
U04851,2024-02-12 11:00:00,qr_payment,8250000,failed
U04851,2024-02-25 09:00:00,savings_deposit,29344000,failed
U04851,2024-02-28 15:00:00,qr_payment,34731000,success
U04851,2024-02-28 15:00:00,qr_payment,30045000,success
U04851,2024-03-15 03:00:00,qr_payment,48807000,success
U04865,2024-02-27 22:00:00,qr_payment,4714000,success
U04865,2024-03-12 23:00:00,qr_payment,4737000,success
U04865,2024-03-24 01:00:00,bill_payment,3526000,success
U04866,2024-04-07 09:00:00,loan_repayment,543000,success
U04866,2024-04-29 21:00:00,transfer,1928000,failed
U04867,2024-04-29 13:00:00,card_payment,9418000,success
U04867,2024-05-02 04:00:00,card_payment,5167000,success
U04867,2024-05-05 02:00:00,bill_payment,6889000,success
U04867,2024-05-10 04:00:00,card_payment,2699000,success
U04867,2024-05-20 23:00:00,bill_payment,1968000,success
U04867,2024-05-22 01:00:00,bill_payment,2891000,success
U04867,2024-05-31 15:00:00,bill_payment,219000,success
U04867,2024-06-06 03:00:00,card_payment,7212000,success
U04867,2024-06-17 23:00:00,card_payment,8913000,success
U04869,2024-01-15 08:00:00,loan_repayment,1032000,success
U04869,2024-01-28 16:00:00,card_payment,1583000,success
U04869,2024-02-16 09:00:00,savings_deposit,696000,success
U04873,2024-01-17 17:00:00,loan_repayment,5612000,failed
U04873,2024-01-28 14:00:00,savings_deposit,9466000,success
U04873,2024-02-04 20:00:00,card_payment,7755000,failed
U04873,2024-02-14 16:00:00,bill_payment,9044000,success
U04873,2024-02-15 10:00:00,loan_repayment,4503000,success
U04873,2024-02-19 18:00:00,qr_payment,4963000,success
U04873,2024-02-23 01:00:00,card_payment,6972000,success
U04873,2024-02-29 21:00:00,card_payment,7324000,success
U04873,2024-03-06 22:00:00,card_payment,1664000,success
U04873,2024-03-09 21:00:00,card_payment,5992000,success
U04873,2024-03-11 12:00:00,loan_repayment,2357000,success
U04873,2024-03-13 15:00:00,transfer,5958000,success
U04877,2024-01-12 02:00:00,savings_deposit,475000,success
U04877,2024-01-12 10:00:00,card_payment,570000,failed
U04877,2024-01-13 23:00:00,savings_deposit,1673000,success
U04877,2024-01-18 20:00:00,bill_payment,1413000,success
U04877,2024-01-23 09:00:00,bill_payment,1433000,success
U04877,2024-01-26 09:00:00,bill_payment,1250000,success
U04877,2024-01-26 21:00:00,qr_payment,641000,success
U04877,2024-01-27 22:00:00,bill_payment,492000,success
U04877,2024-01-29 06:00:00,transfer,995000,failed
U04877,2024-01-31 19:00:00,savings_deposit,921000,success
U04877,2024-02-01 01:00:00,transfer,1815000,failed
U04877,2024-02-14 05:00:00,card_payment,140000,success
U04877,2024-02-15 19:00:00,transfer,785000,success
U04877,2024-02-19 09:00:00,transfer,484000,success
U04877,2024-03-03 03:00:00,savings_deposit,286000,success
U04877,2024-03-06 01:00:00,transfer,1253000,success
U04877,2024-03-10 07:00:00,savings_deposit,1753000,success
U04880,2024-04-05 23:00:00,qr_payment,1339000,success
U04880,2024-04-10 04:00:00,qr_payment,995000,success
U04880,2024-04-13 03:00:00,transfer,1303000,success
U04880,2024-04-20 06:00:00,qr_payment,306000,failed
U04880,2024-05-04 06:00:00,card_payment,1770000,success
U04880,2024-05-17 23:00:00,transfer,1085000,success
U04880,2024-05-20 19:00:00,transfer,1149000,success
U04880,2024-05-22 03:00:00,qr_payment,197000,success
U04880,2024-05-24 08:00:00,transfer,172000,success
U04880,2024-05-25 01:00:00,card_payment,1597000,success
U04880,2024-05-29 07:00:00,transfer,1160000,success
U04882,2024-04-08 03:00:00,loan_repayment,1103000,success
U04882,2024-04-26 13:00:00,bill_payment,1311000,success
U04882,2024-04-27 05:00:00,savings_deposit,1683000,success
U04882,2024-05-06 07:00:00,bill_payment,1726000,success
U04882,2024-05-08 13:00:00,loan_repayment,1473000,success
U04882,2024-05-17 15:00:00,loan_repayment,555000,success
U04882,2024-05-22 10:00:00,qr_payment,302000,success
U04882,2024-06-03 16:00:00,bill_payment,777000,success
U04890,2024-01-30 01:00:00,card_payment,10220000,success
U04890,2024-02-03 11:00:00,savings_deposit,23663000,success
U04890,2024-02-13 22:00:00,savings_deposit,8297000,success
U04890,2024-02-23 03:00:00,card_payment,7202000,success
U04890,2024-02-26 00:00:00,qr_payment,32513000,success
U04890,2024-03-08 21:00:00,qr_payment,49015000,success
U04893,2024-03-29 01:00:00,loan_repayment,458000,success
U04893,2024-04-08 22:00:00,loan_repayment,134000,success
U04897,2024-04-09 09:00:00,savings_deposit,8119000,success
U04897,2024-04-10 00:00:00,loan_repayment,9887000,success
U04897,2024-04-10 03:00:00,transfer,8494000,success
U04897,2024-04-29 08:00:00,savings_deposit,483000,success
U04897,2024-05-01 23:00:00,qr_payment,8842000,success
U04897,2024-05-04 08:00:00,transfer,1099000,success
U04897,2024-05-06 23:00:00,savings_deposit,424000,success
U04897,2024-05-07 03:00:00,bill_payment,4807000,success
U04897,2024-05-07 10:00:00,transfer,6892000,success
U04897,2024-05-11 08:00:00,savings_deposit,9384000,success
U04897,2024-05-12 19:00:00,transfer,8705000,success
U04897,2024-05-19 00:00:00,savings_deposit,9609000,success
U04897,2024-05-19 05:00:00,qr_payment,7856000,success
U04897,2024-05-19 09:00:00,transfer,2441000,success
U04897,2024-05-22 22:00:00,qr_payment,5596000,success
U04897,2024-05-24 23:00:00,savings_deposit,4785000,success
U04897,2024-05-26 22:00:00,loan_repayment,827000,success
U04897,2024-05-30 06:00:00,transfer,5277000,success
U04906,2024-04-17 06:00:00,bill_payment,25589000,success
U04906,2024-04-17 07:00:00,bill_payment,16700000,success
U04906,2024-06-03 08:00:00,bill_payment,41567000,success
U04908,2024-01-23 15:00:00,bill_payment,3354000,success
U04908,2024-02-01 08:00:00,savings_deposit,5876000,success
U04908,2024-02-02 16:00:00,bill_payment,3855000,success
U04908,2024-02-22 14:00:00,bill_payment,6342000,success
U04908,2024-02-27 14:00:00,bill_payment,2038000,success
U04908,2024-03-08 03:00:00,bill_payment,2296000,success
U04908,2024-03-16 11:00:00,qr_payment,8236000,success
U04917,2024-02-05 21:00:00,loan_repayment,8066000,success
U04919,2024-05-01 19:00:00,transfer,5857000,success
U04923,2024-03-11 22:00:00,qr_payment,47770000,success
U04923,2024-03-13 23:00:00,card_payment,35152000,success
U04923,2024-03-14 01:00:00,card_payment,21360000,success
U04923,2024-03-16 16:00:00,card_payment,47831000,success
U04923,2024-03-17 15:00:00,card_payment,11507000,success
U04923,2024-03-21 22:00:00,card_payment,953000,success
U04923,2024-03-23 00:00:00,qr_payment,20863000,success
U04923,2024-04-01 22:00:00,qr_payment,32489000,success
U04924,2024-03-18 17:00:00,transfer,6946000,success
U04924,2024-04-07 18:00:00,bill_payment,1811000,success
U04924,2024-04-09 07:00:00,bill_payment,7817000,success
U04924,2024-04-12 07:00:00,bill_payment,3944000,success
U04924,2024-04-16 08:00:00,bill_payment,9381000,success
U04932,2024-03-11 00:00:00,card_payment,9962000,success
U04932,2024-03-20 02:00:00,savings_deposit,5676000,success
U04935,2024-04-30 04:00:00,qr_payment,862000,success
U04935,2024-04-30 05:00:00,savings_deposit,780000,success
U04935,2024-05-16 18:00:00,savings_deposit,971000,success
U04935,2024-05-28 18:00:00,card_payment,319000,success
U04939,2024-04-04 04:00:00,bill_payment,6534000,success
U04941,2024-02-23 22:00:00,card_payment,1020000,success
U04941,2024-02-25 06:00:00,savings_deposit,552000,success
U04944,2024-03-08 11:00:00,savings_deposit,7646000,success
U04944,2024-03-08 19:00:00,bill_payment,2091000,success
U04944,2024-03-27 00:00:00,loan_repayment,9294000,success
U04944,2024-04-01 09:00:00,savings_deposit,2695000,success
U04944,2024-04-03 01:00:00,bill_payment,7907000,success
U04944,2024-04-11 15:00:00,bill_payment,5706000,success
U04944,2024-04-12 10:00:00,bill_payment,1107000,success
U04944,2024-04-13 17:00:00,savings_deposit,7956000,success
U04944,2024-04-23 13:00:00,savings_deposit,9164000,success
U04944,2024-04-25 13:00:00,savings_deposit,9840000,success
U04944,2024-04-29 12:00:00,savings_deposit,6234000,success
U04952,2024-03-13 18:00:00,card_payment,473000,success
U04957,2024-04-22 21:00:00,transfer,1325000,success
U04957,2024-05-18 20:00:00,loan_repayment,37651000,success
U04957,2024-05-19 21:00:00,card_payment,34625000,success
U04957,2024-05-20 09:00:00,loan_repayment,43037000,success
U04957,2024-05-20 11:00:00,transfer,3142000,success
U04957,2024-06-17 06:00:00,card_payment,35644000,success
U04961,2024-05-03 14:00:00,transfer,1565000,success
U04961,2024-05-11 10:00:00,transfer,6840000,success
U04961,2024-05-17 09:00:00,loan_repayment,2172000,success
U04961,2024-05-24 17:00:00,loan_repayment,1020000,success
U04961,2024-05-25 00:00:00,bill_payment,8735000,success
U04961,2024-05-26 23:00:00,loan_repayment,921000,success
U04961,2024-06-11 17:00:00,loan_repayment,3889000,success
U04961,2024-06-23 15:00:00,loan_repayment,9071000,success
U04962,2024-04-05 18:00:00,loan_repayment,7759000,success
U04962,2024-04-16 04:00:00,loan_repayment,4438000,success
U04962,2024-04-19 18:00:00,savings_deposit,6443000,success
U04962,2024-04-23 01:00:00,transfer,4989000,success
U04962,2024-04-26 22:00:00,transfer,5973000,success
U04962,2024-04-30 01:00:00,transfer,745000,success
U04962,2024-05-04 15:00:00,loan_repayment,2091000,success
U04962,2024-05-11 04:00:00,transfer,2845000,success
U04962,2024-05-12 00:00:00,bill_payment,8840000,success
U04962,2024-05-12 01:00:00,transfer,7035000,success
U04962,2024-05-17 23:00:00,loan_repayment,4305000,success
U04962,2024-05-18 04:00:00,qr_payment,3629000,success
U04962,2024-05-19 14:00:00,loan_repayment,900000,success
U04962,2024-05-28 15:00:00,loan_repayment,8247000,success
U04962,2024-06-01 01:00:00,transfer,7729000,success
U04971,2024-02-17 04:00:00,transfer,34812000,success
U04971,2024-02-28 06:00:00,transfer,32773000,success
U04976,2024-02-28 05:00:00,loan_repayment,8875000,success
U04976,2024-03-01 00:00:00,transfer,7686000,success
U04976,2024-03-15 00:00:00,card_payment,574000,success
U04976,2024-03-16 22:00:00,transfer,8955000,success
U04976,2024-04-18 23:00:00,card_payment,3260000,success
U04976,2024-04-19 06:00:00,transfer,1370000,success
U04977,2024-01-20 11:00:00,loan_repayment,211000,success
U04977,2024-03-01 13:00:00,loan_repayment,8895000,success
U04979,2024-04-03 21:00:00,loan_repayment,6267000,success
U04979,2024-04-30 15:00:00,savings_deposit,5893000,failed
U04979,2024-05-09 11:00:00,loan_repayment,3609000,success
U04979,2024-05-22 08:00:00,transfer,3986000,success
U04980,2024-05-06 18:00:00,qr_payment,2631000,success
U04980,2024-05-07 09:00:00,card_payment,4135000,success
U04980,2024-05-14 16:00:00,loan_repayment,2255000,success
U04980,2024-05-16 10:00:00,qr_payment,2717000,success
U04980,2024-05-20 20:00:00,qr_payment,9069000,success
U04980,2024-05-28 08:00:00,loan_repayment,8433000,failed
U04980,2024-06-01 08:00:00,qr_payment,4364000,success
U04982,2024-03-09 01:00:00,transfer,3251000,success
U04982,2024-03-19 23:00:00,qr_payment,2523000,success
U04982,2024-03-23 11:00:00,savings_deposit,3591000,success
U04986,2024-01-11 02:00:00,loan_repayment,1551000,success
U04986,2024-01-16 00:00:00,qr_payment,1790000,success
U04986,2024-01-19 13:00:00,loan_repayment,1614000,success
U04986,2024-01-22 11:00:00,loan_repayment,7997000,failed
U04986,2024-02-16 14:00:00,card_payment,4168000,success
U04986,2024-02-20 03:00:00,transfer,5055000,success
U04986,2024-02-22 09:00:00,loan_repayment,1542000,failed
U04986,2024-02-23 03:00:00,transfer,3036000,success
U04986,2024-03-01 10:00:00,savings_deposit,4721000,success
U04986,2024-03-05 02:00:00,loan_repayment,4811000,success
U04992,2024-02-12 08:00:00,bill_payment,7948000,success
U04992,2024-02-15 03:00:00,transfer,141000,success
U04992,2024-02-17 03:00:00,qr_payment,7197000,success
U04992,2024-02-21 11:00:00,qr_payment,8430000,success
U04992,2024-02-27 08:00:00,loan_repayment,4627000,success
U04992,2024-03-03 15:00:00,savings_deposit,6533000,success
U04992,2024-03-04 13:00:00,card_payment,3228000,success
U04992,2024-03-05 02:00:00,qr_payment,3713000,success
U04992,2024-03-06 09:00:00,loan_repayment,7154000,failed
U04992,2024-03-09 02:00:00,transfer,8581000,success
U04992,2024-03-09 06:00:00,qr_payment,4648000,success
U04992,2024-03-11 00:00:00,loan_repayment,4685000,success
U04992,2024-03-20 08:00:00,loan_repayment,357000,success
U04992,2024-03-22 06:00:00,qr_payment,6234000,success
U04992,2024-03-24 08:00:00,qr_payment,1670000,success
U04992,2024-04-04 13:00:00,qr_payment,4754000,success
U04995,2024-02-12 04:00:00,loan_repayment,2365000,success
U04995,2024-02-15 03:00:00,loan_repayment,296000,success
U04995,2024-02-22 22:00:00,loan_repayment,1991000,success
U04995,2024-02-27 01:00:00,loan_repayment,1592000,success
U04995,2024-03-08 04:00:00,transfer,6320000,success
U04995,2024-03-22 18:00:00,transfer,8247000,success
U04995,2024-03-31 00:00:00,loan_repayment,9183000,success
U04997,2024-01-22 14:00:00,bill_payment,1410000,success
U04997,2024-02-05 15:00:00,bill_payment,358000,success
U04997,2024-02-12 02:00:00,bill_payment,69000,success
U04997,2024-03-03 12:00:00,card_payment,923000,failed
U04997,2024-03-03 16:00:00,bill_payment,123000,success
U04997,2024-03-10 12:00:00,bill_payment,1618000,success
U04997,2024-03-13 09:00:00,transfer,659000,success
U04999,2024-03-07 11:00:00,loan_repayment,8466000,success
U04999,2024-03-25 23:00:00,bill_payment,2050000,success
U04999,2024-03-28 13:00:00,bill_payment,4853000,success
U04999,2024-04-03 20:00:00,bill_payment,8417000,success
U04999,2024-04-06 01:00:00,qr_payment,8941000,success
U04999,2024-04-10 15:00:00,transfer,526000,success
U04999,2024-04-12 22:00:00,qr_payment,4943000,success
U04999,2024-04-16 00:00:00,bill_payment,8049000,success
U04999,2024-04-21 10:00:00,qr_payment,9357000,success
U04999,2024-04-27 11:00:00,bill_payment,7476000,success
