user_id,age_group,city_tier,income_band,acquisition_channel,device_os,registration_date
U00001,25-34,Tier 1,Mid,Paid Ads,iOS,2024-03-22
U00002,55+,Tier 2,Mid,Paid Ads,Android,2024-01-15
U00003,35-44,Tier 3,Low,Paid Ads,Android,2024-01-04
U00004,25-34,Tier 1,Mid,Organic,Android,2024-04-04
U00005,18-24,Tier 3,Mid,Organic,Android,2024-02-05
U00006,18-24,Tier 1,High,Organic,iOS,2024-02-01
U00007,18-24,Tier 2,Low,Referral,iOS,2024-01-29
U00008,45-54,Tier 3,Mid,Paid Ads,Android,2024-01-18
U00009,25-34,Tier 1,Mid,Paid Ads,iOS,2024-04-04
U00010,35-44,Tier 1,Mid,Organic,Android,2024-01-14
U00011,18-24,Tier 1,High,Organic,Android,2024-03-27
U00012,55+,Tier 2,Mid,Organic,Android,2024-04-04
U00013,35-44,Tier 2,High,Branch,Android,2024-04-24
U00014,18-24,Tier 2,Mid,Paid Ads,Android,2024-03-10
U00015,18-24,Tier 1,Mid,Partnership,Android,2024-01-12
U00016,18-24,Tier 1,Low,Partnership,iOS,2024-03-16
U00017,25-34,Tier 1,Low,Paid Ads,iOS,2024-02-24
U00018,25-34,Tier 1,Low,Paid Ads,iOS,2024-01-05
U00019,25-34,Tier 2,Low,Organic,Android,2024-01-04
U00020,18-24,Tier 3,Low,Paid Ads,Android,2024-01-12
U00021,25-34,Tier 2,Low,Referral,Android,2024-01-28
U00022,18-24,Tier 1,Low,Partnership,Android,2024-01-30
U00023,18-24,Tier 3,High,Organic,Android,2024-03-05
U00024,25-34,Tier 2,Low,Partnership,Android,2024-03-18
U00025,25-34,Tier 3,Mid,Organic,Android,2024-01-04
U00026,35-44,Tier 2,Low,Partnership,Android,2024-03-12
U00027,18-24,Tier 1,High,Referral,Android,2024-01-26
U00028,25-34,Tier 1,High,Paid Ads,Android,2024-04-01
U00029,25-34,Tier 2,Mid,Paid Ads,Android,2024-03-24
U00030,18-24,Tier 1,Mid,Referral,Android,2024-03-30
U00031,25-34,Tier 1,Low,Paid Ads,iOS,2024-03-10
U00032,18-24,Tier 2,High,Branch,Android,2024-02-23
U00033,18-24,Tier 2,High,Organic,iOS,2024-01-29
U00034,45-54,Tier 2,High,Branch,Android,2024-02-27
U00035,55+,Tier 1,Mid,Paid Ads,Android,2024-03-16
U00036,35-44,Tier 1,Mid,Partnership,iOS,2024-02-05
U00037,25-34,Tier 2,High,Referral,Android,2024-04-13
U00038,18-24,Tier 3,Low,Paid Ads,Android,2024-04-21
U00039,35-44,Tier 2,Mid,Partnership,iOS,2024-01-01
U00040,25-34,Tier 3,Low,Referral,Android,2024-04-07
U00041,18-24,Tier 2,High,Paid Ads,Android,2024-04-13
U00042,25-34,Tier 2,Low,Organic,iOS,2024-01-21
U00043,18-24,Tier 1,Low,Organic,iOS,2024-03-30
U00044,45-54,Tier 2,Mid,Paid Ads,Android,2024-02-24
U00045,18-24,Tier 2,Mid,Paid Ads,Android,2024-02-13
U00046,35-44,Tier 2,Mid,Paid Ads,iOS,2024-02-05
U00047,25-34,Tier 2,Low,Organic,Android,2024-01-20
U00048,25-34,Tier 2,Low,Referral,Android,2024-01-28
U00049,25-34,Tier 1,Mid,Referral,Android,2024-04-07
U00050,18-24,Tier 2,High,Paid Ads,iOS,2024-02-13
U00051,55+,Tier 1,High,Partnership,Android,2024-01-14
U00052,35-44,Tier 3,Mid,Partnership,iOS,2024-01-12
U00053,45-54,Tier 1,High,Organic,Android,2024-02-18
U00054,45-54,Tier 1,Mid,Partnership,Android,2024-01-13
U00055,25-34,Tier 1,Mid,Paid Ads,iOS,2024-02-15
U00056,45-54,Tier 2,Mid,Paid Ads,iOS,2024-04-18
U00057,18-24,Tier 1,Mid,Organic,Android,2024-02-14
U00058,18-24,Tier 1,Mid,Paid Ads,Android,2024-03-18
U00059,18-24,Tier 2,Mid,Organic,iOS,2024-02-03
U00060,25-34,Tier 1,Mid,Referral,Android,2024-04-13
U00061,25-34,Tier 3,Low,Organic,Android,2024-01-06
U00062,18-24,Tier 3,Low,Organic,Android,2024-04-03
U00063,35-44,Tier 2,Mid,Organic,iOS,2024-02-28
U00064,25-34,Tier 1,Low,Organic,iOS,2024-03-09
U00065,18-24,Tier 2,Low,Organic,iOS,2024-01-16
U00066,25-34,Tier 1,Mid,Paid Ads,Android,2024-02-18
U00067,18-24,Tier 2,Mid,Organic,Android,2024-01-11
U00068,35-44,Tier 1,Mid,Paid Ads,Android,2024-03-11
U00069,18-24,Tier 3,Mid,Organic,Android,2024-02-07
U00070,55+,Tier 1,High,Branch,Android,2024-04-16
U00071,35-44,Tier 2,High,Branch,Android,2024-03-21
U00072,18-24,Tier 2,High,Organic,Android,2024-03-20
U00073,18-24,Tier 2,Mid,Paid Ads,Android,2024-04-23
U00074,35-44,Tier 1,Mid,Organic,iOS,2024-04-20
U00075,35-44,Tier 3,High,Branch,iOS,2024-02-16
U00076,35-44,Tier 2,Low,Paid Ads,Android,2024-03-14
U00077,35-44,Tier 2,Low,Organic,Android,2024-01-25
U00078,18-24,Tier 1,Mid,Referral,Android,2024-03-31
U00079,25-34,Tier 2,Low,Organic,iOS,2024-01-09
U00080,18-24,Tier 1,High,Referral,Android,2024-01-06
U00081,45-54,Tier 1,Mid,Paid Ads,iOS,2024-03-25
U00082,25-34,Tier 1,Mid,Paid Ads,Android,2024-01-30
U00083,25-34,Tier 3,Mid,Referral,Android,2024-04-08
U00084,18-24,Tier 1,Mid,Organic,iOS,2024-02-07
U00085,25-34,Tier 1,Low,Organic,Android,2024-01-11
U00086,25-34,Tier 2,Mid,Organic,Android,2024-04-19
U00087,35-44,Tier 2,Mid,Partnership,Android,2024-01-30
U00088,25-34,Tier 1,Mid,Organic,Android,2024-04-20
U00089,45-54,Tier 2,Mid,Paid Ads,Android,2024-01-13
U00090,25-34,Tier 1,Low,Referral,Android,2024-02-18
U00091,18-24,Tier 1,Low,Organic,iOS,2024-02-05
U00092,35-44,Tier 1,Low,Paid Ads,iOS,2024-02-28
U00093,35-44,Tier 3,Mid,Paid Ads,iOS,2024-03-22
U00094,25-34,Tier 1,High,Referral,Android,2024-04-16
U00095,35-44,Tier 1,High,Paid Ads,Android,2024-02-16
U00096,25-34,Tier 1,Mid,Paid Ads,Android,2024-01-21
U00097,25-34,Tier 3,Mid,Referral,Android,2024-02-17
U00098,25-34,Tier 1,Mid,Paid Ads,Android,2024-02-15
U00099,18-24,Tier 1,Low,Paid Ads,iOS,2024-01-27
U00100,18-24,Tier 1,Low,Organic,Android,2024-03-26
U00101,18-24,Tier 1,High,Paid Ads,iOS,2024-02-04
U00102,25-34,Tier 2,Mid,Organic,Android,2024-03-30
U00103,25-34,Tier 2,High,Organic,Android,2024-03-28
U00104,25-34,Tier 1,Mid,Paid Ads,Android,2024-03-23
U00105,45-54,Tier 1,Mid,Partnership,Android,2024-01-10
U00106,18-24,Tier 1,Low,Partnership,Android,2024-03-18
U00107,25-34,Tier 1,Low,Organic,iOS,2024-03-22
U00108,35-44,Tier 1,Mid,Referral,iOS,2024-01-22
U00109,18-24,Tier 2,Mid,Paid Ads,Android,2024-03-09
U00110,18-24,Tier 3,Low,Organic,Android,2024-04-03
U00111,18-24,Tier 3,Low,Partnership,iOS,2024-02-01
U00112,18-24,Tier 3,Low,Paid Ads,iOS,2024-01-21
U00113,45-54,Tier 2,Mid,Branch,Android,2024-02-29
U00114,35-44,Tier 2,Mid,Organic,iOS,2024-02-18
U00115,25-34,Tier 1,Low,Organic,Android,2024-02-04
U00116,45-54,Tier 2,Low,Partnership,Android,2024-03-22
U00117,35-44,Tier 2,Low,Paid Ads,Android,2024-03-29
U00118,18-24,Tier 2,Mid,Partnership,Android,2024-03-12
U00119,45-54,Tier 2,Low,Organic,Android,2024-01-29
U00120,25-34,Tier 1,Mid,Paid Ads,Android,2024-03-28
U00121,35-44,Tier 1,Low,Paid Ads,iOS,2024-02-11
U00122,45-54,Tier 3,Low,Organic,iOS,2024-04-17
U00123,25-34,Tier 1,High,Paid Ads,iOS,2024-04-08
U00124,18-24,Tier 2,Mid,Paid Ads,Android,2024-04-09
U00125,18-24,Tier 3,Low,Organic,Android,2024-01-08
U00126,25-34,Tier 2,High,Referral,Android,2024-01-30
U00127,35-44,Tier 2,Mid,Paid Ads,iOS,2024-04-15
U00128,45-54,Tier 1,High,Paid Ads,Android,2024-01-05
U00129,18-24,Tier 1,Mid,Partnership,Android,2024-04-13
U00130,25-34,Tier 3,Mid,Referral,Android,2024-02-10
U00131,25-34,Tier 2,High,Referral,Android,2024-02-21
U00132,18-24,Tier 2,Low,Branch,Android,2024-02-04
U00133,18-24,Tier 1,Mid,Branch,iOS,2024-01-09
U00134,25-34,Tier 1,Mid,Organic,Android,2024-01-28
U00135,45-54,Tier 3,Low,Partnership,Android,2024-04-26
U00136,25-34,Tier 1,Low,Organic,Android,2024-03-13
U00137,25-34,Tier 2,Low,Organic,Android,2024-04-22
U00138,35-44,Tier 1,Mid,Referral,Android,2024-04-01
U00139,25-34,Tier 2,Mid,Referral,iOS,2024-02-10
U00140,55+,Tier 3,Mid,Partnership,Android,2024-01-28
U00141,55+,Tier 2,Low,Paid Ads,iOS,2024-03-24
U00142,18-24,Tier 1,Mid,Branch,Android,2024-03-04
U00143,25-34,Tier 2,High,Paid Ads,Android,2024-02-20
U00144,25-34,Tier 2,Mid,Referral,iOS,2024-04-23
U00145,18-24,Tier 1,Mid,Paid Ads,Android,2024-03-23
U00146,18-24,Tier 3,Mid,Branch,Android,2024-02-28
U00147,25-34,Tier 2,Mid,Paid Ads,iOS,2024-01-19
U00148,25-34,Tier 3,Mid,Partnership,Android,2024-02-03
U00149,18-24,Tier 2,High,Branch,Android,2024-01-18
U00150,18-24,Tier 1,Mid,Organic,iOS,2024-02-01
U00151,45-54,Tier 1,High,Paid Ads,Android,2024-04-05
U00152,18-24,Tier 1,Low,Partnership,Android,2024-03-12
U00153,18-24,Tier 3,Low,Branch,Android,2024-03-09
U00154,25-34,Tier 2,Low,Organic,Android,2024-02-03
U00155,55+,Tier 2,Mid,Paid Ads,Android,2024-04-05
U00156,18-24,Tier 1,Mid,Paid Ads,Android,2024-03-15
U00157,35-44,Tier 1,Low,Organic,Android,2024-02-24
U00158,35-44,Tier 2,Low,Paid Ads,Android,2024-04-24
U00159,18-24,Tier 2,High,Referral,Android,2024-03-15
U00160,35-44,Tier 1,High,Referral,Android,2024-02-21
U00161,25-34,Tier 2,Mid,Referral,Android,2024-02-16
U00162,25-34,Tier 1,Mid,Paid Ads,iOS,2024-01-29
U00163,25-34,Tier 1,Mid,Referral,Android,2024-01-18
U00164,25-34,Tier 2,Mid,Paid Ads,iOS,2024-03-06
U00165,18-24,Tier 1,High,Referral,Android,2024-03-04
U00166,35-44,Tier 3,Low,Organic,Android,2024-01-12
U00167,25-34,Tier 1,Mid,Organic,Android,2024-04-06
U00168,18-24,Tier 1,Mid,Organic,iOS,2024-01-07
U00169,18-24,Tier 1,Mid,Paid Ads,Android,2024-04-20
U00170,25-34,Tier 2,Mid,Partnership,iOS,2024-01-15
U00171,35-44,Tier 1,Mid,Organic,iOS,2024-01-20
U00172,18-24,Tier 2,Low,Organic,Android,2024-03-21
U00173,25-34,Tier 1,Mid,Paid Ads,Android,2024-01-21
U00174,18-24,Tier 1,Low,Referral,Android,2024-04-11
U00175,25-34,Tier 1,Low,Branch,Android,2024-03-28
U00176,18-24,Tier 3,Low,Paid Ads,Android,2024-02-24
U00177,35-44,Tier 3,Mid,Referral,iOS,2024-03-17
U00178,25-34,Tier 1,Mid,Referral,Android,2024-01-09
U00179,45-54,Tier 2,Mid,Paid Ads,Android,2024-02-19
U00180,18-24,Tier 3,Mid,Organic,Android,2024-02-18
U00181,25-34,Tier 1,Mid,Organic,iOS,2024-03-17
U00182,18-24,Tier 3,Mid,Organic,Android,2024-02-29
U00183,45-54,Tier 1,Mid,Partnership,iOS,2024-03-08
U00184,45-54,Tier 3,Mid,Paid Ads,iOS,2024-02-02
U00185,18-24,Tier 2,Mid,Organic,Android,2024-03-11
U00186,35-44,Tier 3,Mid,Paid Ads,Android,2024-04-20
U00187,35-44,Tier 2,High,Referral,Android,2024-01-02
U00188,25-34,Tier 1,High,Paid Ads,Android,2024-03-28
U00189,25-34,Tier 3,Low,Organic,iOS,2024-04-02
U00190,18-24,Tier 1,Low,Paid Ads,Android,2024-01-15
U00191,18-24,Tier 1,Mid,Branch,Android,2024-03-28
U00192,45-54,Tier 2,Mid,Organic,Android,2024-04-23
U00193,45-54,Tier 2,Low,Referral,Android,2024-03-09
U00194,25-34,Tier 3,High,Organic,Android,2024-04-06
U00195,25-34,Tier 1,Low,Organic,Android,2024-02-04
U00196,25-34,Tier 2,High,Referral,iOS,2024-04-08
U00197,35-44,Tier 2,Mid,Partnership,Android,2024-03-23
U00198,45-54,Tier 1,Mid,Branch,Android,2024-02-13
U00199,45-54,Tier 1,Low,Organic,iOS,2024-01-15
U00200,35-44,Tier 1,Low,Paid Ads,iOS,2024-02-07
U00201,25-34,Tier 1,Mid,Paid Ads,Android,2024-02-25
U00202,18-24,Tier 3,Low,Paid Ads,Android,2024-01-21
U00203,18-24,Tier 2,Mid,Referral,Android,2024-02-28
U00204,45-54,Tier 2,Mid,Organic,Android,2024-01-01
U00205,25-34,Tier 3,Low,Paid Ads,iOS,2024-04-02
U00206,18-24,Tier 1,Low,Referral,Android,2024-04-22
U00207,18-24,Tier 3,Mid,Partnership,iOS,2024-04-02
U00208,35-44,Tier 1,Low,Partnership,Android,2024-02-03
U00209,18-24,Tier 3,Low,Organic,Android,2024-03-05
U00210,18-24,Tier 1,Mid,Organic,Android,2024-04-07
U00211,25-34,Tier 3,High,Branch,Android,2024-01-23
U00212,35-44,Tier 1,Mid,Paid Ads,Android,2024-03-05
U00213,35-44,Tier 1,Low,Partnership,Android,2024-04-26
U00214,18-24,Tier 2,Mid,Organic,Android,2024-01-14
U00215,35-44,Tier 1,High,Paid Ads,iOS,2024-04-21
U00216,18-24,Tier 2,Mid,Paid Ads,Android,2024-03-21
U00217,25-34,Tier 1,Mid,Partnership,iOS,2024-02-08
U00218,35-44,Tier 2,Mid,Organic,Android,2024-04-17
U00219,25-34,Tier 1,Mid,Organic,iOS,2024-03-22
U00220,35-44,Tier 1,Low,Referral,iOS,2024-03-05
U00221,35-44,Tier 1,Mid,Partnership,Android,2024-03-18
U00222,25-34,Tier 2,Mid,Branch,iOS,2024-01-26
U00223,18-24,Tier 1,High,Branch,Android,2024-01-20
U00224,25-34,Tier 1,Low,Branch,iOS,2024-02-17
U00225,18-24,Tier 1,Low,Organic,Android,2024-04-07
U00226,18-24,Tier 1,Mid,Organic,Android,2024-01-21
U00227,55+,Tier 2,Mid,Organic,Android,2024-03-10
U00228,25-34,Tier 3,Mid,Referral,Android,2024-04-09
U00229,45-54,Tier 1,Low,Partnership,Android,2024-03-08
U00230,25-34,Tier 2,Low,Partnership,iOS,2024-01-01
U00231,35-44,Tier 2,Mid,Organic,iOS,2024-03-17
U00232,25-34,Tier 1,Mid,Paid Ads,Android,2024-02-11
U00233,25-34,Tier 2,High,Branch,iOS,2024-03-03
U00234,25-34,Tier 1,Mid,Paid Ads,iOS,2024-01-03
U00235,18-24,Tier 2,Mid,Organic,Android,2024-01-15
U00236,35-44,Tier 1,Mid,Paid Ads,Android,2024-02-16
U00237,18-24,Tier 2,Mid,Referral,Android,2024-04-22
U00238,18-24,Tier 2,Mid,Paid Ads,iOS,2024-04-16
U00239,25-34,Tier 1,High,Referral,iOS,2024-04-13
U00240,18-24,Tier 1,Low,Organic,Android,2024-02-09
U00241,45-54,Tier 3,Mid,Branch,Android,2024-01-31
U00242,55+,Tier 1,Low,Paid Ads,iOS,2024-01-08
U00243,45-54,Tier 2,Mid,Paid Ads,iOS,2024-01-31
U00244,25-34,Tier 3,Mid,Branch,iOS,2024-04-22
U00245,18-24,Tier 2,Low,Organic,Android,2024-03-13
U00246,45-54,Tier 2,High,Organic,Android,2024-01-11
U00247,25-34,Tier 2,Low,Partnership,Android,2024-01-11
U00248,55+,Tier 3,Mid,Referral,Android,2024-04-03
U00249,55+,Tier 2,High,Partnership,iOS,2024-03-03
U00250,45-54,Tier 2,Low,Referral,Android,2024-04-14
U00251,18-24,Tier 1,Mid,Organic,iOS,2024-01-09
U00252,25-34,Tier 3,Low,Paid Ads,Android,2024-04-07
U00253,45-54,Tier 2,Low,Organic,iOS,2024-03-09
U00254,25-34,Tier 1,Mid,Partnership,Android,2024-04-08
U00255,18-24,Tier 3,High,Paid Ads,Android,2024-01-17
U00256,25-34,Tier 2,Low,Branch,Android,2024-01-17
U00257,45-54,Tier 1,Mid,Partnership,Android,2024-03-25
U00258,35-44,Tier 2,Mid,Organic,iOS,2024-03-01
U00259,25-34,Tier 1,High,Partnership,Android,2024-03-11
U00260,18-24,Tier 3,Low,Paid Ads,Android,2024-01-22
U00261,25-34,Tier 1,Mid,Paid Ads,iOS,2024-02-03
U00262,55+,Tier 3,Mid,Partnership,iOS,2024-03-08
U00263,18-24,Tier 2,Mid,Paid Ads,Android,2024-04-21
U00264,25-34,Tier 1,High,Paid Ads,iOS,2024-03-18
U00265,45-54,Tier 3,High,Paid Ads,Android,2024-02-24
U00266,35-44,Tier 2,Low,Referral,Android,2024-01-28
U00267,35-44,Tier 1,Mid,Organic,Android,2024-03-10
U00268,35-44,Tier 2,Mid,Paid Ads,Android,2024-04-06
U00269,25-34,Tier 3,Mid,Organic,Android,2024-04-03
U00270,18-24,Tier 1,Mid,Organic,Android,2024-03-29
U00271,35-44,Tier 1,Mid,Organic,Android,2024-01-26
U00272,35-44,Tier 1,Mid,Paid Ads,iOS,2024-04-01
U00273,45-54,Tier 1,High,Referral,Android,2024-02-09
U00274,45-54,Tier 2,Low,Partnership,iOS,2024-02-21
U00275,25-34,Tier 2,High,Referral,iOS,2024-03-26
U00276,25-34,Tier 1,Mid,Paid Ads,Android,2024-03-24
U00277,35-44,Tier 1,Mid,Referral,Android,2024-02-17
U00278,25-34,Tier 1,High,Paid Ads,Android,2024-02-26
U00279,35-44,Tier 3,Mid,Referral,iOS,2024-04-25
U00280,35-44,Tier 1,Mid,Branch,Android,2024-03-07
U00281,45-54,Tier 3,Mid,Branch,Android,2024-02-27
U00282,25-34,Tier 2,Mid,Partnership,iOS,2024-01-16
U00283,25-34,Tier 1,High,Branch,Android,2024-02-01
U00284,18-24,Tier 3,High,Referral,Android,2024-01-29
U00285,25-34,Tier 2,Low,Paid Ads,Android,2024-01-09
U00286,18-24,Tier 2,Low,Paid Ads,iOS,2024-02-13
U00287,25-34,Tier 3,Mid,Paid Ads,iOS,2024-01-03
U00288,25-34,Tier 1,Low,Partnership,Android,2024-03-16
U00289,18-24,Tier 1,Mid,Paid Ads,Android,2024-03-11
U00290,25-34,Tier 2,Low,Branch,iOS,2024-01-30
U00291,18-24,Tier 1,Mid,Referral,iOS,2024-03-16
U00292,18-24,Tier 1,Low,Partnership,iOS,2024-01-29
U00293,35-44,Tier 1,Mid,Paid Ads,Android,2024-01-01
U00294,25-34,Tier 1,Mid,Paid Ads,iOS,2024-01-10
U00295,18-24,Tier 2,Mid,Referral,Android,2024-03-31
U00296,25-34,Tier 1,High,Partnership,Android,2024-03-21
U00297,35-44,Tier 2,High,Branch,iOS,2024-01-08
U00298,18-24,Tier 2,Mid,Organic,Android,2024-01-30
U00299,25-34,Tier 1,Low,Paid Ads,iOS,2024-01-09
U00300,18-24,Tier 1,High,Referral,Android,2024-04-25
U00301,18-24,Tier 2,High,Branch,iOS,2024-01-05
U00302,25-34,Tier 1,High,Paid Ads,Android,2024-04-20
U00303,25-34,Tier 2,Low,Organic,Android,2024-02-12
U00304,25-34,Tier 3,High,Referral,Android,2024-01-10
U00305,35-44,Tier 1,Low,Paid Ads,Android,2024-03-06
U00306,55+,Tier 2,Mid,Organic,iOS,2024-01-31
U00307,25-34,Tier 2,High,Paid Ads,Android,2024-02-05
U00308,25-34,Tier 1,Low,Branch,Android,2024-03-26
U00309,35-44,Tier 3,High,Partnership,Android,2024-03-03
U00310,18-24,Tier 3,Mid,Organic,iOS,2024-01-28
U00311,25-34,Tier 1,High,Branch,Android,2024-03-10
U00312,18-24,Tier 2,Low,Paid Ads,Android,2024-01-17
U00313,18-24,Tier 3,High,Organic,Android,2024-04-02
U00314,55+,Tier 3,Low,Organic,iOS,2024-04-22
U00315,35-44,Tier 2,Mid,Organic,Android,2024-03-14
U00316,35-44,Tier 2,Mid,Partnership,Android,2024-03-14
U00317,25-34,Tier 1,Mid,Organic,iOS,2024-03-01
U00318,18-24,Tier 3,Low,Organic,iOS,2024-02-01
U00319,18-24,Tier 1,Mid,Partnership,Android,2024-04-10
U00320,18-24,Tier 2,Low,Paid Ads,iOS,2024-03-01
U00321,25-34,Tier 1,Mid,Partnership,Android,2024-04-13
U00322,35-44,Tier 1,Low,Paid Ads,Android,2024-02-22
U00323,35-44,Tier 1,High,Organic,Android,2024-01-25
U00324,18-24,Tier 3,Low,Partnership,iOS,2024-01-13
U00325,55+,Tier 1,Low,Organic,Android,2024-01-13
U00326,35-44,Tier 2,Low,Paid Ads,Android,2024-03-25
U00327,25-34,Tier 1,Mid,Paid Ads,Android,2024-02-25
U00328,25-34,Tier 1,Low,Organic,iOS,2024-02-15
U00329,25-34,Tier 1,Mid,Branch,Android,2024-02-24
U00330,18-24,Tier 2,High,Paid Ads,Android,2024-02-22
U00331,25-34,Tier 1,Mid,Organic,Android,2024-02-29
U00332,35-44,Tier 1,Mid,Branch,Android,2024-04-20
U00333,18-24,Tier 1,Low,Paid Ads,iOS,2024-04-03
U00334,18-24,Tier 1,Mid,Paid Ads,Android,2024-01-07
U00335,18-24,Tier 3,Low,Paid Ads,iOS,2024-03-27
U00336,18-24,Tier 3,Mid,Partnership,Android,2024-03-24
U00337,45-54,Tier 1,Low,Organic,iOS,2024-03-23
U00338,35-44,Tier 2,Mid,Referral,Android,2024-01-13
U00339,25-34,Tier 3,Mid,Paid Ads,Android,2024-01-08
U00340,18-24,Tier 1,High,Organic,iOS,2024-02-21
U00341,25-34,Tier 3,Low,Paid Ads,iOS,2024-04-03
U00342,25-34,Tier 3,Mid,Referral,Android,2024-02-13
U00343,18-24,Tier 1,Low,Referral,Android,2024-04-12
U00344,25-34,Tier 1,Mid,Organic,Android,2024-04-20
U00345,25-34,Tier 3,High,Paid Ads,iOS,2024-01-14
U00346,25-34,Tier 2,Mid,Partnership,Android,2024-02-01
U00347,25-34,Tier 1,Mid,Referral,Android,2024-01-25
U00348,18-24,Tier 1,High,Paid Ads,Android,2024-01-25
U00349,25-34,Tier 1,Mid,Organic,iOS,2024-03-09
U00350,25-34,Tier 2,Mid,Paid Ads,Android,2024-02-27
U00351,25-34,Tier 2,Mid,Organic,Android,2024-01-18
U00352,45-54,Tier 3,Mid,Paid Ads,Android,2024-02-24
U00353,35-44,Tier 1,Low,Paid Ads,Android,2024-01-24
U00354,18-24,Tier 2,High,Branch,Android,2024-02-05
U00355,18-24,Tier 2,Mid,Referral,iOS,2024-02-29
U00356,25-34,Tier 1,Low,Partnership,iOS,2024-02-01
U00357,18-24,Tier 1,Mid,Paid Ads,Android,2024-04-21
U00358,25-34,Tier 3,Mid,Branch,iOS,2024-01-10
U00359,45-54,Tier 3,Low,Referral,Android,2024-02-26
U00360,25-34,Tier 2,Mid,Referral,Android,2024-04-13
U00361,25-34,Tier 2,High,Partnership,iOS,2024-04-20
U00362,25-34,Tier 1,High,Organic,Android,2024-04-19
U00363,25-34,Tier 2,High,Organic,Android,2024-03-11
U00364,25-34,Tier 2,High,Organic,iOS,2024-01-13
U00365,45-54,Tier 2,Low,Partnership,Android,2024-01-07
U00366,25-34,Tier 3,Mid,Organic,iOS,2024-03-24
U00367,55+,Tier 2,High,Partnership,iOS,2024-03-10
U00368,45-54,Tier 1,Mid,Paid Ads,Android,2024-04-17
U00369,18-24,Tier 2,Mid,Organic,Android,2024-01-02
U00370,18-24,Tier 1,Mid,Referral,Android,2024-01-12
U00371,18-24,Tier 1,Mid,Organic,Android,2024-04-06
U00372,18-24,Tier 1,High,Paid Ads,Android,2024-04-18
U00373,18-24,Tier 1,Mid,Paid Ads,iOS,2024-01-31
U00374,35-44,Tier 2,Mid,Paid Ads,Android,2024-01-22
U00375,18-24,Tier 2,High,Organic,Android,2024-02-22
U00376,25-34,Tier 2,Mid,Paid Ads,Android,2024-03-03
U00377,35-44,Tier 2,Low,Partnership,Android,2024-03-02
U00378,18-24,Tier 1,Mid,Paid Ads,iOS,2024-01-28
U00379,35-44,Tier 3,High,Partnership,Android,2024-04-20
U00380,18-24,Tier 1,Mid,Organic,iOS,2024-02-21
U00381,18-24,Tier 1,Mid,Partnership,Android,2024-04-25
U00382,35-44,Tier 2,Mid,Referral,Android,2024-01-08
U00383,25-34,Tier 1,Low,Organic,Android,2024-01-22
U00384,45-54,Tier 1,High,Partnership,Android,2024-02-18
U00385,35-44,Tier 2,High,Branch,Android,2024-01-01
U00386,35-44,Tier 2,Low,Paid Ads,Android,2024-02-19
U00387,18-24,Tier 1,Low,Organic,iOS,2024-02-03
U00388,18-24,Tier 3,High,Referral,Android,2024-04-10
U00389,35-44,Tier 2,High,Paid Ads,iOS,2024-04-10
U00390,35-44,Tier 3,High,Partnership,Android,2024-02-28
U00391,55+,Tier 1,High,Organic,Android,2024-02-06
U00392,25-34,Tier 2,Mid,Partnership,Android,2024-02-24
U00393,25-34,Tier 3,Mid,Referral,Android,2024-03-30
U00394,35-44,Tier 2,Mid,Partnership,iOS,2024-04-03
U00395,25-34,Tier 2,Low,Branch,Android,2024-04-10
U00396,45-54,Tier 1,Mid,Referral,Android,2024-03-12
U00397,45-54,Tier 1,Mid,Referral,Android,2024-03-25
U00398,25-34,Tier 2,Mid,Partnership,Android,2024-04-01
U00399,35-44,Tier 1,Mid,Paid Ads,iOS,2024-03-03
U00400,35-44,Tier 3,Mid,Paid Ads,Android,2024-01-20
U00401,18-24,Tier 1,Low,Paid Ads,iOS,2024-01-25
U00402,45-54,Tier 3,Low,Organic,Android,2024-02-07
U00403,25-34,Tier 3,Low,Partnership,iOS,2024-01-28
U00404,35-44,Tier 1,Low,Organic,iOS,2024-01-08
U00405,25-34,Tier 1,High,Branch,Android,2024-03-15
U00406,45-54,Tier 3,Low,Referral,Android,2024-04-04
U00407,25-34,Tier 3,Low,Paid Ads,iOS,2024-03-10
U00408,18-24,Tier 1,Mid,Referral,Android,2024-01-08
U00409,45-54,Tier 1,Mid,Referral,iOS,2024-04-05
U00410,18-24,Tier 2,Low,Referral,Android,2024-02-10
U00411,25-34,Tier 2,Mid,Paid Ads,Android,2024-01-08
U00412,55+,Tier 1,Mid,Paid Ads,iOS,2024-01-07
U00413,55+,Tier 2,Low,Partnership,Android,2024-03-15
U00414,25-34,Tier 1,Low,Referral,Android,2024-03-02
U00415,25-34,Tier 1,High,Paid Ads,Android,2024-03-05
U00416,25-34,Tier 1,High,Partnership,Android,2024-04-19
U00417,18-24,Tier 1,Mid,Organic,iOS,2024-03-08
U00418,25-34,Tier 1,Low,Referral,iOS,2024-01-21
U00419,35-44,Tier 2,Mid,Paid Ads,iOS,2024-01-08
U00420,35-44,Tier 1,Mid,Referral,Android,2024-03-06
U00421,35-44,Tier 1,Low,Referral,Android,2024-01-11
U00422,35-44,Tier 1,Mid,Paid Ads,iOS,2024-04-18
U00423,18-24,Tier 3,Mid,Organic,Android,2024-01-24
U00424,25-34,Tier 1,Mid,Paid Ads,Android,2024-01-09
U00425,18-24,Tier 1,Mid,Branch,iOS,2024-03-17
U00426,25-34,Tier 2,High,Paid Ads,Android,2024-01-09
U00427,25-34,Tier 3,Mid,Paid Ads,Android,2024-03-27
U00428,45-54,Tier 1,High,Organic,Android,2024-04-20
U00429,25-34,Tier 2,Low,Partnership,Android,2024-01-31
U00430,18-24,Tier 2,High,Referral,Android,2024-02-21
U00431,18-24,Tier 2,Low,Paid Ads,iOS,2024-01-16
U00432,35-44,Tier 1,Low,Branch,Android,2024-04-23
U00433,25-34,Tier 2,Mid,Paid Ads,Android,2024-03-13
U00434,18-24,Tier 1,Mid,Paid Ads,iOS,2024-02-01
U00435,18-24,Tier 2,High,Referral,Android,2024-03-15
U00436,35-44,Tier 2,Mid,Organic,Android,2024-03-17
U00437,18-24,Tier 1,Low,Partnership,Android,2024-01-06
U00438,35-44,Tier 3,Mid,Organic,iOS,2024-03-20
U00439,35-44,Tier 1,Mid,Paid Ads,Android,2024-01-11
U00440,18-24,Tier 3,Mid,Organic,Android,2024-02-23
U00441,18-24,Tier 2,Mid,Partnership,Android,2024-03-25
U00442,55+,Tier 1,Mid,Organic,Android,2024-03-15
U00443,25-34,Tier 1,High,Paid Ads,Android,2024-03-13
U00444,25-34,Tier 3,High,Paid Ads,Android,2024-03-07
U00445,35-44,Tier 1,Low,Paid Ads,Android,2024-02-10
U00446,45-54,Tier 1,Mid,Referral,Android,2024-02-03
U00447,55+,Tier 1,Mid,Paid Ads,Android,2024-01-27
U00448,35-44,Tier 2,Mid,Referral,Android,2024-03-26
U00449,25-34,Tier 2,Mid,Referral,Android,2024-04-01
U00450,18-24,Tier 1,High,Referral,iOS,2024-02-10
U00451,35-44,Tier 1,Mid,Paid Ads,iOS,2024-01-31
U00452,25-34,Tier 1,High,Organic,iOS,2024-02-03
U00453,25-34,Tier 1,High,Branch,Android,2024-02-20
U00454,45-54,Tier 1,High,Paid Ads,Android,2024-01-17
U00455,18-24,Tier 2,High,Organic,Android,2024-03-26
U00456,25-34,Tier 1,Mid,Paid Ads,Android,2024-03-23
U00457,18-24,Tier 1,Low,Partnership,Android,2024-02-08
U00458,25-34,Tier 1,Mid,Organic,Android,2024-02-28
U00459,18-24,Tier 3,Low,Paid Ads,Android,2024-02-10
U00460,18-24,Tier 3,Mid,Paid Ads,Android,2024-04-06
U00461,18-24,Tier 3,Mid,Organic,Android,2024-01-10
U00462,25-34,Tier 1,Mid,Partnership,Android,2024-01-02
U00463,35-44,Tier 1,High,Referral,Android,2024-02-28
U00464,25-34,Tier 1,High,Referral,Android,2024-03-20
U00465,55+,Tier 1,Low,Partnership,iOS,2024-03-13
U00466,25-34,Tier 2,Mid,Paid Ads,Android,2024-01-13
U00467,18-24,Tier 2,Mid,Partnership,Android,2024-01-10
U00468,45-54,Tier 3,Mid,Paid Ads,iOS,2024-03-09
U00469,18-24,Tier 3,Mid,Paid Ads,Android,2024-01-28
U00470,55+,Tier 1,Mid,Partnership,Android,2024-03-05
U00471,18-24,Tier 2,Mid,Organic,Android,2024-02-03
U00472,55+,Tier 1,High,Partnership,Android,2024-01-17
U00473,18-24,Tier 1,High,Paid Ads,Android,2024-02-14
U00474,45-54,Tier 2,Low,Organic,Android,2024-04-22
U00475,25-34,Tier 1,Mid,Paid Ads,Android,2024-01-09
U00476,55+,Tier 1,Mid,Organic,iOS,2024-04-22
U00477,18-24,Tier 1,Low,Paid Ads,Android,2024-02-01
U00478,25-34,Tier 2,Low,Paid Ads,Android,2024-02-17
U00479,55+,Tier 2,Mid,Branch,Android,2024-02-06
U00480,25-34,Tier 1,Mid,Organic,Android,2024-01-21
U00481,25-34,Tier 3,Low,Paid Ads,iOS,2024-02-26
U00482,35-44,Tier 1,Mid,Organic,Android,2024-04-16
U00483,25-34,Tier 1,Mid,Paid Ads,iOS,2024-03-10
U00484,25-34,Tier 2,Low,Paid Ads,Android,2024-03-31
U00485,25-34,Tier 2,Low,Paid Ads,iOS,2024-02-08
U00486,45-54,Tier 3,High,Partnership,Android,2024-03-19
U00487,18-24,Tier 1,Low,Partnership,Android,2024-04-13
U00488,18-24,Tier 2,High,Organic,iOS,2024-03-24
U00489,55+,Tier 2,Mid,Referral,iOS,2024-03-08
U00490,45-54,Tier 3,Mid,Paid Ads,Android,2024-01-02
U00491,25-34,Tier 1,Low,Paid Ads,iOS,2024-03-26
U00492,25-34,Tier 2,Low,Organic,Android,2024-04-14
U00493,18-24,Tier 2,Low,Paid Ads,Android,2024-03-11
U00494,18-24,Tier 1,Low,Referral,Android,2024-02-08
U00495,25-34,Tier 2,Mid,Referral,iOS,2024-03-25
U00496,25-34,Tier 1,Low,Partnership,iOS,2024-01-14
U00497,25-34,Tier 2,Mid,Referral,Android,2024-04-22
U00498,18-24,Tier 3,Mid,Organic,Android,2024-01-18
U00499,55+,Tier 2,Low,Organic,Android,2024-02-03
U00500,55+,Tier 2,Low,Partnership,Android,2024-01-15
U00501,35-44,Tier 2,Low,Branch,Android,2024-04-23
U00502,25-34,Tier 1,Low,Paid Ads,Android,2024-01-14
U00503,25-34,Tier 1,Mid,Referral,Android,2024-04-05
U00504,35-44,Tier 2,Mid,Branch,Android,2024-03-11
U00505,35-44,Tier 1,Mid,Paid Ads,Android,2024-01-20
U00506,18-24,Tier 1,Mid,Partnership,iOS,2024-02-04
U00507,45-54,Tier 2,Mid,Partnership,Android,2024-02-06
U00508,35-44,Tier 1,Mid,Referral,Android,2024-03-18
U00509,45-54,Tier 1,Mid,Paid Ads,Android,2024-01-27
U00510,35-44,Tier 2,Low,Organic,Android,2024-04-01
U00511,25-34,Tier 1,Low,Referral,Android,2024-02-13
U00512,25-34,Tier 3,Mid,Partnership,Android,2024-01-27
U00513,45-54,Tier 3,Mid,Partnership,iOS,2024-03-28
U00514,45-54,Tier 2,Mid,Paid Ads,Android,2024-03-22
U00515,18-24,Tier 1,Mid,Paid Ads,Android,2024-04-19
U00516,18-24,Tier 2,Mid,Organic,Android,2024-02-03
U00517,25-34,Tier 3,Mid,Organic,Android,2024-03-05
U00518,35-44,Tier 2,Mid,Referral,iOS,2024-03-03
U00519,55+,Tier 1,Mid,Paid Ads,iOS,2024-02-02
U00520,18-24,Tier 2,Mid,Paid Ads,Android,2024-04-25
U00521,25-34,Tier 3,Mid,Organic,Android,2024-04-26
U00522,25-34,Tier 2,Mid,Branch,iOS,2024-04-18
U00523,55+,Tier 2,High,Referral,Android,2024-01-07
U00524,35-44,Tier 2,Mid,Partnership,iOS,2024-01-12
U00525,35-44,Tier 2,Mid,Paid Ads,iOS,2024-03-22
U00526,25-34,Tier 1,Mid,Organic,Android,2024-02-24
U00527,25-34,Tier 2,Mid,Partnership,iOS,2024-04-16
U00528,18-24,Tier 1,Low,Paid Ads,iOS,2024-02-05
U00529,18-24,Tier 1,High,Paid Ads,iOS,2024-01-06
U00530,45-54,Tier 1,Low,Paid Ads,Android,2024-01-01
U00531,35-44,Tier 2,Mid,Organic,Android,2024-02-12
U00532,55+,Tier 1,Mid,Paid Ads,Android,2024-04-08
U00533,55+,Tier 2,High,Branch,Android,2024-01-17
U00534,25-34,Tier 2,Low,Organic,Android,2024-03-22
U00535,35-44,Tier 1,Mid,Referral,Android,2024-02-03
U00536,45-54,Tier 1,Mid,Branch,Android,2024-01-21
U00537,35-44,Tier 1,Mid,Referral,Android,2024-04-04
U00538,18-24,Tier 3,Low,Paid Ads,Android,2024-02-26
U00539,25-34,Tier 2,Mid,Paid Ads,Android,2024-03-11
U00540,18-24,Tier 2,Mid,Paid Ads,iOS,2024-03-31
U00541,55+,Tier 1,Low,Referral,Android,2024-02-24
U00542,25-34,Tier 2,Mid,Referral,Android,2024-03-12
U00543,18-24,Tier 3,Mid,Organic,iOS,2024-01-02
U00544,35-44,Tier 3,Mid,Paid Ads,Android,2024-01-15
U00545,25-34,Tier 2,High,Paid Ads,Android,2024-01-10
U00546,25-34,Tier 1,Mid,Paid Ads,iOS,2024-04-23
U00547,18-24,Tier 1,High,Paid Ads,iOS,2024-03-29
U00548,35-44,Tier 1,High,Organic,Android,2024-04-25
U00549,25-34,Tier 1,Low,Organic,iOS,2024-01-20
U00550,35-44,Tier 1,Low,Partnership,iOS,2024-03-10
U00551,25-34,Tier 1,Mid,Paid Ads,Android,2024-01-05
U00552,45-54,Tier 1,Mid,Referral,Android,2024-04-16
U00553,25-34,Tier 3,Mid,Organic,Android,2024-02-17
U00554,25-34,Tier 2,Mid,Organic,Android,2024-03-15
U00555,45-54,Tier 3,Mid,Referral,Android,2024-03-11
U00556,25-34,Tier 2,Mid,Partnership,iOS,2024-01-19
U00557,18-24,Tier 1,Low,Branch,Android,2024-02-25
U00558,18-24,Tier 2,High,Partnership,iOS,2024-01-17
U00559,35-44,Tier 1,Mid,Branch,Android,2024-01-06
U00560,25-34,Tier 2,High,Branch,Android,2024-02-09
U00561,35-44,Tier 1,Low,Paid Ads,Android,2024-02-16
U00562,18-24,Tier 3,High,Organic,Android,2024-04-25
U00563,18-24,Tier 1,Low,Partnership,Android,2024-04-11
U00564,18-24,Tier 1,Low,Organic,iOS,2024-04-20
U00565,25-34,Tier 3,Low,Referral,Android,2024-01-06
U00566,25-34,Tier 1,Mid,Organic,Android,2024-04-25
U00567,25-34,Tier 2,High,Paid Ads,iOS,2024-02-15
U00568,25-34,Tier 2,Mid,Referral,Android,2024-01-27
U00569,45-54,Tier 3,High,Organic,Android,2024-03-28
U00570,25-34,Tier 3,Mid,Paid Ads,Android,2024-02-01
U00571,25-34,Tier 3,Mid,Partnership,iOS,2024-03-26
U00572,35-44,Tier 1,High,Paid Ads,Android,2024-01-14
U00573,25-34,Tier 3,Low,Partnership,Android,2024-02-15
U00574,25-34,Tier 2,Mid,Organic,Android,2024-04-09
U00575,45-54,Tier 2,High,Organic,iOS,2024-03-12
U00576,45-54,Tier 1,High,Paid Ads,Android,2024-04-23
U00577,18-24,Tier 2,High,Paid Ads,iOS,2024-04-21
U00578,45-54,Tier 3,High,Paid Ads,Android,2024-02-22
U00579,25-34,Tier 3,Low,Partnership,Android,2024-03-20
U00580,18-24,Tier 1,High,Partnership,iOS,2024-04-05
U00581,25-34,Tier 1,Mid,Branch,iOS,2024-01-20
U00582,55+,Tier 1,High,Referral,Android,2024-01-31
U00583,25-34,Tier 3,Mid,Organic,Android,2024-04-20
U00584,25-34,Tier 2,Mid,Paid Ads,Android,2024-01-21
U00585,25-34,Tier 2,Mid,Organic,Android,2024-04-12
U00586,18-24,Tier 1,Mid,Referral,iOS,2024-04-13
U00587,18-24,Tier 1,Low,Organic,Android,2024-01-23
U00588,18-24,Tier 2,High,Referral,Android,2024-04-22
U00589,18-24,Tier 3,High,Organic,iOS,2024-02-22
U00590,18-24,Tier 2,Low,Organic,Android,2024-01-04
U00591,18-24,Tier 1,Mid,Paid Ads,Android,2024-01-23
U00592,25-34,Tier 2,Mid,Paid Ads,iOS,2024-04-04
U00593,18-24,Tier 1,Mid,Paid Ads,Android,2024-02-12
U00594,25-34,Tier 3,Low,Paid Ads,iOS,2024-04-10
U00595,45-54,Tier 1,High,Organic,Android,2024-02-22
U00596,25-34,Tier 2,Mid,Referral,Android,2024-04-12
U00597,35-44,Tier 1,Mid,Organic,Android,2024-03-26
U00598,18-24,Tier 2,Mid,Partnership,Android,2024-04-20
U00599,18-24,Tier 2,Low,Paid Ads,iOS,2024-04-04
U00600,18-24,Tier 2,Mid,Organic,iOS,2024-04-13
U00601,18-24,Tier 1,Low,Referral,iOS,2024-02-01
U00602,18-24,Tier 1,Low,Branch,Android,2024-02-04
U00603,18-24,Tier 1,Mid,Paid Ads,iOS,2024-01-21
U00604,18-24,Tier 2,High,Partnership,iOS,2024-04-10
U00605,18-24,Tier 1,Mid,Referral,Android,2024-03-30
U00606,25-34,Tier 2,Low,Organic,iOS,2024-01-14
U00607,18-24,Tier 3,Mid,Partnership,Android,2024-02-18
U00608,25-34,Tier 3,High,Paid Ads,Android,2024-04-21
U00609,25-34,Tier 1,Mid,Paid Ads,iOS,2024-01-05
U00610,35-44,Tier 2,High,Paid Ads,Android,2024-04-19
U00611,18-24,Tier 1,Mid,Paid Ads,Android,2024-03-01
U00612,35-44,Tier 2,Mid,Paid Ads,Android,2024-01-29
U00613,25-34,Tier 3,Low,Referral,iOS,2024-01-26
U00614,18-24,Tier 1,Mid,Referral,Android,2024-04-14
U00615,45-54,Tier 1,Mid,Partnership,Android,2024-02-28
U00616,45-54,Tier 3,Mid,Referral,Android,2024-02-14
U00617,18-24,Tier 3,High,Paid Ads,Android,2024-02-09
U00618,18-24,Tier 1,High,Paid Ads,iOS,2024-04-15
U00619,35-44,Tier 2,Low,Branch,Android,2024-04-11
U00620,35-44,Tier 1,Low,Referral,Android,2024-04-21
U00621,18-24,Tier 1,Mid,Referral,Android,2024-01-30
U00622,18-24,Tier 3,Low,Partnership,iOS,2024-01-29
U00623,25-34,Tier 3,Mid,Partnership,Android,2024-01-04
U00624,25-34,Tier 2,High,Paid Ads,iOS,2024-03-25
U00625,25-34,Tier 1,High,Paid Ads,Android,2024-01-25
U00626,25-34,Tier 3,Mid,Referral,Android,2024-02-21
U00627,25-34,Tier 1,High,Paid Ads,iOS,2024-02-12
U00628,35-44,Tier 1,Mid,Partnership,iOS,2024-02-05
U00629,18-24,Tier 2,Low,Partnership,iOS,2024-04-20
U00630,18-24,Tier 1,Mid,Organic,iOS,2024-01-09
U00631,35-44,Tier 2,Mid,Referral,iOS,2024-04-08
U00632,45-54,Tier 2,Mid,Paid Ads,iOS,2024-02-05
U00633,25-34,Tier 1,Low,Branch,iOS,2024-02-14
U00634,25-34,Tier 1,Mid,Paid Ads,Android,2024-03-23
U00635,18-24,Tier 1,Mid,Referral,Android,2024-03-06
U00636,25-34,Tier 1,High,Organic,Android,2024-02-21
U00637,25-34,Tier 2,Mid,Paid Ads,iOS,2024-03-27
U00638,18-24,Tier 3,Mid,Organic,Android,2024-04-17
U00639,18-24,Tier 1,Mid,Partnership,iOS,2024-03-09
U00640,25-34,Tier 1,Low,Partnership,Android,2024-02-12
U00641,18-24,Tier 2,Mid,Paid Ads,Android,2024-01-04
U00642,25-34,Tier 3,High,Referral,Android,2024-01-15
U00643,18-24,Tier 1,Mid,Partnership,Android,2024-04-22
U00644,25-34,Tier 1,High,Referral,Android,2024-02-03
U00645,18-24,Tier 2,Low,Organic,Android,2024-01-23
U00646,45-54,Tier 1,Low,Branch,iOS,2024-03-15
U00647,25-34,Tier 1,High,Partnership,Android,2024-02-03
U00648,35-44,Tier 2,High,Partnership,Android,2024-01-05
U00649,35-44,Tier 2,High,Organic,Android,2024-01-14
U00650,25-34,Tier 2,Mid,Organic,iOS,2024-03-17
U00651,18-24,Tier 2,High,Organic,Android,2024-02-25
U00652,25-34,Tier 2,High,Organic,Android,2024-02-14
U00653,25-34,Tier 1,High,Partnership,Android,2024-04-03
U00654,35-44,Tier 1,Mid,Organic,Android,2024-04-10
U00655,25-34,Tier 1,Mid,Paid Ads,iOS,2024-02-10
U00656,18-24,Tier 1,High,Referral,iOS,2024-02-25
U00657,18-24,Tier 2,Mid,Referral,Android,2024-03-18
U00658,25-34,Tier 3,Mid,Branch,Android,2024-03-06
U00659,25-34,Tier 3,Mid,Organic,Android,2024-01-15
U00660,25-34,Tier 2,Mid,Referral,Android,2024-02-19
U00661,25-34,Tier 1,Mid,Referral,iOS,2024-04-25
U00662,55+,Tier 1,Low,Organic,Android,2024-03-14
U00663,25-34,Tier 3,High,Paid Ads,Android,2024-01-25
U00664,18-24,Tier 2,Mid,Referral,Android,2024-02-02
U00665,18-24,Tier 2,Mid,Paid Ads,iOS,2024-01-06
U00666,18-24,Tier 2,Low,Partnership,iOS,2024-03-31
U00667,18-24,Tier 2,Low,Paid Ads,iOS,2024-02-25
U00668,18-24,Tier 3,Low,Organic,Android,2024-01-01
U00669,18-24,Tier 1,Mid,Paid Ads,Android,2024-03-07
U00670,18-24,Tier 2,Low,Organic,Android,2024-04-13
U00671,18-24,Tier 3,High,Paid Ads,Android,2024-03-09
U00672,45-54,Tier 1,Low,Paid Ads,Android,2024-03-28
U00673,18-24,Tier 2,Low,Organic,Android,2024-04-02
U00674,25-34,Tier 1,Low,Partnership,Android,2024-04-04
U00675,25-34,Tier 3,Low,Branch,iOS,2024-04-04
U00676,55+,Tier 1,Mid,Partnership,Android,2024-03-26
U00677,18-24,Tier 2,High,Referral,Android,2024-01-26
U00678,25-34,Tier 1,Mid,Paid Ads,Android,2024-02-16
U00679,55+,Tier 2,Low,Branch,Android,2024-02-25
U00680,45-54,Tier 1,Low,Referral,Android,2024-01-09
U00681,35-44,Tier 1,Mid,Partnership,Android,2024-03-26
U00682,18-24,Tier 2,High,Organic,Android,2024-02-12
U00683,18-24,Tier 3,Low,Organic,Android,2024-03-20
U00684,35-44,Tier 1,Mid,Partnership,Android,2024-02-10
U00685,45-54,Tier 1,Mid,Partnership,Android,2024-03-25
U00686,25-34,Tier 2,Low,Partnership,Android,2024-04-18
U00687,25-34,Tier 2,Mid,Branch,Android,2024-01-16
U00688,18-24,Tier 3,Low,Organic,Android,2024-04-02
U00689,35-44,Tier 1,Mid,Organic,iOS,2024-04-25
U00690,18-24,Tier 2,Low,Branch,Android,2024-02-08
U00691,25-34,Tier 1,Mid,Organic,Android,2024-03-05
U00692,25-34,Tier 1,Low,Paid Ads,iOS,2024-02-09
U00693,25-34,Tier 2,High,Paid Ads,iOS,2024-03-26
U00694,18-24,Tier 2,Low,Organic,iOS,2024-02-22
U00695,18-24,Tier 2,High,Referral,iOS,2024-02-11
U00696,25-34,Tier 1,High,Paid Ads,Android,2024-02-21
U00697,18-24,Tier 1,High,Partnership,Android,2024-03-30
U00698,25-34,Tier 1,Mid,Paid Ads,Android,2024-02-07
U00699,18-24,Tier 3,Mid,Paid Ads,iOS,2024-03-11
U00700,25-34,Tier 1,Mid,Paid Ads,Android,2024-01-17
U00701,25-34,Tier 1,Low,Referral,iOS,2024-01-25
U00702,18-24,Tier 1,Mid,Organic,Android,2024-02-23
U00703,25-34,Tier 2,Low,Referral,Android,2024-03-26
U00704,18-24,Tier 1,High,Organic,iOS,2024-02-18
U00705,18-24,Tier 3,Low,Organic,iOS,2024-03-27
U00706,55+,Tier 1,Mid,Referral,iOS,2024-04-05
U00707,25-34,Tier 3,Mid,Referral,iOS,2024-04-25
U00708,35-44,Tier 1,Mid,Organic,Android,2024-01-23
U00709,18-24,Tier 2,Mid,Paid Ads,Android,2024-03-19
U00710,35-44,Tier 3,Low,Paid Ads,iOS,2024-03-13
U00711,35-44,Tier 1,Mid,Organic,Android,2024-02-08
U00712,25-34,Tier 3,Low,Branch,Android,2024-02-21
U00713,25-34,Tier 2,High,Organic,Android,2024-03-11
U00714,25-34,Tier 3,Mid,Partnership,Android,2024-04-16
U00715,25-34,Tier 2,High,Organic,Android,2024-01-01
U00716,45-54,Tier 1,Low,Partnership,iOS,2024-02-08
U00717,35-44,Tier 1,Low,Organic,Android,2024-02-06
U00718,55+,Tier 1,Low,Partnership,Android,2024-01-27
U00719,18-24,Tier 1,Low,Referral,iOS,2024-02-25
U00720,35-44,Tier 1,Low,Paid Ads,Android,2024-04-10
U00721,45-54,Tier 1,Mid,Referral,iOS,2024-03-15
U00722,18-24,Tier 1,Low,Organic,Android,2024-03-18
U00723,18-24,Tier 2,Mid,Partnership,iOS,2024-03-24
U00724,35-44,Tier 1,High,Organic,Android,2024-02-11
U00725,25-34,Tier 1,Mid,Branch,Android,2024-02-29
U00726,35-44,Tier 2,Mid,Organic,iOS,2024-02-26
U00727,18-24,Tier 1,Mid,Paid Ads,iOS,2024-02-26
U00728,35-44,Tier 1,Mid,Paid Ads,Android,2024-03-27
U00729,18-24,Tier 1,Low,Referral,iOS,2024-01-28
U00730,18-24,Tier 3,Mid,Organic,Android,2024-03-06
U00731,18-24,Tier 3,Mid,Partnership,iOS,2024-03-01
U00732,35-44,Tier 1,High,Partnership,Android,2024-04-11
U00733,35-44,Tier 2,Mid,Branch,Android,2024-04-25
U00734,25-34,Tier 2,Mid,Referral,Android,2024-04-11
U00735,25-34,Tier 2,Mid,Paid Ads,Android,2024-04-04
U00736,45-54,Tier 2,Low,Referral,Android,2024-01-22
U00737,25-34,Tier 2,Mid,Referral,Android,2024-03-25
U00738,35-44,Tier 1,Mid,Partnership,Android,2024-01-11
U00739,25-34,Tier 1,Low,Referral,Android,2024-02-06
U00740,25-34,Tier 2,Low,Referral,Android,2024-03-06
U00741,25-34,Tier 3,Low,Referral,iOS,2024-03-25
U00742,25-34,Tier 2,Mid,Paid Ads,Android,2024-03-22
U00743,35-44,Tier 3,Low,Branch,iOS,2024-03-20
U00744,25-34,Tier 3,Mid,Paid Ads,iOS,2024-02-12
U00745,18-24,Tier 1,Mid,Paid Ads,Android,2024-01-12
U00746,45-54,Tier 2,Mid,Partnership,iOS,2024-04-14
U00747,25-34,Tier 2,High,Paid Ads,Android,2024-04-06
U00748,25-34,Tier 3,High,Organic,Android,2024-01-31
U00749,45-54,Tier 3,Mid,Organic,Android,2024-03-27
U00750,25-34,Tier 2,Low,Organic,Android,2024-02-09
U00751,18-24,Tier 1,Mid,Paid Ads,iOS,2024-01-29
U00752,45-54,Tier 2,Mid,Partnership,Android,2024-04-13
U00753,25-34,Tier 1,Mid,Referral,Android,2024-01-26
U00754,25-34,Tier 2,Mid,Referral,iOS,2024-01-19
U00755,18-24,Tier 3,Low,Branch,Android,2024-01-04
U00756,35-44,Tier 1,Mid,Partnership,Android,2024-01-06
U00757,25-34,Tier 2,Low,Paid Ads,Android,2024-02-01
U00758,25-34,Tier 1,Mid,Referral,iOS,2024-03-01
U00759,45-54,Tier 1,Mid,Organic,iOS,2024-03-19
U00760,35-44,Tier 1,Mid,Organic,Android,2024-04-18
U00761,18-24,Tier 2,Low,Organic,Android,2024-04-08
U00762,25-34,Tier 3,Mid,Referral,Android,2024-01-10
U00763,18-24,Tier 3,Mid,Paid Ads,Android,2024-02-28
U00764,35-44,Tier 1,Low,Organic,iOS,2024-02-23
U00765,18-24,Tier 3,Mid,Organic,Android,2024-04-23
U00766,25-34,Tier 2,Mid,Organic,Android,2024-03-21
U00767,35-44,Tier 1,Mid,Paid Ads,iOS,2024-03-14
U00768,45-54,Tier 1,Mid,Paid Ads,iOS,2024-01-25
U00769,25-34,Tier 1,Mid,Paid Ads,Android,2024-04-01
U00770,35-44,Tier 3,Mid,Referral,Android,2024-03-30
U00771,18-24,Tier 2,Mid,Referral,Android,2024-02-19
U00772,35-44,Tier 2,Mid,Organic,Android,2024-03-04
U00773,18-24,Tier 1,Mid,Organic,Android,2024-02-21
U00774,25-34,Tier 2,Low,Partnership,Android,2024-02-01
U00775,35-44,Tier 1,Low,Branch,iOS,2024-01-19
U00776,18-24,Tier 1,Low,Paid Ads,iOS,2024-03-24
U00777,18-24,Tier 2,Mid,Branch,Android,2024-03-29
U00778,35-44,Tier 1,Mid,Paid Ads,Android,2024-01-01
U00779,35-44,Tier 3,Mid,Organic,iOS,2024-04-24
U00780,25-34,Tier 1,Low,Branch,iOS,2024-04-06
U00781,35-44,Tier 2,High,Organic,iOS,2024-04-20
U00782,25-34,Tier 1,Mid,Paid Ads,Android,2024-04-08
U00783,18-24,Tier 2,High,Referral,Android,2024-04-23
U00784,25-34,Tier 1,Mid,Referral,iOS,2024-01-14
U00785,18-24,Tier 1,Mid,Paid Ads,iOS,2024-04-09
U00786,45-54,Tier 3,Low,Referral,Android,2024-02-24
U00787,25-34,Tier 1,Low,Referral,Android,2024-01-29
U00788,25-34,Tier 3,Low,Referral,iOS,2024-01-23
U00789,25-34,Tier 3,Mid,Referral,Android,2024-04-12
U00790,45-54,Tier 1,Mid,Branch,iOS,2024-03-30
U00791,18-24,Tier 1,Mid,Partnership,Android,2024-03-07
U00792,25-34,Tier 2,Mid,Paid Ads,iOS,2024-02-29
U00793,25-34,Tier 3,High,Organic,Android,2024-01-07
U00794,25-34,Tier 3,Low,Partnership,Android,2024-03-12
U00795,18-24,Tier 2,Low,Organic,iOS,2024-02-01
U00796,45-54,Tier 2,Mid,Organic,iOS,2024-04-18
U00797,45-54,Tier 1,Mid,Referral,iOS,2024-01-16
U00798,25-34,Tier 3,Mid,Partnership,Android,2024-02-28
U00799,35-44,Tier 3,Mid,Organic,iOS,2024-01-18
U00800,45-54,Tier 1,Low,Organic,Android,2024-04-12
U00801,35-44,Tier 1,Mid,Paid Ads,Android,2024-02-29
U00802,18-24,Tier 1,High,Referral,iOS,2024-03-26
U00803,25-34,Tier 1,Low,Paid Ads,Android,2024-03-08
U00804,25-34,Tier 3,High,Paid Ads,Android,2024-03-12
U00805,25-34,Tier 1,High,Referral,Android,2024-03-17
U00806,35-44,Tier 1,Low,Organic,Android,2024-02-10
U00807,45-54,Tier 1,Low,Organic,iOS,2024-04-06
U00808,45-54,Tier 3,Mid,Partnership,Android,2024-04-24
U00809,25-34,Tier 2,Mid,Partnership,Android,2024-02-26
U00810,18-24,Tier 1,Mid,Organic,iOS,2024-03-19
U00811,55+,Tier 1,Mid,Organic,Android,2024-04-14
U00812,35-44,Tier 3,Mid,Organic,Android,2024-04-02
U00813,18-24,Tier 3,Low,Paid Ads,Android,2024-04-24
U00814,45-54,Tier 1,High,Paid Ads,Android,2024-03-05
U00815,45-54,Tier 1,Mid,Referral,Android,2024-02-24
U00816,25-34,Tier 1,Mid,Paid Ads,iOS,2024-04-16
U00817,25-34,Tier 1,High,Paid Ads,Android,2024-04-26
U00818,25-34,Tier 2,Mid,Branch,Android,2024-03-11
U00819,18-24,Tier 3,Low,Organic,Android,2024-02-27
U00820,25-34,Tier 2,Mid,Organic,Android,2024-04-24
U00821,35-44,Tier 3,Mid,Organic,iOS,2024-01-21
U00822,18-24,Tier 1,Low,Partnership,Android,2024-04-05
U00823,25-34,Tier 2,High,Partnership,iOS,2024-04-20
U00824,25-34,Tier 2,Low,Paid Ads,Android,2024-03-01
U00825,25-34,Tier 1,Mid,Organic,Android,2024-02-27
U00826,45-54,Tier 1,Mid,Referral,Android,2024-02-03
U00827,25-34,Tier 2,Low,Referral,iOS,2024-04-06
U00828,25-34,Tier 1,High,Paid Ads,Android,2024-02-01
U00829,35-44,Tier 1,High,Referral,Android,2024-04-17
U00830,25-34,Tier 2,Mid,Organic,iOS,2024-03-22
U00831,18-24,Tier 3,Low,Paid Ads,iOS,2024-02-05
U00832,25-34,Tier 2,Low,Referral,Android,2024-04-08
U00833,18-24,Tier 3,Mid,Paid Ads,iOS,2024-04-09
U00834,18-24,Tier 1,Low,Organic,iOS,2024-03-07
U00835,25-34,Tier 2,Mid,Partnership,Android,2024-03-03
U00836,25-34,Tier 2,High,Paid Ads,Android,2024-03-21
U00837,45-54,Tier 3,Mid,Branch,Android,2024-01-31
U00838,25-34,Tier 1,High,Paid Ads,Android,2024-02-05
U00839,25-34,Tier 2,Mid,Branch,iOS,2024-02-26
U00840,25-34,Tier 2,Mid,Partnership,Android,2024-01-10
U00841,18-24,Tier 1,High,Paid Ads,Android,2024-04-01
U00842,35-44,Tier 1,Mid,Branch,iOS,2024-02-06
U00843,18-24,Tier 1,High,Referral,Android,2024-01-31
U00844,55+,Tier 1,Low,Referral,iOS,2024-02-04
U00845,18-24,Tier 3,Low,Organic,iOS,2024-02-12
U00846,25-34,Tier 1,High,Paid Ads,iOS,2024-02-10
U00847,18-24,Tier 1,Mid,Paid Ads,iOS,2024-04-24
U00848,55+,Tier 2,High,Partnership,Android,2024-03-10
U00849,25-34,Tier 1,High,Organic,Android,2024-01-11
U00850,25-34,Tier 2,Low,Referral,Android,2024-01-18
U00851,18-24,Tier 1,Mid,Organic,Android,2024-01-20
U00852,35-44,Tier 3,Mid,Paid Ads,Android,2024-01-30
U00853,18-24,Tier 3,Mid,Organic,Android,2024-02-19
U00854,45-54,Tier 3,Mid,Branch,iOS,2024-03-29
U00855,18-24,Tier 1,Low,Organic,iOS,2024-01-20
U00856,18-24,Tier 2,Mid,Referral,Android,2024-03-31
U00857,18-24,Tier 1,Mid,Partnership,Android,2024-01-28
U00858,25-34,Tier 1,Low,Paid Ads,Android,2024-01-09
U00859,25-34,Tier 1,High,Organic,iOS,2024-02-23
U00860,18-24,Tier 2,Mid,Paid Ads,iOS,2024-02-22
U00861,35-44,Tier 2,High,Organic,Android,2024-02-12
U00862,25-34,Tier 2,Mid,Branch,Android,2024-03-10
U00863,25-34,Tier 1,Low,Paid Ads,Android,2024-02-29
U00864,25-34,Tier 1,Mid,Referral,iOS,2024-02-23
U00865,25-34,Tier 2,Low,Paid Ads,Android,2024-01-08
U00866,25-34,Tier 1,High,Organic,Android,2024-01-27
U00867,18-24,Tier 2,Low,Partnership,iOS,2024-04-16
U00868,18-24,Tier 1,Mid,Branch,iOS,2024-02-23
U00869,45-54,Tier 3,Mid,Partnership,iOS,2024-02-19
U00870,45-54,Tier 2,Mid,Referral,Android,2024-04-25
U00871,25-34,Tier 1,Low,Referral,Android,2024-04-08
U00872,18-24,Tier 1,Mid,Organic,Android,2024-03-15
U00873,25-34,Tier 2,Mid,Paid Ads,Android,2024-03-30
U00874,25-34,Tier 3,Low,Paid Ads,Android,2024-01-03
U00875,18-24,Tier 1,High,Paid Ads,Android,2024-04-19
U00876,18-24,Tier 1,Mid,Branch,Android,2024-04-22
U00877,35-44,Tier 3,Mid,Organic,iOS,2024-04-07
U00878,35-44,Tier 2,Mid,Organic,Android,2024-03-14
U00879,18-24,Tier 1,Low,Organic,iOS,2024-02-18
U00880,18-24,Tier 2,High,Organic,Android,2024-03-02
U00881,18-24,Tier 1,Mid,Organic,Android,2024-01-01
U00882,35-44,Tier 2,Low,Paid Ads,Android,2024-02-15
U00883,18-24,Tier 1,Mid,Referral,iOS,2024-02-08
U00884,18-24,Tier 3,Mid,Organic,Android,2024-04-06
U00885,35-44,Tier 2,Mid,Partnership,iOS,2024-02-19
U00886,18-24,Tier 2,Mid,Organic,Android,2024-04-19
U00887,35-44,Tier 2,Low,Paid Ads,iOS,2024-04-24
U00888,18-24,Tier 3,Low,Referral,Android,2024-04-16
U00889,18-24,Tier 3,High,Paid Ads,iOS,2024-02-23
U00890,18-24,Tier 2,Low,Branch,Android,2024-03-09
U00891,35-44,Tier 2,High,Organic,iOS,2024-04-05
U00892,45-54,Tier 2,Low,Paid Ads,Android,2024-04-04
U00893,35-44,Tier 2,High,Partnership,Android,2024-03-10
U00894,25-34,Tier 1,Mid,Paid Ads,iOS,2024-04-12
U00895,35-44,Tier 2,Mid,Referral,Android,2024-03-18
U00896,18-24,Tier 1,Low,Referral,Android,2024-04-24
U00897,18-24,Tier 3,Low,Paid Ads,iOS,2024-01-29
U00898,45-54,Tier 1,Low,Partnership,Android,2024-03-03
U00899,18-24,Tier 3,Low,Organic,Android,2024-01-29
U00900,18-24,Tier 2,Mid,Organic,Android,2024-02-04
U00901,18-24,Tier 2,Mid,Referral,iOS,2024-02-25
U00902,18-24,Tier 2,Mid,Organic,Android,2024-03-03
U00903,18-24,Tier 1,Mid,Referral,Android,2024-01-04
U00904,25-34,Tier 1,Mid,Organic,iOS,2024-02-19
U00905,25-34,Tier 1,Mid,Organic,iOS,2024-02-13
U00906,45-54,Tier 2,Mid,Organic,iOS,2024-03-26
U00907,35-44,Tier 1,Mid,Branch,iOS,2024-03-27
U00908,25-34,Tier 2,Mid,Organic,Android,2024-04-12
U00909,18-24,Tier 1,High,Organic,Android,2024-02-21
U00910,25-34,Tier 1,Low,Organic,Android,2024-04-02
U00911,25-34,Tier 1,Low,Branch,iOS,2024-01-22
U00912,18-24,Tier 3,Mid,Partnership,iOS,2024-04-17
U00913,25-34,Tier 2,Low,Partnership,iOS,2024-02-29
U00914,25-34,Tier 1,High,Organic,Android,2024-01-17
U00915,25-34,Tier 2,High,Partnership,Android,2024-03-20
U00916,25-34,Tier 1,Low,Referral,Android,2024-03-09
U00917,18-24,Tier 3,Low,Referral,iOS,2024-01-04
U00918,45-54,Tier 2,Mid,Paid Ads,iOS,2024-04-26
U00919,35-44,Tier 1,Mid,Partnership,Android,2024-02-20
U00920,18-24,Tier 2,Low,Partnership,Android,2024-03-16
U00921,45-54,Tier 1,Mid,Partnership,iOS,2024-03-13
U00922,25-34,Tier 3,Mid,Branch,iOS,2024-03-25
U00923,45-54,Tier 1,Mid,Organic,Android,2024-01-04
U00924,35-44,Tier 2,Low,Referral,Android,2024-01-11
U00925,25-34,Tier 1,Mid,Organic,iOS,2024-03-23
U00926,18-24,Tier 2,Low,Partnership,iOS,2024-02-24
U00927,18-24,Tier 2,High,Organic,Android,2024-01-18
U00928,25-34,Tier 2,Mid,Partnership,Android,2024-04-20
U00929,25-34,Tier 2,Mid,Referral,Android,2024-02-29
U00930,18-24,Tier 3,High,Referral,Android,2024-01-24
U00931,18-24,Tier 1,High,Organic,Android,2024-01-07
U00932,35-44,Tier 1,Mid,Referral,Android,2024-02-03
U00933,55+,Tier 1,Low,Partnership,Android,2024-02-18
U00934,25-34,Tier 3,Mid,Organic,iOS,2024-02-11
U00935,18-24,Tier 1,Mid,Referral,Android,2024-01-28
U00936,18-24,Tier 2,Low,Organic,Android,2024-02-28
U00937,18-24,Tier 2,High,Referral,Android,2024-02-11
U00938,45-54,Tier 1,Low,Organic,Android,2024-02-13
U00939,18-24,Tier 1,Low,Referral,Android,2024-04-07
U00940,25-34,Tier 1,Low,Partnership,Android,2024-04-22
U00941,18-24,Tier 1,Mid,Referral,iOS,2024-02-18
U00942,25-34,Tier 1,Mid,Referral,iOS,2024-02-05
U00943,35-44,Tier 1,Mid,Paid Ads,iOS,2024-04-06
U00944,35-44,Tier 3,Mid,Organic,Android,2024-04-16
U00945,18-24,Tier 3,Mid,Referral,iOS,2024-02-23
U00946,18-24,Tier 1,Mid,Paid Ads,Android,2024-02-02
U00947,18-24,Tier 1,Low,Organic,iOS,2024-04-16
U00948,45-54,Tier 1,High,Paid Ads,Android,2024-01-11
U00949,45-54,Tier 2,Low,Paid Ads,Android,2024-03-01
U00950,25-34,Tier 3,High,Partnership,Android,2024-01-03
U00951,25-34,Tier 1,Low,Branch,iOS,2024-04-05
U00952,35-44,Tier 1,Mid,Organic,iOS,2024-03-10
U00953,18-24,Tier 2,Low,Referral,iOS,2024-01-07
U00954,45-54,Tier 2,Low,Referral,Android,2024-02-14
U00955,25-34,Tier 1,High,Organic,Android,2024-01-29
U00956,25-34,Tier 2,High,Partnership,iOS,2024-03-24
U00957,25-34,Tier 1,Mid,Partnership,iOS,2024-01-09
U00958,18-24,Tier 1,Mid,Paid Ads,iOS,2024-04-09
U00959,18-24,Tier 2,Mid,Paid Ads,Android,2024-03-24
U00960,35-44,Tier 3,High,Organic,Android,2024-01-06
U00961,18-24,Tier 1,Mid,Paid Ads,iOS,2024-04-06
U00962,25-34,Tier 3,Mid,Partnership,Android,2024-01-04
U00963,18-24,Tier 1,Mid,Paid Ads,iOS,2024-02-01
U00964,25-34,Tier 2,Mid,Referral,Android,2024-01-26
U00965,18-24,Tier 2,High,Paid Ads,iOS,2024-04-17
U00966,25-34,Tier 3,Low,Referral,Android,2024-01-03
U00967,35-44,Tier 3,Low,Paid Ads,iOS,2024-03-20
U00968,18-24,Tier 1,Mid,Paid Ads,Android,2024-01-20
U00969,25-34,Tier 3,Mid,Referral,Android,2024-01-31
U00970,25-34,Tier 3,Low,Paid Ads,Android,2024-01-17
U00971,35-44,Tier 2,Mid,Partnership,iOS,2024-03-01
U00972,45-54,Tier 1,High,Organic,iOS,2024-03-26
U00973,35-44,Tier 3,Low,Branch,Android,2024-01-15
U00974,18-24,Tier 3,Mid,Paid Ads,iOS,2024-03-13
U00975,18-24,Tier 1,Mid,Paid Ads,Android,2024-01-28
U00976,18-24,Tier 3,Mid,Partnership,Android,2024-02-29
U00977,25-34,Tier 1,High,Paid Ads,Android,2024-03-30
U00978,18-24,Tier 1,Mid,Partnership,iOS,2024-02-02
U00979,25-34,Tier 2,Mid,Organic,Android,2024-04-08
U00980,25-34,Tier 2,Mid,Organic,Android,2024-02-17
U00981,25-34,Tier 2,Mid,Paid Ads,iOS,2024-01-22
U00982,35-44,Tier 1,Mid,Partnership,iOS,2024-03-18
U00983,18-24,Tier 3,High,Partnership,Android,2024-03-18
U00984,18-24,Tier 1,Mid,Paid Ads,iOS,2024-04-05
U00985,35-44,Tier 1,Low,Paid Ads,iOS,2024-04-01
U00986,25-34,Tier 1,Low,Referral,Android,2024-01-15
U00987,35-44,Tier 2,Low,Branch,iOS,2024-04-09
U00988,25-34,Tier 3,Low,Referral,Android,2024-04-14
U00989,18-24,Tier 2,High,Paid Ads,Android,2024-01-21
U00990,35-44,Tier 3,Mid,Paid Ads,Android,2024-02-09
U00991,35-44,Tier 1,Mid,Paid Ads,iOS,2024-01-14
U00992,35-44,Tier 2,Mid,Referral,Android,2024-03-15
U00993,18-24,Tier 2,High,Branch,iOS,2024-01-04
U00994,25-34,Tier 2,Mid,Paid Ads,Android,2024-02-09
U00995,25-34,Tier 1,High,Branch,Android,2024-03-14
U00996,18-24,Tier 2,Mid,Organic,Android,2024-03-27
U00997,45-54,Tier 2,High,Paid Ads,iOS,2024-04-26
U00998,18-24,Tier 2,Mid,Paid Ads,Android,2024-02-18
U00999,55+,Tier 2,Low,Paid Ads,Android,2024-02-20
U01000,25-34,Tier 1,Mid,Branch,Android,2024-04-01
U01001,18-24,Tier 2,Mid,Organic,iOS,2024-01-26
U01002,25-34,Tier 1,Low,Organic,Android,2024-01-10
U01003,45-54,Tier 3,Mid,Paid Ads,iOS,2024-03-16
U01004,35-44,Tier 2,Mid,Organic,Android,2024-03-29
U01005,35-44,Tier 1,Low,Branch,Android,2024-04-16
U01006,35-44,Tier 3,High,Organic,Android,2024-03-21
U01007,35-44,Tier 2,Mid,Paid Ads,iOS,2024-02-01
U01008,35-44,Tier 1,High,Organic,Android,2024-01-14
U01009,18-24,Tier 2,Mid,Paid Ads,Android,2024-03-30
U01010,25-34,Tier 1,Mid,Referral,Android,2024-04-08
U01011,18-24,Tier 3,Mid,Organic,Android,2024-02-08
U01012,55+,Tier 3,Mid,Referral,Android,2024-04-18
U01013,45-54,Tier 3,High,Referral,iOS,2024-03-28
U01014,18-24,Tier 2,Low,Branch,Android,2024-03-17
U01015,35-44,Tier 2,High,Organic,Android,2024-04-13
U01016,45-54,Tier 2,High,Paid Ads,Android,2024-01-16
U01017,18-24,Tier 1,Mid,Branch,Android,2024-04-11
U01018,25-34,Tier 2,High,Partnership,iOS,2024-03-13
U01019,45-54,Tier 2,Mid,Branch,Android,2024-04-10
U01020,18-24,Tier 1,High,Branch,iOS,2024-01-06
U01021,35-44,Tier 1,Mid,Paid Ads,Android,2024-02-14
U01022,18-24,Tier 3,Low,Paid Ads,iOS,2024-03-09
U01023,45-54,Tier 3,High,Organic,Android,2024-02-24
U01024,55+,Tier 1,Mid,Referral,Android,2024-03-25
U01025,45-54,Tier 1,Mid,Partnership,iOS,2024-02-17
U01026,25-34,Tier 1,Mid,Paid Ads,iOS,2024-01-09
U01027,45-54,Tier 3,Low,Paid Ads,Android,2024-03-05
U01028,35-44,Tier 1,Mid,Paid Ads,Android,2024-03-23
U01029,25-34,Tier 2,High,Referral,Android,2024-02-13
U01030,35-44,Tier 1,Low,Partnership,iOS,2024-01-02
U01031,18-24,Tier 2,Low,Paid Ads,Android,2024-04-18
U01032,25-34,Tier 1,Low,Organic,iOS,2024-02-23
U01033,18-24,Tier 2,Mid,Partnership,Android,2024-04-15
U01034,18-24,Tier 1,Mid,Referral,Android,2024-03-03
U01035,18-24,Tier 2,Mid,Partnership,Android,2024-01-14
U01036,35-44,Tier 1,High,Paid Ads,Android,2024-02-25
U01037,25-34,Tier 2,Mid,Referral,Android,2024-02-16
U01038,35-44,Tier 3,Low,Partnership,Android,2024-03-22
U01039,18-24,Tier 1,High,Paid Ads,iOS,2024-04-24
U01040,25-34,Tier 3,Mid,Referral,Android,2024-04-16
U01041,25-34,Tier 2,Mid,Organic,iOS,2024-02-28
U01042,35-44,Tier 1,Mid,Partnership,Android,2024-03-31
U01043,25-34,Tier 1,High,Organic,iOS,2024-01-20
U01044,25-34,Tier 1,Mid,Partnership,iOS,2024-02-25
U01045,45-54,Tier 2,Mid,Referral,iOS,2024-01-23
U01046,25-34,Tier 2,Mid,Paid Ads,iOS,2024-04-03
U01047,18-24,Tier 1,Low,Branch,Android,2024-03-07
U01048,18-24,Tier 2,Mid,Organic,iOS,2024-03-24
U01049,45-54,Tier 3,Mid,Paid Ads,iOS,2024-02-04
U01050,18-24,Tier 3,Low,Partnership,Android,2024-03-19
U01051,45-54,Tier 2,Low,Partnership,Android,2024-04-13
U01052,25-34,Tier 3,Low,Paid Ads,Android,2024-03-09
U01053,45-54,Tier 2,Mid,Paid Ads,Android,2024-04-09
U01054,35-44,Tier 1,High,Partnership,Android,2024-03-02
U01055,55+,Tier 3,High,Partnership,Android,2024-02-29
U01056,25-34,Tier 2,Mid,Partnership,Android,2024-02-25
U01057,35-44,Tier 2,Mid,Referral,iOS,2024-04-15
U01058,25-34,Tier 2,High,Branch,Android,2024-04-03
U01059,25-34,Tier 3,Low,Referral,iOS,2024-03-16
U01060,25-34,Tier 3,Mid,Organic,Android,2024-02-04
U01061,45-54,Tier 1,Mid,Referral,Android,2024-02-11
U01062,55+,Tier 1,Low,Organic,Android,2024-04-19
U01063,35-44,Tier 2,High,Organic,Android,2024-02-01
U01064,25-34,Tier 2,High,Referral,Android,2024-04-16
U01065,25-34,Tier 1,Low,Organic,Android,2024-01-12
U01066,35-44,Tier 2,Low,Paid Ads,Android,2024-02-05
U01067,18-24,Tier 2,Low,Organic,Android,2024-04-22
U01068,18-24,Tier 1,Mid,Organic,Android,2024-02-27
U01069,25-34,Tier 1,Mid,Organic,Android,2024-02-01
U01070,18-24,Tier 1,Mid,Organic,Android,2024-04-06
U01071,18-24,Tier 3,Low,Referral,Android,2024-02-29
U01072,18-24,Tier 1,High,Paid Ads,Android,2024-03-13
U01073,18-24,Tier 1,Mid,Branch,Android,2024-03-19
U01074,18-24,Tier 2,Low,Partnership,Android,2024-03-26
U01075,55+,Tier 1,Mid,Partnership,Android,2024-02-18
U01076,25-34,Tier 1,Mid,Organic,Android,2024-02-13
U01077,25-34,Tier 1,Mid,Referral,Android,2024-01-04
U01078,35-44,Tier 2,Low,Organic,Android,2024-03-04
U01079,18-24,Tier 2,Low,Partnership,Android,2024-04-18
U01080,45-54,Tier 1,High,Organic,Android,2024-02-11
U01081,35-44,Tier 1,High,Paid Ads,iOS,2024-01-24
U01082,18-24,Tier 3,Mid,Organic,iOS,2024-03-03
U01083,25-34,Tier 1,Mid,Organic,Android,2024-01-28
U01084,45-54,Tier 1,Mid,Branch,iOS,2024-02-15
U01085,45-54,Tier 1,Mid,Partnership,Android,2024-04-12
U01086,25-34,Tier 2,Mid,Partnership,Android,2024-02-03
U01087,25-34,Tier 2,High,Paid Ads,iOS,2024-02-13
U01088,18-24,Tier 1,Mid,Partnership,iOS,2024-02-05
U01089,55+,Tier 2,Mid,Paid Ads,Android,2024-04-22
U01090,18-24,Tier 1,Mid,Branch,Android,2024-03-17
U01091,45-54,Tier 1,High,Referral,Android,2024-03-30
U01092,25-34,Tier 2,Mid,Paid Ads,Android,2024-04-22
U01093,25-34,Tier 1,Low,Paid Ads,Android,2024-02-05
U01094,25-34,Tier 2,Mid,Referral,Android,2024-03-12
U01095,18-24,Tier 1,Mid,Partnership,iOS,2024-01-02
U01096,18-24,Tier 2,Mid,Branch,Android,2024-03-07
U01097,18-24,Tier 1,Mid,Paid Ads,iOS,2024-01-25
U01098,18-24,Tier 3,High,Referral,Android,2024-01-11
U01099,35-44,Tier 1,Mid,Paid Ads,Android,2024-01-31
U01100,25-34,Tier 3,High,Partnership,Android,2024-04-02
U01101,18-24,Tier 1,Low,Paid Ads,iOS,2024-02-22
U01102,55+,Tier 2,High,Organic,Android,2024-03-03
U01103,45-54,Tier 1,Mid,Paid Ads,Android,2024-03-12
U01104,45-54,Tier 3,Mid,Organic,Android,2024-04-07
U01105,55+,Tier 1,Mid,Partnership,Android,2024-01-31
U01106,18-24,Tier 1,Low,Referral,Android,2024-03-29
U01107,25-34,Tier 2,Mid,Paid Ads,Android,2024-03-01
U01108,35-44,Tier 1,Mid,Partnership,Android,2024-03-23
U01109,35-44,Tier 1,Low,Organic,Android,2024-04-01
U01110,18-24,Tier 3,Mid,Organic,Android,2024-03-03
U01111,35-44,Tier 3,Mid,Referral,iOS,2024-02-27
U01112,18-24,Tier 1,Low,Organic,Android,2024-04-11
U01113,18-24,Tier 3,Low,Referral,Android,2024-01-03
U01114,25-34,Tier 2,Mid,Branch,Android,2024-01-12
U01115,25-34,Tier 1,Mid,Partnership,Android,2024-02-07
U01116,25-34,Tier 2,High,Partnership,Android,2024-01-29
U01117,18-24,Tier 2,High,Branch,Android,2024-02-21
U01118,45-54,Tier 3,Mid,Referral,iOS,2024-03-29
U01119,18-24,Tier 1,Mid,Referral,Android,2024-02-01
U01120,18-24,Tier 2,Mid,Organic,Android,2024-02-09
U01121,45-54,Tier 1,Mid,Partnership,Android,2024-03-25
U01122,55+,Tier 1,Low,Paid Ads,Android,2024-03-15
U01123,45-54,Tier 1,Mid,Organic,Android,2024-02-17
U01124,35-44,Tier 3,Mid,Referral,iOS,2024-03-01
U01125,35-44,Tier 3,Low,Paid Ads,iOS,2024-03-11
U01126,25-34,Tier 2,Mid,Paid Ads,iOS,2024-03-08
U01127,18-24,Tier 2,High,Partnership,Android,2024-02-14
U01128,25-34,Tier 1,Mid,Referral,iOS,2024-02-24
U01129,25-34,Tier 1,Mid,Branch,Android,2024-04-05
U01130,18-24,Tier 1,High,Referral,iOS,2024-03-11
U01131,35-44,Tier 1,Mid,Paid Ads,iOS,2024-02-12
U01132,25-34,Tier 2,Low,Branch,Android,2024-02-15
U01133,18-24,Tier 2,Mid,Branch,Android,2024-03-30
U01134,18-24,Tier 1,Mid,Organic,Android,2024-02-28
U01135,35-44,Tier 1,Mid,Organic,iOS,2024-02-04
U01136,18-24,Tier 1,Low,Paid Ads,Android,2024-02-09
U01137,45-54,Tier 1,Mid,Referral,iOS,2024-02-02
U01138,25-34,Tier 3,High,Paid Ads,Android,2024-01-30
U01139,25-34,Tier 2,Mid,Branch,Android,2024-01-16
U01140,25-34,Tier 3,High,Organic,Android,2024-04-02
U01141,35-44,Tier 2,Mid,Paid Ads,iOS,2024-01-25
U01142,25-34,Tier 1,High,Organic,Android,2024-02-10
U01143,35-44,Tier 1,Low,Partnership,Android,2024-01-16
U01144,25-34,Tier 3,Mid,Branch,Android,2024-04-05
U01145,18-24,Tier 2,Low,Paid Ads,Android,2024-03-09
U01146,45-54,Tier 1,Mid,Organic,iOS,2024-04-07
U01147,35-44,Tier 2,Mid,Partnership,Android,2024-03-29
U01148,35-44,Tier 2,Mid,Paid Ads,iOS,2024-01-24
U01149,45-54,Tier 2,High,Referral,iOS,2024-01-25
U01150,45-54,Tier 3,High,Partnership,Android,2024-01-28
U01151,35-44,Tier 2,Low,Branch,iOS,2024-04-04
U01152,35-44,Tier 2,Mid,Paid Ads,iOS,2024-03-02
U01153,35-44,Tier 1,Mid,Paid Ads,iOS,2024-02-05
U01154,35-44,Tier 1,Mid,Referral,iOS,2024-04-02
U01155,25-34,Tier 1,High,Paid Ads,Android,2024-03-16
U01156,35-44,Tier 1,Mid,Referral,Android,2024-04-07
U01157,18-24,Tier 2,High,Referral,Android,2024-03-08
U01158,45-54,Tier 2,Low,Organic,iOS,2024-03-17
U01159,45-54,Tier 1,Mid,Referral,iOS,2024-02-06
U01160,18-24,Tier 3,Mid,Organic,Android,2024-01-13
U01161,35-44,Tier 1,Low,Paid Ads,Android,2024-04-16
U01162,18-24,Tier 1,Mid,Paid Ads,Android,2024-01-25
U01163,25-34,Tier 1,High,Paid Ads,iOS,2024-02-07
U01164,35-44,Tier 1,Mid,Referral,Android,2024-01-30
U01165,18-24,Tier 1,Mid,Referral,Android,2024-02-16
U01166,35-44,Tier 2,Mid,Partnership,Android,2024-01-23
U01167,35-44,Tier 1,Low,Paid Ads,Android,2024-02-08
U01168,25-34,Tier 3,Low,Branch,Android,2024-01-02
U01169,18-24,Tier 1,Mid,Referral,iOS,2024-03-31
U01170,18-24,Tier 1,Low,Paid Ads,Android,2024-03-09
U01171,25-34,Tier 1,High,Organic,iOS,2024-01-17
U01172,55+,Tier 2,Mid,Paid Ads,Android,2024-02-05
U01173,25-34,Tier 1,High,Partnership,Android,2024-01-06
U01174,18-24,Tier 3,Mid,Branch,Android,2024-01-07
U01175,25-34,Tier 2,High,Branch,iOS,2024-03-11
U01176,25-34,Tier 2,Mid,Referral,iOS,2024-02-07
U01177,35-44,Tier 2,Mid,Paid Ads,Android,2024-03-30
U01178,18-24,Tier 1,High,Paid Ads,iOS,2024-01-17
U01179,35-44,Tier 1,Mid,Paid Ads,Android,2024-03-22
U01180,25-34,Tier 1,Low,Organic,Android,2024-04-21
U01181,55+,Tier 2,Mid,Partnership,Android,2024-04-06
U01182,25-34,Tier 1,High,Branch,iOS,2024-03-03
U01183,25-34,Tier 1,Mid,Referral,Android,2024-01-14
U01184,45-54,Tier 3,Mid,Referral,Android,2024-04-21
U01185,18-24,Tier 1,Mid,Organic,Android,2024-01-02
U01186,45-54,Tier 3,High,Paid Ads,Android,2024-03-14
U01187,35-44,Tier 2,Low,Referral,Android,2024-02-06
U01188,18-24,Tier 1,Mid,Branch,Android,2024-03-01
U01189,25-34,Tier 1,Low,Paid Ads,Android,2024-03-02
U01190,35-44,Tier 1,Mid,Paid Ads,iOS,2024-02-26
U01191,18-24,Tier 2,Mid,Paid Ads,Android,2024-02-13
U01192,25-34,Tier 2,Low,Organic,Android,2024-01-24
U01193,25-34,Tier 2,Low,Branch,Android,2024-01-07
U01194,25-34,Tier 3,Mid,Paid Ads,Android,2024-02-02
U01195,18-24,Tier 2,Low,Branch,iOS,2024-04-20
U01196,45-54,Tier 1,Low,Paid Ads,Android,2024-03-02
U01197,55+,Tier 1,High,Paid Ads,iOS,2024-01-15
U01198,55+,Tier 3,Mid,Organic,iOS,2024-04-15
U01199,35-44,Tier 1,Mid,Paid Ads,iOS,2024-01-09
U01200,18-24,Tier 1,High,Partnership,Android,2024-02-21
U01201,35-44,Tier 2,Low,Partnership,Android,2024-03-03
U01202,18-24,Tier 1,Mid,Partnership,Android,2024-01-10
U01203,18-24,Tier 3,Mid,Organic,iOS,2024-03-14
U01204,25-34,Tier 2,Mid,Branch,Android,2024-03-21
U01205,25-34,Tier 1,High,Branch,Android,2024-03-28
U01206,35-44,Tier 3,High,Organic,Android,2024-01-07
U01207,35-44,Tier 1,Mid,Branch,iOS,2024-01-20
U01208,25-34,Tier 1,Low,Referral,iOS,2024-01-20
U01209,18-24,Tier 1,Low,Paid Ads,Android,2024-04-13
U01210,55+,Tier 1,Mid,Referral,Android,2024-03-13
U01211,25-34,Tier 2,Low,Branch,Android,2024-02-08
U01212,25-34,Tier 1,Mid,Organic,Android,2024-01-11
U01213,18-24,Tier 1,Mid,Paid Ads,iOS,2024-02-01
U01214,35-44,Tier 1,Low,Referral,iOS,2024-01-16
U01215,35-44,Tier 2,High,Referral,Android,2024-03-12
U01216,18-24,Tier 3,Low,Paid Ads,Android,2024-04-07
U01217,18-24,Tier 1,Mid,Organic,iOS,2024-02-23
U01218,35-44,Tier 1,Mid,Paid Ads,iOS,2024-03-18
U01219,35-44,Tier 1,Mid,Branch,iOS,2024-03-17
U01220,18-24,Tier 1,Mid,Partnership,iOS,2024-04-11
U01221,55+,Tier 2,Low,Partnership,Android,2024-03-20
U01222,18-24,Tier 2,Mid,Referral,iOS,2024-01-29
U01223,25-34,Tier 1,Mid,Referral,iOS,2024-04-09
U01224,45-54,Tier 1,High,Paid Ads,Android,2024-03-07
U01225,25-34,Tier 1,Mid,Organic,Android,2024-02-18
U01226,25-34,Tier 2,Mid,Branch,iOS,2024-02-27
U01227,25-34,Tier 1,Mid,Organic,Android,2024-04-26
U01228,18-24,Tier 3,High,Branch,Android,2024-02-26
U01229,55+,Tier 2,Low,Organic,Android,2024-02-08
U01230,25-34,Tier 1,Mid,Partnership,Android,2024-04-20
U01231,45-54,Tier 2,Mid,Organic,Android,2024-03-16
U01232,18-24,Tier 3,Mid,Organic,Android,2024-02-24
U01233,18-24,Tier 2,Low,Paid Ads,iOS,2024-02-09
U01234,18-24,Tier 1,Mid,Referral,iOS,2024-03-13
U01235,35-44,Tier 1,Low,Paid Ads,iOS,2024-03-20
U01236,25-34,Tier 3,Mid,Paid Ads,Android,2024-01-08
U01237,45-54,Tier 2,Mid,Organic,iOS,2024-03-19
U01238,25-34,Tier 2,High,Branch,Android,2024-04-04
U01239,55+,Tier 3,Mid,Paid Ads,Android,2024-01-13
U01240,18-24,Tier 3,Low,Paid Ads,Android,2024-04-07
U01241,45-54,Tier 3,Low,Paid Ads,iOS,2024-01-27
U01242,35-44,Tier 1,High,Paid Ads,Android,2024-03-21
U01243,35-44,Tier 2,Low,Referral,Android,2024-01-28
U01244,35-44,Tier 2,Mid,Organic,Android,2024-02-03
U01245,35-44,Tier 2,Low,Paid Ads,Android,2024-03-25
U01246,25-34,Tier 2,Mid,Referral,iOS,2024-01-11
U01247,18-24,Tier 1,Mid,Referral,iOS,2024-01-21
U01248,18-24,Tier 2,Mid,Paid Ads,Android,2024-01-31
U01249,45-54,Tier 2,Mid,Paid Ads,Android,2024-01-23
U01250,25-34,Tier 1,High,Organic,Android,2024-03-11
U01251,35-44,Tier 2,Mid,Referral,iOS,2024-01-10
U01252,25-34,Tier 1,Mid,Referral,Android,2024-01-21
U01253,18-24,Tier 1,High,Organic,Android,2024-01-01
U01254,18-24,Tier 1,High,Organic,Android,2024-02-22
U01255,35-44,Tier 1,Mid,Organic,Android,2024-02-27
U01256,25-34,Tier 2,High,Branch,Android,2024-03-29
U01257,18-24,Tier 2,Low,Paid Ads,Android,2024-03-17
U01258,25-34,Tier 2,Mid,Organic,Android,2024-03-01
U01259,18-24,Tier 3,High,Organic,Android,2024-02-07
U01260,25-34,Tier 1,Low,Paid Ads,iOS,2024-01-05
U01261,18-24,Tier 1,Low,Referral,Android,2024-01-30
U01262,35-44,Tier 3,Mid,Partnership,Android,2024-02-06
U01263,25-34,Tier 1,Mid,Branch,iOS,2024-03-31
U01264,25-34,Tier 3,Mid,Paid Ads,iOS,2024-02-06
U01265,18-24,Tier 3,Mid,Organic,Android,2024-03-30
U01266,18-24,Tier 2,High,Partnership,iOS,2024-04-20
U01267,25-34,Tier 3,Mid,Branch,Android,2024-02-28
U01268,25-34,Tier 1,Low,Paid Ads,iOS,2024-01-10
U01269,25-34,Tier 1,High,Paid Ads,iOS,2024-03-28
U01270,18-24,Tier 2,Low,Referral,Android,2024-01-30
U01271,35-44,Tier 1,Low,Referral,Android,2024-02-03
U01272,45-54,Tier 3,Low,Paid Ads,Android,2024-04-10
U01273,35-44,Tier 1,Mid,Branch,Android,2024-04-11
U01274,18-24,Tier 2,Low,Paid Ads,Android,2024-03-21
U01275,25-34,Tier 2,Low,Partnership,Android,2024-03-16
U01276,18-24,Tier 2,Mid,Organic,Android,2024-03-25
U01277,18-24,Tier 1,Low,Organic,Android,2024-04-12
U01278,55+,Tier 1,Mid,Paid Ads,Android,2024-01-26
U01279,18-24,Tier 3,High,Organic,Android,2024-02-24
U01280,25-34,Tier 1,Mid,Paid Ads,Android,2024-01-15
U01281,25-34,Tier 3,Low,Referral,Android,2024-03-10
U01282,35-44,Tier 2,Low,Partnership,iOS,2024-01-29
U01283,25-34,Tier 2,High,Partnership,Android,2024-03-23
U01284,18-24,Tier 2,Low,Paid Ads,iOS,2024-01-20
U01285,25-34,Tier 1,High,Organic,Android,2024-04-26
U01286,25-34,Tier 2,Low,Paid Ads,iOS,2024-02-04
U01287,18-24,Tier 3,High,Branch,iOS,2024-04-15
U01288,25-34,Tier 1,Mid,Paid Ads,Android,2024-01-19
U01289,18-24,Tier 3,Mid,Organic,Android,2024-01-10
U01290,18-24,Tier 2,Mid,Organic,Android,2024-01-08
U01291,25-34,Tier 1,Mid,Referral,iOS,2024-01-22
U01292,18-24,Tier 1,Mid,Organic,Android,2024-04-11
U01293,25-34,Tier 3,Mid,Partnership,Android,2024-02-09
U01294,35-44,Tier 1,Mid,Partnership,Android,2024-03-17
U01295,35-44,Tier 3,Low,Referral,iOS,2024-04-05
U01296,18-24,Tier 3,Low,Referral,Android,2024-04-15
U01297,18-24,Tier 1,Mid,Organic,Android,2024-03-13
U01298,18-24,Tier 1,Low,Branch,Android,2024-02-06
U01299,25-34,Tier 2,Mid,Paid Ads,Android,2024-02-26
U01300,35-44,Tier 1,Low,Paid Ads,Android,2024-01-16
U01301,18-24,Tier 2,Mid,Referral,Android,2024-02-29
U01302,45-54,Tier 1,Low,Paid Ads,iOS,2024-03-29
U01303,18-24,Tier 2,Mid,Referral,iOS,2024-02-08
U01304,25-34,Tier 2,Low,Referral,iOS,2024-03-30
U01305,35-44,Tier 1,Low,Paid Ads,Android,2024-02-21
U01306,45-54,Tier 1,Low,Paid Ads,iOS,2024-02-04
U01307,35-44,Tier 1,High,Referral,Android,2024-03-05
U01308,35-44,Tier 1,Low,Organic,Android,2024-03-10
U01309,25-34,Tier 2,Mid,Referral,iOS,2024-03-04
U01310,35-44,Tier 3,Low,Referral,iOS,2024-02-26
U01311,18-24,Tier 1,Low,Paid Ads,Android,2024-01-11
U01312,45-54,Tier 2,Mid,Branch,iOS,2024-03-17
U01313,25-34,Tier 2,Mid,Organic,iOS,2024-01-06
U01314,35-44,Tier 1,High,Organic,Android,2024-04-23
U01315,25-34,Tier 1,High,Organic,Android,2024-02-25
U01316,25-34,Tier 3,Mid,Paid Ads,iOS,2024-04-04
U01317,25-34,Tier 2,Mid,Referral,Android,2024-02-11
U01318,35-44,Tier 2,Mid,Paid Ads,Android,2024-03-18
U01319,18-24,Tier 2,Mid,Organic,iOS,2024-02-02
U01320,18-24,Tier 1,High,Paid Ads,Android,2024-01-04
U01321,18-24,Tier 2,Mid,Partnership,Android,2024-01-12
U01322,18-24,Tier 2,Mid,Branch,Android,2024-01-30
U01323,45-54,Tier 2,Low,Branch,Android,2024-03-27
U01324,18-24,Tier 1,Low,Partnership,iOS,2024-04-17
U01325,55+,Tier 1,High,Branch,iOS,2024-04-20
U01326,25-34,Tier 1,Mid,Organic,Android,2024-03-14
U01327,18-24,Tier 3,Mid,Organic,iOS,2024-03-16
U01328,35-44,Tier 1,Low,Organic,iOS,2024-01-03
U01329,35-44,Tier 2,High,Paid Ads,Android,2024-04-07
U01330,25-34,Tier 1,Low,Branch,iOS,2024-03-27
U01331,25-34,Tier 1,High,Organic,Android,2024-04-15
U01332,35-44,Tier 2,Low,Paid Ads,Android,2024-02-04
U01333,18-24,Tier 2,High,Paid Ads,Android,2024-03-14
U01334,55+,Tier 2,Mid,Branch,Android,2024-01-06
U01335,55+,Tier 1,Low,Paid Ads,Android,2024-04-07
U01336,35-44,Tier 2,Mid,Branch,Android,2024-04-06
U01337,18-24,Tier 1,Mid,Referral,iOS,2024-01-23
U01338,35-44,Tier 1,Low,Referral,Android,2024-03-01
U01339,18-24,Tier 2,High,Paid Ads,Android,2024-03-07
U01340,18-24,Tier 1,Mid,Referral,Android,2024-03-24
U01341,18-24,Tier 1,Mid,Organic,Android,2024-02-26
U01342,25-34,Tier 2,Low,Paid Ads,Android,2024-02-05
U01343,45-54,Tier 2,Mid,Partnership,Android,2024-01-24
U01344,35-44,Tier 3,High,Paid Ads,Android,2024-03-15
U01345,35-44,Tier 1,Mid,Referral,Android,2024-02-25
U01346,25-34,Tier 1,High,Paid Ads,Android,2024-03-22
U01347,25-34,Tier 1,High,Referral,iOS,2024-04-14
U01348,25-34,Tier 3,Low,Organic,iOS,2024-03-03
U01349,55+,Tier 2,Low,Paid Ads,iOS,2024-01-12
U01350,18-24,Tier 2,High,Organic,Android,2024-03-01
U01351,45-54,Tier 1,Mid,Organic,Android,2024-02-14
U01352,25-34,Tier 2,Low,Partnership,iOS,2024-02-22
U01353,25-34,Tier 1,Low,Organic,iOS,2024-02-12
U01354,35-44,Tier 2,Mid,Branch,Android,2024-02-11
U01355,25-34,Tier 3,Mid,Paid Ads,Android,2024-03-26
U01356,45-54,Tier 3,Low,Branch,Android,2024-01-14
U01357,45-54,Tier 2,Low,Organic,iOS,2024-04-19
U01358,25-34,Tier 2,High,Paid Ads,Android,2024-01-21
U01359,18-24,Tier 3,Mid,Referral,Android,2024-02-12
U01360,25-34,Tier 2,Mid,Partnership,iOS,2024-02-22
U01361,45-54,Tier 1,Mid,Referral,Android,2024-03-29
U01362,18-24,Tier 2,Mid,Referral,Android,2024-03-04
U01363,25-34,Tier 1,Mid,Partnership,Android,2024-02-06
U01364,25-34,Tier 2,Mid,Referral,Android,2024-03-25
U01365,35-44,Tier 2,Low,Organic,Android,2024-02-21
U01366,18-24,Tier 2,Mid,Referral,Android,2024-04-14
U01367,35-44,Tier 1,Mid,Paid Ads,Android,2024-04-07
U01368,45-54,Tier 1,High,Referral,iOS,2024-03-11
U01369,18-24,Tier 2,Mid,Referral,Android,2024-01-05
U01370,18-24,Tier 3,High,Organic,Android,2024-02-28
U01371,55+,Tier 2,High,Paid Ads,Android,2024-01-12
U01372,18-24,Tier 1,Low,Partnership,iOS,2024-02-10
U01373,45-54,Tier 3,Mid,Referral,Android,2024-02-02
U01374,25-34,Tier 3,Mid,Referral,Android,2024-02-11
U01375,18-24,Tier 1,High,Organic,Android,2024-01-15
U01376,45-54,Tier 1,Mid,Organic,Android,2024-04-08
U01377,25-34,Tier 2,Mid,Organic,Android,2024-02-21
U01378,25-34,Tier 3,Mid,Paid Ads,iOS,2024-04-20
U01379,25-34,Tier 3,Low,Paid Ads,Android,2024-03-06
U01380,25-34,Tier 3,Low,Branch,iOS,2024-04-15
U01381,18-24,Tier 2,Mid,Organic,Android,2024-01-01
U01382,25-34,Tier 2,Mid,Paid Ads,iOS,2024-03-25
U01383,55+,Tier 1,Mid,Paid Ads,Android,2024-04-21
U01384,18-24,Tier 1,Mid,Paid Ads,Android,2024-03-10
U01385,35-44,Tier 2,Low,Partnership,Android,2024-02-29
U01386,25-34,Tier 2,Mid,Organic,Android,2024-02-22
U01387,35-44,Tier 2,Low,Organic,iOS,2024-01-07
U01388,18-24,Tier 2,High,Paid Ads,Android,2024-01-25
U01389,55+,Tier 1,High,Referral,Android,2024-03-07
U01390,25-34,Tier 2,Mid,Organic,Android,2024-02-16
U01391,18-24,Tier 1,Low,Referral,iOS,2024-03-20
U01392,18-24,Tier 1,Low,Referral,Android,2024-04-06
U01393,18-24,Tier 2,Mid,Paid Ads,iOS,2024-03-04
U01394,25-34,Tier 2,Mid,Organic,iOS,2024-03-21
U01395,25-34,Tier 3,Mid,Referral,iOS,2024-02-26
U01396,35-44,Tier 1,Low,Paid Ads,Android,2024-04-07
U01397,25-34,Tier 2,Mid,Paid Ads,Android,2024-01-07
U01398,18-24,Tier 1,Mid,Branch,Android,2024-01-27
U01399,25-34,Tier 1,Mid,Organic,iOS,2024-02-04
U01400,35-44,Tier 3,Mid,Branch,iOS,2024-03-11
U01401,18-24,Tier 2,Low,Paid Ads,Android,2024-01-17
U01402,18-24,Tier 3,Mid,Partnership,iOS,2024-02-06
U01403,18-24,Tier 1,High,Referral,Android,2024-02-26
U01404,35-44,Tier 3,Mid,Paid Ads,Android,2024-04-22
U01405,35-44,Tier 1,High,Partnership,Android,2024-03-30
U01406,25-34,Tier 3,Mid,Partnership,iOS,2024-03-03
U01407,35-44,Tier 1,Low,Organic,iOS,2024-01-16
U01408,35-44,Tier 1,Mid,Organic,iOS,2024-01-04
U01409,25-34,Tier 2,Mid,Paid Ads,iOS,2024-03-21
U01410,45-54,Tier 3,Mid,Branch,Android,2024-03-18
U01411,18-24,Tier 1,Low,Referral,iOS,2024-04-12
U01412,18-24,Tier 1,Mid,Paid Ads,Android,2024-01-31
U01413,18-24,Tier 3,Low,Paid Ads,iOS,2024-03-31
U01414,18-24,Tier 1,Low,Partnership,iOS,2024-01-21
U01415,25-34,Tier 1,Mid,Paid Ads,Android,2024-02-09
U01416,45-54,Tier 1,Mid,Referral,Android,2024-03-11
U01417,18-24,Tier 1,High,Branch,Android,2024-01-02
U01418,18-24,Tier 3,Mid,Paid Ads,iOS,2024-03-11
U01419,25-34,Tier 2,Mid,Paid Ads,Android,2024-02-22
U01420,45-54,Tier 2,Mid,Referral,Android,2024-01-12
U01421,25-34,Tier 3,Mid,Paid Ads,iOS,2024-01-29
U01422,25-34,Tier 2,Low,Referral,Android,2024-04-17
U01423,18-24,Tier 1,High,Organic,Android,2024-04-26
U01424,18-24,Tier 1,Mid,Paid Ads,Android,2024-01-15
U01425,55+,Tier 1,High,Paid Ads,Android,2024-02-29
U01426,55+,Tier 1,Mid,Paid Ads,iOS,2024-01-16
U01427,18-24,Tier 3,Low,Referral,Android,2024-03-23
U01428,55+,Tier 2,Mid,Paid Ads,Android,2024-04-16
U01429,25-34,Tier 1,Low,Referral,Android,2024-01-20
U01430,45-54,Tier 2,Mid,Paid Ads,Android,2024-03-04
U01431,25-34,Tier 2,Low,Referral,iOS,2024-04-01
U01432,25-34,Tier 3,Mid,Paid Ads,iOS,2024-02-07
U01433,25-34,Tier 3,High,Partnership,Android,2024-03-06
U01434,35-44,Tier 2,Mid,Referral,Android,2024-03-31
U01435,18-24,Tier 2,High,Referral,Android,2024-02-04
U01436,18-24,Tier 2,Mid,Paid Ads,Android,2024-02-23
U01437,25-34,Tier 2,Mid,Paid Ads,Android,2024-04-16
U01438,35-44,Tier 1,High,Paid Ads,iOS,2024-03-02
U01439,18-24,Tier 1,High,Paid Ads,Android,2024-03-01
U01440,35-44,Tier 2,Mid,Referral,Android,2024-02-01
U01441,55+,Tier 1,Low,Referral,Android,2024-02-28
U01442,18-24,Tier 1,Mid,Referral,Android,2024-03-11
U01443,35-44,Tier 2,Low,Organic,iOS,2024-01-19
U01444,25-34,Tier 1,Mid,Paid Ads,Android,2024-02-19
U01445,45-54,Tier 2,Mid,Organic,Android,2024-01-25
U01446,18-24,Tier 2,High,Branch,Android,2024-03-17
U01447,35-44,Tier 3,High,Partnership,iOS,2024-03-06
U01448,35-44,Tier 2,Mid,Partnership,Android,2024-04-05
U01449,45-54,Tier 1,Low,Branch,iOS,2024-04-22
U01450,35-44,Tier 2,High,Referral,Android,2024-01-18
U01451,25-34,Tier 3,Low,Partnership,iOS,2024-04-20
U01452,25-34,Tier 3,Mid,Organic,iOS,2024-01-09
U01453,45-54,Tier 1,Low,Organic,Android,2024-02-05
U01454,25-34,Tier 1,Mid,Partnership,iOS,2024-04-08
U01455,18-24,Tier 3,High,Organic,iOS,2024-04-11
U01456,45-54,Tier 1,Low,Branch,Android,2024-04-19
U01457,35-44,Tier 2,Mid,Paid Ads,Android,2024-02-23
U01458,35-44,Tier 1,Mid,Partnership,Android,2024-02-13
U01459,18-24,Tier 1,High,Organic,Android,2024-04-10
U01460,35-44,Tier 1,High,Paid Ads,iOS,2024-03-05
U01461,25-34,Tier 1,Low,Organic,iOS,2024-02-04
U01462,35-44,Tier 2,Low,Partnership,Android,2024-04-15
U01463,18-24,Tier 3,Mid,Organic,iOS,2024-01-01
U01464,35-44,Tier 1,Mid,Paid Ads,Android,2024-02-06
U01465,55+,Tier 3,Mid,Organic,Android,2024-04-02
U01466,18-24,Tier 1,Low,Organic,iOS,2024-02-08
U01467,55+,Tier 2,Low,Paid Ads,Android,2024-04-17
U01468,25-34,Tier 1,Mid,Organic,Android,2024-03-16
U01469,45-54,Tier 3,Low,Paid Ads,iOS,2024-03-15
U01470,35-44,Tier 2,High,Organic,Android,2024-03-25
U01471,25-34,Tier 2,Low,Referral,Android,2024-03-03
U01472,35-44,Tier 3,Low,Paid Ads,Android,2024-04-20
U01473,45-54,Tier 2,High,Referral,Android,2024-01-20
U01474,25-34,Tier 3,Mid,Referral,iOS,2024-02-27
U01475,25-34,Tier 2,Mid,Partnership,Android,2024-03-09
U01476,35-44,Tier 3,Low,Organic,Android,2024-03-02
U01477,35-44,Tier 2,Mid,Organic,Android,2024-02-14
U01478,35-44,Tier 1,Mid,Referral,Android,2024-02-12
U01479,35-44,Tier 2,Mid,Referral,Android,2024-03-11
U01480,25-34,Tier 1,High,Paid Ads,Android,2024-04-07
U01481,35-44,Tier 2,Mid,Referral,Android,2024-03-10
U01482,18-24,Tier 2,Mid,Partnership,Android,2024-02-18
U01483,25-34,Tier 2,Mid,Organic,Android,2024-02-28
U01484,18-24,Tier 1,Mid,Referral,iOS,2024-02-11
U01485,25-34,Tier 1,Low,Referral,iOS,2024-04-21
U01486,25-34,Tier 2,Mid,Paid Ads,iOS,2024-01-25
U01487,25-34,Tier 3,Mid,Branch,Android,2024-03-30
U01488,35-44,Tier 1,Mid,Paid Ads,Android,2024-01-31
U01489,25-34,Tier 1,Mid,Branch,iOS,2024-03-14
U01490,25-34,Tier 2,Mid,Referral,Android,2024-02-19
U01491,18-24,Tier 2,High,Organic,Android,2024-01-30
U01492,25-34,Tier 1,Low,Organic,iOS,2024-04-19
U01493,18-24,Tier 1,Mid,Referral,iOS,2024-04-09
U01494,18-24,Tier 1,Mid,Referral,iOS,2024-02-22
U01495,25-34,Tier 3,Mid,Organic,iOS,2024-01-06
U01496,35-44,Tier 1,Mid,Referral,iOS,2024-02-10
U01497,25-34,Tier 1,Low,Referral,Android,2024-04-05
U01498,25-34,Tier 1,Mid,Organic,iOS,2024-03-01
U01499,25-34,Tier 1,Low,Referral,Android,2024-03-31
U01500,45-54,Tier 2,High,Partnership,iOS,2024-04-26
U01501,25-34,Tier 1,Mid,Referral,Android,2024-04-13
U01502,25-34,Tier 1,High,Paid Ads,Android,2024-02-18
U01503,18-24,Tier 2,Mid,Paid Ads,iOS,2024-02-19
U01504,25-34,Tier 1,Mid,Referral,Android,2024-03-25
U01505,25-34,Tier 1,Mid,Organic,iOS,2024-04-11
U01506,25-34,Tier 3,High,Referral,Android,2024-04-15
U01507,25-34,Tier 2,High,Paid Ads,iOS,2024-03-24
U01508,25-34,Tier 3,Low,Referral,iOS,2024-01-20
U01509,25-34,Tier 3,Mid,Organic,Android,2024-03-04
U01510,35-44,Tier 2,Mid,Organic,Android,2024-01-05
U01511,35-44,Tier 1,Low,Partnership,Android,2024-01-17
U01512,35-44,Tier 2,Mid,Referral,iOS,2024-03-05
U01513,55+,Tier 3,High,Paid Ads,Android,2024-03-16
U01514,18-24,Tier 2,Mid,Paid Ads,Android,2024-02-12
U01515,18-24,Tier 2,Mid,Partnership,Android,2024-04-21
U01516,18-24,Tier 1,Mid,Paid Ads,Android,2024-01-13
U01517,25-34,Tier 3,Mid,Paid Ads,Android,2024-04-21
U01518,45-54,Tier 2,Low,Branch,Android,2024-04-18
U01519,18-24,Tier 3,Mid,Paid Ads,Android,2024-02-26
U01520,45-54,Tier 1,High,Organic,iOS,2024-01-13
U01521,18-24,Tier 1,Mid,Organic,Android,2024-03-08
U01522,45-54,Tier 1,Low,Partnership,iOS,2024-04-26
U01523,25-34,Tier 2,Low,Partnership,Android,2024-02-28
U01524,18-24,Tier 1,Low,Paid Ads,Android,2024-01-02
U01525,25-34,Tier 1,Mid,Paid Ads,Android,2024-04-02
U01526,18-24,Tier 3,Mid,Paid Ads,Android,2024-01-19
U01527,18-24,Tier 1,Low,Referral,Android,2024-02-22
U01528,25-34,Tier 3,High,Paid Ads,iOS,2024-04-21
U01529,35-44,Tier 1,Mid,Organic,Android,2024-03-24
U01530,25-34,Tier 3,Mid,Branch,iOS,2024-01-20
U01531,25-34,Tier 2,High,Partnership,Android,2024-01-10
U01532,25-34,Tier 3,Low,Paid Ads,Android,2024-03-01
U01533,35-44,Tier 3,High,Referral,Android,2024-04-10
U01534,18-24,Tier 1,Low,Organic,iOS,2024-02-03
U01535,25-34,Tier 1,Mid,Referral,Android,2024-02-13
U01536,18-24,Tier 1,High,Paid Ads,iOS,2024-03-20
U01537,18-24,Tier 2,High,Paid Ads,Android,2024-03-29
U01538,35-44,Tier 3,Mid,Referral,Android,2024-02-20
U01539,18-24,Tier 2,Mid,Paid Ads,Android,2024-03-24
U01540,25-34,Tier 2,Mid,Partnership,iOS,2024-01-11
U01541,35-44,Tier 1,High,Organic,iOS,2024-04-19
U01542,18-24,Tier 3,Low,Paid Ads,Android,2024-02-12
U01543,25-34,Tier 3,High,Partnership,iOS,2024-04-19
U01544,18-24,Tier 1,Mid,Paid Ads,Android,2024-03-27
U01545,55+,Tier 2,Mid,Paid Ads,iOS,2024-04-19
U01546,25-34,Tier 1,Mid,Paid Ads,iOS,2024-03-09
U01547,35-44,Tier 2,Mid,Branch,iOS,2024-02-18
U01548,25-34,Tier 2,High,Organic,iOS,2024-02-10
U01549,18-24,Tier 1,Mid,Paid Ads,Android,2024-03-21
U01550,25-34,Tier 1,High,Organic,Android,2024-04-01
U01551,55+,Tier 1,Low,Organic,Android,2024-04-23
U01552,25-34,Tier 2,Mid,Referral,Android,2024-04-07
U01553,35-44,Tier 2,High,Organic,Android,2024-03-03
U01554,45-54,Tier 1,Mid,Branch,Android,2024-04-21
U01555,18-24,Tier 2,Mid,Branch,Android,2024-03-10
U01556,18-24,Tier 2,Mid,Referral,Android,2024-01-05
U01557,25-34,Tier 1,High,Paid Ads,Android,2024-03-20
U01558,25-34,Tier 1,High,Paid Ads,Android,2024-01-09
U01559,35-44,Tier 2,Low,Partnership,iOS,2024-01-31
U01560,45-54,Tier 3,High,Paid Ads,Android,2024-03-21
U01561,25-34,Tier 1,Mid,Organic,iOS,2024-03-28
U01562,18-24,Tier 1,Low,Partnership,Android,2024-02-06
U01563,35-44,Tier 1,High,Paid Ads,Android,2024-01-30
U01564,18-24,Tier 2,Mid,Paid Ads,Android,2024-04-05
U01565,35-44,Tier 1,High,Branch,Android,2024-01-12
U01566,25-34,Tier 1,Low,Branch,Android,2024-02-25
U01567,35-44,Tier 2,Low,Paid Ads,Android,2024-01-13
U01568,18-24,Tier 2,Mid,Paid Ads,Android,2024-04-07
U01569,25-34,Tier 1,Low,Branch,Android,2024-03-22
U01570,25-34,Tier 1,Mid,Referral,iOS,2024-03-31
U01571,25-34,Tier 2,Low,Referral,Android,2024-04-21
U01572,18-24,Tier 1,Mid,Organic,Android,2024-01-13
U01573,35-44,Tier 1,Low,Partnership,Android,2024-02-26
U01574,45-54,Tier 3,Low,Paid Ads,Android,2024-01-22
U01575,18-24,Tier 1,Mid,Organic,iOS,2024-03-29
U01576,18-24,Tier 2,Low,Branch,Android,2024-02-08
U01577,18-24,Tier 3,Mid,Paid Ads,Android,2024-04-25
U01578,25-34,Tier 1,High,Partnership,Android,2024-01-04
U01579,25-34,Tier 1,Mid,Organic,Android,2024-01-06
U01580,25-34,Tier 2,High,Paid Ads,Android,2024-02-11
U01581,18-24,Tier 3,Low,Paid Ads,iOS,2024-04-11
U01582,25-34,Tier 3,Low,Paid Ads,Android,2024-01-08
U01583,25-34,Tier 2,High,Paid Ads,Android,2024-02-07
U01584,25-34,Tier 1,Mid,Partnership,Android,2024-02-15
U01585,55+,Tier 2,Mid,Referral,Android,2024-02-17
U01586,18-24,Tier 1,Mid,Partnership,Android,2024-02-25
U01587,35-44,Tier 2,Mid,Organic,Android,2024-01-19
U01588,25-34,Tier 1,Low,Referral,Android,2024-02-01
U01589,25-34,Tier 1,Mid,Organic,Android,2024-03-08
U01590,35-44,Tier 2,Mid,Referral,Android,2024-02-22
U01591,35-44,Tier 2,Mid,Referral,Android,2024-03-13
U01592,55+,Tier 1,High,Partnership,Android,2024-03-28
U01593,18-24,Tier 1,Mid,Paid Ads,Android,2024-04-11
U01594,18-24,Tier 3,Low,Referral,Android,2024-01-24
U01595,35-44,Tier 2,High,Paid Ads,Android,2024-01-22
U01596,25-34,Tier 1,Mid,Organic,iOS,2024-01-23
U01597,18-24,Tier 1,Mid,Organic,iOS,2024-01-11
U01598,18-24,Tier 1,Low,Paid Ads,iOS,2024-03-19
U01599,18-24,Tier 3,Low,Paid Ads,iOS,2024-04-21
U01600,45-54,Tier 2,Mid,Partnership,iOS,2024-02-18
U01601,18-24,Tier 2,Mid,Referral,iOS,2024-03-20
U01602,25-34,Tier 2,High,Paid Ads,iOS,2024-03-28
U01603,18-24,Tier 1,High,Paid Ads,iOS,2024-01-31
U01604,25-34,Tier 3,High,Branch,Android,2024-03-04
U01605,18-24,Tier 2,Mid,Organic,Android,2024-04-26
U01606,25-34,Tier 1,Mid,Paid Ads,iOS,2024-03-15
U01607,18-24,Tier 1,Mid,Paid Ads,Android,2024-01-19
U01608,35-44,Tier 2,Low,Branch,iOS,2024-01-30
U01609,18-24,Tier 3,Low,Organic,Android,2024-02-29
U01610,25-34,Tier 1,Mid,Paid Ads,Android,2024-03-22
U01611,45-54,Tier 3,High,Referral,iOS,2024-02-02
U01612,35-44,Tier 2,Low,Paid Ads,iOS,2024-02-28
U01613,25-34,Tier 1,Low,Organic,Android,2024-02-02
U01614,25-34,Tier 1,High,Organic,iOS,2024-03-26
U01615,25-34,Tier 1,Low,Paid Ads,iOS,2024-01-02
U01616,35-44,Tier 2,Mid,Referral,Android,2024-04-25
U01617,55+,Tier 1,Mid,Organic,Android,2024-04-12
U01618,35-44,Tier 1,Low,Referral,Android,2024-02-29
U01619,25-34,Tier 2,High,Organic,Android,2024-04-25
U01620,35-44,Tier 2,Low,Branch,Android,2024-02-06
U01621,25-34,Tier 1,Mid,Paid Ads,Android,2024-03-27
U01622,18-24,Tier 1,Low,Partnership,Android,2024-03-10
U01623,25-34,Tier 2,Low,Referral,iOS,2024-01-21
U01624,55+,Tier 2,Low,Branch,Android,2024-01-10
U01625,18-24,Tier 3,Low,Paid Ads,Android,2024-02-26
U01626,35-44,Tier 1,Low,Paid Ads,Android,2024-02-14
U01627,18-24,Tier 3,Mid,Paid Ads,iOS,2024-03-16
U01628,25-34,Tier 2,Mid,Paid Ads,iOS,2024-02-08
U01629,18-24,Tier 2,Mid,Paid Ads,Android,2024-03-22
U01630,25-34,Tier 2,Mid,Referral,iOS,2024-02-24
U01631,35-44,Tier 1,High,Organic,iOS,2024-03-29
U01632,25-34,Tier 1,High,Paid Ads,iOS,2024-02-02
U01633,35-44,Tier 2,Mid,Paid Ads,iOS,2024-02-28
U01634,35-44,Tier 2,High,Organic,Android,2024-04-18
U01635,45-54,Tier 2,Mid,Referral,Android,2024-02-08
U01636,18-24,Tier 1,Mid,Paid Ads,Android,2024-01-26
U01637,25-34,Tier 3,Mid,Partnership,Android,2024-02-19
U01638,18-24,Tier 2,Mid,Organic,Android,2024-04-19
U01639,55+,Tier 1,Mid,Referral,iOS,2024-03-02
U01640,45-54,Tier 1,Mid,Partnership,Android,2024-01-14
U01641,25-34,Tier 2,High,Paid Ads,iOS,2024-01-31
U01642,35-44,Tier 2,High,Referral,Android,2024-02-18
U01643,25-34,Tier 2,Mid,Partnership,Android,2024-03-14
U01644,25-34,Tier 3,Mid,Paid Ads,Android,2024-02-15
U01645,18-24,Tier 1,Low,Paid Ads,Android,2024-03-14
U01646,35-44,Tier 1,Low,Branch,iOS,2024-02-07
U01647,18-24,Tier 3,Mid,Branch,iOS,2024-03-30
U01648,35-44,Tier 3,Mid,Referral,Android,2024-02-07
U01649,35-44,Tier 2,Low,Organic,iOS,2024-01-03
U01650,35-44,Tier 3,High,Referral,iOS,2024-04-16
U01651,18-24,Tier 1,Mid,Organic,Android,2024-03-25
U01652,25-34,Tier 3,Mid,Organic,Android,2024-02-20
U01653,18-24,Tier 1,Low,Referral,Android,2024-02-05
U01654,25-34,Tier 1,Low,Branch,Android,2024-01-02
U01655,18-24,Tier 1,High,Partnership,iOS,2024-03-13
U01656,45-54,Tier 1,Mid,Paid Ads,Android,2024-04-20
U01657,25-34,Tier 1,High,Paid Ads,Android,2024-03-28
U01658,25-34,Tier 1,High,Organic,Android,2024-04-09
U01659,25-34,Tier 1,Mid,Organic,iOS,2024-04-05
U01660,25-34,Tier 1,Low,Organic,iOS,2024-01-07
U01661,25-34,Tier 2,High,Partnership,Android,2024-04-26
U01662,25-34,Tier 1,High,Organic,Android,2024-03-18
U01663,45-54,Tier 1,Mid,Partnership,Android,2024-04-05
U01664,25-34,Tier 2,Mid,Paid Ads,iOS,2024-03-04
U01665,55+,Tier 3,Mid,Organic,Android,2024-04-16
U01666,45-54,Tier 2,Mid,Organic,iOS,2024-04-25
U01667,18-24,Tier 1,Mid,Paid Ads,iOS,2024-04-25
U01668,45-54,Tier 2,High,Branch,Android,2024-02-06
U01669,18-24,Tier 1,Mid,Paid Ads,Android,2024-04-09
U01670,35-44,Tier 1,Low,Referral,Android,2024-04-12
U01671,25-34,Tier 1,Mid,Paid Ads,Android,2024-01-30
U01672,45-54,Tier 3,Low,Referral,Android,2024-03-18
U01673,45-54,Tier 1,Low,Branch,Android,2024-04-12
U01674,35-44,Tier 1,High,Paid Ads,Android,2024-02-15
U01675,35-44,Tier 1,Low,Paid Ads,Android,2024-01-29
U01676,25-34,Tier 3,Low,Referral,iOS,2024-03-22
U01677,18-24,Tier 2,Mid,Paid Ads,Android,2024-01-25
U01678,25-34,Tier 1,Mid,Referral,Android,2024-03-20
U01679,18-24,Tier 2,Mid,Organic,iOS,2024-02-02
U01680,35-44,Tier 2,Low,Referral,Android,2024-03-27
U01681,25-34,Tier 2,Low,Branch,iOS,2024-04-06
U01682,55+,Tier 1,Low,Paid Ads,iOS,2024-04-02
U01683,25-34,Tier 3,Mid,Organic,Android,2024-04-08
U01684,35-44,Tier 1,Low,Partnership,Android,2024-03-25
U01685,18-24,Tier 2,High,Referral,Android,2024-03-28
U01686,45-54,Tier 1,Mid,Organic,Android,2024-04-17
U01687,45-54,Tier 1,Low,Referral,Android,2024-01-18
U01688,25-34,Tier 1,Mid,Paid Ads,iOS,2024-03-21
U01689,25-34,Tier 2,Mid,Paid Ads,Android,2024-01-13
U01690,35-44,Tier 1,Mid,Paid Ads,Android,2024-04-25
U01691,18-24,Tier 2,Low,Paid Ads,iOS,2024-03-21
U01692,25-34,Tier 1,Mid,Referral,iOS,2024-03-23
U01693,25-34,Tier 2,Mid,Partnership,Android,2024-01-06
U01694,18-24,Tier 3,High,Organic,Android,2024-02-09
U01695,25-34,Tier 2,Low,Partnership,Android,2024-04-10
U01696,18-24,Tier 2,Mid,Paid Ads,iOS,2024-02-26
U01697,18-24,Tier 2,Mid,Paid Ads,Android,2024-01-05
U01698,18-24,Tier 1,High,Paid Ads,iOS,2024-03-15
U01699,55+,Tier 3,High,Paid Ads,Android,2024-02-16
U01700,25-34,Tier 1,Low,Organic,iOS,2024-04-03
U01701,55+,Tier 2,Low,Partnership,Android,2024-01-17
U01702,25-34,Tier 2,Mid,Organic,iOS,2024-01-12
U01703,25-34,Tier 1,Low,Organic,iOS,2024-04-26
U01704,25-34,Tier 1,Mid,Paid Ads,Android,2024-02-07
U01705,25-34,Tier 2,Low,Paid Ads,iOS,2024-02-11
U01706,18-24,Tier 3,Mid,Organic,iOS,2024-04-05
U01707,25-34,Tier 3,High,Branch,iOS,2024-02-23
U01708,18-24,Tier 2,High,Branch,Android,2024-01-23
U01709,25-34,Tier 2,Mid,Paid Ads,Android,2024-01-26
U01710,35-44,Tier 3,Mid,Paid Ads,iOS,2024-01-17
U01711,18-24,Tier 1,High,Paid Ads,iOS,2024-04-10
U01712,18-24,Tier 1,Low,Referral,Android,2024-03-10
U01713,35-44,Tier 2,Mid,Paid Ads,iOS,2024-04-22
U01714,25-34,Tier 3,Mid,Branch,Android,2024-02-16
U01715,18-24,Tier 3,Low,Branch,iOS,2024-03-08
U01716,55+,Tier 1,Mid,Branch,Android,2024-03-05
U01717,18-24,Tier 1,Low,Referral,Android,2024-04-26
U01718,35-44,Tier 1,Mid,Organic,Android,2024-02-04
U01719,55+,Tier 1,Low,Referral,Android,2024-04-16
U01720,18-24,Tier 1,Mid,Referral,Android,2024-01-22
U01721,18-24,Tier 2,Low,Referral,Android,2024-02-02
U01722,18-24,Tier 1,High,Referral,Android,2024-04-26
U01723,25-34,Tier 3,Mid,Paid Ads,Android,2024-04-15
U01724,18-24,Tier 1,Mid,Partnership,iOS,2024-03-02
U01725,35-44,Tier 2,Mid,Paid Ads,Android,2024-04-13
U01726,18-24,Tier 1,Mid,Partnership,Android,2024-02-07
U01727,25-34,Tier 1,Low,Organic,Android,2024-04-05
U01728,55+,Tier 1,Mid,Organic,iOS,2024-04-21
U01729,35-44,Tier 3,Low,Partnership,iOS,2024-02-13
U01730,25-34,Tier 3,Low,Paid Ads,Android,2024-04-12
U01731,25-34,Tier 2,Mid,Paid Ads,iOS,2024-01-15
U01732,25-34,Tier 1,Low,Organic,iOS,2024-02-29
U01733,25-34,Tier 3,Mid,Referral,Android,2024-01-10
U01734,25-34,Tier 1,Mid,Paid Ads,iOS,2024-01-19
U01735,18-24,Tier 1,Mid,Partnership,Android,2024-04-06
U01736,45-54,Tier 2,Mid,Branch,Android,2024-01-29
U01737,25-34,Tier 3,Mid,Paid Ads,Android,2024-04-20
U01738,18-24,Tier 1,Mid,Paid Ads,Android,2024-03-27
U01739,25-34,Tier 1,Mid,Partnership,Android,2024-04-02
U01740,25-34,Tier 3,Low,Paid Ads,Android,2024-03-27
U01741,35-44,Tier 1,Mid,Paid Ads,Android,2024-02-20
U01742,35-44,Tier 1,Mid,Branch,Android,2024-04-18
U01743,35-44,Tier 2,Mid,Partnership,Android,2024-04-12
U01744,18-24,Tier 3,High,Branch,Android,2024-03-12
U01745,25-34,Tier 2,High,Organic,Android,2024-02-16
U01746,25-34,Tier 3,Low,Paid Ads,iOS,2024-01-12
U01747,18-24,Tier 2,Low,Partnership,Android,2024-04-11
U01748,18-24,Tier 1,Low,Organic,Android,2024-02-20
U01749,35-44,Tier 3,Low,Partnership,Android,2024-01-02
U01750,18-24,Tier 1,Low,Organic,Android,2024-02-03
U01751,25-34,Tier 1,Mid,Partnership,Android,2024-03-09
U01752,18-24,Tier 2,High,Paid Ads,Android,2024-01-16
U01753,18-24,Tier 1,Mid,Organic,iOS,2024-02-28
U01754,18-24,Tier 1,Low,Paid Ads,Android,2024-02-17
U01755,55+,Tier 1,Mid,Paid Ads,Android,2024-03-27
U01756,35-44,Tier 1,Mid,Paid Ads,Android,2024-04-05
U01757,55+,Tier 3,High,Referral,iOS,2024-03-27
U01758,25-34,Tier 2,High,Partnership,iOS,2024-02-03
U01759,18-24,Tier 3,High,Paid Ads,Android,2024-03-15
U01760,25-34,Tier 1,Mid,Paid Ads,Android,2024-02-18
U01761,25-34,Tier 1,Mid,Organic,iOS,2024-04-15
U01762,35-44,Tier 1,Low,Branch,Android,2024-03-22
U01763,18-24,Tier 1,Mid,Organic,Android,2024-02-17
U01764,25-34,Tier 1,Low,Paid Ads,Android,2024-01-14
U01765,18-24,Tier 2,Mid,Partnership,Android,2024-03-27
U01766,25-34,Tier 3,Mid,Organic,iOS,2024-01-30
U01767,35-44,Tier 3,Low,Paid Ads,iOS,2024-03-01
U01768,25-34,Tier 1,Low,Organic,iOS,2024-01-04
U01769,25-34,Tier 3,Low,Partnership,Android,2024-03-20
U01770,25-34,Tier 1,Low,Paid Ads,Android,2024-04-23
U01771,25-34,Tier 1,Low,Partnership,Android,2024-03-12
U01772,35-44,Tier 3,Low,Partnership,iOS,2024-02-11
U01773,45-54,Tier 2,Low,Paid Ads,iOS,2024-03-19
U01774,55+,Tier 1,Low,Paid Ads,Android,2024-01-29
U01775,35-44,Tier 1,High,Paid Ads,Android,2024-03-23
U01776,25-34,Tier 1,Mid,Referral,Android,2024-01-09
U01777,35-44,Tier 2,Low,Paid Ads,iOS,2024-03-22
U01778,25-34,Tier 2,Mid,Branch,Android,2024-04-15
U01779,18-24,Tier 3,High,Referral,Android,2024-02-29
U01780,35-44,Tier 1,Mid,Referral,Android,2024-04-26
U01781,18-24,Tier 1,Low,Referral,Android,2024-03-30
U01782,45-54,Tier 2,Mid,Referral,iOS,2024-02-08
U01783,25-34,Tier 2,Mid,Organic,iOS,2024-03-24
U01784,25-34,Tier 1,Mid,Paid Ads,iOS,2024-02-22
U01785,35-44,Tier 2,Mid,Paid Ads,iOS,2024-01-15
U01786,45-54,Tier 3,High,Paid Ads,Android,2024-01-18
U01787,25-34,Tier 3,High,Referral,Android,2024-01-06
U01788,25-34,Tier 3,Mid,Paid Ads,Android,2024-01-05
U01789,18-24,Tier 3,Mid,Partnership,iOS,2024-02-08
U01790,25-34,Tier 2,Mid,Branch,Android,2024-03-04
U01791,18-24,Tier 3,High,Paid Ads,Android,2024-01-15
U01792,35-44,Tier 1,Low,Organic,Android,2024-01-13
U01793,25-34,Tier 1,High,Branch,Android,2024-01-31
U01794,35-44,Tier 1,Low,Paid Ads,iOS,2024-04-23
U01795,18-24,Tier 2,Mid,Referral,iOS,2024-03-09
U01796,18-24,Tier 1,High,Organic,Android,2024-01-18
U01797,35-44,Tier 3,Low,Organic,Android,2024-02-19
U01798,18-24,Tier 1,Mid,Organic,iOS,2024-02-28
U01799,18-24,Tier 1,Low,Organic,iOS,2024-02-17
U01800,18-24,Tier 2,Mid,Branch,Android,2024-03-26
U01801,55+,Tier 1,Low,Paid Ads,Android,2024-04-05
U01802,35-44,Tier 1,Mid,Paid Ads,Android,2024-03-30
U01803,25-34,Tier 1,Mid,Partnership,Android,2024-03-10
U01804,18-24,Tier 2,High,Partnership,iOS,2024-02-23
U01805,25-34,Tier 1,High,Partnership,Android,2024-03-16
U01806,35-44,Tier 2,Low,Branch,Android,2024-04-05
U01807,35-44,Tier 2,Mid,Referral,Android,2024-04-03
U01808,18-24,Tier 1,Low,Branch,Android,2024-01-20
U01809,18-24,Tier 1,Low,Paid Ads,Android,2024-04-23
U01810,18-24,Tier 1,Low,Organic,Android,2024-02-23
U01811,35-44,Tier 2,High,Paid Ads,Android,2024-03-24
U01812,35-44,Tier 1,High,Paid Ads,Android,2024-01-13
U01813,18-24,Tier 1,Low,Branch,Android,2024-04-16
U01814,18-24,Tier 2,Low,Referral,Android,2024-03-03
U01815,18-24,Tier 2,Low,Paid Ads,Android,2024-03-19
U01816,55+,Tier 1,Mid,Organic,Android,2024-02-22
U01817,18-24,Tier 1,Mid,Referral,Android,2024-02-05
U01818,35-44,Tier 3,Low,Organic,Android,2024-01-05
U01819,25-34,Tier 3,Mid,Paid Ads,iOS,2024-03-29
U01820,25-34,Tier 2,Mid,Partnership,iOS,2024-02-17
U01821,18-24,Tier 2,High,Organic,Android,2024-01-28
U01822,18-24,Tier 2,Mid,Paid Ads,iOS,2024-02-26
U01823,25-34,Tier 3,Mid,Organic,Android,2024-02-26
U01824,35-44,Tier 3,Mid,Organic,Android,2024-01-31
U01825,25-34,Tier 1,High,Paid Ads,Android,2024-04-19
U01826,25-34,Tier 3,Low,Organic,Android,2024-02-16
U01827,18-24,Tier 1,Mid,Paid Ads,Android,2024-01-13
U01828,55+,Tier 1,High,Organic,Android,2024-03-28
U01829,35-44,Tier 2,Low,Organic,iOS,2024-02-17
U01830,18-24,Tier 1,Low,Paid Ads,Android,2024-03-10
U01831,55+,Tier 3,Mid,Paid Ads,Android,2024-04-25
U01832,25-34,Tier 1,High,Organic,Android,2024-03-23
U01833,25-34,Tier 2,Mid,Paid Ads,Android,2024-02-15
U01834,35-44,Tier 3,High,Partnership,iOS,2024-01-08
U01835,35-44,Tier 3,Mid,Paid Ads,iOS,2024-02-20
U01836,35-44,Tier 1,Low,Organic,iOS,2024-02-05
U01837,18-24,Tier 1,Mid,Paid Ads,iOS,2024-01-25
U01838,25-34,Tier 2,Mid,Paid Ads,Android,2024-01-16
U01839,45-54,Tier 1,Low,Organic,Android,2024-04-18
U01840,18-24,Tier 3,Low,Partnership,Android,2024-04-15
U01841,25-34,Tier 3,Low,Branch,Android,2024-02-28
U01842,25-34,Tier 1,Mid,Partnership,iOS,2024-01-12
U01843,25-34,Tier 1,High,Partnership,Android,2024-03-25
U01844,25-34,Tier 1,Mid,Paid Ads,Android,2024-01-28
U01845,45-54,Tier 3,High,Paid Ads,iOS,2024-03-23
U01846,18-24,Tier 1,Low,Paid Ads,iOS,2024-03-22
U01847,18-24,Tier 1,High,Partnership,Android,2024-03-17
U01848,18-24,Tier 1,High,Paid Ads,Android,2024-01-03
U01849,45-54,Tier 2,Mid,Referral,Android,2024-01-07
U01850,25-34,Tier 1,High,Referral,Android,2024-04-10
U01851,18-24,Tier 1,Low,Partnership,Android,2024-02-12
U01852,35-44,Tier 3,High,Organic,Android,2024-02-01
U01853,45-54,Tier 3,High,Paid Ads,Android,2024-01-17
U01854,35-44,Tier 2,Mid,Branch,Android,2024-04-10
U01855,45-54,Tier 1,Mid,Paid Ads,iOS,2024-03-13
U01856,18-24,Tier 1,Low,Branch,iOS,2024-01-27
U01857,35-44,Tier 2,Mid,Paid Ads,Android,2024-01-09
U01858,25-34,Tier 1,Mid,Organic,iOS,2024-04-16
U01859,35-44,Tier 3,Mid,Partnership,Android,2024-04-07
U01860,35-44,Tier 2,Mid,Referral,Android,2024-03-11
U01861,35-44,Tier 1,High,Referral,Android,2024-01-27
U01862,35-44,Tier 3,Low,Referral,Android,2024-03-16
U01863,18-24,Tier 3,High,Referral,Android,2024-01-28
U01864,25-34,Tier 1,High,Referral,iOS,2024-04-14
U01865,55+,Tier 2,Mid,Referral,Android,2024-04-21
U01866,45-54,Tier 1,Low,Paid Ads,iOS,2024-01-30
U01867,18-24,Tier 1,Low,Partnership,Android,2024-02-12
U01868,18-24,Tier 1,Low,Referral,Android,2024-04-09
U01869,18-24,Tier 2,Mid,Organic,Android,2024-01-19
U01870,35-44,Tier 3,Mid,Paid Ads,Android,2024-04-10
U01871,35-44,Tier 2,High,Paid Ads,Android,2024-04-25
U01872,18-24,Tier 1,Mid,Branch,iOS,2024-03-17
U01873,25-34,Tier 2,Mid,Organic,Android,2024-01-01
U01874,35-44,Tier 1,Mid,Partnership,Android,2024-02-05
U01875,35-44,Tier 3,High,Paid Ads,Android,2024-04-19
U01876,25-34,Tier 1,High,Paid Ads,Android,2024-01-19
U01877,25-34,Tier 1,High,Organic,iOS,2024-01-17
U01878,25-34,Tier 1,Mid,Referral,iOS,2024-03-10
U01879,18-24,Tier 2,Mid,Organic,iOS,2024-02-02
U01880,25-34,Tier 1,High,Referral,Android,2024-04-12
U01881,35-44,Tier 2,Mid,Paid Ads,Android,2024-01-23
U01882,45-54,Tier 1,Low,Partnership,Android,2024-01-15
U01883,25-34,Tier 1,Low,Paid Ads,iOS,2024-03-25
U01884,35-44,Tier 2,Low,Paid Ads,Android,2024-04-20
U01885,18-24,Tier 3,Mid,Paid Ads,Android,2024-01-04
U01886,25-34,Tier 3,Low,Referral,Android,2024-01-17
U01887,18-24,Tier 1,Low,Branch,Android,2024-01-02
U01888,18-24,Tier 1,Low,Paid Ads,iOS,2024-02-15
U01889,35-44,Tier 1,Mid,Referral,iOS,2024-04-11
U01890,55+,Tier 2,Mid,Organic,Android,2024-04-10
U01891,18-24,Tier 2,Mid,Paid Ads,iOS,2024-01-31
U01892,25-34,Tier 3,Low,Paid Ads,Android,2024-03-16
U01893,35-44,Tier 3,Low,Organic,iOS,2024-02-11
U01894,18-24,Tier 1,Mid,Partnership,iOS,2024-01-03
U01895,25-34,Tier 2,Mid,Paid Ads,Android,2024-01-23
U01896,35-44,Tier 3,Low,Paid Ads,iOS,2024-02-03
U01897,25-34,Tier 3,Low,Organic,Android,2024-01-07
U01898,18-24,Tier 1,High,Referral,Android,2024-01-17
U01899,25-34,Tier 1,Mid,Branch,Android,2024-04-04
U01900,35-44,Tier 1,Low,Partnership,Android,2024-02-23
U01901,25-34,Tier 1,Low,Referral,Android,2024-03-08
U01902,18-24,Tier 1,High,Organic,Android,2024-01-15
U01903,35-44,Tier 1,Mid,Referral,iOS,2024-04-05
U01904,18-24,Tier 2,Mid,Referral,Android,2024-01-09
U01905,35-44,Tier 1,Mid,Paid Ads,iOS,2024-03-01
U01906,18-24,Tier 1,Mid,Branch,Android,2024-02-27
U01907,55+,Tier 1,Mid,Referral,Android,2024-04-09
U01908,25-34,Tier 3,Mid,Organic,Android,2024-02-16
U01909,25-34,Tier 3,Mid,Partnership,Android,2024-03-06
U01910,18-24,Tier 2,Low,Organic,iOS,2024-03-16
U01911,25-34,Tier 1,High,Branch,Android,2024-01-14
U01912,45-54,Tier 3,Mid,Paid Ads,Android,2024-02-27
U01913,55+,Tier 1,Low,Branch,iOS,2024-03-05
U01914,25-34,Tier 1,High,Organic,Android,2024-01-29
U01915,25-34,Tier 1,High,Organic,iOS,2024-03-19
U01916,35-44,Tier 1,High,Paid Ads,Android,2024-01-06
U01917,45-54,Tier 1,High,Paid Ads,iOS,2024-04-03
U01918,25-34,Tier 3,High,Referral,iOS,2024-04-10
U01919,25-34,Tier 2,Low,Branch,iOS,2024-04-26
U01920,25-34,Tier 1,High,Partnership,Android,2024-04-20
U01921,35-44,Tier 3,High,Paid Ads,Android,2024-03-25
U01922,18-24,Tier 1,Low,Organic,iOS,2024-03-07
U01923,25-34,Tier 1,Low,Paid Ads,Android,2024-02-08
U01924,25-34,Tier 2,High,Paid Ads,Android,2024-02-28
U01925,35-44,Tier 2,Low,Referral,iOS,2024-03-23
U01926,18-24,Tier 1,High,Branch,Android,2024-01-04
U01927,25-34,Tier 1,Low,Organic,Android,2024-01-08
U01928,25-34,Tier 2,Low,Referral,iOS,2024-03-02
U01929,25-34,Tier 2,Mid,Organic,Android,2024-04-18
U01930,18-24,Tier 2,Low,Partnership,Android,2024-02-21
U01931,25-34,Tier 1,Mid,Paid Ads,iOS,2024-02-24
U01932,25-34,Tier 1,Mid,Referral,iOS,2024-03-28
U01933,25-34,Tier 1,Low,Organic,Android,2024-01-14
U01934,25-34,Tier 1,Low,Organic,iOS,2024-03-03
U01935,35-44,Tier 3,Mid,Organic,iOS,2024-04-01
U01936,35-44,Tier 2,Low,Paid Ads,Android,2024-04-26
U01937,18-24,Tier 1,Mid,Organic,Android,2024-02-26
U01938,35-44,Tier 2,Mid,Referral,Android,2024-01-10
U01939,25-34,Tier 2,Low,Partnership,iOS,2024-04-25
U01940,18-24,Tier 1,Mid,Paid Ads,iOS,2024-01-11
U01941,18-24,Tier 3,Low,Paid Ads,Android,2024-02-11
U01942,25-34,Tier 3,Low,Organic,iOS,2024-03-18
U01943,35-44,Tier 2,Low,Referral,iOS,2024-01-19
U01944,35-44,Tier 1,High,Paid Ads,Android,2024-01-09
U01945,35-44,Tier 2,High,Organic,iOS,2024-01-17
U01946,25-34,Tier 2,High,Organic,Android,2024-02-05
U01947,25-34,Tier 1,Mid,Partnership,iOS,2024-03-20
U01948,18-24,Tier 1,Low,Branch,Android,2024-03-22
U01949,25-34,Tier 3,Mid,Organic,Android,2024-03-15
U01950,25-34,Tier 1,Mid,Referral,Android,2024-03-11
U01951,18-24,Tier 2,High,Branch,Android,2024-04-01
U01952,18-24,Tier 2,Low,Organic,iOS,2024-02-11
U01953,25-34,Tier 1,Low,Paid Ads,Android,2024-02-18
U01954,35-44,Tier 1,Mid,Branch,iOS,2024-03-17
U01955,55+,Tier 3,High,Branch,Android,2024-03-08
U01956,45-54,Tier 1,High,Paid Ads,Android,2024-02-07
U01957,25-34,Tier 2,Mid,Organic,iOS,2024-02-28
U01958,25-34,Tier 2,High,Organic,iOS,2024-03-05
U01959,25-34,Tier 2,Mid,Partnership,iOS,2024-03-18
U01960,35-44,Tier 3,High,Branch,iOS,2024-02-25
U01961,18-24,Tier 2,High,Paid Ads,Android,2024-01-13
U01962,25-34,Tier 1,High,Partnership,Android,2024-04-11
U01963,35-44,Tier 3,Mid,Paid Ads,Android,2024-03-30
U01964,25-34,Tier 2,Low,Paid Ads,Android,2024-01-15
U01965,25-34,Tier 1,Mid,Partnership,iOS,2024-04-19
U01966,25-34,Tier 1,Mid,Paid Ads,iOS,2024-03-24
U01967,18-24,Tier 3,High,Paid Ads,Android,2024-03-24
U01968,25-34,Tier 1,Low,Organic,iOS,2024-04-22
U01969,25-34,Tier 2,Low,Paid Ads,iOS,2024-04-08
U01970,18-24,Tier 2,Mid,Paid Ads,iOS,2024-03-11
U01971,18-24,Tier 1,Low,Referral,Android,2024-04-02
U01972,35-44,Tier 2,Mid,Partnership,Android,2024-04-20
U01973,18-24,Tier 1,Mid,Paid Ads,iOS,2024-01-28
U01974,25-34,Tier 1,Mid,Branch,iOS,2024-02-25
U01975,18-24,Tier 2,Low,Organic,Android,2024-02-27
U01976,45-54,Tier 1,High,Paid Ads,iOS,2024-04-23
U01977,18-24,Tier 2,Mid,Organic,Android,2024-01-30
U01978,25-34,Tier 3,High,Branch,Android,2024-02-22
U01979,45-54,Tier 2,Mid,Organic,iOS,2024-02-13
U01980,35-44,Tier 1,Low,Paid Ads,Android,2024-04-15
U01981,18-24,Tier 1,Low,Partnership,Android,2024-02-28
U01982,35-44,Tier 2,Low,Referral,Android,2024-02-21
U01983,25-34,Tier 3,Mid,Branch,Android,2024-02-23
U01984,25-34,Tier 3,Low,Partnership,Android,2024-04-03
U01985,18-24,Tier 3,Mid,Referral,Android,2024-01-13
U01986,18-24,Tier 1,Mid,Organic,iOS,2024-02-10
U01987,35-44,Tier 1,Low,Referral,iOS,2024-02-24
U01988,25-34,Tier 2,Low,Referral,Android,2024-02-10
U01989,25-34,Tier 1,Mid,Partnership,Android,2024-03-26
U01990,35-44,Tier 1,High,Branch,iOS,2024-02-02
U01991,35-44,Tier 3,Low,Organic,Android,2024-02-17
U01992,18-24,Tier 1,Low,Paid Ads,Android,2024-01-20
U01993,25-34,Tier 1,High,Paid Ads,Android,2024-03-28
U01994,18-24,Tier 1,Low,Organic,Android,2024-03-01
U01995,35-44,Tier 3,High,Referral,Android,2024-01-09
U01996,35-44,Tier 2,Low,Referral,Android,2024-01-12
U01997,55+,Tier 2,High,Paid Ads,iOS,2024-04-16
U01998,18-24,Tier 3,Mid,Paid Ads,iOS,2024-01-11
U01999,18-24,Tier 1,High,Paid Ads,iOS,2024-01-12
U02000,18-24,Tier 2,Mid,Organic,Android,2024-02-25
U02001,18-24,Tier 1,Mid,Partnership,iOS,2024-01-13
U02002,18-24,Tier 1,Low,Paid Ads,Android,2024-04-05
U02003,45-54,Tier 3,Low,Partnership,Android,2024-04-04
U02004,18-24,Tier 2,Mid,Referral,iOS,2024-02-17
U02005,18-24,Tier 1,Mid,Partnership,Android,2024-04-13
U02006,35-44,Tier 1,High,Partnership,Android,2024-01-17
U02007,25-34,Tier 2,Mid,Referral,Android,2024-03-12
U02008,35-44,Tier 1,High,Referral,iOS,2024-01-08
U02009,18-24,Tier 1,Mid,Branch,Android,2024-03-16
U02010,25-34,Tier 1,High,Paid Ads,iOS,2024-03-12
U02011,18-24,Tier 1,High,Branch,iOS,2024-03-12
U02012,18-24,Tier 3,Mid,Partnership,iOS,2024-02-12
U02013,45-54,Tier 1,High,Paid Ads,Android,2024-03-26
U02014,18-24,Tier 1,High,Organic,Android,2024-01-16
U02015,25-34,Tier 2,Low,Referral,Android,2024-02-22
U02016,25-34,Tier 3,Mid,Branch,Android,2024-02-15
U02017,25-34,Tier 1,Low,Referral,iOS,2024-04-21
U02018,45-54,Tier 1,High,Organic,Android,2024-03-26
U02019,18-24,Tier 1,Low,Paid Ads,iOS,2024-04-06
U02020,35-44,Tier 2,Low,Paid Ads,Android,2024-02-24
U02021,55+,Tier 2,Mid,Referral,iOS,2024-04-21
U02022,25-34,Tier 3,Mid,Referral,Android,2024-04-02
U02023,45-54,Tier 3,High,Paid Ads,Android,2024-01-07
U02024,18-24,Tier 2,High,Organic,iOS,2024-02-06
U02025,25-34,Tier 2,Mid,Partnership,Android,2024-03-17
U02026,18-24,Tier 2,Low,Referral,Android,2024-02-09
U02027,35-44,Tier 1,Mid,Partnership,Android,2024-02-15
U02028,55+,Tier 3,Mid,Partnership,Android,2024-01-14
U02029,18-24,Tier 1,Mid,Paid Ads,iOS,2024-03-14
U02030,35-44,Tier 1,Mid,Referral,iOS,2024-03-05
U02031,18-24,Tier 2,Mid,Paid Ads,Android,2024-01-28
U02032,25-34,Tier 1,Mid,Referral,Android,2024-01-20
U02033,25-34,Tier 2,Mid,Referral,iOS,2024-03-25
U02034,55+,Tier 2,Mid,Partnership,iOS,2024-03-02
U02035,25-34,Tier 1,High,Paid Ads,iOS,2024-01-29
U02036,25-34,Tier 3,Mid,Partnership,iOS,2024-04-18
U02037,18-24,Tier 1,Low,Organic,Android,2024-01-14
U02038,18-24,Tier 1,High,Organic,Android,2024-02-14
U02039,18-24,Tier 2,Mid,Branch,Android,2024-04-18
U02040,18-24,Tier 2,Low,Paid Ads,Android,2024-03-12
U02041,45-54,Tier 2,Mid,Paid Ads,iOS,2024-02-17
U02042,25-34,Tier 1,Mid,Paid Ads,Android,2024-01-15
U02043,25-34,Tier 2,High,Organic,iOS,2024-04-07
U02044,18-24,Tier 1,Mid,Paid Ads,Android,2024-02-05
U02045,45-54,Tier 3,Mid,Organic,iOS,2024-03-14
U02046,35-44,Tier 1,Low,Paid Ads,Android,2024-01-29
U02047,18-24,Tier 2,Mid,Paid Ads,Android,2024-04-13
U02048,35-44,Tier 1,High,Branch,Android,2024-02-24
U02049,25-34,Tier 1,High,Paid Ads,iOS,2024-04-18
U02050,18-24,Tier 2,Low,Organic,Android,2024-03-12
U02051,25-34,Tier 3,Low,Paid Ads,iOS,2024-04-08
U02052,25-34,Tier 2,Mid,Organic,Android,2024-04-14
U02053,18-24,Tier 3,Mid,Organic,Android,2024-03-20
U02054,45-54,Tier 2,Mid,Organic,iOS,2024-03-19
U02055,35-44,Tier 2,Mid,Paid Ads,Android,2024-03-27
U02056,35-44,Tier 1,Mid,Organic,Android,2024-03-23
U02057,25-34,Tier 3,High,Paid Ads,Android,2024-03-12
U02058,25-34,Tier 1,Mid,Branch,iOS,2024-01-04
U02059,35-44,Tier 3,Low,Paid Ads,Android,2024-03-18
U02060,25-34,Tier 3,Mid,Organic,Android,2024-03-25
U02061,18-24,Tier 3,High,Organic,Android,2024-04-16
U02062,25-34,Tier 2,Mid,Paid Ads,Android,2024-03-29
U02063,35-44,Tier 2,Mid,Partnership,Android,2024-02-04
U02064,25-34,Tier 2,Mid,Organic,iOS,2024-01-04
U02065,18-24,Tier 1,High,Partnership,iOS,2024-01-24
U02066,35-44,Tier 2,Mid,Paid Ads,Android,2024-02-04
U02067,18-24,Tier 1,Mid,Paid Ads,iOS,2024-03-30
U02068,18-24,Tier 2,High,Branch,iOS,2024-04-07
U02069,18-24,Tier 1,High,Paid Ads,iOS,2024-02-09
U02070,25-34,Tier 1,Mid,Partnership,Android,2024-02-13
U02071,35-44,Tier 1,Mid,Referral,Android,2024-02-14
U02072,25-34,Tier 1,Mid,Paid Ads,iOS,2024-01-01
U02073,18-24,Tier 2,Low,Paid Ads,Android,2024-01-24
U02074,45-54,Tier 1,High,Referral,Android,2024-04-21
U02075,45-54,Tier 2,Mid,Paid Ads,iOS,2024-01-19
U02076,45-54,Tier 1,High,Organic,Android,2024-03-13
U02077,18-24,Tier 2,Low,Organic,Android,2024-03-25
U02078,25-34,Tier 2,Mid,Referral,Android,2024-02-21
U02079,55+,Tier 2,Low,Paid Ads,iOS,2024-01-09
U02080,35-44,Tier 2,Mid,Branch,Android,2024-01-19
U02081,18-24,Tier 1,Mid,Paid Ads,iOS,2024-04-04
U02082,18-24,Tier 2,Mid,Paid Ads,Android,2024-03-22
U02083,25-34,Tier 1,Low,Organic,Android,2024-01-04
U02084,45-54,Tier 2,Low,Branch,Android,2024-01-12
U02085,25-34,Tier 2,Low,Paid Ads,Android,2024-04-05
U02086,25-34,Tier 1,Low,Partnership,Android,2024-03-08
U02087,18-24,Tier 2,Mid,Partnership,Android,2024-01-28
U02088,35-44,Tier 2,Mid,Referral,iOS,2024-02-18
U02089,35-44,Tier 1,Mid,Paid Ads,Android,2024-02-23
U02090,25-34,Tier 1,Mid,Branch,Android,2024-02-28
U02091,35-44,Tier 1,Low,Organic,Android,2024-02-13
U02092,55+,Tier 3,Low,Paid Ads,iOS,2024-01-21
U02093,18-24,Tier 2,Low,Branch,Android,2024-02-17
U02094,25-34,Tier 1,High,Referral,Android,2024-02-09
U02095,18-24,Tier 1,Mid,Partnership,iOS,2024-04-02
U02096,35-44,Tier 2,Low,Branch,Android,2024-02-11
U02097,25-34,Tier 3,Low,Paid Ads,Android,2024-04-09
U02098,25-34,Tier 1,High,Organic,Android,2024-03-13
U02099,35-44,Tier 1,Mid,Referral,iOS,2024-03-17
U02100,25-34,Tier 3,Mid,Organic,Android,2024-01-11
U02101,45-54,Tier 1,Mid,Partnership,Android,2024-04-23
U02102,25-34,Tier 1,Low,Partnership,iOS,2024-01-07
U02103,18-24,Tier 3,High,Paid Ads,Android,2024-01-20
U02104,35-44,Tier 2,Mid,Referral,iOS,2024-01-21
U02105,35-44,Tier 1,Mid,Organic,Android,2024-04-06
U02106,25-34,Tier 1,High,Partnership,Android,2024-03-20
U02107,45-54,Tier 1,Mid,Paid Ads,Android,2024-01-07
U02108,45-54,Tier 1,Low,Branch,Android,2024-03-27
U02109,18-24,Tier 3,Mid,Paid Ads,Android,2024-01-11
U02110,55+,Tier 1,Low,Partnership,Android,2024-02-04
U02111,18-24,Tier 2,Low,Paid Ads,Android,2024-02-26
U02112,18-24,Tier 3,Mid,Paid Ads,iOS,2024-03-25
U02113,18-24,Tier 1,Low,Referral,Android,2024-02-24
U02114,45-54,Tier 1,High,Branch,iOS,2024-03-03
U02115,35-44,Tier 2,High,Paid Ads,iOS,2024-03-18
U02116,18-24,Tier 3,Low,Referral,iOS,2024-02-26
U02117,25-34,Tier 3,Mid,Organic,iOS,2024-02-23
U02118,25-34,Tier 1,High,Referral,Android,2024-02-04
U02119,18-24,Tier 2,Mid,Paid Ads,iOS,2024-01-28
U02120,45-54,Tier 2,Mid,Referral,iOS,2024-04-06
U02121,35-44,Tier 3,Mid,Organic,iOS,2024-03-06
U02122,25-34,Tier 1,Mid,Paid Ads,Android,2024-01-15
U02123,55+,Tier 2,Mid,Organic,iOS,2024-02-14
U02124,25-34,Tier 3,High,Partnership,iOS,2024-02-25
U02125,55+,Tier 1,Mid,Paid Ads,iOS,2024-01-15
U02126,35-44,Tier 2,High,Paid Ads,Android,2024-02-06
U02127,25-34,Tier 1,Low,Organic,Android,2024-03-27
U02128,18-24,Tier 1,High,Referral,iOS,2024-03-27
U02129,45-54,Tier 1,Mid,Referral,Android,2024-03-16
U02130,25-34,Tier 3,Mid,Partnership,Android,2024-03-03
U02131,18-24,Tier 1,Mid,Partnership,iOS,2024-03-08
U02132,18-24,Tier 2,Low,Organic,Android,2024-03-26
U02133,25-34,Tier 2,Low,Paid Ads,Android,2024-02-09
U02134,25-34,Tier 1,Low,Organic,Android,2024-01-06
U02135,35-44,Tier 2,Low,Branch,Android,2024-01-29
U02136,45-54,Tier 2,Mid,Branch,Android,2024-02-20
U02137,18-24,Tier 3,Mid,Paid Ads,Android,2024-03-17
U02138,35-44,Tier 2,Mid,Paid Ads,Android,2024-01-08
U02139,18-24,Tier 2,Low,Partnership,Android,2024-01-01
U02140,45-54,Tier 1,High,Paid Ads,iOS,2024-01-27
U02141,35-44,Tier 3,Mid,Paid Ads,Android,2024-02-08
U02142,25-34,Tier 1,High,Branch,Android,2024-01-28
U02143,35-44,Tier 2,Mid,Paid Ads,Android,2024-04-08
U02144,25-34,Tier 1,Low,Paid Ads,iOS,2024-01-18
U02145,25-34,Tier 3,Mid,Partnership,iOS,2024-04-07
U02146,35-44,Tier 2,Mid,Paid Ads,Android,2024-02-02
U02147,25-34,Tier 2,Low,Paid Ads,Android,2024-02-07
U02148,25-34,Tier 1,Low,Organic,Android,2024-02-11
U02149,25-34,Tier 1,Low,Referral,iOS,2024-01-16
U02150,35-44,Tier 2,Low,Organic,Android,2024-01-01
U02151,25-34,Tier 2,Mid,Paid Ads,Android,2024-03-04
U02152,18-24,Tier 1,Mid,Paid Ads,iOS,2024-04-05
U02153,35-44,Tier 3,Low,Branch,iOS,2024-02-25
U02154,35-44,Tier 3,Mid,Paid Ads,Android,2024-01-23
U02155,18-24,Tier 1,Mid,Partnership,iOS,2024-01-17
U02156,18-24,Tier 3,Low,Referral,Android,2024-02-18
U02157,18-24,Tier 2,Low,Partnership,iOS,2024-03-09
U02158,25-34,Tier 2,Low,Paid Ads,Android,2024-03-31
U02159,25-34,Tier 1,Mid,Paid Ads,Android,2024-01-30
U02160,35-44,Tier 2,Low,Referral,iOS,2024-03-05
U02161,35-44,Tier 2,Mid,Paid Ads,Android,2024-03-12
U02162,25-34,Tier 1,Mid,Paid Ads,Android,2024-04-16
U02163,25-34,Tier 2,Mid,Paid Ads,Android,2024-03-26
U02164,35-44,Tier 2,Low,Branch,Android,2024-04-13
U02165,25-34,Tier 2,Mid,Partnership,Android,2024-02-15
U02166,55+,Tier 1,Mid,Branch,iOS,2024-01-10
U02167,25-34,Tier 3,High,Paid Ads,Android,2024-02-20
U02168,18-24,Tier 2,Mid,Branch,Android,2024-04-20
U02169,35-44,Tier 1,Mid,Partnership,Android,2024-04-04
U02170,25-34,Tier 1,Mid,Referral,Android,2024-01-06
U02171,35-44,Tier 2,Mid,Referral,Android,2024-02-25
U02172,18-24,Tier 3,High,Organic,Android,2024-01-03
U02173,18-24,Tier 1,Low,Organic,Android,2024-02-28
U02174,45-54,Tier 2,High,Organic,Android,2024-01-10
U02175,18-24,Tier 1,Mid,Organic,iOS,2024-04-20
U02176,35-44,Tier 2,Mid,Paid Ads,Android,2024-02-10
U02177,18-24,Tier 3,Low,Referral,Android,2024-03-14
U02178,25-34,Tier 2,Mid,Referral,Android,2024-02-24
U02179,35-44,Tier 1,Mid,Partnership,iOS,2024-03-14
U02180,25-34,Tier 2,Low,Partnership,Android,2024-02-21
U02181,25-34,Tier 1,Low,Branch,iOS,2024-03-31
U02182,18-24,Tier 1,High,Paid Ads,Android,2024-03-22
U02183,18-24,Tier 2,Mid,Paid Ads,Android,2024-02-23
U02184,25-34,Tier 2,Mid,Referral,iOS,2024-02-07
U02185,35-44,Tier 1,Low,Organic,iOS,2024-01-15
U02186,45-54,Tier 3,Mid,Organic,Android,2024-02-21
U02187,45-54,Tier 2,Mid,Referral,Android,2024-01-03
U02188,35-44,Tier 1,Mid,Branch,Android,2024-02-11
U02189,35-44,Tier 2,Mid,Organic,iOS,2024-01-22
U02190,35-44,Tier 2,Mid,Organic,iOS,2024-04-12
U02191,18-24,Tier 2,Mid,Organic,Android,2024-03-20
U02192,45-54,Tier 2,Low,Paid Ads,Android,2024-02-28
U02193,35-44,Tier 2,High,Referral,Android,2024-04-16
U02194,25-34,Tier 1,Mid,Paid Ads,Android,2024-03-29
U02195,18-24,Tier 3,Mid,Organic,Android,2024-02-16
U02196,25-34,Tier 2,Mid,Referral,Android,2024-01-12
U02197,25-34,Tier 1,High,Organic,Android,2024-02-25
U02198,45-54,Tier 2,Low,Paid Ads,Android,2024-04-18
U02199,25-34,Tier 3,Low,Organic,Android,2024-01-14
U02200,25-34,Tier 3,Mid,Partnership,Android,2024-02-01
U02201,55+,Tier 1,Mid,Paid Ads,Android,2024-02-25
U02202,18-24,Tier 1,Mid,Paid Ads,Android,2024-03-16
U02203,25-34,Tier 2,Low,Referral,Android,2024-02-21
U02204,18-24,Tier 1,Mid,Referral,iOS,2024-03-08
U02205,35-44,Tier 3,Low,Organic,Android,2024-01-11
U02206,45-54,Tier 1,Low,Paid Ads,Android,2024-02-20
U02207,18-24,Tier 1,High,Paid Ads,Android,2024-04-21
U02208,45-54,Tier 1,Mid,Paid Ads,Android,2024-02-09
U02209,18-24,Tier 1,Mid,Paid Ads,Android,2024-04-05
U02210,45-54,Tier 2,Low,Partnership,Android,2024-02-13
U02211,35-44,Tier 2,Mid,Partnership,Android,2024-01-29
U02212,35-44,Tier 1,Mid,Organic,Android,2024-02-12
U02213,18-24,Tier 1,High,Paid Ads,Android,2024-04-09
U02214,55+,Tier 2,High,Organic,iOS,2024-01-22
U02215,35-44,Tier 1,Mid,Paid Ads,iOS,2024-01-10
U02216,25-34,Tier 2,Mid,Referral,iOS,2024-03-06
U02217,35-44,Tier 2,Mid,Organic,Android,2024-03-22
U02218,18-24,Tier 2,Mid,Partnership,iOS,2024-01-15
U02219,45-54,Tier 3,Low,Paid Ads,iOS,2024-03-08
U02220,18-24,Tier 3,Mid,Referral,iOS,2024-03-06
U02221,35-44,Tier 3,Low,Organic,Android,2024-01-25
U02222,25-34,Tier 1,Low,Paid Ads,iOS,2024-04-25
U02223,18-24,Tier 1,Low,Branch,Android,2024-04-09
U02224,18-24,Tier 1,Mid,Paid Ads,Android,2024-02-14
U02225,18-24,Tier 3,Mid,Branch,Android,2024-02-14
U02226,25-34,Tier 3,Mid,Organic,iOS,2024-04-03
U02227,25-34,Tier 3,Mid,Paid Ads,iOS,2024-04-14
U02228,25-34,Tier 1,Low,Partnership,Android,2024-03-23
U02229,18-24,Tier 3,Mid,Paid Ads,Android,2024-04-14
U02230,18-24,Tier 1,Low,Organic,Android,2024-01-19
U02231,35-44,Tier 1,Mid,Paid Ads,Android,2024-01-31
U02232,18-24,Tier 1,High,Paid Ads,Android,2024-01-14
U02233,45-54,Tier 1,Low,Paid Ads,Android,2024-01-19
U02234,45-54,Tier 2,Low,Partnership,iOS,2024-02-02
U02235,35-44,Tier 1,Mid,Partnership,Android,2024-01-26
U02236,25-34,Tier 2,High,Paid Ads,Android,2024-01-23
U02237,45-54,Tier 2,Mid,Organic,iOS,2024-03-18
U02238,18-24,Tier 3,High,Referral,iOS,2024-01-20
U02239,18-24,Tier 2,Mid,Partnership,iOS,2024-04-07
U02240,18-24,Tier 1,High,Branch,Android,2024-04-07
U02241,35-44,Tier 3,Low,Organic,iOS,2024-03-24
U02242,18-24,Tier 3,Low,Paid Ads,Android,2024-01-10
U02243,25-34,Tier 1,High,Referral,iOS,2024-01-23
U02244,55+,Tier 2,High,Organic,iOS,2024-04-08
U02245,45-54,Tier 1,Low,Paid Ads,iOS,2024-03-21
U02246,25-34,Tier 1,Low,Paid Ads,Android,2024-03-04
U02247,18-24,Tier 2,Low,Organic,Android,2024-02-29
U02248,35-44,Tier 3,Low,Partnership,iOS,2024-04-06
U02249,25-34,Tier 1,Low,Partnership,iOS,2024-03-13
U02250,18-24,Tier 3,High,Branch,Android,2024-04-07
U02251,18-24,Tier 3,Mid,Organic,iOS,2024-03-15
U02252,45-54,Tier 3,Mid,Paid Ads,Android,2024-02-27
U02253,35-44,Tier 1,Mid,Referral,Android,2024-03-28
U02254,35-44,Tier 3,Mid,Referral,iOS,2024-04-22
U02255,45-54,Tier 1,Mid,Paid Ads,Android,2024-03-13
U02256,25-34,Tier 2,Mid,Partnership,Android,2024-03-23
U02257,25-34,Tier 1,Mid,Organic,iOS,2024-03-22
U02258,25-34,Tier 1,Mid,Branch,Android,2024-03-20
U02259,25-34,Tier 2,Mid,Partnership,Android,2024-02-11
U02260,25-34,Tier 1,High,Partnership,iOS,2024-04-20
U02261,35-44,Tier 1,High,Partnership,iOS,2024-03-21
U02262,25-34,Tier 1,Mid,Referral,Android,2024-02-10
U02263,45-54,Tier 2,Mid,Partnership,Android,2024-01-20
U02264,25-34,Tier 1,Low,Referral,Android,2024-02-26
U02265,25-34,Tier 3,Mid,Partnership,iOS,2024-01-09
U02266,25-34,Tier 1,Mid,Organic,Android,2024-03-01
U02267,25-34,Tier 1,Low,Referral,Android,2024-02-26
U02268,35-44,Tier 1,Mid,Paid Ads,iOS,2024-03-21
U02269,18-24,Tier 2,Mid,Referral,Android,2024-02-08
U02270,25-34,Tier 1,Low,Referral,Android,2024-04-11
U02271,18-24,Tier 1,High,Paid Ads,iOS,2024-02-05
U02272,25-34,Tier 3,Low,Partnership,Android,2024-03-16
U02273,25-34,Tier 2,High,Paid Ads,Android,2024-01-08
U02274,35-44,Tier 1,Mid,Referral,iOS,2024-02-15
U02275,55+,Tier 1,Mid,Organic,iOS,2024-03-05
U02276,25-34,Tier 3,Mid,Referral,Android,2024-01-10
U02277,35-44,Tier 1,Mid,Paid Ads,Android,2024-02-09
U02278,25-34,Tier 1,Mid,Paid Ads,iOS,2024-02-29
U02279,25-34,Tier 2,Mid,Organic,iOS,2024-02-27
U02280,18-24,Tier 2,Mid,Organic,Android,2024-01-05
U02281,18-24,Tier 2,Mid,Referral,Android,2024-01-08
U02282,25-34,Tier 1,High,Referral,Android,2024-02-17
U02283,25-34,Tier 1,Low,Referral,iOS,2024-04-16
U02284,18-24,Tier 2,Mid,Partnership,Android,2024-02-06
U02285,18-24,Tier 1,Low,Referral,iOS,2024-01-10
U02286,18-24,Tier 2,Mid,Paid Ads,iOS,2024-03-23
U02287,55+,Tier 2,Mid,Paid Ads,iOS,2024-04-20
U02288,25-34,Tier 1,Low,Organic,iOS,2024-04-19
U02289,25-34,Tier 3,Low,Paid Ads,iOS,2024-01-12
U02290,18-24,Tier 3,Low,Paid Ads,Android,2024-03-19
U02291,25-34,Tier 2,Mid,Referral,Android,2024-03-17
U02292,18-24,Tier 1,Mid,Partnership,iOS,2024-03-05
U02293,18-24,Tier 1,High,Organic,Android,2024-02-19
U02294,25-34,Tier 2,Mid,Partnership,Android,2024-02-29
U02295,18-24,Tier 1,Low,Paid Ads,Android,2024-03-15
U02296,18-24,Tier 3,High,Paid Ads,Android,2024-03-11
U02297,18-24,Tier 1,Mid,Partnership,iOS,2024-04-11
U02298,18-24,Tier 2,Mid,Partnership,iOS,2024-04-04
U02299,18-24,Tier 1,Low,Paid Ads,Android,2024-04-24
U02300,25-34,Tier 2,Mid,Partnership,iOS,2024-01-06
U02301,35-44,Tier 1,High,Referral,Android,2024-02-27
U02302,25-34,Tier 1,Mid,Paid Ads,iOS,2024-04-26
U02303,25-34,Tier 1,Mid,Organic,Android,2024-04-13
U02304,18-24,Tier 3,Mid,Organic,iOS,2024-03-14
U02305,45-54,Tier 1,High,Partnership,Android,2024-03-24
U02306,25-34,Tier 3,Low,Organic,Android,2024-01-25
U02307,18-24,Tier 3,Mid,Organic,iOS,2024-02-11
U02308,25-34,Tier 1,High,Partnership,Android,2024-03-18
U02309,18-24,Tier 2,Low,Organic,iOS,2024-03-01
U02310,25-34,Tier 1,Mid,Referral,Android,2024-03-05
U02311,25-34,Tier 3,Mid,Paid Ads,Android,2024-01-20
U02312,45-54,Tier 2,Mid,Paid Ads,Android,2024-01-08
U02313,25-34,Tier 1,Mid,Partnership,Android,2024-02-27
U02314,35-44,Tier 1,Mid,Paid Ads,Android,2024-01-14
U02315,55+,Tier 1,Mid,Paid Ads,iOS,2024-04-13
U02316,18-24,Tier 3,Low,Paid Ads,Android,2024-04-25
U02317,18-24,Tier 1,Mid,Paid Ads,iOS,2024-04-17
U02318,25-34,Tier 2,Low,Paid Ads,Android,2024-02-13
U02319,25-34,Tier 1,Low,Partnership,Android,2024-04-01
U02320,25-34,Tier 3,High,Referral,Android,2024-01-11
U02321,45-54,Tier 1,Mid,Referral,Android,2024-03-05
U02322,35-44,Tier 2,High,Organic,iOS,2024-03-23
U02323,25-34,Tier 2,Low,Paid Ads,Android,2024-01-23
U02324,25-34,Tier 2,Mid,Organic,Android,2024-01-06
U02325,35-44,Tier 1,Low,Paid Ads,Android,2024-02-01
U02326,55+,Tier 1,Mid,Partnership,Android,2024-03-31
U02327,35-44,Tier 1,Mid,Paid Ads,Android,2024-02-26
U02328,18-24,Tier 2,Low,Referral,Android,2024-02-26
U02329,25-34,Tier 1,High,Partnership,Android,2024-03-08
U02330,18-24,Tier 2,Low,Referral,iOS,2024-03-07
U02331,18-24,Tier 1,Mid,Paid Ads,iOS,2024-03-19
U02332,18-24,Tier 3,High,Paid Ads,Android,2024-01-21
U02333,25-34,Tier 3,High,Organic,Android,2024-02-16
U02334,35-44,Tier 2,High,Branch,iOS,2024-02-17
U02335,18-24,Tier 1,Mid,Organic,iOS,2024-02-06
U02336,25-34,Tier 1,Low,Branch,iOS,2024-02-19
U02337,25-34,Tier 1,Low,Organic,iOS,2024-02-22
U02338,25-34,Tier 1,Mid,Referral,Android,2024-04-09
U02339,18-24,Tier 2,Mid,Organic,iOS,2024-02-13
U02340,25-34,Tier 2,Low,Organic,iOS,2024-03-27
U02341,35-44,Tier 3,Mid,Paid Ads,Android,2024-03-17
U02342,18-24,Tier 1,Mid,Paid Ads,Android,2024-01-07
U02343,18-24,Tier 2,Mid,Partnership,Android,2024-04-11
U02344,25-34,Tier 2,Mid,Referral,Android,2024-03-21
U02345,45-54,Tier 2,Mid,Referral,Android,2024-03-23
U02346,35-44,Tier 1,High,Paid Ads,Android,2024-02-12
U02347,35-44,Tier 2,Low,Referral,Android,2024-01-09
U02348,25-34,Tier 2,Mid,Paid Ads,Android,2024-02-12
U02349,25-34,Tier 2,Low,Paid Ads,Android,2024-01-13
U02350,18-24,Tier 3,Low,Organic,iOS,2024-03-12
U02351,25-34,Tier 1,Mid,Partnership,Android,2024-03-27
U02352,45-54,Tier 1,High,Paid Ads,iOS,2024-02-19
U02353,25-34,Tier 2,Low,Paid Ads,iOS,2024-02-06
U02354,45-54,Tier 2,Mid,Organic,iOS,2024-02-02
U02355,35-44,Tier 1,Mid,Referral,iOS,2024-04-02
U02356,18-24,Tier 2,Low,Referral,Android,2024-04-19
U02357,45-54,Tier 3,High,Referral,Android,2024-03-25
U02358,18-24,Tier 3,Mid,Organic,Android,2024-04-26
U02359,25-34,Tier 1,Low,Partnership,iOS,2024-03-18
U02360,18-24,Tier 3,Mid,Paid Ads,Android,2024-04-21
U02361,18-24,Tier 2,Mid,Paid Ads,Android,2024-01-20
U02362,25-34,Tier 2,Mid,Organic,iOS,2024-02-12
U02363,18-24,Tier 2,Mid,Branch,iOS,2024-01-11
U02364,25-34,Tier 3,Low,Organic,iOS,2024-03-15
U02365,25-34,Tier 2,Mid,Partnership,Android,2024-03-25
U02366,18-24,Tier 1,Low,Branch,Android,2024-01-19
U02367,18-24,Tier 2,High,Paid Ads,Android,2024-02-14
U02368,25-34,Tier 2,Mid,Branch,Android,2024-02-09
U02369,25-34,Tier 1,Low,Paid Ads,iOS,2024-03-24
U02370,35-44,Tier 3,High,Organic,Android,2024-03-30
U02371,35-44,Tier 2,Low,Organic,Android,2024-03-25
U02372,35-44,Tier 2,Mid,Referral,iOS,2024-02-20
U02373,35-44,Tier 1,Mid,Organic,Android,2024-01-17
U02374,25-34,Tier 2,Low,Paid Ads,iOS,2024-03-17
U02375,35-44,Tier 1,High,Referral,iOS,2024-03-31
U02376,18-24,Tier 1,Mid,Partnership,iOS,2024-01-11
U02377,25-34,Tier 2,Low,Referral,Android,2024-02-09
U02378,35-44,Tier 1,Mid,Paid Ads,Android,2024-03-12
U02379,25-34,Tier 2,Mid,Branch,iOS,2024-02-18
U02380,35-44,Tier 1,High,Organic,iOS,2024-03-23
U02381,35-44,Tier 1,Mid,Paid Ads,Android,2024-04-11
U02382,45-54,Tier 1,Mid,Partnership,Android,2024-02-12
U02383,45-54,Tier 3,Mid,Organic,Android,2024-04-14
U02384,25-34,Tier 2,Mid,Paid Ads,iOS,2024-01-17
U02385,25-34,Tier 2,Mid,Referral,Android,2024-03-26
U02386,25-34,Tier 1,Low,Partnership,Android,2024-03-30
U02387,25-34,Tier 1,Mid,Paid Ads,Android,2024-04-16
U02388,25-34,Tier 3,Mid,Paid Ads,Android,2024-04-04
U02389,35-44,Tier 1,High,Partnership,iOS,2024-03-28
U02390,35-44,Tier 1,Low,Organic,Android,2024-04-26
U02391,25-34,Tier 2,Mid,Partnership,Android,2024-03-08
U02392,18-24,Tier 1,High,Partnership,Android,2024-01-12
U02393,25-34,Tier 3,Mid,Partnership,Android,2024-03-23
U02394,18-24,Tier 2,High,Partnership,Android,2024-03-26
U02395,45-54,Tier 1,High,Referral,Android,2024-02-24
U02396,25-34,Tier 1,Mid,Branch,Android,2024-03-06
U02397,18-24,Tier 1,Mid,Referral,iOS,2024-02-16
U02398,18-24,Tier 3,Low,Paid Ads,Android,2024-01-03
U02399,25-34,Tier 2,Mid,Organic,iOS,2024-02-16
U02400,25-34,Tier 1,Low,Branch,Android,2024-02-09
U02401,25-34,Tier 1,Mid,Paid Ads,Android,2024-01-24
U02402,18-24,Tier 2,Mid,Partnership,Android,2024-01-28
U02403,25-34,Tier 2,Mid,Organic,Android,2024-02-13
U02404,25-34,Tier 1,Low,Partnership,Android,2024-04-08
U02405,35-44,Tier 1,High,Partnership,Android,2024-03-03
U02406,25-34,Tier 1,Low,Paid Ads,Android,2024-01-25
U02407,25-34,Tier 2,Low,Referral,Android,2024-01-29
U02408,18-24,Tier 3,Low,Paid Ads,Android,2024-01-18
U02409,55+,Tier 1,High,Organic,Android,2024-01-20
U02410,25-34,Tier 2,High,Paid Ads,Android,2024-01-10
U02411,35-44,Tier 1,Mid,Organic,iOS,2024-02-07
U02412,18-24,Tier 1,High,Referral,Android,2024-04-18
U02413,25-34,Tier 1,Low,Organic,iOS,2024-04-10
U02414,18-24,Tier 3,High,Organic,Android,2024-01-13
U02415,25-34,Tier 2,Low,Organic,iOS,2024-03-05
U02416,55+,Tier 2,Low,Branch,Android,2024-04-08
U02417,25-34,Tier 1,Low,Paid Ads,iOS,2024-03-10
U02418,18-24,Tier 1,Mid,Referral,Android,2024-04-16
U02419,18-24,Tier 1,Mid,Paid Ads,Android,2024-04-04
U02420,25-34,Tier 2,Mid,Paid Ads,Android,2024-04-23
U02421,18-24,Tier 1,High,Branch,Android,2024-03-08
U02422,18-24,Tier 2,Mid,Organic,iOS,2024-01-05
U02423,35-44,Tier 1,Low,Referral,Android,2024-03-25
U02424,25-34,Tier 1,Mid,Branch,Android,2024-02-13
U02425,18-24,Tier 2,Mid,Referral,Android,2024-04-22
U02426,45-54,Tier 1,High,Organic,Android,2024-04-08
U02427,18-24,Tier 1,Mid,Organic,Android,2024-03-20
U02428,55+,Tier 1,Mid,Organic,Android,2024-01-17
U02429,25-34,Tier 2,Low,Branch,Android,2024-03-17
U02430,45-54,Tier 2,Mid,Referral,Android,2024-02-18
U02431,25-34,Tier 1,High,Branch,Android,2024-01-20
U02432,35-44,Tier 2,Low,Branch,Android,2024-01-21
U02433,55+,Tier 1,High,Paid Ads,Android,2024-01-24
U02434,18-24,Tier 1,Mid,Organic,Android,2024-04-16
U02435,55+,Tier 1,Low,Organic,Android,2024-03-29
U02436,25-34,Tier 3,High,Paid Ads,iOS,2024-04-08
U02437,25-34,Tier 1,Mid,Referral,iOS,2024-03-20
U02438,25-34,Tier 1,Mid,Paid Ads,iOS,2024-04-13
U02439,25-34,Tier 1,Low,Referral,Android,2024-04-25
U02440,18-24,Tier 1,Low,Branch,iOS,2024-01-22
U02441,25-34,Tier 2,High,Paid Ads,Android,2024-04-02
U02442,25-34,Tier 1,Mid,Paid Ads,Android,2024-02-26
U02443,35-44,Tier 1,High,Partnership,Android,2024-01-06
U02444,35-44,Tier 2,Low,Organic,iOS,2024-02-22
U02445,25-34,Tier 1,Low,Organic,iOS,2024-02-16
U02446,25-34,Tier 2,Low,Organic,Android,2024-03-27
U02447,18-24,Tier 2,Mid,Organic,Android,2024-04-02
U02448,18-24,Tier 1,High,Paid Ads,iOS,2024-01-31
U02449,18-24,Tier 2,Mid,Referral,iOS,2024-02-26
U02450,25-34,Tier 1,Mid,Referral,iOS,2024-03-19
U02451,18-24,Tier 2,High,Branch,Android,2024-02-06
U02452,55+,Tier 1,Mid,Organic,Android,2024-04-06
U02453,25-34,Tier 1,Low,Paid Ads,Android,2024-04-05
U02454,25-34,Tier 2,High,Organic,iOS,2024-04-10
U02455,25-34,Tier 3,Mid,Referral,iOS,2024-02-27
U02456,18-24,Tier 3,Low,Paid Ads,Android,2024-01-30
U02457,25-34,Tier 2,Low,Branch,Android,2024-03-09
U02458,25-34,Tier 1,Mid,Referral,iOS,2024-01-31
U02459,25-34,Tier 1,Mid,Organic,Android,2024-02-09
U02460,25-34,Tier 1,Low,Referral,iOS,2024-04-13
U02461,55+,Tier 2,Low,Organic,Android,2024-04-10
U02462,45-54,Tier 1,Mid,Organic,iOS,2024-03-01
U02463,25-34,Tier 3,High,Paid Ads,iOS,2024-04-25
U02464,25-34,Tier 1,Mid,Organic,Android,2024-04-16
U02465,25-34,Tier 1,Low,Paid Ads,iOS,2024-01-25
U02466,18-24,Tier 1,Low,Paid Ads,Android,2024-02-17
U02467,25-34,Tier 3,Low,Referral,iOS,2024-03-27
U02468,18-24,Tier 2,Low,Organic,iOS,2024-03-14
U02469,25-34,Tier 2,Mid,Branch,Android,2024-02-26
U02470,25-34,Tier 1,Mid,Referral,Android,2024-02-29
U02471,18-24,Tier 3,Mid,Partnership,Android,2024-04-08
U02472,55+,Tier 1,Mid,Referral,iOS,2024-02-06
U02473,45-54,Tier 3,Low,Paid Ads,iOS,2024-04-09
U02474,35-44,Tier 2,Mid,Referral,Android,2024-02-18
U02475,25-34,Tier 1,Mid,Referral,iOS,2024-03-05
U02476,45-54,Tier 2,Mid,Organic,Android,2024-03-08
U02477,18-24,Tier 2,Low,Referral,Android,2024-02-23
U02478,35-44,Tier 1,Mid,Partnership,Android,2024-01-21
U02479,18-24,Tier 3,Low,Paid Ads,Android,2024-04-14
U02480,35-44,Tier 1,Low,Organic,Android,2024-01-26
U02481,18-24,Tier 1,High,Paid Ads,iOS,2024-04-12
U02482,45-54,Tier 1,High,Partnership,Android,2024-03-18
U02483,45-54,Tier 1,Low,Paid Ads,iOS,2024-01-18
U02484,18-24,Tier 2,Low,Organic,Android,2024-04-21
U02485,25-34,Tier 1,Mid,Partnership,Android,2024-02-02
U02486,55+,Tier 2,Low,Referral,Android,2024-01-07
U02487,25-34,Tier 1,Mid,Paid Ads,iOS,2024-03-23
U02488,45-54,Tier 3,Low,Paid Ads,iOS,2024-03-02
U02489,25-34,Tier 2,Low,Partnership,iOS,2024-04-21
U02490,25-34,Tier 3,Mid,Branch,iOS,2024-02-17
U02491,18-24,Tier 1,High,Branch,Android,2024-03-11
U02492,18-24,Tier 1,Low,Organic,Android,2024-01-14
U02493,35-44,Tier 1,Mid,Branch,iOS,2024-04-01
U02494,25-34,Tier 2,Low,Organic,iOS,2024-04-18
U02495,25-34,Tier 3,Low,Referral,Android,2024-03-07
U02496,25-34,Tier 1,High,Paid Ads,iOS,2024-04-18
U02497,25-34,Tier 1,Mid,Paid Ads,iOS,2024-01-16
U02498,45-54,Tier 3,Mid,Paid Ads,iOS,2024-02-06
U02499,55+,Tier 1,Mid,Paid Ads,iOS,2024-01-11
U02500,25-34,Tier 2,High,Branch,Android,2024-04-07
U02501,35-44,Tier 2,High,Organic,Android,2024-01-21
U02502,35-44,Tier 3,Low,Referral,Android,2024-02-04
U02503,25-34,Tier 1,Low,Branch,Android,2024-02-27
U02504,55+,Tier 1,Mid,Organic,iOS,2024-04-25
U02505,18-24,Tier 2,Mid,Paid Ads,Android,2024-03-06
U02506,18-24,Tier 3,High,Paid Ads,Android,2024-01-19
U02507,45-54,Tier 1,Mid,Paid Ads,Android,2024-04-16
U02508,25-34,Tier 1,High,Paid Ads,iOS,2024-02-25
U02509,35-44,Tier 2,Low,Organic,Android,2024-01-12
U02510,45-54,Tier 3,High,Partnership,Android,2024-04-26
U02511,18-24,Tier 3,Mid,Organic,Android,2024-01-29
U02512,45-54,Tier 3,High,Referral,Android,2024-04-14
U02513,25-34,Tier 1,Low,Organic,iOS,2024-02-27
U02514,25-34,Tier 1,Mid,Paid Ads,iOS,2024-04-23
U02515,25-34,Tier 2,Mid,Paid Ads,Android,2024-02-14
U02516,45-54,Tier 3,Mid,Branch,iOS,2024-01-04
U02517,18-24,Tier 1,Mid,Paid Ads,Android,2024-02-23
U02518,25-34,Tier 1,High,Paid Ads,iOS,2024-01-07
U02519,35-44,Tier 2,Mid,Branch,Android,2024-02-20
U02520,35-44,Tier 1,Mid,Paid Ads,iOS,2024-03-05
U02521,35-44,Tier 1,Low,Paid Ads,Android,2024-02-17
U02522,18-24,Tier 2,High,Paid Ads,Android,2024-01-31
U02523,18-24,Tier 2,Mid,Referral,Android,2024-02-19
U02524,25-34,Tier 2,Mid,Partnership,Android,2024-01-11
U02525,35-44,Tier 1,Low,Organic,iOS,2024-02-17
U02526,18-24,Tier 2,Mid,Paid Ads,Android,2024-01-29
U02527,18-24,Tier 2,Low,Paid Ads,Android,2024-01-04
U02528,55+,Tier 2,Low,Branch,iOS,2024-02-10
U02529,18-24,Tier 2,Mid,Partnership,Android,2024-01-13
U02530,55+,Tier 1,Low,Paid Ads,iOS,2024-04-17
U02531,35-44,Tier 1,Low,Paid Ads,Android,2024-04-01
U02532,35-44,Tier 1,Mid,Referral,Android,2024-03-24
U02533,18-24,Tier 1,Low,Paid Ads,iOS,2024-02-12
U02534,18-24,Tier 2,Mid,Branch,Android,2024-04-11
U02535,35-44,Tier 3,Low,Branch,Android,2024-01-19
U02536,35-44,Tier 2,Mid,Partnership,iOS,2024-01-18
U02537,35-44,Tier 2,Mid,Organic,Android,2024-01-05
U02538,18-24,Tier 1,Mid,Partnership,iOS,2024-02-06
U02539,35-44,Tier 1,Low,Branch,iOS,2024-04-16
U02540,35-44,Tier 1,Low,Referral,Android,2024-03-01
U02541,35-44,Tier 1,Low,Paid Ads,iOS,2024-03-30
U02542,35-44,Tier 1,Mid,Partnership,Android,2024-04-16
U02543,35-44,Tier 2,High,Paid Ads,Android,2024-01-18
U02544,25-34,Tier 3,Low,Branch,iOS,2024-04-07
U02545,18-24,Tier 1,Low,Paid Ads,iOS,2024-03-31
U02546,25-34,Tier 1,Low,Paid Ads,iOS,2024-03-01
U02547,18-24,Tier 2,Mid,Partnership,iOS,2024-02-27
U02548,25-34,Tier 1,Mid,Paid Ads,Android,2024-03-19
U02549,25-34,Tier 3,Mid,Partnership,Android,2024-01-01
U02550,18-24,Tier 2,High,Paid Ads,Android,2024-04-25
U02551,25-34,Tier 3,Mid,Referral,Android,2024-01-11
U02552,18-24,Tier 1,Low,Organic,Android,2024-01-03
U02553,35-44,Tier 2,Low,Referral,iOS,2024-02-02
U02554,45-54,Tier 2,Mid,Paid Ads,Android,2024-01-28
U02555,18-24,Tier 2,Mid,Branch,iOS,2024-04-16
U02556,55+,Tier 1,Mid,Referral,iOS,2024-01-20
U02557,25-34,Tier 1,Mid,Referral,Android,2024-03-11
U02558,18-24,Tier 2,Mid,Organic,Android,2024-04-03
U02559,18-24,Tier 2,High,Paid Ads,Android,2024-03-18
U02560,25-34,Tier 3,Mid,Branch,Android,2024-03-08
U02561,35-44,Tier 2,Mid,Paid Ads,iOS,2024-02-24
U02562,35-44,Tier 2,Low,Paid Ads,Android,2024-01-15
U02563,18-24,Tier 1,Mid,Paid Ads,iOS,2024-04-09
U02564,18-24,Tier 2,High,Organic,iOS,2024-02-06
U02565,25-34,Tier 2,Mid,Paid Ads,Android,2024-01-31
U02566,18-24,Tier 3,Mid,Paid Ads,iOS,2024-02-08
U02567,18-24,Tier 3,Mid,Paid Ads,Android,2024-01-16
U02568,18-24,Tier 1,Low,Partnership,Android,2024-01-07
U02569,35-44,Tier 3,Mid,Partnership,Android,2024-01-31
U02570,45-54,Tier 1,Low,Partnership,Android,2024-02-23
U02571,25-34,Tier 1,High,Branch,Android,2024-03-22
U02572,45-54,Tier 2,High,Branch,iOS,2024-04-11
U02573,25-34,Tier 1,Low,Paid Ads,Android,2024-03-20
U02574,25-34,Tier 2,Low,Organic,Android,2024-02-28
U02575,18-24,Tier 1,Mid,Paid Ads,Android,2024-01-09
U02576,25-34,Tier 1,Mid,Partnership,Android,2024-01-15
U02577,55+,Tier 2,Low,Organic,Android,2024-04-17
U02578,25-34,Tier 2,Mid,Organic,iOS,2024-04-25
U02579,25-34,Tier 3,Mid,Organic,Android,2024-03-04
U02580,25-34,Tier 2,Low,Paid Ads,Android,2024-03-17
U02581,18-24,Tier 2,High,Paid Ads,Android,2024-03-09
U02582,45-54,Tier 1,High,Referral,iOS,2024-01-03
U02583,25-34,Tier 1,Mid,Organic,Android,2024-03-21
U02584,25-34,Tier 1,High,Paid Ads,iOS,2024-03-06
U02585,25-34,Tier 2,Low,Referral,Android,2024-03-14
U02586,25-34,Tier 2,Low,Referral,Android,2024-01-31
U02587,18-24,Tier 1,Low,Paid Ads,Android,2024-04-01
U02588,35-44,Tier 2,Mid,Paid Ads,Android,2024-01-19
U02589,18-24,Tier 2,High,Referral,Android,2024-02-07
U02590,35-44,Tier 1,Mid,Paid Ads,iOS,2024-02-24
U02591,35-44,Tier 1,High,Referral,Android,2024-01-01
U02592,35-44,Tier 3,Mid,Partnership,iOS,2024-03-19
U02593,25-34,Tier 2,Mid,Organic,Android,2024-02-15
U02594,25-34,Tier 3,Mid,Organic,Android,2024-01-31
U02595,18-24,Tier 1,Low,Partnership,Android,2024-03-14
U02596,35-44,Tier 3,Low,Paid Ads,Android,2024-02-23
U02597,18-24,Tier 1,Mid,Organic,iOS,2024-01-24
U02598,25-34,Tier 1,Mid,Organic,iOS,2024-03-26
U02599,18-24,Tier 3,Mid,Partnership,iOS,2024-03-26
U02600,18-24,Tier 1,Mid,Partnership,Android,2024-01-11
U02601,25-34,Tier 2,Low,Referral,Android,2024-03-08
U02602,18-24,Tier 1,Mid,Paid Ads,iOS,2024-02-16
U02603,35-44,Tier 2,Mid,Organic,Android,2024-01-09
U02604,25-34,Tier 3,Mid,Paid Ads,iOS,2024-03-08
U02605,18-24,Tier 1,High,Organic,Android,2024-03-10
U02606,25-34,Tier 2,Mid,Referral,iOS,2024-03-05
U02607,18-24,Tier 1,Mid,Organic,iOS,2024-04-10
U02608,18-24,Tier 2,High,Paid Ads,iOS,2024-03-05
U02609,35-44,Tier 1,High,Referral,Android,2024-03-11
U02610,18-24,Tier 1,High,Referral,Android,2024-01-03
U02611,35-44,Tier 1,Low,Organic,Android,2024-02-19
U02612,18-24,Tier 1,Low,Referral,iOS,2024-04-21
U02613,18-24,Tier 3,Low,Partnership,iOS,2024-03-01
U02614,35-44,Tier 1,Low,Referral,Android,2024-01-06
U02615,25-34,Tier 1,High,Paid Ads,Android,2024-03-22
U02616,18-24,Tier 1,Mid,Referral,Android,2024-02-19
U02617,25-34,Tier 1,Low,Referral,iOS,2024-02-17
U02618,18-24,Tier 2,Low,Paid Ads,Android,2024-02-02
U02619,35-44,Tier 3,Low,Branch,Android,2024-04-05
U02620,25-34,Tier 1,Mid,Organic,Android,2024-01-03
U02621,35-44,Tier 3,Mid,Organic,Android,2024-02-15
U02622,45-54,Tier 2,High,Paid Ads,iOS,2024-04-10
U02623,25-34,Tier 1,High,Branch,Android,2024-01-09
U02624,45-54,Tier 2,Low,Branch,Android,2024-02-14
U02625,25-34,Tier 2,Mid,Paid Ads,Android,2024-01-31
U02626,55+,Tier 2,Low,Paid Ads,Android,2024-04-03
U02627,18-24,Tier 3,Mid,Paid Ads,Android,2024-03-25
U02628,35-44,Tier 1,High,Paid Ads,Android,2024-03-21
U02629,25-34,Tier 3,Mid,Paid Ads,iOS,2024-01-14
U02630,25-34,Tier 2,Mid,Partnership,Android,2024-04-08
U02631,25-34,Tier 2,Mid,Paid Ads,iOS,2024-03-15
U02632,35-44,Tier 2,Low,Paid Ads,iOS,2024-04-04
U02633,18-24,Tier 1,Low,Paid Ads,iOS,2024-04-06
U02634,18-24,Tier 3,Mid,Paid Ads,iOS,2024-02-12
U02635,35-44,Tier 2,Mid,Paid Ads,Android,2024-01-18
U02636,35-44,Tier 1,Low,Paid Ads,Android,2024-01-06
U02637,55+,Tier 1,Mid,Organic,iOS,2024-02-15
U02638,35-44,Tier 2,High,Organic,Android,2024-03-10
U02639,55+,Tier 1,Mid,Paid Ads,Android,2024-02-13
U02640,35-44,Tier 1,Mid,Partnership,Android,2024-04-14
U02641,18-24,Tier 2,Mid,Referral,Android,2024-03-23
U02642,18-24,Tier 1,Mid,Paid Ads,Android,2024-01-23
U02643,35-44,Tier 1,Mid,Referral,Android,2024-04-16
U02644,25-34,Tier 1,High,Organic,Android,2024-04-09
U02645,18-24,Tier 1,Mid,Branch,iOS,2024-03-28
U02646,25-34,Tier 2,Mid,Partnership,Android,2024-02-29
U02647,55+,Tier 2,Low,Organic,iOS,2024-03-30
U02648,25-34,Tier 1,Low,Paid Ads,Android,2024-03-02
U02649,25-34,Tier 1,Mid,Referral,Android,2024-03-21
U02650,25-34,Tier 2,High,Branch,Android,2024-01-24
U02651,18-24,Tier 1,Mid,Referral,Android,2024-04-13
U02652,25-34,Tier 1,Low,Organic,Android,2024-01-18
U02653,25-34,Tier 1,Low,Paid Ads,Android,2024-01-09
U02654,18-24,Tier 3,Mid,Partnership,iOS,2024-04-01
U02655,35-44,Tier 2,Low,Organic,iOS,2024-04-09
U02656,25-34,Tier 2,Low,Paid Ads,Android,2024-02-28
U02657,35-44,Tier 2,Mid,Organic,Android,2024-01-05
U02658,45-54,Tier 2,Low,Branch,Android,2024-02-07
U02659,18-24,Tier 2,Mid,Organic,Android,2024-01-26
U02660,35-44,Tier 2,Mid,Branch,Android,2024-01-06
U02661,25-34,Tier 1,Low,Paid Ads,iOS,2024-04-11
U02662,45-54,Tier 2,Mid,Referral,Android,2024-01-26
U02663,18-24,Tier 2,Mid,Branch,iOS,2024-04-23
U02664,35-44,Tier 2,Mid,Branch,iOS,2024-01-06
U02665,25-34,Tier 1,Mid,Paid Ads,iOS,2024-02-10
U02666,18-24,Tier 1,Mid,Organic,Android,2024-02-09
U02667,18-24,Tier 2,High,Paid Ads,iOS,2024-03-06
U02668,35-44,Tier 2,Mid,Paid Ads,iOS,2024-02-20
U02669,35-44,Tier 3,Mid,Paid Ads,Android,2024-04-14
U02670,25-34,Tier 1,Low,Paid Ads,Android,2024-03-10
U02671,25-34,Tier 2,Low,Organic,iOS,2024-03-01
U02672,25-34,Tier 2,Low,Paid Ads,iOS,2024-02-02
U02673,35-44,Tier 3,Mid,Paid Ads,Android,2024-01-05
U02674,18-24,Tier 2,Low,Organic,Android,2024-04-06
U02675,45-54,Tier 2,Mid,Paid Ads,Android,2024-03-23
U02676,18-24,Tier 2,Mid,Paid Ads,Android,2024-01-25
U02677,25-34,Tier 2,Low,Paid Ads,Android,2024-02-06
U02678,18-24,Tier 3,Mid,Organic,Android,2024-02-15
U02679,18-24,Tier 1,Mid,Paid Ads,Android,2024-04-20
U02680,25-34,Tier 1,Low,Referral,iOS,2024-04-09
U02681,18-24,Tier 3,Mid,Paid Ads,iOS,2024-01-07
U02682,35-44,Tier 2,Mid,Partnership,Android,2024-04-20
U02683,18-24,Tier 2,Mid,Paid Ads,iOS,2024-03-24
U02684,25-34,Tier 2,Low,Organic,Android,2024-02-12
U02685,25-34,Tier 1,Mid,Paid Ads,Android,2024-02-04
U02686,18-24,Tier 2,High,Branch,iOS,2024-01-16
U02687,18-24,Tier 2,Mid,Organic,Android,2024-04-12
U02688,25-34,Tier 1,Low,Partnership,Android,2024-02-17
U02689,25-34,Tier 1,Mid,Paid Ads,Android,2024-02-25
U02690,25-34,Tier 3,Mid,Partnership,Android,2024-04-23
U02691,25-34,Tier 1,Mid,Referral,iOS,2024-02-21
U02692,25-34,Tier 3,Mid,Referral,iOS,2024-04-05
U02693,18-24,Tier 1,Mid,Branch,iOS,2024-02-26
U02694,25-34,Tier 2,High,Referral,iOS,2024-04-24
U02695,55+,Tier 3,Mid,Organic,iOS,2024-02-19
U02696,25-34,Tier 2,Mid,Paid Ads,iOS,2024-02-13
U02697,35-44,Tier 1,Low,Organic,Android,2024-01-24
U02698,25-34,Tier 2,High,Partnership,iOS,2024-03-04
U02699,35-44,Tier 1,High,Paid Ads,Android,2024-03-29
U02700,35-44,Tier 1,Low,Partnership,iOS,2024-03-04
U02701,25-34,Tier 3,Mid,Partnership,Android,2024-02-17
U02702,55+,Tier 2,Low,Organic,iOS,2024-04-12
U02703,18-24,Tier 2,Mid,Referral,iOS,2024-03-07
U02704,18-24,Tier 1,Mid,Partnership,iOS,2024-02-04
U02705,35-44,Tier 1,Low,Referral,iOS,2024-04-12
U02706,35-44,Tier 1,High,Branch,Android,2024-01-11
U02707,18-24,Tier 2,Low,Paid Ads,Android,2024-04-03
U02708,18-24,Tier 2,Mid,Organic,Android,2024-02-24
U02709,18-24,Tier 2,Mid,Partnership,Android,2024-01-11
U02710,18-24,Tier 3,Mid,Organic,Android,2024-02-25
U02711,35-44,Tier 1,Low,Organic,Android,2024-03-18
U02712,25-34,Tier 1,Low,Paid Ads,Android,2024-04-15
U02713,25-34,Tier 1,Mid,Partnership,iOS,2024-01-24
U02714,25-34,Tier 1,Mid,Paid Ads,iOS,2024-03-10
U02715,18-24,Tier 1,Low,Referral,Android,2024-02-07
U02716,18-24,Tier 3,Low,Referral,Android,2024-02-11
U02717,25-34,Tier 1,Low,Referral,Android,2024-01-14
U02718,55+,Tier 3,Mid,Referral,Android,2024-01-11
U02719,35-44,Tier 1,Mid,Organic,Android,2024-02-11
U02720,18-24,Tier 3,Low,Paid Ads,Android,2024-03-25
U02721,45-54,Tier 2,Mid,Branch,Android,2024-02-07
U02722,35-44,Tier 3,Low,Referral,Android,2024-02-09
U02723,35-44,Tier 1,High,Organic,Android,2024-02-27
U02724,25-34,Tier 2,High,Partnership,Android,2024-03-18
U02725,25-34,Tier 3,Mid,Paid Ads,iOS,2024-04-01
U02726,25-34,Tier 1,High,Branch,iOS,2024-02-24
U02727,18-24,Tier 1,High,Organic,Android,2024-01-22
U02728,18-24,Tier 1,High,Organic,Android,2024-03-29
U02729,18-24,Tier 3,Mid,Paid Ads,Android,2024-02-26
U02730,25-34,Tier 2,Mid,Paid Ads,Android,2024-02-14
U02731,35-44,Tier 2,Low,Paid Ads,Android,2024-02-27
U02732,25-34,Tier 1,Mid,Paid Ads,Android,2024-01-06
U02733,18-24,Tier 1,Mid,Organic,Android,2024-04-03
U02734,55+,Tier 3,Low,Paid Ads,Android,2024-04-21
U02735,45-54,Tier 1,Low,Paid Ads,iOS,2024-04-26
U02736,35-44,Tier 2,Mid,Referral,Android,2024-02-15
U02737,55+,Tier 3,Low,Paid Ads,Android,2024-03-19
U02738,25-34,Tier 1,Mid,Paid Ads,Android,2024-02-25
U02739,55+,Tier 2,High,Referral,Android,2024-02-05
U02740,18-24,Tier 1,Mid,Referral,iOS,2024-03-22
U02741,25-34,Tier 2,Mid,Referral,Android,2024-04-11
U02742,18-24,Tier 1,Mid,Organic,Android,2024-01-08
U02743,18-24,Tier 2,Mid,Paid Ads,Android,2024-01-10
U02744,18-24,Tier 1,Low,Partnership,Android,2024-03-26
U02745,25-34,Tier 2,High,Referral,Android,2024-03-22
U02746,35-44,Tier 2,Low,Organic,Android,2024-02-21
U02747,25-34,Tier 1,Low,Branch,iOS,2024-02-16
U02748,18-24,Tier 2,Mid,Referral,Android,2024-03-06
U02749,35-44,Tier 1,Low,Organic,Android,2024-04-12
U02750,25-34,Tier 2,Mid,Referral,Android,2024-04-05
U02751,25-34,Tier 1,Low,Paid Ads,iOS,2024-03-27
U02752,35-44,Tier 2,Low,Referral,iOS,2024-01-21
U02753,18-24,Tier 1,Low,Paid Ads,iOS,2024-01-04
U02754,25-34,Tier 1,Low,Referral,iOS,2024-01-19
U02755,45-54,Tier 1,Mid,Organic,iOS,2024-04-18
U02756,18-24,Tier 2,High,Referral,iOS,2024-03-18
U02757,25-34,Tier 1,Mid,Paid Ads,iOS,2024-03-27
U02758,45-54,Tier 3,High,Paid Ads,iOS,2024-04-10
U02759,35-44,Tier 3,Low,Organic,Android,2024-02-26
U02760,18-24,Tier 1,Mid,Organic,Android,2024-01-05
U02761,18-24,Tier 2,Low,Paid Ads,iOS,2024-01-17
U02762,18-24,Tier 1,Mid,Partnership,iOS,2024-01-09
U02763,25-34,Tier 1,Mid,Referral,iOS,2024-01-31
U02764,25-34,Tier 2,Mid,Paid Ads,iOS,2024-04-09
U02765,18-24,Tier 2,Mid,Organic,iOS,2024-03-23
U02766,55+,Tier 2,Mid,Referral,Android,2024-02-16
U02767,25-34,Tier 1,Mid,Organic,Android,2024-02-16
U02768,18-24,Tier 1,High,Partnership,Android,2024-02-19
U02769,25-34,Tier 1,Low,Referral,Android,2024-03-13
U02770,35-44,Tier 2,Mid,Partnership,Android,2024-01-05
U02771,18-24,Tier 2,Mid,Paid Ads,Android,2024-03-18
U02772,18-24,Tier 2,Mid,Partnership,Android,2024-01-20
U02773,35-44,Tier 1,Low,Referral,iOS,2024-03-27
U02774,25-34,Tier 1,Mid,Organic,Android,2024-02-27
U02775,25-34,Tier 1,Mid,Branch,iOS,2024-02-17
U02776,25-34,Tier 1,Mid,Paid Ads,iOS,2024-02-17
U02777,18-24,Tier 1,Low,Partnership,Android,2024-02-26
U02778,18-24,Tier 3,High,Organic,Android,2024-04-07
U02779,25-34,Tier 3,Mid,Referral,iOS,2024-01-10
U02780,18-24,Tier 2,Mid,Paid Ads,iOS,2024-03-14
U02781,18-24,Tier 2,Mid,Organic,Android,2024-01-18
U02782,35-44,Tier 1,High,Paid Ads,Android,2024-03-08
U02783,55+,Tier 3,Low,Referral,Android,2024-02-16
U02784,35-44,Tier 1,Low,Organic,Android,2024-02-20
U02785,45-54,Tier 3,Mid,Organic,Android,2024-02-10
U02786,18-24,Tier 2,Mid,Referral,Android,2024-03-24
U02787,55+,Tier 1,Low,Organic,Android,2024-02-05
U02788,18-24,Tier 3,High,Paid Ads,iOS,2024-02-01
U02789,55+,Tier 1,Mid,Organic,iOS,2024-01-15
U02790,55+,Tier 2,Mid,Referral,iOS,2024-01-04
U02791,35-44,Tier 2,Low,Partnership,iOS,2024-04-04
U02792,55+,Tier 1,Low,Paid Ads,iOS,2024-01-24
U02793,25-34,Tier 1,Mid,Referral,Android,2024-03-04
U02794,18-24,Tier 2,High,Paid Ads,Android,2024-03-07
U02795,25-34,Tier 2,Mid,Branch,iOS,2024-02-19
U02796,25-34,Tier 1,High,Organic,iOS,2024-04-26
U02797,18-24,Tier 3,High,Referral,Android,2024-03-12
U02798,25-34,Tier 1,Mid,Paid Ads,Android,2024-01-16
U02799,55+,Tier 1,Mid,Referral,iOS,2024-02-03
U02800,18-24,Tier 1,Mid,Partnership,Android,2024-04-09
U02801,35-44,Tier 1,Mid,Branch,Android,2024-02-03
U02802,45-54,Tier 1,Low,Branch,iOS,2024-03-31
U02803,45-54,Tier 3,Mid,Referral,Android,2024-02-27
U02804,55+,Tier 1,Low,Organic,iOS,2024-01-28
U02805,25-34,Tier 1,High,Branch,iOS,2024-03-19
U02806,55+,Tier 1,High,Paid Ads,Android,2024-02-06
U02807,35-44,Tier 2,Low,Organic,Android,2024-03-29
U02808,18-24,Tier 3,Mid,Paid Ads,Android,2024-03-03
U02809,25-34,Tier 1,Mid,Referral,Android,2024-01-26
U02810,35-44,Tier 1,Mid,Referral,iOS,2024-01-16
U02811,18-24,Tier 1,Low,Partnership,Android,2024-01-18
U02812,25-34,Tier 1,Mid,Organic,Android,2024-04-19
U02813,35-44,Tier 1,Low,Organic,Android,2024-01-10
U02814,18-24,Tier 1,Low,Referral,Android,2024-02-27
U02815,25-34,Tier 1,Low,Paid Ads,Android,2024-01-23
U02816,35-44,Tier 2,Low,Organic,Android,2024-04-25
U02817,25-34,Tier 1,Mid,Paid Ads,Android,2024-04-01
U02818,18-24,Tier 3,High,Paid Ads,Android,2024-02-26
U02819,18-24,Tier 3,Mid,Partnership,Android,2024-01-12
U02820,25-34,Tier 2,Mid,Organic,iOS,2024-04-13
U02821,45-54,Tier 1,Low,Partnership,Android,2024-03-28
U02822,18-24,Tier 1,Mid,Organic,iOS,2024-04-18
U02823,25-34,Tier 1,Low,Paid Ads,Android,2024-02-10
U02824,18-24,Tier 2,Mid,Referral,iOS,2024-03-26
U02825,25-34,Tier 2,High,Organic,Android,2024-02-14
U02826,35-44,Tier 3,Low,Paid Ads,iOS,2024-03-31
U02827,35-44,Tier 3,Mid,Organic,Android,2024-01-09
U02828,18-24,Tier 1,Low,Organic,iOS,2024-03-11
U02829,25-34,Tier 2,Mid,Referral,Android,2024-03-10
U02830,18-24,Tier 1,Low,Paid Ads,iOS,2024-02-07
U02831,25-34,Tier 1,Mid,Organic,iOS,2024-04-24
U02832,35-44,Tier 1,Low,Organic,Android,2024-02-08
U02833,18-24,Tier 1,Mid,Organic,Android,2024-04-18
U02834,18-24,Tier 3,Mid,Paid Ads,Android,2024-01-21
U02835,25-34,Tier 1,Mid,Referral,Android,2024-04-01
U02836,45-54,Tier 2,Mid,Organic,iOS,2024-03-31
U02837,55+,Tier 2,High,Organic,Android,2024-03-30
U02838,18-24,Tier 2,Mid,Referral,Android,2024-03-22
U02839,35-44,Tier 1,Low,Partnership,Android,2024-01-23
U02840,25-34,Tier 3,Low,Paid Ads,Android,2024-04-11
U02841,25-34,Tier 2,High,Partnership,iOS,2024-02-16
U02842,35-44,Tier 1,Mid,Organic,iOS,2024-03-06
U02843,45-54,Tier 1,Mid,Branch,Android,2024-01-29
U02844,55+,Tier 2,Low,Referral,iOS,2024-01-16
U02845,25-34,Tier 3,Mid,Branch,iOS,2024-01-26
U02846,25-34,Tier 2,Low,Referral,Android,2024-04-11
U02847,35-44,Tier 3,High,Paid Ads,iOS,2024-01-18
U02848,18-24,Tier 2,High,Referral,Android,2024-01-31
U02849,25-34,Tier 1,Low,Referral,Android,2024-04-11
U02850,25-34,Tier 1,Mid,Partnership,Android,2024-03-04
U02851,35-44,Tier 1,Low,Paid Ads,iOS,2024-01-04
U02852,18-24,Tier 2,Mid,Branch,Android,2024-02-16
U02853,18-24,Tier 2,High,Paid Ads,Android,2024-03-11
U02854,45-54,Tier 1,Mid,Paid Ads,Android,2024-03-14
U02855,18-24,Tier 2,Mid,Organic,Android,2024-02-17
U02856,25-34,Tier 1,Low,Branch,iOS,2024-02-29
U02857,18-24,Tier 1,High,Paid Ads,Android,2024-04-12
U02858,18-24,Tier 1,Mid,Paid Ads,Android,2024-03-11
U02859,18-24,Tier 1,Mid,Referral,Android,2024-01-17
U02860,18-24,Tier 1,Low,Paid Ads,Android,2024-03-19
U02861,45-54,Tier 1,Mid,Branch,Android,2024-04-23
U02862,18-24,Tier 1,High,Organic,Android,2024-01-12
U02863,55+,Tier 1,Mid,Referral,Android,2024-01-09
U02864,25-34,Tier 2,Mid,Organic,Android,2024-02-09
U02865,25-34,Tier 1,Mid,Partnership,Android,2024-02-20
U02866,25-34,Tier 3,Mid,Organic,Android,2024-04-01
U02867,25-34,Tier 1,Mid,Organic,iOS,2024-04-02
U02868,35-44,Tier 1,Low,Referral,Android,2024-03-02
U02869,18-24,Tier 1,Mid,Paid Ads,iOS,2024-03-08
U02870,25-34,Tier 1,Mid,Referral,Android,2024-02-22
U02871,45-54,Tier 3,Mid,Organic,Android,2024-04-08
U02872,45-54,Tier 1,High,Branch,Android,2024-02-22
U02873,45-54,Tier 3,Mid,Branch,Android,2024-04-15
U02874,25-34,Tier 3,Low,Referral,iOS,2024-03-14
U02875,35-44,Tier 2,High,Paid Ads,iOS,2024-01-10
U02876,25-34,Tier 2,Mid,Paid Ads,Android,2024-01-17
U02877,25-34,Tier 2,Mid,Organic,Android,2024-02-10
U02878,18-24,Tier 1,Mid,Referral,iOS,2024-03-23
U02879,25-34,Tier 2,Mid,Paid Ads,iOS,2024-01-10
U02880,18-24,Tier 1,Low,Referral,iOS,2024-02-27
U02881,25-34,Tier 1,Mid,Referral,iOS,2024-02-29
U02882,45-54,Tier 2,High,Partnership,iOS,2024-03-28
U02883,18-24,Tier 2,Mid,Paid Ads,Android,2024-03-07
U02884,18-24,Tier 3,Mid,Paid Ads,iOS,2024-02-14
U02885,18-24,Tier 1,Low,Organic,iOS,2024-01-17
U02886,45-54,Tier 3,Low,Paid Ads,iOS,2024-04-22
U02887,25-34,Tier 1,Mid,Referral,Android,2024-04-16
U02888,25-34,Tier 1,Mid,Paid Ads,Android,2024-04-09
U02889,35-44,Tier 1,High,Partnership,iOS,2024-03-11
U02890,35-44,Tier 1,Mid,Partnership,iOS,2024-03-22
U02891,25-34,Tier 1,Mid,Referral,iOS,2024-03-16
U02892,35-44,Tier 2,Mid,Paid Ads,Android,2024-01-24
U02893,35-44,Tier 3,Low,Branch,Android,2024-04-08
U02894,35-44,Tier 1,High,Paid Ads,Android,2024-01-17
U02895,18-24,Tier 2,Mid,Organic,iOS,2024-02-25
U02896,45-54,Tier 3,Low,Paid Ads,Android,2024-03-05
U02897,25-34,Tier 2,Mid,Organic,iOS,2024-04-26
U02898,18-24,Tier 2,High,Partnership,Android,2024-04-21
U02899,25-34,Tier 1,High,Paid Ads,Android,2024-01-08
U02900,18-24,Tier 3,Low,Referral,Android,2024-04-16
U02901,18-24,Tier 2,High,Organic,Android,2024-01-16
U02902,35-44,Tier 1,Low,Referral,Android,2024-03-07
U02903,18-24,Tier 1,Low,Branch,iOS,2024-01-20
U02904,25-34,Tier 3,High,Organic,iOS,2024-02-08
U02905,25-34,Tier 1,High,Paid Ads,Android,2024-01-22
U02906,18-24,Tier 3,Mid,Branch,iOS,2024-01-21
U02907,55+,Tier 1,Mid,Referral,Android,2024-02-11
U02908,18-24,Tier 2,High,Referral,iOS,2024-03-31
U02909,25-34,Tier 1,Mid,Paid Ads,iOS,2024-01-29
U02910,25-34,Tier 2,High,Paid Ads,Android,2024-02-14
U02911,18-24,Tier 3,Mid,Organic,Android,2024-03-07
U02912,18-24,Tier 1,High,Organic,Android,2024-04-24
U02913,35-44,Tier 2,High,Paid Ads,iOS,2024-02-06
U02914,55+,Tier 1,Low,Branch,Android,2024-04-18
U02915,18-24,Tier 1,High,Organic,iOS,2024-01-11
U02916,35-44,Tier 1,Mid,Organic,Android,2024-02-02
U02917,35-44,Tier 2,Mid,Referral,iOS,2024-01-26
U02918,35-44,Tier 1,Mid,Partnership,iOS,2024-03-22
U02919,25-34,Tier 1,Low,Referral,Android,2024-03-11
U02920,25-34,Tier 1,Mid,Partnership,iOS,2024-02-05
U02921,25-34,Tier 2,High,Organic,iOS,2024-01-17
U02922,35-44,Tier 2,Low,Branch,iOS,2024-03-21
U02923,35-44,Tier 1,Mid,Paid Ads,Android,2024-02-08
U02924,18-24,Tier 1,High,Paid Ads,Android,2024-03-19
U02925,25-34,Tier 3,Mid,Referral,Android,2024-03-09
U02926,45-54,Tier 1,Mid,Partnership,Android,2024-01-12
U02927,35-44,Tier 3,Mid,Organic,Android,2024-03-05
U02928,55+,Tier 3,Mid,Organic,Android,2024-03-23
U02929,35-44,Tier 2,Mid,Referral,Android,2024-01-22
U02930,25-34,Tier 1,High,Partnership,Android,2024-03-16
U02931,25-34,Tier 3,Mid,Partnership,Android,2024-03-15
U02932,35-44,Tier 2,High,Paid Ads,Android,2024-01-20
U02933,18-24,Tier 2,Mid,Paid Ads,iOS,2024-01-22
U02934,25-34,Tier 1,Mid,Organic,iOS,2024-03-25
U02935,35-44,Tier 1,Mid,Partnership,Android,2024-03-20
U02936,18-24,Tier 1,Mid,Partnership,iOS,2024-04-02
U02937,35-44,Tier 2,Mid,Paid Ads,Android,2024-04-25
U02938,25-34,Tier 2,Low,Paid Ads,iOS,2024-03-18
U02939,55+,Tier 1,Low,Branch,Android,2024-02-13
U02940,18-24,Tier 2,Low,Partnership,Android,2024-04-17
U02941,18-24,Tier 1,Low,Paid Ads,Android,2024-03-13
U02942,25-34,Tier 2,Mid,Referral,Android,2024-01-06
U02943,18-24,Tier 3,Low,Paid Ads,Android,2024-04-15
U02944,35-44,Tier 1,Mid,Paid Ads,Android,2024-04-20
U02945,35-44,Tier 1,Low,Referral,Android,2024-01-04
U02946,18-24,Tier 1,Mid,Referral,iOS,2024-01-11
U02947,25-34,Tier 2,Mid,Referral,Android,2024-01-06
U02948,25-34,Tier 2,Low,Paid Ads,Android,2024-03-23
U02949,25-34,Tier 3,High,Referral,Android,2024-04-08
U02950,45-54,Tier 1,Low,Referral,iOS,2024-03-14
U02951,35-44,Tier 3,Mid,Partnership,Android,2024-02-03
U02952,35-44,Tier 1,High,Paid Ads,Android,2024-03-24
U02953,35-44,Tier 2,Mid,Organic,Android,2024-01-27
U02954,25-34,Tier 1,Low,Referral,Android,2024-04-08
U02955,45-54,Tier 3,Mid,Partnership,Android,2024-03-14
U02956,35-44,Tier 2,Mid,Partnership,Android,2024-02-23
U02957,35-44,Tier 2,High,Referral,Android,2024-03-20
U02958,45-54,Tier 3,High,Branch,Android,2024-03-22
U02959,18-24,Tier 1,Mid,Organic,Android,2024-01-04
U02960,35-44,Tier 1,High,Branch,Android,2024-03-04
U02961,18-24,Tier 3,Low,Organic,Android,2024-04-23
U02962,25-34,Tier 1,Low,Organic,iOS,2024-03-21
U02963,25-34,Tier 1,High,Referral,Android,2024-03-10
U02964,55+,Tier 2,Low,Referral,iOS,2024-02-07
U02965,45-54,Tier 2,Low,Paid Ads,Android,2024-03-23
U02966,35-44,Tier 1,Low,Partnership,Android,2024-02-08
U02967,35-44,Tier 1,Mid,Partnership,iOS,2024-03-02
U02968,25-34,Tier 1,Mid,Referral,Android,2024-02-01
U02969,45-54,Tier 1,Mid,Referral,Android,2024-04-13
U02970,25-34,Tier 3,Low,Organic,Android,2024-04-13
U02971,25-34,Tier 3,Mid,Organic,Android,2024-03-28
U02972,18-24,Tier 2,High,Paid Ads,iOS,2024-02-21
U02973,35-44,Tier 1,High,Organic,Android,2024-02-08
U02974,35-44,Tier 3,Mid,Paid Ads,Android,2024-02-28
U02975,25-34,Tier 2,High,Paid Ads,iOS,2024-01-10
U02976,18-24,Tier 1,Mid,Organic,iOS,2024-03-29
U02977,35-44,Tier 3,Low,Paid Ads,iOS,2024-01-08
U02978,18-24,Tier 2,Low,Organic,Android,2024-01-21
U02979,35-44,Tier 2,Low,Referral,iOS,2024-02-26
U02980,55+,Tier 2,Mid,Partnership,iOS,2024-02-23
U02981,25-34,Tier 1,Low,Paid Ads,iOS,2024-03-02
U02982,18-24,Tier 1,Mid,Organic,iOS,2024-02-29
U02983,35-44,Tier 2,Low,Paid Ads,iOS,2024-01-27
U02984,35-44,Tier 1,High,Organic,Android,2024-02-13
U02985,25-34,Tier 1,Mid,Paid Ads,Android,2024-03-18
U02986,55+,Tier 2,High,Paid Ads,iOS,2024-01-19
U02987,18-24,Tier 2,High,Paid Ads,Android,2024-02-10
U02988,25-34,Tier 2,Low,Partnership,Android,2024-04-20
U02989,35-44,Tier 2,Mid,Paid Ads,Android,2024-04-01
U02990,45-54,Tier 3,Low,Organic,iOS,2024-02-10
U02991,18-24,Tier 2,High,Referral,Android,2024-04-03
U02992,35-44,Tier 1,Mid,Partnership,Android,2024-04-20
U02993,25-34,Tier 1,Low,Organic,Android,2024-02-14
U02994,25-34,Tier 1,Low,Paid Ads,Android,2024-02-21
U02995,18-24,Tier 1,Mid,Paid Ads,Android,2024-01-17
U02996,45-54,Tier 1,High,Paid Ads,Android,2024-04-07
U02997,18-24,Tier 1,Mid,Partnership,iOS,2024-02-17
U02998,25-34,Tier 2,High,Paid Ads,iOS,2024-03-06
U02999,18-24,Tier 3,Mid,Paid Ads,iOS,2024-03-12
U03000,45-54,Tier 1,Low,Partnership,Android,2024-01-14
U03001,35-44,Tier 2,High,Paid Ads,Android,2024-02-10
U03002,35-44,Tier 2,Low,Referral,Android,2024-01-31
U03003,18-24,Tier 1,High,Paid Ads,Android,2024-02-29
U03004,25-34,Tier 3,Mid,Paid Ads,Android,2024-01-16
U03005,25-34,Tier 2,Low,Partnership,iOS,2024-02-04
U03006,35-44,Tier 1,Mid,Referral,Android,2024-02-27
U03007,45-54,Tier 2,High,Referral,Android,2024-02-01
U03008,18-24,Tier 1,High,Branch,iOS,2024-01-19
U03009,35-44,Tier 2,Low,Paid Ads,Android,2024-01-13
U03010,18-24,Tier 1,Low,Organic,iOS,2024-01-07
U03011,25-34,Tier 3,Mid,Paid Ads,iOS,2024-02-07
U03012,18-24,Tier 1,Mid,Branch,Android,2024-02-19
U03013,25-34,Tier 2,Mid,Partnership,Android,2024-04-20
U03014,25-34,Tier 1,Low,Paid Ads,iOS,2024-03-19
U03015,25-34,Tier 2,High,Organic,Android,2024-02-23
U03016,25-34,Tier 2,Mid,Partnership,Android,2024-02-01
U03017,35-44,Tier 2,High,Paid Ads,iOS,2024-04-20
U03018,25-34,Tier 2,Mid,Partnership,Android,2024-04-25
U03019,18-24,Tier 2,Mid,Referral,Android,2024-01-21
U03020,35-44,Tier 3,High,Organic,Android,2024-04-14
U03021,18-24,Tier 2,Mid,Paid Ads,iOS,2024-02-11
U03022,25-34,Tier 3,High,Referral,Android,2024-03-14
U03023,35-44,Tier 3,High,Paid Ads,Android,2024-04-02
U03024,25-34,Tier 1,Mid,Branch,Android,2024-02-10
U03025,18-24,Tier 1,Mid,Paid Ads,Android,2024-01-25
U03026,25-34,Tier 1,Low,Partnership,iOS,2024-04-07
U03027,45-54,Tier 3,Low,Paid Ads,iOS,2024-01-21
U03028,25-34,Tier 1,Low,Partnership,Android,2024-03-04
U03029,35-44,Tier 2,Low,Partnership,Android,2024-03-06
U03030,25-34,Tier 3,Low,Paid Ads,Android,2024-02-29
U03031,18-24,Tier 1,Mid,Paid Ads,Android,2024-03-04
U03032,25-34,Tier 2,Mid,Paid Ads,Android,2024-04-22
U03033,35-44,Tier 1,Mid,Paid Ads,Android,2024-02-09
U03034,18-24,Tier 1,Low,Referral,Android,2024-03-04
U03035,18-24,Tier 2,Low,Partnership,Android,2024-01-03
U03036,18-24,Tier 1,Mid,Branch,iOS,2024-01-12
U03037,25-34,Tier 1,Mid,Paid Ads,iOS,2024-02-20
U03038,55+,Tier 3,Mid,Paid Ads,Android,2024-03-05
U03039,18-24,Tier 1,Mid,Paid Ads,Android,2024-02-28
U03040,25-34,Tier 3,High,Paid Ads,iOS,2024-01-31
U03041,18-24,Tier 3,Mid,Paid Ads,iOS,2024-01-28
U03042,55+,Tier 1,Mid,Partnership,Android,2024-03-15
U03043,18-24,Tier 1,High,Referral,iOS,2024-02-15
U03044,25-34,Tier 2,High,Organic,iOS,2024-01-07
U03045,35-44,Tier 2,Mid,Partnership,Android,2024-01-07
U03046,35-44,Tier 1,Mid,Paid Ads,Android,2024-02-06
U03047,25-34,Tier 2,Low,Partnership,Android,2024-03-04
U03048,25-34,Tier 1,Mid,Organic,Android,2024-03-17
U03049,25-34,Tier 3,High,Organic,Android,2024-04-22
U03050,18-24,Tier 1,Mid,Branch,iOS,2024-04-17
U03051,18-24,Tier 1,High,Organic,iOS,2024-03-24
U03052,25-34,Tier 1,Mid,Partnership,Android,2024-03-27
U03053,18-24,Tier 3,High,Partnership,Android,2024-03-01
U03054,18-24,Tier 2,Mid,Paid Ads,iOS,2024-02-06
U03055,35-44,Tier 3,Low,Organic,Android,2024-03-09
U03056,55+,Tier 1,Mid,Paid Ads,Android,2024-01-02
U03057,25-34,Tier 1,Low,Partnership,iOS,2024-04-18
U03058,18-24,Tier 1,Low,Referral,Android,2024-01-14
U03059,18-24,Tier 2,High,Referral,Android,2024-02-25
U03060,55+,Tier 2,Low,Referral,Android,2024-01-18
U03061,18-24,Tier 2,Mid,Organic,Android,2024-04-22
U03062,18-24,Tier 1,Low,Partnership,Android,2024-02-03
U03063,25-34,Tier 3,Low,Partnership,Android,2024-04-03
U03064,25-34,Tier 1,High,Branch,Android,2024-02-16
U03065,25-34,Tier 3,Mid,Paid Ads,Android,2024-04-07
U03066,18-24,Tier 1,Mid,Partnership,Android,2024-02-21
U03067,18-24,Tier 2,Mid,Organic,Android,2024-02-16
U03068,55+,Tier 1,Mid,Paid Ads,Android,2024-01-06
U03069,18-24,Tier 1,High,Paid Ads,iOS,2024-02-21
U03070,35-44,Tier 2,Mid,Branch,Android,2024-01-07
U03071,35-44,Tier 1,Mid,Partnership,Android,2024-03-13
U03072,25-34,Tier 1,High,Branch,Android,2024-03-12
U03073,25-34,Tier 2,Low,Partnership,Android,2024-01-25
U03074,18-24,Tier 2,Mid,Partnership,iOS,2024-02-16
U03075,25-34,Tier 3,High,Organic,Android,2024-03-11
U03076,45-54,Tier 1,Mid,Partnership,iOS,2024-02-06
U03077,45-54,Tier 2,High,Paid Ads,Android,2024-01-10
U03078,18-24,Tier 2,Mid,Referral,Android,2024-02-19
U03079,18-24,Tier 1,High,Organic,iOS,2024-03-05
U03080,45-54,Tier 2,High,Paid Ads,Android,2024-02-27
U03081,35-44,Tier 1,Low,Referral,Android,2024-04-07
U03082,45-54,Tier 1,Low,Paid Ads,iOS,2024-03-11
U03083,18-24,Tier 1,Mid,Paid Ads,iOS,2024-02-05
U03084,25-34,Tier 1,Mid,Branch,Android,2024-04-15
U03085,35-44,Tier 2,Low,Partnership,Android,2024-03-20
U03086,35-44,Tier 2,Low,Paid Ads,Android,2024-03-28
U03087,25-34,Tier 3,Mid,Referral,Android,2024-03-19
U03088,18-24,Tier 2,High,Organic,Android,2024-01-16
U03089,25-34,Tier 1,Mid,Referral,iOS,2024-01-17
U03090,18-24,Tier 3,Mid,Organic,Android,2024-01-13
U03091,25-34,Tier 3,Low,Branch,iOS,2024-02-20
U03092,55+,Tier 1,Mid,Paid Ads,Android,2024-02-17
U03093,25-34,Tier 2,Low,Organic,Android,2024-04-11
U03094,35-44,Tier 3,Low,Referral,iOS,2024-02-13
U03095,18-24,Tier 2,High,Paid Ads,Android,2024-03-12
U03096,35-44,Tier 3,High,Paid Ads,Android,2024-02-16
U03097,55+,Tier 1,Low,Organic,Android,2024-04-06
U03098,18-24,Tier 1,Low,Branch,iOS,2024-01-19
U03099,18-24,Tier 1,Mid,Referral,Android,2024-01-26
U03100,25-34,Tier 2,Mid,Organic,Android,2024-03-18
U03101,18-24,Tier 3,Low,Organic,Android,2024-03-06
U03102,35-44,Tier 3,Mid,Paid Ads,Android,2024-02-21
U03103,45-54,Tier 1,Low,Organic,iOS,2024-03-05
U03104,25-34,Tier 1,Mid,Organic,Android,2024-01-06
U03105,18-24,Tier 3,Mid,Referral,Android,2024-01-06
U03106,25-34,Tier 2,Mid,Paid Ads,Android,2024-01-05
U03107,35-44,Tier 1,Mid,Organic,iOS,2024-01-18
U03108,18-24,Tier 2,High,Referral,iOS,2024-04-01
U03109,25-34,Tier 2,High,Referral,iOS,2024-02-12
U03110,25-34,Tier 2,Low,Organic,Android,2024-04-12
U03111,25-34,Tier 2,Low,Paid Ads,Android,2024-03-01
U03112,18-24,Tier 1,Mid,Organic,Android,2024-03-07
U03113,35-44,Tier 3,Low,Organic,iOS,2024-02-28
U03114,18-24,Tier 2,Mid,Paid Ads,iOS,2024-01-20
U03115,18-24,Tier 1,Mid,Organic,iOS,2024-03-18
U03116,45-54,Tier 1,Mid,Organic,Android,2024-04-24
U03117,35-44,Tier 2,Mid,Referral,Android,2024-03-06
U03118,18-24,Tier 1,Mid,Branch,Android,2024-01-18
U03119,18-24,Tier 1,High,Paid Ads,iOS,2024-02-11
U03120,18-24,Tier 2,Low,Partnership,Android,2024-03-19
U03121,18-24,Tier 1,Mid,Partnership,iOS,2024-02-10
U03122,18-24,Tier 2,Low,Branch,Android,2024-01-21
U03123,18-24,Tier 1,Low,Partnership,Android,2024-02-20
U03124,25-34,Tier 2,Mid,Paid Ads,Android,2024-03-19
U03125,35-44,Tier 1,Low,Referral,Android,2024-04-04
U03126,25-34,Tier 1,Low,Organic,Android,2024-04-17
U03127,35-44,Tier 1,Low,Paid Ads,Android,2024-02-08
U03128,18-24,Tier 3,Mid,Branch,Android,2024-03-16
U03129,55+,Tier 3,Mid,Paid Ads,Android,2024-02-13
U03130,35-44,Tier 1,Low,Paid Ads,iOS,2024-03-05
U03131,35-44,Tier 2,Mid,Paid Ads,iOS,2024-04-16
U03132,35-44,Tier 2,Low,Referral,Android,2024-03-06
U03133,45-54,Tier 3,Mid,Referral,Android,2024-03-09
U03134,25-34,Tier 1,Mid,Paid Ads,Android,2024-03-03
U03135,18-24,Tier 2,Mid,Referral,iOS,2024-03-31
U03136,25-34,Tier 1,High,Paid Ads,Android,2024-03-13
U03137,35-44,Tier 1,High,Partnership,Android,2024-02-08
U03138,35-44,Tier 3,Low,Partnership,iOS,2024-03-01
U03139,25-34,Tier 2,High,Organic,Android,2024-04-14
U03140,18-24,Tier 1,Low,Partnership,iOS,2024-01-03
U03141,25-34,Tier 1,High,Referral,Android,2024-02-17
U03142,45-54,Tier 2,Low,Referral,Android,2024-02-12
U03143,25-34,Tier 2,Mid,Paid Ads,Android,2024-03-27
U03144,25-34,Tier 1,Low,Referral,iOS,2024-01-15
U03145,18-24,Tier 3,Low,Organic,iOS,2024-02-23
U03146,25-34,Tier 1,Mid,Referral,Android,2024-03-15
U03147,45-54,Tier 1,High,Paid Ads,Android,2024-02-09
U03148,35-44,Tier 3,Mid,Referral,Android,2024-04-11
U03149,35-44,Tier 1,Mid,Paid Ads,iOS,2024-04-25
U03150,25-34,Tier 1,Mid,Paid Ads,Android,2024-04-02
U03151,25-34,Tier 2,Low,Paid Ads,iOS,2024-04-21
U03152,18-24,Tier 3,Low,Partnership,Android,2024-03-29
U03153,35-44,Tier 1,Low,Referral,Android,2024-03-21
U03154,25-34,Tier 3,Mid,Organic,Android,2024-01-04
U03155,25-34,Tier 2,Low,Referral,iOS,2024-03-17
U03156,25-34,Tier 1,Low,Referral,iOS,2024-03-01
U03157,45-54,Tier 2,Low,Paid Ads,Android,2024-02-03
U03158,18-24,Tier 1,Low,Organic,Android,2024-03-24
U03159,35-44,Tier 1,High,Referral,Android,2024-04-10
U03160,18-24,Tier 2,Low,Partnership,Android,2024-04-09
U03161,25-34,Tier 3,Mid,Paid Ads,iOS,2024-03-15
U03162,18-24,Tier 1,Mid,Paid Ads,Android,2024-03-14
U03163,25-34,Tier 1,Mid,Partnership,iOS,2024-01-30
U03164,25-34,Tier 2,Low,Partnership,iOS,2024-04-02
U03165,18-24,Tier 1,Mid,Paid Ads,iOS,2024-01-07
U03166,25-34,Tier 1,Low,Referral,iOS,2024-03-15
U03167,45-54,Tier 1,Mid,Branch,Android,2024-03-02
U03168,18-24,Tier 2,Low,Paid Ads,iOS,2024-01-22
U03169,35-44,Tier 1,Mid,Organic,Android,2024-03-08
U03170,25-34,Tier 1,Mid,Referral,Android,2024-03-21
U03171,35-44,Tier 3,Mid,Paid Ads,iOS,2024-04-02
U03172,18-24,Tier 3,Mid,Branch,Android,2024-03-20
U03173,18-24,Tier 2,Mid,Organic,iOS,2024-04-09
U03174,18-24,Tier 1,High,Organic,iOS,2024-04-17
U03175,18-24,Tier 2,Low,Partnership,iOS,2024-02-18
U03176,18-24,Tier 1,Mid,Branch,Android,2024-01-19
U03177,35-44,Tier 1,Mid,Referral,iOS,2024-04-15
U03178,45-54,Tier 2,Mid,Referral,Android,2024-03-28
U03179,35-44,Tier 1,Low,Paid Ads,iOS,2024-02-01
U03180,35-44,Tier 1,Mid,Referral,Android,2024-01-05
U03181,18-24,Tier 1,Low,Partnership,Android,2024-03-14
U03182,18-24,Tier 1,Low,Organic,Android,2024-03-30
U03183,25-34,Tier 1,Low,Organic,Android,2024-01-15
U03184,18-24,Tier 3,Low,Organic,Android,2024-01-25
U03185,25-34,Tier 1,Mid,Referral,Android,2024-01-03
U03186,25-34,Tier 1,High,Organic,Android,2024-02-26
U03187,25-34,Tier 1,Low,Organic,iOS,2024-02-10
U03188,25-34,Tier 3,High,Partnership,Android,2024-02-23
U03189,35-44,Tier 2,High,Organic,Android,2024-01-20
U03190,35-44,Tier 1,High,Branch,Android,2024-02-22
U03191,25-34,Tier 3,High,Referral,iOS,2024-03-29
U03192,45-54,Tier 1,Mid,Paid Ads,Android,2024-01-27
U03193,55+,Tier 1,Low,Organic,Android,2024-02-22
U03194,25-34,Tier 1,Mid,Organic,Android,2024-03-05
U03195,25-34,Tier 1,Mid,Paid Ads,Android,2024-04-09
U03196,25-34,Tier 1,High,Paid Ads,Android,2024-03-19
U03197,45-54,Tier 2,High,Partnership,Android,2024-03-01
U03198,45-54,Tier 1,Mid,Partnership,iOS,2024-04-21
U03199,18-24,Tier 2,Mid,Paid Ads,Android,2024-04-18
U03200,25-34,Tier 1,Low,Referral,Android,2024-04-04
U03201,25-34,Tier 1,Low,Partnership,Android,2024-04-03
U03202,25-34,Tier 1,Mid,Paid Ads,Android,2024-01-08
U03203,18-24,Tier 3,Mid,Branch,iOS,2024-03-31
U03204,45-54,Tier 1,High,Partnership,Android,2024-01-18
U03205,35-44,Tier 2,Mid,Organic,iOS,2024-03-07
U03206,35-44,Tier 1,High,Referral,iOS,2024-01-27
U03207,45-54,Tier 1,Mid,Paid Ads,Android,2024-03-12
U03208,35-44,Tier 1,High,Paid Ads,iOS,2024-02-11
U03209,25-34,Tier 1,Low,Paid Ads,Android,2024-03-25
U03210,25-34,Tier 1,High,Partnership,Android,2024-03-02
U03211,18-24,Tier 1,Mid,Referral,Android,2024-03-08
U03212,35-44,Tier 2,Low,Organic,Android,2024-02-18
U03213,18-24,Tier 1,Low,Organic,Android,2024-02-10
U03214,35-44,Tier 2,High,Paid Ads,Android,2024-01-23
U03215,18-24,Tier 1,Low,Paid Ads,Android,2024-02-28
U03216,18-24,Tier 2,Mid,Referral,Android,2024-04-26
U03217,18-24,Tier 2,Mid,Paid Ads,Android,2024-03-09
U03218,18-24,Tier 1,Mid,Organic,Android,2024-02-13
U03219,35-44,Tier 1,High,Organic,Android,2024-03-10
U03220,35-44,Tier 2,Mid,Paid Ads,Android,2024-02-15
U03221,25-34,Tier 3,Mid,Referral,Android,2024-03-27
U03222,18-24,Tier 1,High,Paid Ads,Android,2024-04-08
U03223,18-24,Tier 1,Mid,Partnership,Android,2024-04-21
U03224,18-24,Tier 3,High,Partnership,Android,2024-04-02
U03225,18-24,Tier 1,Mid,Organic,Android,2024-03-28
U03226,45-54,Tier 2,Low,Paid Ads,iOS,2024-03-23
U03227,18-24,Tier 1,Mid,Paid Ads,Android,2024-04-12
U03228,25-34,Tier 1,Mid,Partnership,Android,2024-03-29
U03229,18-24,Tier 2,Low,Partnership,Android,2024-02-03
U03230,18-24,Tier 2,Low,Organic,Android,2024-03-19
U03231,25-34,Tier 1,Low,Organic,Android,2024-03-02
U03232,25-34,Tier 2,Mid,Paid Ads,Android,2024-01-25
U03233,18-24,Tier 2,High,Paid Ads,Android,2024-02-01
U03234,18-24,Tier 2,Low,Referral,Android,2024-02-05
U03235,25-34,Tier 1,Mid,Organic,iOS,2024-03-12
U03236,18-24,Tier 2,High,Paid Ads,Android,2024-02-08
U03237,18-24,Tier 2,Low,Referral,Android,2024-01-29
U03238,55+,Tier 2,Mid,Organic,iOS,2024-02-08
U03239,25-34,Tier 2,High,Organic,Android,2024-04-08
U03240,25-34,Tier 1,High,Referral,iOS,2024-02-06
U03241,25-34,Tier 2,Low,Paid Ads,Android,2024-03-31
U03242,25-34,Tier 2,Low,Referral,Android,2024-01-27
U03243,25-34,Tier 1,Low,Organic,Android,2024-03-29
U03244,35-44,Tier 1,Mid,Organic,iOS,2024-03-31
U03245,35-44,Tier 1,Mid,Referral,Android,2024-03-03
U03246,18-24,Tier 2,Mid,Paid Ads,iOS,2024-02-10
U03247,25-34,Tier 1,Mid,Organic,Android,2024-03-02
U03248,25-34,Tier 2,Low,Paid Ads,Android,2024-02-14
U03249,45-54,Tier 3,Mid,Organic,iOS,2024-03-12
U03250,25-34,Tier 2,Mid,Organic,Android,2024-04-11
U03251,25-34,Tier 3,Mid,Organic,iOS,2024-04-02
U03252,18-24,Tier 3,Mid,Organic,Android,2024-02-05
U03253,25-34,Tier 1,Mid,Paid Ads,iOS,2024-02-06
U03254,18-24,Tier 2,Low,Paid Ads,Android,2024-01-16
U03255,25-34,Tier 1,Low,Partnership,Android,2024-03-14
U03256,18-24,Tier 3,Low,Organic,iOS,2024-03-27
U03257,35-44,Tier 1,Low,Organic,Android,2024-03-10
U03258,18-24,Tier 3,Mid,Referral,Android,2024-02-18
U03259,25-34,Tier 2,Low,Partnership,Android,2024-04-24
U03260,45-54,Tier 2,Low,Referral,Android,2024-02-20
U03261,18-24,Tier 1,Mid,Referral,iOS,2024-04-14
U03262,25-34,Tier 1,Mid,Referral,Android,2024-02-14
U03263,25-34,Tier 2,Mid,Organic,Android,2024-04-08
U03264,18-24,Tier 1,Mid,Branch,Android,2024-04-12
U03265,35-44,Tier 3,Mid,Paid Ads,iOS,2024-01-19
U03266,18-24,Tier 1,High,Partnership,Android,2024-02-07
U03267,25-34,Tier 2,Low,Paid Ads,Android,2024-01-06
U03268,25-34,Tier 1,Mid,Paid Ads,Android,2024-02-06
U03269,25-34,Tier 2,High,Organic,Android,2024-04-01
U03270,35-44,Tier 2,High,Paid Ads,iOS,2024-01-11
U03271,18-24,Tier 1,Low,Organic,Android,2024-02-14
U03272,18-24,Tier 1,Mid,Referral,Android,2024-02-26
U03273,35-44,Tier 1,Low,Paid Ads,Android,2024-03-24
U03274,25-34,Tier 2,Mid,Partnership,iOS,2024-02-02
U03275,35-44,Tier 2,Mid,Paid Ads,Android,2024-04-05
U03276,35-44,Tier 2,Mid,Paid Ads,Android,2024-03-02
U03277,35-44,Tier 2,Mid,Organic,Android,2024-01-28
U03278,25-34,Tier 1,Mid,Referral,iOS,2024-01-26
U03279,25-34,Tier 1,Mid,Organic,Android,2024-04-15
U03280,35-44,Tier 1,High,Paid Ads,Android,2024-03-09
U03281,25-34,Tier 1,Mid,Branch,Android,2024-02-04
U03282,18-24,Tier 3,Low,Referral,Android,2024-03-12
U03283,45-54,Tier 3,Mid,Organic,iOS,2024-03-30
U03284,45-54,Tier 1,Low,Paid Ads,Android,2024-02-04
U03285,25-34,Tier 2,Mid,Partnership,iOS,2024-01-18
U03286,18-24,Tier 3,High,Paid Ads,Android,2024-01-14
U03287,25-34,Tier 1,High,Organic,Android,2024-03-19
U03288,35-44,Tier 1,Mid,Branch,Android,2024-04-04
U03289,45-54,Tier 1,Low,Partnership,iOS,2024-03-16
U03290,18-24,Tier 2,Low,Organic,Android,2024-01-31
U03291,18-24,Tier 3,Mid,Branch,iOS,2024-02-01
U03292,45-54,Tier 2,Low,Paid Ads,Android,2024-01-07
U03293,25-34,Tier 1,Mid,Referral,Android,2024-03-26
U03294,25-34,Tier 1,Low,Paid Ads,iOS,2024-04-25
U03295,55+,Tier 2,Mid,Partnership,iOS,2024-03-08
U03296,18-24,Tier 3,Low,Paid Ads,Android,2024-01-29
U03297,25-34,Tier 2,High,Organic,Android,2024-03-22
U03298,18-24,Tier 2,Mid,Branch,Android,2024-01-30
U03299,25-34,Tier 1,Mid,Organic,Android,2024-01-07
U03300,35-44,Tier 3,Low,Paid Ads,Android,2024-01-13
U03301,25-34,Tier 2,Mid,Paid Ads,Android,2024-02-22
U03302,55+,Tier 1,Low,Organic,Android,2024-02-12
U03303,25-34,Tier 2,Mid,Organic,Android,2024-04-01
U03304,25-34,Tier 1,High,Partnership,iOS,2024-03-01
U03305,18-24,Tier 1,Mid,Referral,Android,2024-01-13
U03306,25-34,Tier 1,Mid,Paid Ads,Android,2024-03-28
U03307,25-34,Tier 1,Mid,Paid Ads,iOS,2024-04-08
U03308,18-24,Tier 1,High,Paid Ads,Android,2024-01-18
U03309,25-34,Tier 1,High,Paid Ads,Android,2024-01-01
U03310,25-34,Tier 2,Mid,Referral,Android,2024-03-11
U03311,35-44,Tier 2,Mid,Referral,Android,2024-01-21
U03312,35-44,Tier 1,Mid,Partnership,iOS,2024-02-22
U03313,35-44,Tier 1,Low,Paid Ads,Android,2024-03-24
U03314,18-24,Tier 2,Mid,Organic,Android,2024-04-22
U03315,18-24,Tier 1,Mid,Branch,Android,2024-04-22
U03316,35-44,Tier 1,Low,Partnership,iOS,2024-03-01
U03317,25-34,Tier 3,Low,Organic,iOS,2024-03-02
U03318,18-24,Tier 2,Mid,Branch,Android,2024-03-24
U03319,35-44,Tier 3,High,Paid Ads,Android,2024-01-26
U03320,35-44,Tier 2,Mid,Organic,Android,2024-04-06
U03321,25-34,Tier 1,Mid,Organic,Android,2024-02-06
U03322,18-24,Tier 2,Mid,Paid Ads,Android,2024-02-11
U03323,35-44,Tier 1,Mid,Partnership,Android,2024-02-06
U03324,25-34,Tier 1,Mid,Organic,iOS,2024-03-23
U03325,35-44,Tier 1,Mid,Referral,Android,2024-01-08
U03326,35-44,Tier 3,Low,Referral,Android,2024-04-26
U03327,35-44,Tier 1,Mid,Paid Ads,iOS,2024-04-08
U03328,25-34,Tier 3,Low,Organic,Android,2024-01-12
U03329,18-24,Tier 3,Mid,Organic,Android,2024-03-24
U03330,35-44,Tier 2,High,Paid Ads,Android,2024-03-14
U03331,25-34,Tier 2,Low,Partnership,Android,2024-01-30
U03332,35-44,Tier 2,Mid,Paid Ads,iOS,2024-03-09
U03333,18-24,Tier 3,Mid,Referral,iOS,2024-04-04
U03334,18-24,Tier 1,High,Referral,Android,2024-04-02
U03335,45-54,Tier 2,Mid,Referral,iOS,2024-04-18
U03336,35-44,Tier 2,Mid,Branch,iOS,2024-01-05
U03337,45-54,Tier 3,High,Partnership,Android,2024-04-26
U03338,35-44,Tier 2,Mid,Organic,iOS,2024-01-23
U03339,25-34,Tier 2,Mid,Referral,Android,2024-02-23
U03340,35-44,Tier 2,Mid,Paid Ads,Android,2024-04-22
U03341,45-54,Tier 3,High,Paid Ads,Android,2024-04-17
U03342,25-34,Tier 2,Low,Paid Ads,Android,2024-01-23
U03343,25-34,Tier 1,Mid,Partnership,iOS,2024-01-05
U03344,18-24,Tier 2,Mid,Partnership,iOS,2024-04-17
U03345,25-34,Tier 3,Mid,Paid Ads,iOS,2024-02-20
U03346,35-44,Tier 2,Mid,Partnership,Android,2024-04-10
U03347,18-24,Tier 3,Mid,Partnership,Android,2024-03-04
U03348,18-24,Tier 1,Low,Partnership,Android,2024-01-24
U03349,25-34,Tier 2,Mid,Branch,Android,2024-04-05
U03350,18-24,Tier 2,Mid,Referral,Android,2024-04-21
U03351,18-24,Tier 3,High,Referral,Android,2024-02-07
U03352,25-34,Tier 1,Low,Partnership,Android,2024-04-22
U03353,45-54,Tier 3,High,Partnership,Android,2024-01-05
U03354,25-34,Tier 2,Mid,Branch,Android,2024-01-02
U03355,18-24,Tier 1,Low,Organic,Android,2024-02-08
U03356,18-24,Tier 1,Mid,Paid Ads,iOS,2024-03-13
U03357,35-44,Tier 1,Low,Organic,Android,2024-03-18
U03358,25-34,Tier 2,High,Paid Ads,Android,2024-01-14
U03359,35-44,Tier 1,High,Organic,iOS,2024-02-12
U03360,35-44,Tier 1,Low,Organic,iOS,2024-02-06
U03361,35-44,Tier 3,Low,Organic,iOS,2024-02-28
U03362,18-24,Tier 1,Mid,Paid Ads,Android,2024-03-23
U03363,35-44,Tier 1,Mid,Referral,Android,2024-03-10
U03364,18-24,Tier 2,Mid,Organic,iOS,2024-03-08
U03365,45-54,Tier 2,Mid,Referral,iOS,2024-03-04
U03366,25-34,Tier 2,Mid,Organic,Android,2024-04-23
U03367,25-34,Tier 1,Low,Branch,Android,2024-01-18
U03368,18-24,Tier 2,High,Referral,Android,2024-04-18
U03369,18-24,Tier 2,High,Referral,Android,2024-03-05
U03370,35-44,Tier 1,Mid,Partnership,Android,2024-02-29
U03371,18-24,Tier 1,High,Paid Ads,Android,2024-02-04
U03372,25-34,Tier 1,Low,Paid Ads,iOS,2024-01-25
U03373,18-24,Tier 1,Low,Paid Ads,Android,2024-04-13
U03374,35-44,Tier 2,Mid,Branch,iOS,2024-01-15
U03375,35-44,Tier 2,Mid,Organic,Android,2024-02-12
U03376,35-44,Tier 1,Mid,Branch,Android,2024-01-21
U03377,35-44,Tier 1,High,Partnership,Android,2024-04-03
U03378,18-24,Tier 1,High,Paid Ads,iOS,2024-02-28
U03379,18-24,Tier 2,Mid,Paid Ads,Android,2024-03-23
U03380,35-44,Tier 1,Mid,Paid Ads,Android,2024-02-02
U03381,25-34,Tier 2,Low,Organic,iOS,2024-04-01
U03382,25-34,Tier 1,Low,Organic,Android,2024-01-24
U03383,18-24,Tier 2,Mid,Branch,iOS,2024-01-02
U03384,18-24,Tier 3,Mid,Paid Ads,iOS,2024-04-04
U03385,18-24,Tier 1,Mid,Referral,iOS,2024-02-13
U03386,45-54,Tier 2,Mid,Partnership,Android,2024-04-11
U03387,18-24,Tier 3,Mid,Paid Ads,Android,2024-02-07
U03388,25-34,Tier 1,Low,Organic,iOS,2024-03-13
U03389,18-24,Tier 2,Mid,Paid Ads,Android,2024-03-27
U03390,35-44,Tier 1,Low,Paid Ads,Android,2024-04-06
U03391,25-34,Tier 2,Low,Organic,iOS,2024-01-25
U03392,45-54,Tier 1,Mid,Branch,Android,2024-01-23
U03393,45-54,Tier 3,Low,Organic,iOS,2024-03-19
U03394,25-34,Tier 2,High,Paid Ads,iOS,2024-04-19
U03395,45-54,Tier 2,Low,Organic,iOS,2024-03-22
U03396,55+,Tier 2,Low,Paid Ads,Android,2024-04-24
U03397,35-44,Tier 2,Mid,Referral,Android,2024-02-21
U03398,35-44,Tier 1,Mid,Referral,Android,2024-04-15
U03399,18-24,Tier 3,Low,Partnership,Android,2024-02-24
U03400,25-34,Tier 3,Low,Organic,Android,2024-03-06
U03401,18-24,Tier 2,High,Partnership,Android,2024-02-11
U03402,18-24,Tier 3,Mid,Paid Ads,Android,2024-01-12
U03403,55+,Tier 2,Mid,Branch,Android,2024-02-21
U03404,25-34,Tier 2,Mid,Paid Ads,iOS,2024-03-26
U03405,35-44,Tier 2,Low,Organic,Android,2024-01-13
U03406,35-44,Tier 1,Mid,Organic,Android,2024-01-24
U03407,45-54,Tier 1,Mid,Partnership,Android,2024-01-18
U03408,55+,Tier 1,High,Partnership,iOS,2024-03-02
U03409,18-24,Tier 2,Low,Referral,Android,2024-02-11
U03410,18-24,Tier 1,High,Paid Ads,Android,2024-02-01
U03411,25-34,Tier 1,Low,Paid Ads,Android,2024-01-01
U03412,18-24,Tier 3,Low,Branch,Android,2024-02-03
U03413,18-24,Tier 1,Low,Branch,iOS,2024-02-19
U03414,25-34,Tier 2,Low,Branch,iOS,2024-01-31
U03415,35-44,Tier 1,High,Partnership,Android,2024-02-27
U03416,25-34,Tier 1,Mid,Branch,iOS,2024-04-06
U03417,25-34,Tier 2,Low,Organic,iOS,2024-02-04
U03418,35-44,Tier 2,High,Partnership,iOS,2024-02-12
U03419,18-24,Tier 2,High,Paid Ads,Android,2024-02-08
U03420,18-24,Tier 1,Mid,Branch,Android,2024-03-15
U03421,35-44,Tier 2,High,Paid Ads,Android,2024-04-02
U03422,25-34,Tier 1,Low,Organic,Android,2024-03-14
U03423,35-44,Tier 1,High,Paid Ads,Android,2024-01-02
U03424,18-24,Tier 1,Mid,Paid Ads,iOS,2024-02-03
U03425,35-44,Tier 1,High,Organic,iOS,2024-03-24
U03426,25-34,Tier 1,Mid,Referral,iOS,2024-02-16
U03427,25-34,Tier 1,Mid,Paid Ads,Android,2024-03-29
U03428,25-34,Tier 3,Mid,Referral,Android,2024-01-31
U03429,45-54,Tier 1,Low,Referral,Android,2024-01-08
U03430,25-34,Tier 1,Mid,Organic,Android,2024-03-26
U03431,25-34,Tier 1,Low,Branch,iOS,2024-01-16
U03432,55+,Tier 2,High,Partnership,Android,2024-02-29
U03433,35-44,Tier 1,Low,Organic,iOS,2024-02-09
U03434,25-34,Tier 3,Mid,Partnership,Android,2024-01-21
U03435,35-44,Tier 3,Mid,Paid Ads,Android,2024-02-21
U03436,25-34,Tier 1,High,Organic,Android,2024-03-28
U03437,18-24,Tier 2,Mid,Referral,Android,2024-03-05
U03438,25-34,Tier 1,Mid,Paid Ads,Android,2024-04-24
U03439,45-54,Tier 2,High,Paid Ads,Android,2024-04-23
U03440,45-54,Tier 1,Mid,Partnership,Android,2024-03-31
U03441,25-34,Tier 1,Mid,Referral,iOS,2024-04-08
U03442,25-34,Tier 1,Mid,Organic,iOS,2024-02-09
U03443,18-24,Tier 2,High,Branch,iOS,2024-03-29
U03444,55+,Tier 1,Mid,Organic,iOS,2024-01-16
U03445,55+,Tier 1,Low,Paid Ads,iOS,2024-03-22
U03446,25-34,Tier 2,High,Organic,Android,2024-02-07
U03447,35-44,Tier 2,Mid,Referral,Android,2024-02-17
U03448,35-44,Tier 3,Mid,Referral,Android,2024-03-19
U03449,25-34,Tier 1,High,Organic,iOS,2024-01-29
U03450,18-24,Tier 2,Low,Referral,Android,2024-01-29
U03451,25-34,Tier 2,Mid,Organic,Android,2024-01-18
U03452,35-44,Tier 1,Mid,Paid Ads,iOS,2024-03-02
U03453,35-44,Tier 2,High,Paid Ads,Android,2024-01-20
U03454,25-34,Tier 1,Low,Organic,iOS,2024-02-28
U03455,45-54,Tier 3,Mid,Partnership,iOS,2024-04-05
U03456,18-24,Tier 1,High,Organic,Android,2024-03-18
U03457,25-34,Tier 2,Low,Organic,iOS,2024-02-17
U03458,35-44,Tier 1,Low,Paid Ads,iOS,2024-02-23
U03459,35-44,Tier 3,High,Paid Ads,Android,2024-03-30
U03460,25-34,Tier 1,Low,Paid Ads,iOS,2024-03-11
U03461,18-24,Tier 3,High,Organic,iOS,2024-04-26
U03462,18-24,Tier 3,Low,Partnership,Android,2024-03-01
U03463,25-34,Tier 1,Mid,Paid Ads,Android,2024-04-06
U03464,25-34,Tier 3,Mid,Organic,Android,2024-03-09
U03465,18-24,Tier 3,Mid,Referral,Android,2024-04-12
U03466,35-44,Tier 1,Mid,Partnership,Android,2024-03-26
U03467,25-34,Tier 1,Mid,Paid Ads,iOS,2024-04-15
U03468,35-44,Tier 2,High,Organic,Android,2024-01-28
U03469,35-44,Tier 1,Low,Referral,iOS,2024-04-07
U03470,18-24,Tier 1,Mid,Organic,Android,2024-02-01
U03471,18-24,Tier 1,Low,Paid Ads,Android,2024-03-28
U03472,35-44,Tier 1,Mid,Partnership,Android,2024-04-06
U03473,25-34,Tier 1,Low,Referral,iOS,2024-03-17
U03474,35-44,Tier 1,Mid,Referral,Android,2024-04-21
U03475,35-44,Tier 3,Mid,Branch,Android,2024-04-10
U03476,35-44,Tier 2,Low,Paid Ads,iOS,2024-01-11
U03477,55+,Tier 1,Low,Paid Ads,Android,2024-03-08
U03478,25-34,Tier 2,Mid,Referral,Android,2024-02-27
U03479,25-34,Tier 2,Mid,Paid Ads,Android,2024-03-08
U03480,25-34,Tier 3,High,Paid Ads,iOS,2024-03-31
U03481,18-24,Tier 1,Mid,Referral,Android,2024-02-16
U03482,25-34,Tier 1,Low,Branch,Android,2024-01-10
U03483,18-24,Tier 3,Mid,Partnership,Android,2024-03-13
U03484,45-54,Tier 3,Low,Paid Ads,iOS,2024-01-15
U03485,25-34,Tier 2,Mid,Paid Ads,Android,2024-01-08
U03486,25-34,Tier 2,High,Paid Ads,Android,2024-04-16
U03487,25-34,Tier 1,Mid,Organic,Android,2024-03-11
U03488,18-24,Tier 2,Mid,Referral,Android,2024-04-25
U03489,18-24,Tier 1,Low,Partnership,iOS,2024-03-05
U03490,25-34,Tier 1,Mid,Paid Ads,Android,2024-01-26
U03491,18-24,Tier 3,High,Partnership,iOS,2024-03-14
U03492,25-34,Tier 1,Low,Organic,iOS,2024-03-09
U03493,45-54,Tier 2,Low,Paid Ads,iOS,2024-01-20
U03494,45-54,Tier 3,Mid,Paid Ads,Android,2024-01-22
U03495,35-44,Tier 1,Mid,Paid Ads,iOS,2024-02-11
U03496,18-24,Tier 3,Mid,Partnership,Android,2024-04-19
U03497,45-54,Tier 3,High,Branch,iOS,2024-03-07
U03498,45-54,Tier 2,Low,Organic,Android,2024-02-26
U03499,18-24,Tier 1,Mid,Organic,iOS,2024-01-15
U03500,35-44,Tier 1,Mid,Organic,Android,2024-03-28
U03501,18-24,Tier 1,Low,Paid Ads,iOS,2024-01-27
U03502,35-44,Tier 1,Mid,Referral,iOS,2024-04-01
U03503,55+,Tier 1,Low,Paid Ads,iOS,2024-03-15
U03504,18-24,Tier 3,Low,Referral,iOS,2024-03-03
U03505,45-54,Tier 1,Low,Paid Ads,Android,2024-01-12
U03506,25-34,Tier 2,High,Partnership,Android,2024-04-25
U03507,55+,Tier 1,Mid,Paid Ads,iOS,2024-03-06
U03508,25-34,Tier 2,Mid,Paid Ads,iOS,2024-02-27
U03509,35-44,Tier 3,Mid,Organic,Android,2024-04-13
U03510,18-24,Tier 1,Mid,Referral,Android,2024-01-08
U03511,25-34,Tier 1,Mid,Paid Ads,Android,2024-02-28
U03512,18-24,Tier 2,High,Paid Ads,Android,2024-01-17
U03513,55+,Tier 2,Mid,Branch,Android,2024-03-06
U03514,35-44,Tier 2,Mid,Branch,Android,2024-02-23
U03515,45-54,Tier 1,Low,Partnership,Android,2024-02-28
U03516,45-54,Tier 1,Mid,Referral,Android,2024-03-13
U03517,18-24,Tier 3,Mid,Paid Ads,Android,2024-01-08
U03518,25-34,Tier 3,High,Referral,Android,2024-03-12
U03519,18-24,Tier 2,Low,Organic,Android,2024-02-29
U03520,18-24,Tier 3,Low,Referral,iOS,2024-03-27
U03521,18-24,Tier 2,Mid,Organic,Android,2024-04-13
U03522,25-34,Tier 1,Low,Referral,iOS,2024-02-09
U03523,18-24,Tier 1,Low,Paid Ads,iOS,2024-04-02
U03524,18-24,Tier 1,High,Branch,Android,2024-01-03
U03525,18-24,Tier 2,Mid,Referral,Android,2024-02-20
U03526,18-24,Tier 1,High,Branch,Android,2024-02-02
U03527,55+,Tier 1,High,Organic,Android,2024-04-14
U03528,35-44,Tier 2,Low,Organic,Android,2024-01-01
U03529,55+,Tier 2,Mid,Paid Ads,Android,2024-04-05
U03530,25-34,Tier 2,Low,Paid Ads,Android,2024-01-28
U03531,18-24,Tier 3,High,Organic,Android,2024-03-15
U03532,35-44,Tier 1,Mid,Organic,iOS,2024-01-10
U03533,25-34,Tier 2,Mid,Paid Ads,Android,2024-01-06
U03534,18-24,Tier 2,Mid,Referral,iOS,2024-02-24
U03535,18-24,Tier 2,Mid,Paid Ads,Android,2024-02-14
U03536,18-24,Tier 1,Low,Paid Ads,Android,2024-03-30
U03537,18-24,Tier 1,Mid,Organic,Android,2024-01-09
U03538,25-34,Tier 3,Mid,Partnership,iOS,2024-03-10
U03539,35-44,Tier 2,High,Referral,Android,2024-01-08
U03540,18-24,Tier 3,Mid,Paid Ads,Android,2024-04-24
U03541,18-24,Tier 2,Mid,Partnership,iOS,2024-01-09
U03542,35-44,Tier 2,High,Branch,Android,2024-03-01
U03543,18-24,Tier 3,Low,Paid Ads,Android,2024-01-05
U03544,25-34,Tier 2,High,Paid Ads,iOS,2024-02-06
U03545,45-54,Tier 1,Low,Referral,iOS,2024-02-22
U03546,18-24,Tier 2,Mid,Paid Ads,Android,2024-01-24
U03547,18-24,Tier 3,Mid,Paid Ads,Android,2024-04-08
U03548,25-34,Tier 1,Mid,Referral,iOS,2024-01-18
U03549,25-34,Tier 1,High,Partnership,iOS,2024-04-08
U03550,25-34,Tier 1,Low,Organic,Android,2024-03-23
U03551,35-44,Tier 3,Mid,Partnership,iOS,2024-04-03
U03552,18-24,Tier 1,Mid,Partnership,Android,2024-03-23
U03553,25-34,Tier 2,High,Paid Ads,Android,2024-02-23
U03554,25-34,Tier 1,Low,Paid Ads,Android,2024-02-17
U03555,18-24,Tier 1,High,Referral,Android,2024-04-24
U03556,25-34,Tier 2,Mid,Branch,Android,2024-02-18
U03557,18-24,Tier 1,Low,Organic,Android,2024-02-27
U03558,25-34,Tier 2,Mid,Paid Ads,Android,2024-04-21
U03559,18-24,Tier 2,Low,Paid Ads,Android,2024-04-26
U03560,25-34,Tier 3,Mid,Branch,Android,2024-02-18
U03561,25-34,Tier 1,Low,Partnership,iOS,2024-02-18
U03562,35-44,Tier 3,Mid,Paid Ads,iOS,2024-01-11
U03563,18-24,Tier 2,Mid,Organic,Android,2024-03-28
U03564,25-34,Tier 3,Mid,Referral,iOS,2024-03-25
U03565,25-34,Tier 2,Mid,Organic,Android,2024-04-21
U03566,35-44,Tier 2,Mid,Partnership,Android,2024-03-10
U03567,25-34,Tier 3,Low,Paid Ads,iOS,2024-01-18
U03568,35-44,Tier 3,Mid,Partnership,Android,2024-03-24
U03569,35-44,Tier 1,High,Paid Ads,Android,2024-04-20
U03570,45-54,Tier 1,High,Paid Ads,Android,2024-02-14
U03571,25-34,Tier 1,Low,Organic,Android,2024-01-16
U03572,25-34,Tier 1,Low,Referral,Android,2024-01-23
U03573,35-44,Tier 1,High,Organic,iOS,2024-03-09
U03574,55+,Tier 1,Mid,Paid Ads,Android,2024-02-20
U03575,45-54,Tier 3,Mid,Organic,iOS,2024-03-08
U03576,25-34,Tier 1,Mid,Paid Ads,iOS,2024-01-17
U03577,18-24,Tier 2,Mid,Paid Ads,Android,2024-04-03
U03578,25-34,Tier 1,Mid,Paid Ads,Android,2024-01-29
U03579,35-44,Tier 1,High,Organic,Android,2024-04-16
U03580,25-34,Tier 1,Mid,Referral,Android,2024-01-01
U03581,25-34,Tier 1,Low,Referral,Android,2024-04-06
U03582,35-44,Tier 2,Low,Paid Ads,iOS,2024-01-03
U03583,25-34,Tier 3,Low,Organic,iOS,2024-02-08
U03584,45-54,Tier 1,Mid,Partnership,Android,2024-02-29
U03585,25-34,Tier 2,Low,Partnership,Android,2024-03-27
U03586,25-34,Tier 2,Low,Organic,Android,2024-04-02
U03587,25-34,Tier 3,High,Paid Ads,Android,2024-03-10
U03588,35-44,Tier 2,Low,Paid Ads,iOS,2024-02-24
U03589,18-24,Tier 2,Low,Paid Ads,iOS,2024-03-09
U03590,18-24,Tier 2,Low,Organic,Android,2024-02-18
U03591,55+,Tier 3,Low,Organic,Android,2024-04-15
U03592,18-24,Tier 1,Mid,Organic,iOS,2024-01-30
U03593,25-34,Tier 1,High,Referral,Android,2024-02-01
U03594,25-34,Tier 3,High,Partnership,Android,2024-02-28
U03595,25-34,Tier 2,Mid,Paid Ads,Android,2024-02-14
U03596,25-34,Tier 2,Mid,Branch,Android,2024-01-20
U03597,18-24,Tier 2,Mid,Organic,Android,2024-02-05
U03598,25-34,Tier 1,Low,Organic,Android,2024-01-25
U03599,25-34,Tier 2,Low,Paid Ads,Android,2024-04-22
U03600,35-44,Tier 2,High,Referral,Android,2024-04-02
U03601,18-24,Tier 1,Low,Referral,Android,2024-04-07
U03602,25-34,Tier 2,Low,Paid Ads,Android,2024-01-15
U03603,18-24,Tier 3,Mid,Organic,Android,2024-01-05
U03604,18-24,Tier 1,Mid,Paid Ads,iOS,2024-04-13
U03605,18-24,Tier 2,Low,Referral,Android,2024-03-25
U03606,18-24,Tier 1,Low,Paid Ads,Android,2024-02-23
U03607,35-44,Tier 2,Mid,Partnership,iOS,2024-03-19
U03608,18-24,Tier 1,Mid,Organic,Android,2024-04-08
U03609,45-54,Tier 2,Low,Branch,iOS,2024-04-23
U03610,55+,Tier 3,Mid,Paid Ads,Android,2024-04-23
U03611,25-34,Tier 1,Mid,Branch,Android,2024-01-03
U03612,18-24,Tier 3,High,Organic,Android,2024-01-31
U03613,25-34,Tier 3,Mid,Paid Ads,Android,2024-01-27
U03614,35-44,Tier 1,Low,Referral,Android,2024-01-09
U03615,25-34,Tier 1,Mid,Partnership,Android,2024-01-13
U03616,18-24,Tier 3,Mid,Paid Ads,iOS,2024-03-17
U03617,25-34,Tier 3,Low,Paid Ads,Android,2024-01-05
U03618,35-44,Tier 1,Mid,Branch,Android,2024-02-27
U03619,35-44,Tier 1,Low,Referral,Android,2024-03-17
U03620,18-24,Tier 1,Low,Organic,iOS,2024-03-27
U03621,35-44,Tier 3,Mid,Paid Ads,iOS,2024-03-31
U03622,18-24,Tier 1,Low,Paid Ads,iOS,2024-04-21
U03623,18-24,Tier 2,High,Referral,Android,2024-01-07
U03624,45-54,Tier 3,Mid,Paid Ads,Android,2024-02-01
U03625,18-24,Tier 1,Mid,Branch,Android,2024-04-04
U03626,18-24,Tier 2,Mid,Paid Ads,Android,2024-01-06
U03627,18-24,Tier 1,Mid,Organic,iOS,2024-02-21
U03628,45-54,Tier 3,Low,Organic,iOS,2024-02-26
U03629,35-44,Tier 1,High,Branch,Android,2024-01-30
U03630,25-34,Tier 2,High,Paid Ads,Android,2024-03-10
U03631,35-44,Tier 2,Low,Branch,Android,2024-01-28
U03632,18-24,Tier 1,Low,Referral,Android,2024-04-06
U03633,25-34,Tier 1,Low,Paid Ads,Android,2024-04-20
U03634,25-34,Tier 1,Mid,Paid Ads,Android,2024-04-09
U03635,18-24,Tier 1,Mid,Referral,iOS,2024-01-08
U03636,25-34,Tier 3,High,Paid Ads,Android,2024-01-18
U03637,45-54,Tier 3,Mid,Paid Ads,iOS,2024-03-05
U03638,18-24,Tier 2,Mid,Paid Ads,Android,2024-02-07
U03639,18-24,Tier 2,Mid,Partnership,Android,2024-01-30
U03640,18-24,Tier 2,Mid,Partnership,Android,2024-04-14
U03641,18-24,Tier 3,Mid,Partnership,Android,2024-04-03
U03642,45-54,Tier 1,Mid,Partnership,Android,2024-03-14
U03643,25-34,Tier 1,Mid,Paid Ads,Android,2024-02-10
U03644,25-34,Tier 1,Mid,Referral,Android,2024-03-14
U03645,35-44,Tier 2,Mid,Partnership,iOS,2024-03-17
U03646,18-24,Tier 1,Mid,Paid Ads,Android,2024-04-08
U03647,25-34,Tier 1,Mid,Organic,iOS,2024-03-27
U03648,25-34,Tier 1,Mid,Paid Ads,Android,2024-04-14
U03649,25-34,Tier 2,Mid,Organic,Android,2024-02-11
U03650,55+,Tier 1,Mid,Paid Ads,Android,2024-01-31
U03651,35-44,Tier 1,Mid,Referral,iOS,2024-02-08
U03652,25-34,Tier 1,Low,Referral,Android,2024-04-22
U03653,35-44,Tier 1,Low,Branch,Android,2024-01-19
U03654,18-24,Tier 2,Mid,Partnership,Android,2024-03-25
U03655,18-24,Tier 1,Mid,Partnership,Android,2024-03-07
U03656,18-24,Tier 1,High,Paid Ads,iOS,2024-01-29
U03657,25-34,Tier 2,Mid,Partnership,Android,2024-02-22
U03658,25-34,Tier 1,Mid,Partnership,Android,2024-02-08
U03659,25-34,Tier 1,Low,Paid Ads,iOS,2024-02-05
U03660,45-54,Tier 3,Low,Branch,Android,2024-01-08
U03661,25-34,Tier 1,Mid,Organic,Android,2024-03-12
U03662,25-34,Tier 1,Low,Branch,Android,2024-03-16
U03663,18-24,Tier 1,Mid,Referral,iOS,2024-04-22
U03664,18-24,Tier 2,Mid,Paid Ads,iOS,2024-04-04
U03665,25-34,Tier 2,Mid,Organic,Android,2024-04-26
U03666,25-34,Tier 2,High,Paid Ads,iOS,2024-01-23
U03667,35-44,Tier 2,Mid,Paid Ads,Android,2024-03-21
U03668,18-24,Tier 1,Low,Branch,Android,2024-03-27
U03669,18-24,Tier 1,High,Branch,Android,2024-02-24
U03670,25-34,Tier 3,High,Branch,Android,2024-03-12
U03671,18-24,Tier 3,Low,Referral,Android,2024-03-04
U03672,18-24,Tier 1,Low,Branch,iOS,2024-01-07
U03673,35-44,Tier 2,Low,Paid Ads,iOS,2024-02-14
U03674,18-24,Tier 1,Low,Partnership,iOS,2024-03-23
U03675,25-34,Tier 1,High,Organic,Android,2024-03-26
U03676,18-24,Tier 1,Mid,Paid Ads,Android,2024-02-18
U03677,18-24,Tier 1,Mid,Branch,Android,2024-04-10
U03678,25-34,Tier 2,High,Branch,Android,2024-03-08
U03679,35-44,Tier 2,Mid,Paid Ads,iOS,2024-02-10
U03680,25-34,Tier 1,Mid,Partnership,Android,2024-03-30
U03681,35-44,Tier 1,High,Organic,iOS,2024-02-23
U03682,18-24,Tier 3,High,Paid Ads,iOS,2024-02-22
U03683,35-44,Tier 1,High,Paid Ads,Android,2024-01-20
U03684,18-24,Tier 2,Mid,Organic,Android,2024-02-08
U03685,35-44,Tier 1,Mid,Organic,Android,2024-02-18
U03686,25-34,Tier 2,Low,Organic,Android,2024-01-24
U03687,45-54,Tier 1,Mid,Paid Ads,Android,2024-04-06
U03688,25-34,Tier 1,High,Organic,Android,2024-03-09
U03689,18-24,Tier 1,Low,Paid Ads,Android,2024-03-01
U03690,18-24,Tier 1,Mid,Referral,iOS,2024-01-31
U03691,35-44,Tier 1,Mid,Paid Ads,Android,2024-04-18
U03692,25-34,Tier 2,Low,Paid Ads,Android,2024-01-29
U03693,35-44,Tier 1,Mid,Paid Ads,Android,2024-02-08
U03694,18-24,Tier 1,Low,Paid Ads,iOS,2024-04-19
U03695,25-34,Tier 2,Mid,Paid Ads,iOS,2024-03-31
U03696,18-24,Tier 2,Low,Referral,Android,2024-01-19
U03697,55+,Tier 3,High,Partnership,iOS,2024-04-13
U03698,35-44,Tier 2,Low,Referral,iOS,2024-02-29
U03699,45-54,Tier 2,Low,Referral,iOS,2024-01-08
U03700,18-24,Tier 2,Low,Paid Ads,Android,2024-03-12
U03701,25-34,Tier 3,High,Referral,iOS,2024-02-22
U03702,35-44,Tier 3,Mid,Partnership,Android,2024-02-23
U03703,25-34,Tier 1,Mid,Referral,iOS,2024-03-12
U03704,35-44,Tier 1,Mid,Paid Ads,Android,2024-03-08
U03705,45-54,Tier 1,Mid,Organic,iOS,2024-01-18
U03706,45-54,Tier 2,Low,Referral,iOS,2024-02-19
U03707,35-44,Tier 2,Mid,Referral,Android,2024-02-01
U03708,18-24,Tier 2,Low,Partnership,iOS,2024-02-02
U03709,18-24,Tier 1,High,Branch,Android,2024-01-27
U03710,55+,Tier 2,Mid,Paid Ads,Android,2024-02-12
U03711,18-24,Tier 3,Mid,Partnership,Android,2024-03-23
U03712,35-44,Tier 1,Low,Paid Ads,iOS,2024-01-11
U03713,35-44,Tier 2,Mid,Branch,Android,2024-02-27
U03714,25-34,Tier 1,Low,Partnership,Android,2024-04-18
U03715,55+,Tier 3,Low,Organic,iOS,2024-02-17
U03716,25-34,Tier 3,Low,Paid Ads,iOS,2024-01-12
U03717,25-34,Tier 2,Mid,Paid Ads,iOS,2024-03-09
U03718,18-24,Tier 2,Mid,Organic,Android,2024-04-02
U03719,25-34,Tier 3,Mid,Referral,Android,2024-04-16
U03720,18-24,Tier 2,Low,Branch,Android,2024-01-25
U03721,25-34,Tier 1,Mid,Branch,Android,2024-01-07
U03722,35-44,Tier 2,Mid,Partnership,Android,2024-02-04
U03723,45-54,Tier 1,Low,Branch,Android,2024-02-18
U03724,18-24,Tier 1,Low,Partnership,iOS,2024-03-27
U03725,25-34,Tier 3,High,Organic,Android,2024-03-18
U03726,45-54,Tier 2,High,Referral,Android,2024-03-18
U03727,18-24,Tier 1,High,Organic,Android,2024-01-06
U03728,18-24,Tier 1,High,Organic,Android,2024-04-21
U03729,18-24,Tier 1,Low,Organic,Android,2024-01-10
U03730,25-34,Tier 1,Low,Paid Ads,Android,2024-01-25
U03731,18-24,Tier 1,Mid,Partnership,iOS,2024-04-12
U03732,55+,Tier 2,Mid,Partnership,Android,2024-04-07
U03733,25-34,Tier 1,High,Paid Ads,Android,2024-03-16
U03734,25-34,Tier 2,Mid,Branch,iOS,2024-04-02
U03735,18-24,Tier 1,Mid,Paid Ads,iOS,2024-03-26
U03736,25-34,Tier 3,Low,Partnership,iOS,2024-03-12
U03737,35-44,Tier 1,High,Paid Ads,iOS,2024-01-28
U03738,35-44,Tier 1,High,Referral,iOS,2024-03-02
U03739,35-44,Tier 1,Low,Branch,Android,2024-01-27
U03740,25-34,Tier 2,High,Referral,iOS,2024-04-21
U03741,45-54,Tier 2,Low,Paid Ads,Android,2024-04-26
U03742,35-44,Tier 1,Low,Referral,Android,2024-02-12
U03743,35-44,Tier 1,Mid,Paid Ads,Android,2024-02-08
U03744,18-24,Tier 1,Mid,Branch,Android,2024-04-26
U03745,18-24,Tier 2,Low,Organic,Android,2024-01-02
U03746,18-24,Tier 2,Mid,Partnership,Android,2024-01-28
U03747,35-44,Tier 1,High,Organic,Android,2024-01-25
U03748,25-34,Tier 1,Mid,Referral,iOS,2024-04-04
U03749,25-34,Tier 1,Mid,Organic,iOS,2024-01-16
U03750,45-54,Tier 1,Low,Partnership,Android,2024-04-05
U03751,45-54,Tier 2,Low,Organic,iOS,2024-04-06
U03752,45-54,Tier 1,Low,Paid Ads,Android,2024-03-02
U03753,25-34,Tier 1,Low,Referral,iOS,2024-02-01
U03754,35-44,Tier 1,Low,Organic,Android,2024-03-30
U03755,18-24,Tier 3,Low,Partnership,Android,2024-03-18
U03756,18-24,Tier 3,Mid,Organic,Android,2024-03-31
U03757,18-24,Tier 1,Mid,Organic,Android,2024-01-27
U03758,25-34,Tier 1,High,Referral,Android,2024-02-20
U03759,25-34,Tier 1,Low,Paid Ads,Android,2024-01-31
U03760,35-44,Tier 2,Mid,Paid Ads,Android,2024-03-11
U03761,18-24,Tier 1,Low,Organic,Android,2024-02-11
U03762,35-44,Tier 2,Mid,Organic,Android,2024-04-09
U03763,25-34,Tier 2,Low,Referral,iOS,2024-02-06
U03764,18-24,Tier 3,High,Referral,Android,2024-02-18
U03765,25-34,Tier 1,Mid,Partnership,Android,2024-02-29
U03766,18-24,Tier 3,Mid,Partnership,iOS,2024-03-09
U03767,25-34,Tier 2,Low,Paid Ads,iOS,2024-03-24
U03768,25-34,Tier 1,Mid,Referral,Android,2024-02-15
U03769,18-24,Tier 1,Mid,Paid Ads,iOS,2024-02-09
U03770,18-24,Tier 1,Low,Partnership,Android,2024-02-03
U03771,25-34,Tier 1,Mid,Paid Ads,Android,2024-02-16
U03772,45-54,Tier 1,High,Partnership,Android,2024-03-06
U03773,25-34,Tier 2,Mid,Paid Ads,Android,2024-04-22
U03774,35-44,Tier 1,High,Paid Ads,Android,2024-03-04
U03775,35-44,Tier 3,High,Referral,Android,2024-02-29
U03776,45-54,Tier 1,High,Paid Ads,Android,2024-01-13
U03777,35-44,Tier 3,Mid,Organic,iOS,2024-04-12
U03778,25-34,Tier 1,Mid,Partnership,Android,2024-04-02
U03779,35-44,Tier 2,Mid,Partnership,Android,2024-03-01
U03780,45-54,Tier 1,Mid,Partnership,Android,2024-04-07
U03781,25-34,Tier 1,High,Paid Ads,iOS,2024-04-17
U03782,25-34,Tier 3,Low,Organic,Android,2024-02-10
U03783,18-24,Tier 1,Mid,Organic,iOS,2024-01-27
U03784,35-44,Tier 2,Low,Paid Ads,iOS,2024-02-17
U03785,35-44,Tier 2,Low,Partnership,Android,2024-02-10
U03786,18-24,Tier 2,Low,Paid Ads,iOS,2024-02-22
U03787,25-34,Tier 2,Mid,Organic,Android,2024-01-06
U03788,25-34,Tier 2,Low,Branch,Android,2024-03-13
U03789,18-24,Tier 1,Mid,Branch,Android,2024-04-20
U03790,55+,Tier 2,Mid,Referral,Android,2024-01-29
U03791,18-24,Tier 3,Low,Paid Ads,Android,2024-04-04
U03792,18-24,Tier 1,Low,Partnership,Android,2024-01-19
U03793,25-34,Tier 1,Mid,Paid Ads,Android,2024-01-03
U03794,35-44,Tier 2,Mid,Branch,iOS,2024-02-03
U03795,18-24,Tier 1,High,Organic,Android,2024-03-11
U03796,35-44,Tier 1,High,Paid Ads,iOS,2024-03-15
U03797,25-34,Tier 1,High,Paid Ads,Android,2024-03-15
U03798,18-24,Tier 2,Mid,Partnership,Android,2024-04-02
U03799,18-24,Tier 1,High,Partnership,iOS,2024-02-23
U03800,25-34,Tier 2,High,Branch,Android,2024-02-07
U03801,18-24,Tier 2,High,Paid Ads,Android,2024-01-20
U03802,45-54,Tier 1,Low,Partnership,Android,2024-01-26
U03803,35-44,Tier 2,High,Referral,Android,2024-02-12
U03804,55+,Tier 3,Mid,Referral,Android,2024-01-30
U03805,18-24,Tier 2,Mid,Referral,Android,2024-02-18
U03806,55+,Tier 3,Low,Partnership,iOS,2024-03-13
U03807,25-34,Tier 1,Mid,Branch,Android,2024-04-16
U03808,25-34,Tier 2,Low,Referral,Android,2024-02-01
U03809,18-24,Tier 1,Low,Organic,Android,2024-03-04
U03810,18-24,Tier 1,Low,Partnership,Android,2024-03-11
U03811,35-44,Tier 1,High,Paid Ads,Android,2024-03-24
U03812,25-34,Tier 1,Low,Branch,Android,2024-03-28
U03813,18-24,Tier 3,Mid,Referral,Android,2024-02-13
U03814,25-34,Tier 1,Low,Organic,iOS,2024-02-02
U03815,18-24,Tier 2,Mid,Paid Ads,Android,2024-04-07
U03816,25-34,Tier 2,Low,Organic,iOS,2024-04-15
U03817,25-34,Tier 2,Low,Referral,Android,2024-03-03
U03818,35-44,Tier 1,Mid,Organic,Android,2024-04-02
U03819,35-44,Tier 2,Mid,Organic,iOS,2024-03-23
U03820,25-34,Tier 1,Low,Organic,iOS,2024-04-04
U03821,25-34,Tier 1,Low,Branch,Android,2024-03-03
U03822,25-34,Tier 3,Low,Referral,iOS,2024-02-28
U03823,35-44,Tier 1,High,Referral,iOS,2024-01-22
U03824,25-34,Tier 1,Mid,Partnership,iOS,2024-04-03
U03825,18-24,Tier 3,Mid,Paid Ads,Android,2024-04-11
U03826,18-24,Tier 1,Low,Paid Ads,iOS,2024-02-15
U03827,25-34,Tier 2,Mid,Paid Ads,iOS,2024-01-22
U03828,25-34,Tier 1,Low,Partnership,Android,2024-01-18
U03829,35-44,Tier 1,Low,Partnership,iOS,2024-04-02
U03830,18-24,Tier 1,Mid,Paid Ads,iOS,2024-03-10
U03831,25-34,Tier 1,Mid,Partnership,Android,2024-03-03
U03832,35-44,Tier 1,Low,Paid Ads,Android,2024-01-24
U03833,35-44,Tier 2,Mid,Referral,Android,2024-04-23
U03834,25-34,Tier 2,High,Partnership,Android,2024-03-10
U03835,25-34,Tier 3,Mid,Paid Ads,Android,2024-03-23
U03836,25-34,Tier 1,Mid,Branch,Android,2024-01-08
U03837,45-54,Tier 2,High,Organic,Android,2024-03-08
U03838,18-24,Tier 2,High,Referral,iOS,2024-01-05
U03839,45-54,Tier 3,Mid,Branch,iOS,2024-04-17
U03840,35-44,Tier 1,Mid,Organic,Android,2024-04-18
U03841,25-34,Tier 2,Low,Branch,iOS,2024-01-10
U03842,18-24,Tier 3,Mid,Branch,Android,2024-04-14
U03843,25-34,Tier 1,Low,Partnership,iOS,2024-03-26
U03844,25-34,Tier 3,Low,Paid Ads,iOS,2024-01-07
U03845,18-24,Tier 1,Mid,Paid Ads,Android,2024-04-07
U03846,35-44,Tier 2,Low,Partnership,Android,2024-01-01
U03847,55+,Tier 3,Mid,Partnership,Android,2024-02-22
U03848,25-34,Tier 2,Mid,Paid Ads,iOS,2024-01-18
U03849,35-44,Tier 1,Mid,Branch,iOS,2024-04-17
U03850,18-24,Tier 1,Low,Paid Ads,Android,2024-03-21
U03851,25-34,Tier 3,Low,Branch,Android,2024-01-30
U03852,18-24,Tier 2,Mid,Organic,Android,2024-01-09
U03853,25-34,Tier 1,High,Organic,Android,2024-03-31
U03854,45-54,Tier 2,Low,Paid Ads,iOS,2024-01-20
U03855,35-44,Tier 2,Low,Referral,Android,2024-01-02
U03856,18-24,Tier 1,High,Partnership,iOS,2024-01-28
U03857,25-34,Tier 1,Low,Organic,iOS,2024-03-05
U03858,25-34,Tier 1,High,Branch,iOS,2024-02-28
U03859,25-34,Tier 2,Mid,Referral,Android,2024-02-17
U03860,35-44,Tier 2,Mid,Referral,Android,2024-01-08
U03861,35-44,Tier 2,Mid,Referral,Android,2024-03-20
U03862,25-34,Tier 3,Low,Paid Ads,iOS,2024-03-22
U03863,25-34,Tier 3,Mid,Organic,Android,2024-03-26
U03864,18-24,Tier 2,High,Organic,Android,2024-03-19
U03865,18-24,Tier 1,Mid,Paid Ads,iOS,2024-04-26
U03866,25-34,Tier 2,Mid,Organic,Android,2024-03-02
U03867,25-34,Tier 1,Mid,Organic,Android,2024-03-25
U03868,35-44,Tier 2,Low,Partnership,Android,2024-03-03
U03869,35-44,Tier 2,Mid,Organic,Android,2024-01-03
U03870,18-24,Tier 1,Mid,Referral,Android,2024-01-01
U03871,25-34,Tier 3,Mid,Organic,Android,2024-03-09
U03872,18-24,Tier 1,Mid,Referral,iOS,2024-03-11
U03873,18-24,Tier 2,Mid,Paid Ads,iOS,2024-02-22
U03874,35-44,Tier 1,High,Organic,Android,2024-01-02
U03875,18-24,Tier 3,Mid,Partnership,iOS,2024-01-03
U03876,25-34,Tier 1,Low,Branch,Android,2024-03-08
U03877,18-24,Tier 1,Mid,Organic,Android,2024-04-02
U03878,45-54,Tier 1,Mid,Branch,iOS,2024-02-05
U03879,25-34,Tier 1,Mid,Referral,iOS,2024-03-09
U03880,18-24,Tier 1,High,Organic,Android,2024-02-06
U03881,25-34,Tier 2,Mid,Organic,Android,2024-01-03
U03882,35-44,Tier 1,Mid,Referral,iOS,2024-03-05
U03883,55+,Tier 1,Mid,Paid Ads,Android,2024-04-14
U03884,18-24,Tier 1,Low,Referral,iOS,2024-03-30
U03885,45-54,Tier 3,Low,Partnership,Android,2024-03-27
U03886,45-54,Tier 2,High,Paid Ads,iOS,2024-02-25
U03887,45-54,Tier 2,Mid,Referral,Android,2024-04-13
U03888,25-34,Tier 2,Low,Paid Ads,Android,2024-04-26
U03889,25-34,Tier 1,Low,Branch,Android,2024-01-23
U03890,25-34,Tier 1,Mid,Organic,Android,2024-01-14
U03891,35-44,Tier 1,Mid,Referral,iOS,2024-01-13
U03892,25-34,Tier 3,High,Paid Ads,Android,2024-03-08
U03893,35-44,Tier 3,Low,Paid Ads,Android,2024-01-20
U03894,25-34,Tier 2,High,Paid Ads,Android,2024-01-31
U03895,35-44,Tier 1,Mid,Referral,Android,2024-01-25
U03896,35-44,Tier 1,Mid,Paid Ads,Android,2024-03-20
U03897,18-24,Tier 1,Mid,Paid Ads,Android,2024-03-08
U03898,35-44,Tier 2,Low,Paid Ads,Android,2024-02-02
U03899,25-34,Tier 1,High,Organic,Android,2024-04-14
U03900,35-44,Tier 3,Low,Paid Ads,iOS,2024-02-15
U03901,25-34,Tier 1,Low,Referral,iOS,2024-02-04
U03902,25-34,Tier 3,High,Paid Ads,iOS,2024-04-11
U03903,45-54,Tier 2,Mid,Branch,Android,2024-02-20
U03904,18-24,Tier 2,High,Paid Ads,Android,2024-01-11
U03905,35-44,Tier 2,Mid,Organic,Android,2024-02-17
U03906,25-34,Tier 2,Mid,Referral,Android,2024-02-21
U03907,25-34,Tier 2,High,Partnership,Android,2024-02-28
U03908,25-34,Tier 2,Low,Partnership,Android,2024-03-13
U03909,25-34,Tier 2,High,Paid Ads,Android,2024-02-01
U03910,25-34,Tier 3,Low,Organic,iOS,2024-03-30
U03911,18-24,Tier 2,High,Paid Ads,iOS,2024-01-29
U03912,18-24,Tier 2,Low,Paid Ads,iOS,2024-02-08
U03913,18-24,Tier 3,Mid,Branch,Android,2024-03-28
U03914,55+,Tier 1,High,Paid Ads,Android,2024-04-15
U03915,55+,Tier 1,Mid,Paid Ads,Android,2024-04-18
U03916,25-34,Tier 2,Mid,Paid Ads,Android,2024-01-11
U03917,35-44,Tier 2,High,Referral,Android,2024-03-24
U03918,25-34,Tier 3,Mid,Partnership,Android,2024-04-19
U03919,35-44,Tier 1,High,Paid Ads,Android,2024-03-24
U03920,35-44,Tier 2,Mid,Branch,iOS,2024-04-07
U03921,45-54,Tier 2,Low,Paid Ads,iOS,2024-01-05
U03922,25-34,Tier 1,Low,Organic,Android,2024-01-12
U03923,35-44,Tier 2,Low,Paid Ads,Android,2024-02-21
U03924,18-24,Tier 3,Low,Organic,iOS,2024-02-18
U03925,55+,Tier 1,Mid,Referral,Android,2024-02-18
U03926,18-24,Tier 2,Low,Referral,Android,2024-03-11
U03927,25-34,Tier 2,Low,Paid Ads,Android,2024-03-01
U03928,35-44,Tier 1,Low,Paid Ads,Android,2024-01-08
U03929,35-44,Tier 1,High,Organic,Android,2024-03-22
U03930,18-24,Tier 3,Mid,Paid Ads,iOS,2024-01-02
U03931,45-54,Tier 1,Mid,Referral,Android,2024-03-30
U03932,18-24,Tier 1,High,Branch,Android,2024-01-22
U03933,25-34,Tier 1,Low,Paid Ads,Android,2024-01-11
U03934,18-24,Tier 2,High,Paid Ads,iOS,2024-03-04
U03935,25-34,Tier 2,Mid,Organic,Android,2024-04-18
U03936,25-34,Tier 2,Low,Partnership,Android,2024-02-25
U03937,25-34,Tier 1,Mid,Paid Ads,Android,2024-03-23
U03938,18-24,Tier 3,Mid,Branch,Android,2024-04-10
U03939,18-24,Tier 1,Mid,Organic,Android,2024-02-12
U03940,25-34,Tier 1,High,Referral,Android,2024-03-13
U03941,35-44,Tier 2,Low,Paid Ads,iOS,2024-04-19
U03942,45-54,Tier 1,Low,Organic,iOS,2024-01-13
U03943,18-24,Tier 3,Low,Referral,Android,2024-04-24
U03944,25-34,Tier 3,Low,Branch,Android,2024-03-08
U03945,18-24,Tier 1,Low,Referral,Android,2024-01-06
U03946,18-24,Tier 3,High,Branch,iOS,2024-01-30
U03947,35-44,Tier 2,Low,Organic,Android,2024-01-28
U03948,25-34,Tier 3,Mid,Paid Ads,iOS,2024-04-25
U03949,18-24,Tier 1,Mid,Paid Ads,iOS,2024-04-21
U03950,18-24,Tier 2,High,Paid Ads,iOS,2024-03-29
U03951,18-24,Tier 1,High,Branch,iOS,2024-04-23
U03952,35-44,Tier 3,Mid,Organic,iOS,2024-03-13
U03953,55+,Tier 1,High,Partnership,Android,2024-03-01
U03954,18-24,Tier 2,Mid,Paid Ads,Android,2024-02-04
U03955,18-24,Tier 1,High,Referral,Android,2024-01-06
U03956,45-54,Tier 1,Mid,Branch,Android,2024-01-10
U03957,45-54,Tier 2,Low,Referral,Android,2024-03-28
U03958,25-34,Tier 3,Mid,Partnership,Android,2024-02-05
U03959,18-24,Tier 2,Mid,Referral,Android,2024-04-25
U03960,18-24,Tier 3,Mid,Partnership,Android,2024-03-10
U03961,25-34,Tier 1,Low,Paid Ads,Android,2024-03-13
U03962,25-34,Tier 2,Mid,Organic,Android,2024-03-25
U03963,18-24,Tier 2,High,Paid Ads,Android,2024-01-05
U03964,25-34,Tier 1,Low,Organic,Android,2024-01-23
U03965,18-24,Tier 2,Mid,Referral,iOS,2024-04-18
U03966,35-44,Tier 2,Mid,Organic,Android,2024-02-10
U03967,25-34,Tier 2,High,Organic,Android,2024-01-03
U03968,18-24,Tier 2,High,Organic,Android,2024-01-27
U03969,25-34,Tier 2,Mid,Paid Ads,Android,2024-03-16
U03970,25-34,Tier 1,Mid,Paid Ads,Android,2024-01-19
U03971,55+,Tier 1,Low,Paid Ads,iOS,2024-04-06
U03972,25-34,Tier 2,Mid,Organic,Android,2024-04-15
U03973,18-24,Tier 1,Mid,Paid Ads,Android,2024-04-01
U03974,35-44,Tier 1,High,Paid Ads,Android,2024-04-15
U03975,18-24,Tier 1,Mid,Referral,Android,2024-02-20
U03976,45-54,Tier 2,Low,Partnership,iOS,2024-01-10
U03977,25-34,Tier 1,Mid,Paid Ads,Android,2024-02-08
U03978,25-34,Tier 2,Mid,Paid Ads,iOS,2024-01-21
U03979,18-24,Tier 2,Low,Referral,Android,2024-03-13
U03980,25-34,Tier 1,Low,Organic,iOS,2024-01-31
U03981,35-44,Tier 2,Low,Partnership,Android,2024-03-13
U03982,35-44,Tier 2,High,Partnership,Android,2024-04-16
U03983,18-24,Tier 2,Low,Organic,iOS,2024-04-18
U03984,18-24,Tier 2,Low,Referral,Android,2024-02-19
U03985,35-44,Tier 1,High,Paid Ads,Android,2024-03-27
U03986,45-54,Tier 2,Mid,Paid Ads,Android,2024-04-24
U03987,18-24,Tier 1,Low,Partnership,Android,2024-03-10
U03988,25-34,Tier 3,Low,Organic,Android,2024-02-12
U03989,25-34,Tier 3,Low,Referral,Android,2024-02-19
U03990,45-54,Tier 2,Low,Organic,Android,2024-04-06
U03991,18-24,Tier 1,Low,Referral,Android,2024-04-04
U03992,18-24,Tier 1,Mid,Organic,Android,2024-01-18
U03993,35-44,Tier 1,Low,Partnership,Android,2024-04-11
U03994,18-24,Tier 2,Mid,Paid Ads,iOS,2024-03-29
U03995,25-34,Tier 1,High,Partnership,Android,2024-04-02
U03996,25-34,Tier 2,Mid,Organic,iOS,2024-01-11
U03997,25-34,Tier 1,High,Organic,Android,2024-03-05
U03998,25-34,Tier 3,Mid,Referral,Android,2024-04-05
U03999,25-34,Tier 1,Mid,Referral,Android,2024-02-14
U04000,18-24,Tier 3,Mid,Partnership,Android,2024-01-07
U04001,25-34,Tier 3,Low,Referral,iOS,2024-01-13
U04002,35-44,Tier 2,Low,Organic,Android,2024-02-25
U04003,35-44,Tier 2,Mid,Organic,Android,2024-01-30
U04004,18-24,Tier 1,Mid,Organic,iOS,2024-04-17
U04005,18-24,Tier 2,Mid,Partnership,iOS,2024-01-10
U04006,18-24,Tier 1,High,Referral,Android,2024-02-13
U04007,25-34,Tier 1,Mid,Paid Ads,Android,2024-03-18
U04008,25-34,Tier 2,Mid,Paid Ads,Android,2024-04-08
U04009,35-44,Tier 2,Mid,Organic,Android,2024-03-19
U04010,18-24,Tier 2,High,Organic,Android,2024-03-17
U04011,18-24,Tier 1,High,Partnership,Android,2024-02-20
U04012,25-34,Tier 1,High,Paid Ads,iOS,2024-04-09
U04013,35-44,Tier 1,Low,Referral,Android,2024-02-11
U04014,18-24,Tier 1,Mid,Organic,Android,2024-01-04
U04015,25-34,Tier 1,Low,Organic,iOS,2024-03-22
U04016,18-24,Tier 1,Low,Referral,Android,2024-02-04
U04017,45-54,Tier 1,High,Organic,Android,2024-04-10
U04018,45-54,Tier 3,Low,Organic,iOS,2024-02-27
U04019,18-24,Tier 1,High,Referral,Android,2024-03-03
U04020,18-24,Tier 2,Low,Organic,Android,2024-01-30
U04021,25-34,Tier 1,High,Organic,Android,2024-02-15
U04022,18-24,Tier 3,Low,Partnership,Android,2024-03-11
U04023,35-44,Tier 2,Mid,Paid Ads,iOS,2024-02-18
U04024,35-44,Tier 1,Low,Branch,Android,2024-02-25
U04025,35-44,Tier 2,Mid,Referral,Android,2024-01-24
U04026,35-44,Tier 1,Mid,Paid Ads,Android,2024-03-28
U04027,25-34,Tier 2,Mid,Organic,iOS,2024-03-15
U04028,18-24,Tier 1,Low,Paid Ads,Android,2024-03-25
U04029,35-44,Tier 3,Low,Organic,Android,2024-02-18
U04030,25-34,Tier 1,Low,Organic,iOS,2024-01-11
U04031,35-44,Tier 1,Mid,Branch,iOS,2024-04-08
U04032,18-24,Tier 2,High,Paid Ads,Android,2024-03-20
U04033,18-24,Tier 1,High,Branch,Android,2024-02-07
U04034,55+,Tier 3,Low,Referral,Android,2024-04-12
U04035,18-24,Tier 2,Mid,Referral,Android,2024-02-01
U04036,55+,Tier 2,Mid,Referral,Android,2024-04-01
U04037,55+,Tier 1,Low,Paid Ads,Android,2024-01-10
U04038,35-44,Tier 3,Mid,Paid Ads,Android,2024-01-11
U04039,35-44,Tier 2,Mid,Branch,Android,2024-02-04
U04040,25-34,Tier 1,Low,Organic,iOS,2024-01-20
U04041,45-54,Tier 1,Low,Paid Ads,Android,2024-02-18
U04042,18-24,Tier 1,Low,Referral,Android,2024-04-01
U04043,25-34,Tier 3,Mid,Organic,iOS,2024-04-10
U04044,25-34,Tier 1,Low,Paid Ads,Android,2024-03-22
U04045,25-34,Tier 2,Low,Paid Ads,Android,2024-01-20
U04046,25-34,Tier 1,Mid,Organic,Android,2024-04-04
U04047,25-34,Tier 1,Low,Organic,Android,2024-02-19
U04048,25-34,Tier 2,Low,Referral,Android,2024-02-10
U04049,45-54,Tier 3,High,Referral,Android,2024-02-16
U04050,18-24,Tier 2,Low,Referral,Android,2024-01-14
U04051,45-54,Tier 3,Mid,Organic,Android,2024-01-12
U04052,35-44,Tier 2,Mid,Organic,Android,2024-01-01
U04053,35-44,Tier 1,Mid,Branch,Android,2024-02-09
U04054,25-34,Tier 1,Mid,Branch,Android,2024-02-26
U04055,35-44,Tier 2,Low,Paid Ads,Android,2024-02-16
U04056,18-24,Tier 3,High,Branch,iOS,2024-04-07
U04057,35-44,Tier 3,Mid,Paid Ads,Android,2024-02-04
U04058,18-24,Tier 1,High,Organic,Android,2024-01-14
U04059,45-54,Tier 1,Mid,Organic,iOS,2024-01-17
U04060,55+,Tier 1,High,Branch,Android,2024-01-12
U04061,18-24,Tier 3,Mid,Paid Ads,iOS,2024-01-24
U04062,18-24,Tier 3,High,Partnership,iOS,2024-02-25
U04063,35-44,Tier 2,Mid,Partnership,Android,2024-02-27
U04064,18-24,Tier 1,Mid,Referral,iOS,2024-03-12
U04065,45-54,Tier 2,Mid,Organic,Android,2024-03-12
U04066,18-24,Tier 2,High,Organic,iOS,2024-03-06
U04067,18-24,Tier 1,High,Organic,Android,2024-02-22
U04068,55+,Tier 2,Mid,Organic,Android,2024-01-14
U04069,35-44,Tier 1,Mid,Referral,iOS,2024-01-04
U04070,35-44,Tier 1,Low,Organic,Android,2024-01-12
U04071,25-34,Tier 3,Mid,Organic,iOS,2024-02-15
U04072,35-44,Tier 2,Low,Referral,Android,2024-03-11
U04073,25-34,Tier 1,Mid,Referral,Android,2024-01-12
U04074,25-34,Tier 2,High,Paid Ads,Android,2024-03-17
U04075,35-44,Tier 1,Low,Referral,Android,2024-03-17
U04076,25-34,Tier 2,Mid,Paid Ads,Android,2024-04-10
U04077,25-34,Tier 2,Mid,Branch,Android,2024-02-11
U04078,18-24,Tier 2,Low,Organic,Android,2024-04-20
U04079,35-44,Tier 2,Mid,Organic,iOS,2024-02-19
U04080,18-24,Tier 1,Mid,Partnership,Android,2024-01-02
U04081,35-44,Tier 1,Low,Paid Ads,iOS,2024-02-07
U04082,18-24,Tier 2,High,Partnership,Android,2024-02-22
U04083,25-34,Tier 1,High,Organic,Android,2024-02-19
U04084,35-44,Tier 2,Low,Partnership,Android,2024-04-09
U04085,18-24,Tier 1,Low,Branch,iOS,2024-01-11
U04086,18-24,Tier 1,Mid,Paid Ads,Android,2024-04-02
U04087,18-24,Tier 1,Mid,Organic,Android,2024-04-25
U04088,25-34,Tier 3,Low,Partnership,iOS,2024-03-12
U04089,35-44,Tier 1,Low,Partnership,Android,2024-04-25
U04090,18-24,Tier 2,Mid,Partnership,iOS,2024-02-01
U04091,35-44,Tier 1,High,Organic,Android,2024-03-14
U04092,25-34,Tier 1,Mid,Partnership,Android,2024-03-07
U04093,25-34,Tier 2,Mid,Organic,Android,2024-01-22
U04094,45-54,Tier 2,High,Organic,Android,2024-03-28
U04095,25-34,Tier 2,Mid,Paid Ads,iOS,2024-02-18
U04096,25-34,Tier 3,Mid,Referral,iOS,2024-01-22
U04097,18-24,Tier 1,Mid,Paid Ads,Android,2024-01-18
U04098,18-24,Tier 1,High,Paid Ads,iOS,2024-02-04
U04099,18-24,Tier 3,Mid,Organic,Android,2024-02-08
U04100,18-24,Tier 1,High,Paid Ads,Android,2024-02-04
U04101,25-34,Tier 2,Mid,Branch,Android,2024-03-04
U04102,25-34,Tier 2,Mid,Organic,Android,2024-01-19
U04103,25-34,Tier 1,Low,Paid Ads,Android,2024-01-09
U04104,18-24,Tier 2,Mid,Referral,Android,2024-01-22
U04105,18-24,Tier 1,Mid,Paid Ads,Android,2024-02-25
U04106,35-44,Tier 1,Low,Referral,iOS,2024-02-05
U04107,55+,Tier 1,Mid,Referral,iOS,2024-02-23
U04108,18-24,Tier 3,Low,Organic,Android,2024-02-08
U04109,45-54,Tier 1,High,Branch,Android,2024-03-02
U04110,25-34,Tier 2,Low,Paid Ads,Android,2024-04-10
U04111,25-34,Tier 3,High,Paid Ads,iOS,2024-01-10
U04112,25-34,Tier 2,Mid,Referral,Android,2024-02-16
U04113,18-24,Tier 2,Low,Paid Ads,Android,2024-02-02
U04114,18-24,Tier 2,Mid,Referral,iOS,2024-02-01
U04115,25-34,Tier 1,Low,Referral,Android,2024-04-02
U04116,25-34,Tier 2,Mid,Paid Ads,Android,2024-03-21
U04117,45-54,Tier 2,Mid,Referral,Android,2024-03-04
U04118,25-34,Tier 3,Low,Organic,Android,2024-03-17
U04119,18-24,Tier 3,High,Paid Ads,iOS,2024-03-19
U04120,35-44,Tier 3,Low,Partnership,Android,2024-01-26
U04121,18-24,Tier 3,Mid,Organic,Android,2024-02-28
U04122,25-34,Tier 2,Mid,Organic,Android,2024-01-14
U04123,35-44,Tier 2,Mid,Organic,Android,2024-01-18
U04124,45-54,Tier 3,Mid,Branch,Android,2024-02-08
U04125,35-44,Tier 1,Mid,Partnership,Android,2024-01-01
U04126,35-44,Tier 3,Mid,Paid Ads,Android,2024-02-20
U04127,35-44,Tier 1,Mid,Branch,Android,2024-02-12
U04128,45-54,Tier 2,Low,Referral,Android,2024-04-17
U04129,18-24,Tier 2,Mid,Branch,Android,2024-03-20
U04130,18-24,Tier 3,Low,Referral,iOS,2024-02-18
U04131,18-24,Tier 1,Low,Organic,Android,2024-04-12
U04132,18-24,Tier 2,Mid,Paid Ads,iOS,2024-04-20
U04133,35-44,Tier 2,Mid,Referral,Android,2024-02-12
U04134,25-34,Tier 1,Mid,Paid Ads,iOS,2024-02-26
U04135,25-34,Tier 2,Mid,Referral,Android,2024-02-12
U04136,18-24,Tier 2,Mid,Paid Ads,Android,2024-02-25
U04137,35-44,Tier 2,Mid,Referral,Android,2024-04-14
U04138,25-34,Tier 1,Low,Organic,Android,2024-04-15
U04139,35-44,Tier 2,Mid,Branch,iOS,2024-04-20
U04140,25-34,Tier 2,Mid,Partnership,Android,2024-03-24
U04141,25-34,Tier 1,Mid,Branch,Android,2024-03-17
U04142,18-24,Tier 1,Mid,Paid Ads,iOS,2024-01-18
U04143,18-24,Tier 3,Mid,Paid Ads,Android,2024-02-08
U04144,35-44,Tier 2,Mid,Paid Ads,Android,2024-02-11
U04145,45-54,Tier 2,Mid,Organic,Android,2024-03-18
U04146,25-34,Tier 1,Mid,Organic,Android,2024-03-29
U04147,18-24,Tier 1,Mid,Referral,iOS,2024-01-26
U04148,25-34,Tier 1,Low,Partnership,Android,2024-03-02
U04149,35-44,Tier 1,Low,Organic,Android,2024-02-10
U04150,35-44,Tier 2,Low,Branch,Android,2024-01-23
U04151,18-24,Tier 2,Mid,Paid Ads,Android,2024-02-20
U04152,18-24,Tier 2,High,Paid Ads,Android,2024-02-10
U04153,35-44,Tier 1,Mid,Organic,Android,2024-02-07
U04154,25-34,Tier 2,Low,Referral,Android,2024-04-04
U04155,18-24,Tier 1,Mid,Branch,iOS,2024-03-29
U04156,18-24,Tier 1,High,Referral,Android,2024-03-22
U04157,25-34,Tier 3,High,Referral,Android,2024-03-03
U04158,45-54,Tier 2,Mid,Organic,Android,2024-03-14
U04159,55+,Tier 2,High,Organic,iOS,2024-04-10
U04160,25-34,Tier 1,Low,Organic,Android,2024-02-01
U04161,25-34,Tier 3,Low,Paid Ads,iOS,2024-02-11
U04162,18-24,Tier 2,Low,Paid Ads,iOS,2024-02-18
U04163,25-34,Tier 2,Mid,Paid Ads,iOS,2024-02-05
U04164,25-34,Tier 1,Low,Organic,Android,2024-04-14
U04165,25-34,Tier 3,Mid,Partnership,Android,2024-04-10
U04166,25-34,Tier 3,Mid,Partnership,Android,2024-02-20
U04167,18-24,Tier 3,Mid,Organic,iOS,2024-02-16
U04168,18-24,Tier 1,High,Referral,iOS,2024-01-15
U04169,25-34,Tier 1,Low,Organic,iOS,2024-03-13
U04170,18-24,Tier 1,Mid,Partnership,Android,2024-01-26
U04171,18-24,Tier 1,Mid,Paid Ads,Android,2024-03-16
U04172,55+,Tier 3,Low,Branch,Android,2024-03-10
U04173,25-34,Tier 1,Mid,Organic,Android,2024-01-24
U04174,25-34,Tier 1,High,Paid Ads,Android,2024-03-28
U04175,45-54,Tier 1,High,Organic,Android,2024-04-08
U04176,55+,Tier 1,High,Referral,iOS,2024-03-11
U04177,25-34,Tier 1,Mid,Paid Ads,Android,2024-01-04
U04178,35-44,Tier 2,Mid,Organic,iOS,2024-04-03
U04179,25-34,Tier 2,Low,Paid Ads,iOS,2024-02-29
U04180,25-34,Tier 1,Low,Paid Ads,Android,2024-03-31
U04181,25-34,Tier 1,Low,Partnership,Android,2024-01-27
U04182,35-44,Tier 1,Mid,Referral,Android,2024-02-26
U04183,35-44,Tier 1,High,Branch,Android,2024-04-12
U04184,25-34,Tier 2,Mid,Branch,Android,2024-02-07
U04185,18-24,Tier 2,Mid,Branch,Android,2024-04-16
U04186,25-34,Tier 2,Mid,Partnership,iOS,2024-03-29
U04187,18-24,Tier 2,Mid,Partnership,Android,2024-01-09
U04188,25-34,Tier 1,High,Paid Ads,iOS,2024-04-14
U04189,35-44,Tier 3,Low,Organic,iOS,2024-04-18
U04190,35-44,Tier 3,Mid,Paid Ads,Android,2024-04-11
U04191,35-44,Tier 3,Mid,Paid Ads,Android,2024-04-11
U04192,45-54,Tier 1,Low,Branch,iOS,2024-02-22
U04193,25-34,Tier 3,Mid,Paid Ads,Android,2024-03-27
U04194,35-44,Tier 3,High,Referral,Android,2024-03-04
U04195,25-34,Tier 3,Low,Paid Ads,iOS,2024-01-18
U04196,18-24,Tier 1,Low,Branch,Android,2024-03-22
U04197,18-24,Tier 2,Low,Organic,Android,2024-02-08
U04198,18-24,Tier 3,Mid,Referral,Android,2024-01-31
U04199,25-34,Tier 2,Mid,Paid Ads,Android,2024-02-02
U04200,25-34,Tier 2,Mid,Organic,iOS,2024-03-25
U04201,35-44,Tier 3,Mid,Organic,iOS,2024-01-20
U04202,18-24,Tier 1,High,Referral,Android,2024-04-01
U04203,18-24,Tier 2,Mid,Partnership,iOS,2024-02-24
U04204,55+,Tier 2,High,Organic,iOS,2024-04-11
U04205,18-24,Tier 3,High,Referral,Android,2024-02-18
U04206,25-34,Tier 1,Mid,Partnership,Android,2024-01-10
U04207,25-34,Tier 2,Mid,Branch,Android,2024-02-27
U04208,25-34,Tier 2,High,Branch,Android,2024-03-17
U04209,18-24,Tier 2,High,Referral,Android,2024-03-02
U04210,18-24,Tier 2,Low,Branch,Android,2024-03-15
U04211,18-24,Tier 3,Low,Organic,Android,2024-02-21
U04212,25-34,Tier 3,High,Paid Ads,iOS,2024-03-09
U04213,25-34,Tier 1,Low,Paid Ads,iOS,2024-03-05
U04214,18-24,Tier 1,High,Organic,Android,2024-04-21
U04215,25-34,Tier 1,Mid,Paid Ads,iOS,2024-03-29
U04216,35-44,Tier 1,Low,Organic,Android,2024-02-23
U04217,18-24,Tier 2,Low,Partnership,Android,2024-03-10
U04218,25-34,Tier 3,Low,Referral,Android,2024-01-05
U04219,35-44,Tier 3,Low,Paid Ads,iOS,2024-04-11
U04220,18-24,Tier 1,Mid,Organic,iOS,2024-02-16
U04221,25-34,Tier 1,Mid,Organic,iOS,2024-03-30
U04222,25-34,Tier 2,High,Branch,iOS,2024-04-24
U04223,45-54,Tier 2,Mid,Partnership,Android,2024-04-13
U04224,35-44,Tier 1,Mid,Branch,iOS,2024-03-09
U04225,25-34,Tier 3,Mid,Referral,Android,2024-03-17
U04226,35-44,Tier 3,Mid,Organic,Android,2024-03-22
U04227,25-34,Tier 1,Mid,Paid Ads,Android,2024-01-11
U04228,25-34,Tier 3,Low,Paid Ads,iOS,2024-01-14
U04229,25-34,Tier 1,Low,Organic,Android,2024-04-08
U04230,18-24,Tier 2,Low,Paid Ads,Android,2024-02-01
U04231,35-44,Tier 2,Low,Referral,Android,2024-03-25
U04232,25-34,Tier 1,Mid,Organic,Android,2024-03-26
U04233,25-34,Tier 3,Low,Referral,Android,2024-02-15
U04234,45-54,Tier 2,High,Paid Ads,Android,2024-01-22
U04235,18-24,Tier 2,High,Paid Ads,Android,2024-03-23
U04236,25-34,Tier 1,High,Paid Ads,iOS,2024-03-19
U04237,18-24,Tier 1,High,Paid Ads,iOS,2024-01-06
U04238,35-44,Tier 1,Low,Organic,Android,2024-03-13
U04239,35-44,Tier 2,Mid,Branch,iOS,2024-03-23
U04240,25-34,Tier 2,Low,Branch,Android,2024-03-27
U04241,35-44,Tier 1,High,Paid Ads,Android,2024-03-23
U04242,25-34,Tier 2,High,Organic,Android,2024-02-21
U04243,35-44,Tier 2,High,Paid Ads,Android,2024-04-06
U04244,25-34,Tier 2,Mid,Paid Ads,Android,2024-02-12
U04245,25-34,Tier 2,Mid,Branch,Android,2024-04-11
U04246,45-54,Tier 3,Low,Branch,Android,2024-02-25
U04247,18-24,Tier 2,Low,Partnership,Android,2024-01-14
U04248,18-24,Tier 2,Mid,Organic,iOS,2024-01-02
U04249,25-34,Tier 1,Mid,Branch,Android,2024-01-13
U04250,55+,Tier 1,High,Paid Ads,iOS,2024-02-03
U04251,25-34,Tier 1,Low,Partnership,Android,2024-01-29
U04252,18-24,Tier 2,High,Referral,iOS,2024-03-06
U04253,25-34,Tier 1,Mid,Referral,Android,2024-04-05
U04254,25-34,Tier 1,High,Paid Ads,iOS,2024-03-07
U04255,18-24,Tier 2,High,Organic,iOS,2024-03-12
U04256,35-44,Tier 1,High,Referral,Android,2024-03-15
U04257,55+,Tier 1,Low,Partnership,Android,2024-03-29
U04258,25-34,Tier 1,High,Organic,Android,2024-03-14
U04259,25-34,Tier 2,Low,Organic,iOS,2024-01-29
U04260,25-34,Tier 1,Low,Organic,Android,2024-02-27
U04261,18-24,Tier 2,Mid,Referral,Android,2024-02-17
U04262,45-54,Tier 2,High,Branch,Android,2024-02-20
U04263,25-34,Tier 2,Mid,Organic,Android,2024-02-29
U04264,25-34,Tier 2,High,Organic,Android,2024-04-08
U04265,35-44,Tier 3,Mid,Branch,iOS,2024-03-27
U04266,25-34,Tier 1,Low,Partnership,Android,2024-03-16
U04267,25-34,Tier 1,High,Organic,iOS,2024-03-29
U04268,18-24,Tier 1,Low,Partnership,Android,2024-03-05
U04269,35-44,Tier 1,High,Paid Ads,Android,2024-01-20
U04270,45-54,Tier 1,Mid,Partnership,Android,2024-02-14
U04271,25-34,Tier 1,Mid,Paid Ads,iOS,2024-01-04
U04272,55+,Tier 2,Mid,Branch,Android,2024-03-02
U04273,18-24,Tier 2,Low,Organic,Android,2024-01-14
U04274,25-34,Tier 1,Mid,Organic,Android,2024-02-07
U04275,25-34,Tier 2,Low,Referral,Android,2024-02-23
U04276,25-34,Tier 1,Low,Referral,iOS,2024-01-11
U04277,25-34,Tier 1,Low,Branch,Android,2024-01-15
U04278,25-34,Tier 2,Mid,Paid Ads,Android,2024-04-16
U04279,18-24,Tier 1,Mid,Organic,Android,2024-04-03
U04280,25-34,Tier 1,Mid,Referral,Android,2024-01-19
U04281,18-24,Tier 1,High,Referral,Android,2024-02-14
U04282,35-44,Tier 3,Mid,Branch,Android,2024-02-09
U04283,18-24,Tier 2,Mid,Paid Ads,Android,2024-02-13
U04284,18-24,Tier 1,Mid,Paid Ads,Android,2024-02-28
U04285,25-34,Tier 3,Mid,Paid Ads,Android,2024-04-10
U04286,25-34,Tier 2,Mid,Partnership,Android,2024-01-27
U04287,45-54,Tier 2,Low,Paid Ads,Android,2024-03-07
U04288,25-34,Tier 3,High,Organic,Android,2024-03-02
U04289,25-34,Tier 1,Mid,Partnership,Android,2024-02-14
U04290,35-44,Tier 1,Low,Paid Ads,Android,2024-03-01
U04291,25-34,Tier 2,Mid,Paid Ads,iOS,2024-01-13
U04292,18-24,Tier 2,Low,Branch,Android,2024-02-26
U04293,25-34,Tier 2,Low,Partnership,Android,2024-04-02
U04294,45-54,Tier 2,Low,Partnership,Android,2024-03-30
U04295,25-34,Tier 3,Mid,Branch,Android,2024-02-27
U04296,18-24,Tier 3,Mid,Organic,iOS,2024-02-10
U04297,18-24,Tier 3,High,Paid Ads,Android,2024-01-09
U04298,18-24,Tier 3,Low,Paid Ads,Android,2024-02-08
U04299,25-34,Tier 3,Mid,Referral,Android,2024-01-06
U04300,25-34,Tier 1,Mid,Partnership,iOS,2024-04-13
U04301,18-24,Tier 1,Low,Partnership,iOS,2024-03-31
U04302,45-54,Tier 2,Mid,Paid Ads,Android,2024-01-15
U04303,35-44,Tier 3,Low,Branch,iOS,2024-01-03
U04304,25-34,Tier 2,Low,Referral,Android,2024-04-18
U04305,35-44,Tier 2,Mid,Paid Ads,Android,2024-02-13
U04306,18-24,Tier 1,Mid,Paid Ads,Android,2024-03-23
U04307,25-34,Tier 1,Low,Referral,Android,2024-01-14
U04308,25-34,Tier 2,Low,Organic,Android,2024-03-27
U04309,35-44,Tier 1,Low,Partnership,iOS,2024-04-12
U04310,35-44,Tier 1,Low,Paid Ads,Android,2024-01-22
U04311,18-24,Tier 1,Low,Partnership,Android,2024-04-04
U04312,45-54,Tier 1,Mid,Paid Ads,Android,2024-02-01
U04313,18-24,Tier 2,Mid,Organic,Android,2024-03-07
U04314,45-54,Tier 1,Mid,Referral,Android,2024-01-23
U04315,55+,Tier 2,Mid,Referral,Android,2024-03-11
U04316,18-24,Tier 1,Mid,Branch,Android,2024-01-21
U04317,35-44,Tier 3,Low,Organic,Android,2024-02-12
U04318,18-24,Tier 1,Low,Branch,Android,2024-03-12
U04319,25-34,Tier 2,High,Branch,Android,2024-02-24
U04320,25-34,Tier 2,Low,Branch,Android,2024-02-29
U04321,25-34,Tier 1,Low,Paid Ads,Android,2024-01-30
U04322,45-54,Tier 3,Low,Branch,Android,2024-04-12
U04323,35-44,Tier 2,Mid,Referral,Android,2024-02-21
U04324,25-34,Tier 1,Mid,Organic,Android,2024-03-21
U04325,35-44,Tier 1,High,Organic,iOS,2024-01-24
U04326,55+,Tier 3,High,Branch,iOS,2024-01-24
U04327,18-24,Tier 2,Mid,Organic,iOS,2024-03-22
U04328,55+,Tier 1,Mid,Paid Ads,Android,2024-03-25
U04329,18-24,Tier 1,Low,Organic,Android,2024-02-25
U04330,35-44,Tier 3,Low,Referral,Android,2024-02-20
U04331,18-24,Tier 2,Low,Organic,Android,2024-01-04
U04332,18-24,Tier 2,Low,Partnership,Android,2024-04-04
U04333,25-34,Tier 1,Low,Paid Ads,iOS,2024-03-19
U04334,25-34,Tier 2,Low,Branch,Android,2024-04-23
U04335,25-34,Tier 1,Mid,Paid Ads,Android,2024-01-26
U04336,18-24,Tier 1,High,Branch,Android,2024-02-27
U04337,25-34,Tier 2,Mid,Paid Ads,Android,2024-03-16
U04338,45-54,Tier 3,High,Paid Ads,Android,2024-02-24
U04339,25-34,Tier 1,Mid,Paid Ads,Android,2024-02-19
U04340,18-24,Tier 2,Mid,Paid Ads,Android,2024-01-01
U04341,25-34,Tier 2,Mid,Partnership,iOS,2024-03-31
U04342,18-24,Tier 2,Low,Paid Ads,Android,2024-01-28
U04343,35-44,Tier 3,Low,Partnership,iOS,2024-01-27
U04344,35-44,Tier 2,High,Partnership,Android,2024-02-05
U04345,25-34,Tier 1,High,Organic,Android,2024-04-06
U04346,25-34,Tier 3,Low,Paid Ads,Android,2024-03-31
U04347,35-44,Tier 2,Low,Organic,iOS,2024-04-13
U04348,25-34,Tier 3,Mid,Paid Ads,Android,2024-04-11
U04349,35-44,Tier 2,Low,Paid Ads,Android,2024-01-09
U04350,25-34,Tier 3,Mid,Branch,Android,2024-03-14
U04351,35-44,Tier 1,Low,Organic,Android,2024-01-14
U04352,25-34,Tier 1,Mid,Organic,Android,2024-04-12
U04353,25-34,Tier 3,Low,Organic,iOS,2024-04-21
U04354,55+,Tier 1,Mid,Referral,Android,2024-03-09
U04355,25-34,Tier 1,Low,Partnership,Android,2024-01-24
U04356,25-34,Tier 2,Mid,Partnership,iOS,2024-02-16
U04357,18-24,Tier 3,High,Paid Ads,iOS,2024-02-11
U04358,25-34,Tier 1,Mid,Partnership,Android,2024-01-26
U04359,25-34,Tier 3,High,Referral,Android,2024-02-28
U04360,18-24,Tier 2,High,Organic,Android,2024-01-15
U04361,18-24,Tier 2,High,Organic,iOS,2024-02-03
U04362,25-34,Tier 3,Mid,Partnership,iOS,2024-03-26
U04363,35-44,Tier 1,Mid,Paid Ads,iOS,2024-04-20
U04364,25-34,Tier 1,High,Paid Ads,Android,2024-03-03
U04365,18-24,Tier 1,Low,Referral,Android,2024-03-08
U04366,35-44,Tier 2,Mid,Referral,Android,2024-03-22
U04367,18-24,Tier 2,High,Branch,Android,2024-02-10
U04368,25-34,Tier 3,Mid,Organic,iOS,2024-03-17
U04369,18-24,Tier 2,High,Partnership,Android,2024-02-19
U04370,18-24,Tier 2,Mid,Referral,Android,2024-03-19
U04371,18-24,Tier 2,High,Organic,iOS,2024-02-20
U04372,25-34,Tier 1,Mid,Paid Ads,Android,2024-03-16
U04373,18-24,Tier 1,Mid,Referral,Android,2024-01-15
U04374,25-34,Tier 3,Mid,Paid Ads,iOS,2024-02-14
U04375,25-34,Tier 1,High,Paid Ads,iOS,2024-02-15
U04376,25-34,Tier 1,High,Paid Ads,iOS,2024-04-18
U04377,25-34,Tier 2,High,Partnership,Android,2024-02-28
U04378,35-44,Tier 1,Mid,Paid Ads,Android,2024-03-20
U04379,18-24,Tier 3,Mid,Referral,Android,2024-01-23
U04380,25-34,Tier 1,Low,Paid Ads,iOS,2024-04-14
U04381,18-24,Tier 1,High,Paid Ads,Android,2024-03-27
U04382,18-24,Tier 1,Mid,Organic,iOS,2024-03-31
U04383,25-34,Tier 2,Low,Branch,Android,2024-04-12
U04384,25-34,Tier 1,Low,Paid Ads,Android,2024-02-08
U04385,45-54,Tier 2,High,Partnership,iOS,2024-03-19
U04386,25-34,Tier 3,High,Partnership,iOS,2024-03-16
U04387,55+,Tier 3,High,Referral,Android,2024-01-11
U04388,18-24,Tier 1,Mid,Paid Ads,iOS,2024-03-27
U04389,18-24,Tier 2,Mid,Referral,iOS,2024-01-18
U04390,18-24,Tier 2,Mid,Referral,iOS,2024-02-10
U04391,18-24,Tier 3,Low,Partnership,iOS,2024-01-16
U04392,25-34,Tier 3,High,Partnership,iOS,2024-01-31
U04393,25-34,Tier 1,Low,Organic,Android,2024-02-09
U04394,18-24,Tier 2,Mid,Paid Ads,Android,2024-01-15
U04395,45-54,Tier 1,Mid,Branch,Android,2024-01-24
U04396,35-44,Tier 1,Mid,Paid Ads,Android,2024-02-17
U04397,18-24,Tier 1,High,Partnership,Android,2024-03-29
U04398,18-24,Tier 2,Low,Partnership,Android,2024-01-19
U04399,18-24,Tier 2,Mid,Referral,Android,2024-03-06
U04400,18-24,Tier 1,Low,Referral,iOS,2024-02-19
U04401,18-24,Tier 2,Low,Paid Ads,iOS,2024-02-23
U04402,25-34,Tier 1,Mid,Paid Ads,Android,2024-03-17
U04403,18-24,Tier 2,Low,Paid Ads,Android,2024-01-18
U04404,25-34,Tier 1,Mid,Paid Ads,iOS,2024-03-14
U04405,55+,Tier 1,Mid,Partnership,iOS,2024-02-19
U04406,35-44,Tier 1,Low,Referral,iOS,2024-02-24
U04407,45-54,Tier 1,Low,Organic,iOS,2024-01-24
U04408,18-24,Tier 2,Mid,Referral,iOS,2024-03-03
U04409,25-34,Tier 1,High,Paid Ads,Android,2024-03-22
U04410,25-34,Tier 2,Mid,Referral,Android,2024-03-09
U04411,18-24,Tier 1,Mid,Paid Ads,iOS,2024-03-29
U04412,18-24,Tier 2,Mid,Organic,Android,2024-03-23
U04413,35-44,Tier 2,Mid,Paid Ads,iOS,2024-01-23
U04414,25-34,Tier 1,Low,Referral,Android,2024-03-12
U04415,25-34,Tier 2,Mid,Paid Ads,iOS,2024-01-22
U04416,25-34,Tier 1,Mid,Referral,Android,2024-03-03
U04417,25-34,Tier 2,Mid,Referral,Android,2024-02-06
U04418,18-24,Tier 1,Mid,Branch,Android,2024-01-18
U04419,25-34,Tier 2,High,Organic,iOS,2024-01-24
U04420,18-24,Tier 2,Low,Paid Ads,Android,2024-02-10
U04421,18-24,Tier 3,High,Branch,iOS,2024-04-17
U04422,55+,Tier 2,Mid,Paid Ads,iOS,2024-02-27
U04423,25-34,Tier 2,Mid,Partnership,iOS,2024-03-20
U04424,35-44,Tier 1,Low,Organic,iOS,2024-01-07
U04425,25-34,Tier 3,Mid,Paid Ads,Android,2024-04-20
U04426,25-34,Tier 2,Mid,Paid Ads,Android,2024-02-15
U04427,18-24,Tier 1,Mid,Organic,Android,2024-01-02
U04428,18-24,Tier 3,Low,Referral,iOS,2024-03-03
U04429,18-24,Tier 1,Mid,Referral,iOS,2024-01-18
U04430,35-44,Tier 3,Low,Paid Ads,Android,2024-01-25
U04431,35-44,Tier 3,High,Branch,Android,2024-04-14
U04432,25-34,Tier 1,High,Organic,Android,2024-02-19
U04433,25-34,Tier 2,Low,Referral,Android,2024-03-12
U04434,45-54,Tier 1,High,Referral,Android,2024-03-05
U04435,18-24,Tier 1,High,Paid Ads,Android,2024-03-24
U04436,18-24,Tier 1,Mid,Partnership,Android,2024-03-04
U04437,25-34,Tier 2,Mid,Referral,Android,2024-02-22
U04438,35-44,Tier 1,Mid,Organic,Android,2024-03-28
U04439,55+,Tier 1,Mid,Paid Ads,Android,2024-03-03
U04440,18-24,Tier 2,Mid,Partnership,Android,2024-02-23
U04441,45-54,Tier 1,Mid,Paid Ads,Android,2024-03-31
U04442,35-44,Tier 1,Mid,Paid Ads,Android,2024-04-17
U04443,18-24,Tier 1,Low,Organic,Android,2024-02-26
U04444,25-34,Tier 1,High,Organic,Android,2024-03-03
U04445,25-34,Tier 2,Mid,Organic,Android,2024-01-22
U04446,55+,Tier 1,Mid,Referral,iOS,2024-01-11
U04447,18-24,Tier 3,High,Branch,Android,2024-03-13
U04448,35-44,Tier 2,Mid,Paid Ads,Android,2024-01-04
U04449,25-34,Tier 1,Mid,Organic,Android,2024-04-11
U04450,35-44,Tier 1,High,Referral,Android,2024-04-07
U04451,25-34,Tier 1,High,Referral,iOS,2024-01-29
U04452,25-34,Tier 2,Low,Paid Ads,Android,2024-02-07
U04453,35-44,Tier 1,Mid,Referral,Android,2024-01-05
U04454,35-44,Tier 1,High,Referral,Android,2024-02-05
U04455,45-54,Tier 3,Mid,Paid Ads,Android,2024-01-29
U04456,18-24,Tier 1,Mid,Organic,Android,2024-03-09
U04457,35-44,Tier 1,Low,Organic,Android,2024-02-06
U04458,18-24,Tier 3,Low,Organic,Android,2024-01-22
U04459,25-34,Tier 2,Mid,Referral,Android,2024-04-09
U04460,25-34,Tier 1,Mid,Organic,Android,2024-02-28
U04461,25-34,Tier 2,High,Referral,iOS,2024-03-13
U04462,25-34,Tier 1,Mid,Partnership,Android,2024-04-05
U04463,55+,Tier 2,Low,Paid Ads,Android,2024-04-08
U04464,18-24,Tier 2,Low,Paid Ads,Android,2024-04-08
U04465,35-44,Tier 3,High,Partnership,Android,2024-03-04
U04466,25-34,Tier 3,Mid,Referral,iOS,2024-03-11
U04467,18-24,Tier 3,Mid,Partnership,Android,2024-03-06
U04468,18-24,Tier 3,High,Referral,Android,2024-01-15
U04469,45-54,Tier 2,Mid,Referral,Android,2024-03-14
U04470,45-54,Tier 1,Low,Referral,iOS,2024-01-15
U04471,45-54,Tier 2,High,Organic,Android,2024-02-04
U04472,55+,Tier 2,High,Branch,iOS,2024-04-09
U04473,18-24,Tier 3,Low,Organic,iOS,2024-03-10
U04474,25-34,Tier 1,High,Referral,Android,2024-04-15
U04475,35-44,Tier 3,Mid,Referral,iOS,2024-02-16
U04476,25-34,Tier 3,Mid,Organic,Android,2024-03-10
U04477,25-34,Tier 3,High,Organic,iOS,2024-04-15
U04478,25-34,Tier 3,High,Organic,iOS,2024-04-06
U04479,25-34,Tier 1,Low,Referral,Android,2024-01-06
U04480,25-34,Tier 1,Low,Partnership,Android,2024-04-07
U04481,18-24,Tier 1,Low,Referral,iOS,2024-04-02
U04482,25-34,Tier 1,Mid,Organic,Android,2024-02-26
U04483,25-34,Tier 2,Low,Paid Ads,Android,2024-03-10
U04484,25-34,Tier 3,Mid,Branch,Android,2024-01-28
U04485,18-24,Tier 3,Low,Organic,iOS,2024-02-24
U04486,35-44,Tier 2,Mid,Referral,iOS,2024-01-14
U04487,18-24,Tier 1,Low,Branch,Android,2024-04-04
U04488,25-34,Tier 1,High,Organic,iOS,2024-04-16
U04489,35-44,Tier 1,Low,Paid Ads,Android,2024-03-24
U04490,25-34,Tier 1,Mid,Organic,iOS,2024-04-06
U04491,18-24,Tier 2,High,Branch,Android,2024-02-01
U04492,35-44,Tier 1,Mid,Branch,Android,2024-02-08
U04493,25-34,Tier 1,Low,Partnership,Android,2024-04-21
U04494,35-44,Tier 1,Low,Referral,Android,2024-01-05
U04495,35-44,Tier 2,Mid,Referral,Android,2024-02-27
U04496,25-34,Tier 2,Mid,Organic,iOS,2024-02-03
U04497,25-34,Tier 2,Mid,Partnership,Android,2024-02-14
U04498,18-24,Tier 1,Mid,Branch,iOS,2024-04-20
U04499,18-24,Tier 3,Mid,Referral,Android,2024-04-14
U04500,25-34,Tier 1,Mid,Paid Ads,iOS,2024-01-12
U04501,25-34,Tier 2,Mid,Organic,Android,2024-02-26
U04502,25-34,Tier 2,High,Referral,iOS,2024-04-20
U04503,18-24,Tier 2,Low,Paid Ads,Android,2024-01-16
U04504,18-24,Tier 3,Mid,Referral,iOS,2024-04-09
U04505,25-34,Tier 1,Low,Referral,iOS,2024-04-13
U04506,18-24,Tier 2,Mid,Organic,Android,2024-01-31
U04507,35-44,Tier 1,High,Partnership,Android,2024-01-27
U04508,18-24,Tier 2,Mid,Partnership,iOS,2024-04-13
U04509,25-34,Tier 1,High,Branch,iOS,2024-04-04
U04510,45-54,Tier 1,Mid,Paid Ads,Android,2024-03-16
U04511,18-24,Tier 2,High,Paid Ads,Android,2024-03-29
U04512,25-34,Tier 2,Mid,Referral,Android,2024-02-14
U04513,18-24,Tier 1,Low,Branch,Android,2024-04-20
U04514,25-34,Tier 2,Low,Paid Ads,Android,2024-03-31
U04515,25-34,Tier 2,Mid,Paid Ads,Android,2024-03-19
U04516,25-34,Tier 1,Low,Paid Ads,Android,2024-03-21
U04517,25-34,Tier 2,Mid,Partnership,Android,2024-02-24
U04518,45-54,Tier 2,Mid,Organic,iOS,2024-01-22
U04519,18-24,Tier 2,High,Organic,iOS,2024-03-19
U04520,18-24,Tier 1,Mid,Paid Ads,iOS,2024-01-18
U04521,45-54,Tier 1,Mid,Partnership,iOS,2024-04-10
U04522,25-34,Tier 2,High,Paid Ads,Android,2024-01-27
U04523,45-54,Tier 3,High,Referral,iOS,2024-04-14
U04524,25-34,Tier 2,Low,Referral,iOS,2024-01-27
U04525,35-44,Tier 1,Mid,Paid Ads,iOS,2024-04-13
U04526,25-34,Tier 2,Mid,Paid Ads,iOS,2024-01-08
U04527,35-44,Tier 3,Mid,Paid Ads,Android,2024-03-13
U04528,45-54,Tier 1,Mid,Referral,Android,2024-02-14
U04529,25-34,Tier 3,High,Branch,Android,2024-03-09
U04530,18-24,Tier 3,Mid,Paid Ads,iOS,2024-02-05
U04531,18-24,Tier 1,Mid,Partnership,Android,2024-03-17
U04532,18-24,Tier 3,High,Organic,iOS,2024-03-09
U04533,18-24,Tier 1,Low,Referral,Android,2024-01-22
U04534,25-34,Tier 3,Mid,Partnership,Android,2024-02-11
U04535,25-34,Tier 1,Mid,Organic,Android,2024-03-31
U04536,25-34,Tier 1,Low,Paid Ads,Android,2024-02-07
U04537,25-34,Tier 2,Mid,Paid Ads,Android,2024-02-07
U04538,25-34,Tier 2,Low,Partnership,Android,2024-03-14
U04539,18-24,Tier 1,High,Referral,Android,2024-02-04
U04540,18-24,Tier 2,Mid,Organic,iOS,2024-04-19
U04541,18-24,Tier 1,Mid,Branch,Android,2024-03-06
U04542,25-34,Tier 1,Mid,Paid Ads,iOS,2024-04-25
U04543,18-24,Tier 1,Low,Organic,Android,2024-03-27
U04544,18-24,Tier 2,Low,Organic,Android,2024-04-14
U04545,25-34,Tier 1,Mid,Branch,Android,2024-01-13
U04546,35-44,Tier 1,Mid,Organic,iOS,2024-01-18
U04547,18-24,Tier 1,Mid,Paid Ads,Android,2024-04-06
U04548,25-34,Tier 1,Mid,Referral,Android,2024-04-10
U04549,35-44,Tier 2,Mid,Partnership,iOS,2024-02-22
U04550,35-44,Tier 3,Mid,Partnership,Android,2024-01-08
U04551,45-54,Tier 1,Mid,Paid Ads,Android,2024-02-05
U04552,18-24,Tier 3,Low,Organic,iOS,2024-04-20
U04553,18-24,Tier 2,Mid,Partnership,Android,2024-03-24
U04554,45-54,Tier 2,High,Referral,Android,2024-01-17
U04555,25-34,Tier 2,Low,Branch,Android,2024-03-30
U04556,25-34,Tier 3,Mid,Paid Ads,Android,2024-04-20
U04557,35-44,Tier 1,Mid,Paid Ads,Android,2024-01-17
U04558,35-44,Tier 2,Mid,Organic,Android,2024-02-01
U04559,45-54,Tier 2,Mid,Paid Ads,iOS,2024-01-19
U04560,55+,Tier 2,Low,Referral,Android,2024-04-01
U04561,35-44,Tier 3,Mid,Referral,Android,2024-02-11
U04562,18-24,Tier 1,Low,Organic,iOS,2024-04-16
U04563,45-54,Tier 2,Mid,Organic,Android,2024-02-01
U04564,18-24,Tier 2,High,Organic,iOS,2024-04-07
U04565,18-24,Tier 1,Mid,Referral,iOS,2024-04-17
U04566,45-54,Tier 1,Low,Partnership,Android,2024-03-27
U04567,18-24,Tier 2,High,Referral,Android,2024-02-20
U04568,18-24,Tier 3,High,Paid Ads,iOS,2024-03-03
U04569,18-24,Tier 2,Mid,Organic,iOS,2024-01-19
U04570,45-54,Tier 3,Mid,Paid Ads,Android,2024-03-14
U04571,25-34,Tier 1,Low,Paid Ads,Android,2024-03-21
U04572,35-44,Tier 1,High,Branch,Android,2024-02-04
U04573,18-24,Tier 1,Mid,Partnership,Android,2024-03-21
U04574,35-44,Tier 1,High,Paid Ads,Android,2024-02-23
U04575,35-44,Tier 1,Mid,Partnership,Android,2024-02-18
U04576,25-34,Tier 1,Mid,Organic,iOS,2024-02-27
U04577,25-34,Tier 2,High,Paid Ads,Android,2024-01-10
U04578,18-24,Tier 2,Mid,Organic,iOS,2024-03-22
U04579,55+,Tier 1,Low,Referral,Android,2024-04-11
U04580,25-34,Tier 1,Low,Organic,Android,2024-04-22
U04581,45-54,Tier 1,Mid,Paid Ads,Android,2024-04-08
U04582,25-34,Tier 2,Low,Paid Ads,Android,2024-01-12
U04583,35-44,Tier 1,Mid,Partnership,Android,2024-02-21
U04584,35-44,Tier 1,Mid,Paid Ads,iOS,2024-03-06
U04585,35-44,Tier 3,Mid,Organic,Android,2024-04-05
U04586,55+,Tier 3,Mid,Paid Ads,iOS,2024-02-05
U04587,25-34,Tier 1,High,Partnership,Android,2024-03-29
U04588,18-24,Tier 1,Low,Branch,Android,2024-04-22
U04589,35-44,Tier 1,Mid,Paid Ads,Android,2024-02-17
U04590,35-44,Tier 2,Low,Partnership,iOS,2024-02-28
U04591,25-34,Tier 2,Mid,Partnership,Android,2024-03-03
U04592,18-24,Tier 1,High,Organic,Android,2024-02-11
U04593,25-34,Tier 2,High,Organic,iOS,2024-03-15
U04594,25-34,Tier 1,Mid,Organic,iOS,2024-01-01
U04595,25-34,Tier 1,Mid,Referral,Android,2024-04-21
U04596,25-34,Tier 1,High,Paid Ads,iOS,2024-04-09
U04597,35-44,Tier 2,High,Branch,Android,2024-04-18
U04598,18-24,Tier 1,High,Referral,iOS,2024-04-03
U04599,25-34,Tier 1,Mid,Paid Ads,Android,2024-01-12
U04600,18-24,Tier 1,High,Paid Ads,Android,2024-04-03
U04601,18-24,Tier 1,Low,Organic,Android,2024-02-28
U04602,35-44,Tier 2,Low,Organic,Android,2024-03-22
U04603,45-54,Tier 1,Low,Paid Ads,Android,2024-03-26
U04604,25-34,Tier 1,Low,Paid Ads,iOS,2024-03-30
U04605,35-44,Tier 2,Mid,Branch,iOS,2024-02-15
U04606,45-54,Tier 2,High,Referral,Android,2024-04-18
U04607,35-44,Tier 3,Mid,Partnership,Android,2024-01-09
U04608,18-24,Tier 2,Mid,Referral,Android,2024-04-11
U04609,55+,Tier 1,Mid,Paid Ads,Android,2024-03-09
U04610,25-34,Tier 2,Mid,Paid Ads,iOS,2024-02-20
U04611,25-34,Tier 2,Mid,Organic,Android,2024-01-28
U04612,18-24,Tier 1,High,Organic,Android,2024-02-24
U04613,25-34,Tier 3,Mid,Organic,Android,2024-04-15
U04614,18-24,Tier 1,Mid,Referral,Android,2024-01-28
U04615,18-24,Tier 3,Mid,Paid Ads,Android,2024-03-04
U04616,25-34,Tier 3,High,Organic,Android,2024-02-04
U04617,35-44,Tier 2,Low,Paid Ads,Android,2024-02-11
U04618,45-54,Tier 3,Mid,Referral,Android,2024-04-16
U04619,25-34,Tier 2,Mid,Partnership,Android,2024-02-06
U04620,45-54,Tier 1,Mid,Partnership,Android,2024-02-13
U04621,45-54,Tier 1,High,Partnership,Android,2024-03-11
U04622,35-44,Tier 1,Mid,Paid Ads,iOS,2024-03-14
U04623,18-24,Tier 1,Mid,Referral,Android,2024-01-17
U04624,35-44,Tier 2,High,Partnership,iOS,2024-03-13
U04625,45-54,Tier 1,Mid,Organic,Android,2024-04-19
U04626,35-44,Tier 1,Mid,Referral,Android,2024-03-03
U04627,25-34,Tier 2,Mid,Organic,Android,2024-04-10
U04628,25-34,Tier 3,Low,Paid Ads,Android,2024-02-13
U04629,25-34,Tier 1,Mid,Paid Ads,iOS,2024-04-24
U04630,25-34,Tier 1,Low,Paid Ads,Android,2024-03-28
U04631,18-24,Tier 1,High,Referral,Android,2024-04-07
U04632,25-34,Tier 2,Mid,Organic,iOS,2024-01-07
U04633,35-44,Tier 1,Low,Branch,Android,2024-01-06
U04634,45-54,Tier 2,Mid,Paid Ads,Android,2024-01-13
U04635,18-24,Tier 1,Mid,Referral,Android,2024-03-21
U04636,55+,Tier 1,Low,Paid Ads,Android,2024-04-10
U04637,25-34,Tier 3,Low,Organic,Android,2024-04-17
U04638,35-44,Tier 1,Mid,Organic,Android,2024-02-28
U04639,35-44,Tier 1,Mid,Referral,iOS,2024-01-03
U04640,35-44,Tier 1,Mid,Organic,iOS,2024-01-16
U04641,45-54,Tier 2,Mid,Organic,Android,2024-04-19
U04642,25-34,Tier 2,Mid,Partnership,Android,2024-01-21
U04643,45-54,Tier 1,Mid,Paid Ads,Android,2024-02-26
U04644,18-24,Tier 1,Mid,Paid Ads,Android,2024-02-28
U04645,35-44,Tier 1,Mid,Paid Ads,Android,2024-01-01
U04646,35-44,Tier 2,Mid,Branch,iOS,2024-02-24
U04647,35-44,Tier 2,High,Organic,iOS,2024-01-26
U04648,18-24,Tier 2,Mid,Partnership,Android,2024-03-29
U04649,45-54,Tier 2,High,Paid Ads,Android,2024-04-26
U04650,18-24,Tier 1,Mid,Organic,Android,2024-01-17
U04651,18-24,Tier 1,Low,Referral,Android,2024-04-22
U04652,35-44,Tier 1,Mid,Paid Ads,Android,2024-03-24
U04653,25-34,Tier 1,Mid,Paid Ads,Android,2024-02-08
U04654,35-44,Tier 1,Mid,Organic,Android,2024-01-21
U04655,25-34,Tier 2,Mid,Paid Ads,Android,2024-04-21
U04656,18-24,Tier 2,High,Paid Ads,Android,2024-04-22
U04657,35-44,Tier 3,Mid,Referral,iOS,2024-02-05
U04658,25-34,Tier 1,Mid,Partnership,Android,2024-01-12
U04659,18-24,Tier 2,Low,Partnership,Android,2024-03-24
U04660,35-44,Tier 3,High,Paid Ads,Android,2024-02-16
U04661,25-34,Tier 2,High,Branch,Android,2024-02-02
U04662,25-34,Tier 1,Mid,Organic,iOS,2024-01-11
U04663,25-34,Tier 1,Mid,Organic,Android,2024-02-17
U04664,35-44,Tier 1,Mid,Referral,iOS,2024-03-26
U04665,35-44,Tier 1,Low,Paid Ads,Android,2024-04-25
U04666,35-44,Tier 2,Mid,Paid Ads,Android,2024-03-24
U04667,18-24,Tier 1,Low,Paid Ads,Android,2024-01-22
U04668,35-44,Tier 1,Mid,Organic,iOS,2024-01-07
U04669,35-44,Tier 2,Mid,Organic,Android,2024-02-20
U04670,35-44,Tier 2,Mid,Partnership,iOS,2024-03-21
U04671,25-34,Tier 2,Mid,Partnership,Android,2024-02-09
U04672,45-54,Tier 2,High,Paid Ads,Android,2024-04-02
U04673,35-44,Tier 1,Low,Paid Ads,Android,2024-03-30
U04674,18-24,Tier 1,Mid,Paid Ads,Android,2024-04-06
U04675,25-34,Tier 1,Low,Organic,Android,2024-01-30
U04676,45-54,Tier 2,Low,Referral,Android,2024-02-24
U04677,18-24,Tier 3,Low,Paid Ads,Android,2024-03-24
U04678,55+,Tier 1,Mid,Paid Ads,iOS,2024-01-12
U04679,35-44,Tier 2,Mid,Organic,iOS,2024-03-31
U04680,25-34,Tier 1,High,Branch,iOS,2024-01-13
U04681,18-24,Tier 2,Mid,Partnership,Android,2024-01-01
U04682,18-24,Tier 1,Low,Referral,iOS,2024-01-28
U04683,45-54,Tier 1,Mid,Paid Ads,iOS,2024-03-02
U04684,18-24,Tier 3,Low,Branch,Android,2024-01-10
U04685,35-44,Tier 2,Mid,Organic,Android,2024-01-17
U04686,25-34,Tier 2,Low,Paid Ads,Android,2024-03-16
U04687,18-24,Tier 1,Mid,Paid Ads,Android,2024-01-29
U04688,18-24,Tier 1,Mid,Referral,iOS,2024-03-07
U04689,25-34,Tier 1,High,Partnership,iOS,2024-03-28
U04690,55+,Tier 3,Mid,Referral,iOS,2024-02-26
U04691,25-34,Tier 3,High,Organic,Android,2024-01-02
U04692,25-34,Tier 1,Low,Organic,Android,2024-01-02
U04693,25-34,Tier 1,High,Organic,Android,2024-03-30
U04694,25-34,Tier 3,Mid,Referral,Android,2024-02-13
U04695,25-34,Tier 1,Low,Paid Ads,iOS,2024-04-14
U04696,45-54,Tier 2,Mid,Organic,Android,2024-01-16
U04697,25-34,Tier 1,Low,Paid Ads,Android,2024-04-20
U04698,25-34,Tier 2,Mid,Paid Ads,Android,2024-02-24
U04699,18-24,Tier 2,Low,Referral,iOS,2024-03-29
U04700,55+,Tier 3,Mid,Paid Ads,Android,2024-01-17
U04701,18-24,Tier 2,High,Paid Ads,iOS,2024-03-02
U04702,18-24,Tier 1,Low,Paid Ads,iOS,2024-01-10
U04703,35-44,Tier 2,Mid,Referral,iOS,2024-01-30
U04704,25-34,Tier 3,Mid,Paid Ads,iOS,2024-02-19
U04705,25-34,Tier 1,High,Branch,Android,2024-01-12
U04706,25-34,Tier 1,Mid,Referral,Android,2024-04-03
U04707,35-44,Tier 1,Mid,Referral,iOS,2024-04-13
U04708,18-24,Tier 2,Mid,Paid Ads,iOS,2024-01-14
U04709,35-44,Tier 1,Low,Organic,Android,2024-01-14
U04710,25-34,Tier 2,Low,Paid Ads,iOS,2024-02-10
U04711,25-34,Tier 1,Mid,Referral,Android,2024-02-17
U04712,25-34,Tier 3,Low,Organic,Android,2024-04-22
U04713,18-24,Tier 1,Mid,Paid Ads,Android,2024-02-08
U04714,35-44,Tier 1,Mid,Organic,Android,2024-01-18
U04715,25-34,Tier 2,Mid,Referral,Android,2024-02-18
U04716,25-34,Tier 2,Low,Organic,Android,2024-04-09
U04717,25-34,Tier 1,High,Organic,Android,2024-04-14
U04718,55+,Tier 1,High,Partnership,iOS,2024-04-06
U04719,25-34,Tier 1,Low,Branch,Android,2024-04-21
U04720,45-54,Tier 2,Mid,Organic,Android,2024-01-18
U04721,25-34,Tier 2,Mid,Paid Ads,Android,2024-03-23
U04722,18-24,Tier 2,Low,Referral,Android,2024-03-27
U04723,18-24,Tier 2,Mid,Paid Ads,Android,2024-01-19
U04724,25-34,Tier 2,Low,Referral,Android,2024-01-09
U04725,18-24,Tier 1,High,Referral,iOS,2024-03-08
U04726,18-24,Tier 3,High,Paid Ads,Android,2024-03-13
U04727,45-54,Tier 3,Mid,Organic,iOS,2024-01-02
U04728,35-44,Tier 1,Mid,Organic,iOS,2024-03-19
U04729,35-44,Tier 1,High,Partnership,iOS,2024-03-24
U04730,18-24,Tier 1,High,Paid Ads,Android,2024-01-22
U04731,18-24,Tier 1,High,Paid Ads,Android,2024-02-26
U04732,18-24,Tier 2,Low,Paid Ads,Android,2024-02-14
U04733,35-44,Tier 2,Low,Paid Ads,Android,2024-04-02
U04734,45-54,Tier 2,Mid,Referral,Android,2024-01-28
U04735,25-34,Tier 2,Mid,Referral,iOS,2024-03-21
U04736,18-24,Tier 2,Low,Paid Ads,Android,2024-04-05
U04737,25-34,Tier 2,Low,Paid Ads,Android,2024-01-20
U04738,25-34,Tier 1,High,Paid Ads,Android,2024-02-22
U04739,25-34,Tier 1,High,Paid Ads,iOS,2024-03-19
U04740,25-34,Tier 2,Mid,Referral,Android,2024-03-28
U04741,35-44,Tier 1,High,Referral,Android,2024-02-26
U04742,18-24,Tier 1,Mid,Referral,Android,2024-04-20
U04743,18-24,Tier 3,High,Paid Ads,Android,2024-01-28
U04744,55+,Tier 2,Mid,Paid Ads,iOS,2024-01-12
U04745,18-24,Tier 1,Low,Partnership,iOS,2024-04-24
U04746,18-24,Tier 2,Mid,Paid Ads,Android,2024-01-13
U04747,18-24,Tier 2,Mid,Partnership,Android,2024-01-18
U04748,18-24,Tier 1,Mid,Paid Ads,iOS,2024-04-06
U04749,25-34,Tier 1,Low,Branch,Android,2024-01-16
U04750,35-44,Tier 3,High,Paid Ads,iOS,2024-03-16
U04751,25-34,Tier 1,Low,Branch,Android,2024-04-03
U04752,25-34,Tier 1,Low,Organic,Android,2024-02-19
U04753,35-44,Tier 2,Mid,Organic,Android,2024-02-14
U04754,25-34,Tier 2,Mid,Paid Ads,Android,2024-02-24
U04755,45-54,Tier 1,Mid,Branch,iOS,2024-02-10
U04756,45-54,Tier 1,Mid,Referral,iOS,2024-04-11
U04757,18-24,Tier 1,Mid,Organic,Android,2024-01-18
U04758,35-44,Tier 3,Mid,Paid Ads,Android,2024-02-01
U04759,25-34,Tier 1,Mid,Paid Ads,Android,2024-02-05
U04760,55+,Tier 2,Low,Referral,iOS,2024-03-23
U04761,25-34,Tier 3,Mid,Paid Ads,Android,2024-01-11
U04762,55+,Tier 1,High,Branch,Android,2024-02-01
U04763,35-44,Tier 3,Low,Partnership,Android,2024-03-11
U04764,18-24,Tier 3,Mid,Referral,Android,2024-03-17
U04765,25-34,Tier 3,High,Referral,iOS,2024-03-17
U04766,55+,Tier 1,Mid,Referral,iOS,2024-04-02
U04767,45-54,Tier 2,Mid,Referral,Android,2024-03-18
U04768,18-24,Tier 2,High,Organic,iOS,2024-02-06
U04769,35-44,Tier 3,Low,Partnership,Android,2024-04-09
U04770,25-34,Tier 1,Low,Referral,iOS,2024-03-29
U04771,18-24,Tier 2,High,Partnership,Android,2024-01-04
U04772,25-34,Tier 1,High,Branch,Android,2024-04-18
U04773,18-24,Tier 1,Mid,Organic,Android,2024-04-18
U04774,35-44,Tier 1,Mid,Branch,Android,2024-03-25
U04775,25-34,Tier 2,High,Paid Ads,Android,2024-04-22
U04776,35-44,Tier 2,Mid,Paid Ads,iOS,2024-02-08
U04777,18-24,Tier 2,Low,Referral,iOS,2024-01-27
U04778,25-34,Tier 3,Low,Paid Ads,Android,2024-03-07
U04779,18-24,Tier 1,Mid,Referral,Android,2024-03-18
U04780,18-24,Tier 2,High,Paid Ads,Android,2024-03-06
U04781,18-24,Tier 1,High,Organic,Android,2024-01-25
U04782,18-24,Tier 1,High,Paid Ads,Android,2024-04-05
U04783,25-34,Tier 2,High,Referral,Android,2024-02-20
U04784,18-24,Tier 3,Mid,Organic,Android,2024-02-07
U04785,25-34,Tier 2,Mid,Paid Ads,Android,2024-03-23
U04786,25-34,Tier 2,Mid,Paid Ads,Android,2024-01-07
U04787,45-54,Tier 1,Mid,Referral,Android,2024-04-10
U04788,45-54,Tier 1,Mid,Organic,iOS,2024-04-24
U04789,25-34,Tier 2,Low,Partnership,Android,2024-04-11
U04790,25-34,Tier 1,High,Paid Ads,Android,2024-01-31
U04791,18-24,Tier 1,Mid,Organic,Android,2024-03-04
U04792,55+,Tier 2,Mid,Paid Ads,Android,2024-02-19
U04793,18-24,Tier 1,Mid,Paid Ads,iOS,2024-01-15
U04794,18-24,Tier 1,Mid,Organic,Android,2024-01-31
U04795,18-24,Tier 2,Low,Paid Ads,iOS,2024-03-04
U04796,25-34,Tier 2,High,Partnership,Android,2024-03-22
U04797,18-24,Tier 3,Low,Paid Ads,iOS,2024-03-17
U04798,35-44,Tier 2,Low,Organic,iOS,2024-01-10
U04799,18-24,Tier 1,Mid,Partnership,Android,2024-03-08
U04800,25-34,Tier 3,Mid,Referral,iOS,2024-04-23
U04801,18-24,Tier 2,High,Branch,Android,2024-01-02
U04802,18-24,Tier 1,High,Organic,iOS,2024-02-16
U04803,45-54,Tier 1,High,Paid Ads,iOS,2024-02-10
U04804,18-24,Tier 2,Low,Paid Ads,iOS,2024-01-17
U04805,35-44,Tier 2,Low,Organic,Android,2024-02-19
U04806,25-34,Tier 2,Mid,Partnership,iOS,2024-04-20
U04807,18-24,Tier 2,Low,Paid Ads,Android,2024-04-17
U04808,55+,Tier 2,High,Organic,Android,2024-03-13
U04809,18-24,Tier 3,Mid,Paid Ads,Android,2024-02-23
U04810,45-54,Tier 2,High,Paid Ads,iOS,2024-02-16
U04811,18-24,Tier 1,Low,Organic,Android,2024-03-10
U04812,45-54,Tier 3,Mid,Branch,Android,2024-03-28
U04813,18-24,Tier 1,Mid,Partnership,Android,2024-01-23
U04814,25-34,Tier 2,Low,Referral,Android,2024-04-07
U04815,35-44,Tier 3,Mid,Paid Ads,iOS,2024-03-01
U04816,45-54,Tier 2,Mid,Referral,iOS,2024-04-08
U04817,45-54,Tier 2,Mid,Partnership,Android,2024-01-10
U04818,35-44,Tier 2,Mid,Branch,Android,2024-01-03
U04819,45-54,Tier 1,Low,Referral,Android,2024-03-16
U04820,18-24,Tier 1,Mid,Partnership,Android,2024-01-09
U04821,18-24,Tier 2,Mid,Paid Ads,Android,2024-01-02
U04822,18-24,Tier 2,Low,Referral,Android,2024-02-03
U04823,25-34,Tier 2,Mid,Branch,Android,2024-01-28
U04824,25-34,Tier 1,Low,Paid Ads,Android,2024-01-06
U04825,25-34,Tier 2,Mid,Paid Ads,Android,2024-01-08
U04826,18-24,Tier 2,Low,Paid Ads,Android,2024-04-11
U04827,35-44,Tier 2,Mid,Referral,Android,2024-02-20
U04828,18-24,Tier 2,Mid,Referral,Android,2024-03-05
U04829,25-34,Tier 2,Mid,Branch,iOS,2024-02-06
U04830,25-34,Tier 2,High,Paid Ads,Android,2024-03-21
U04831,35-44,Tier 1,Mid,Partnership,Android,2024-04-01
U04832,35-44,Tier 3,Mid,Referral,Android,2024-03-05
U04833,25-34,Tier 1,High,Paid Ads,iOS,2024-04-08
U04834,18-24,Tier 3,Mid,Branch,iOS,2024-02-23
U04835,25-34,Tier 1,Mid,Referral,iOS,2024-02-24
U04836,18-24,Tier 1,Mid,Organic,Android,2024-03-30
U04837,25-34,Tier 3,Mid,Paid Ads,Android,2024-02-21
U04838,25-34,Tier 1,Mid,Referral,iOS,2024-01-11
U04839,18-24,Tier 2,Low,Organic,Android,2024-03-22
U04840,18-24,Tier 3,Mid,Partnership,iOS,2024-03-09
U04841,55+,Tier 3,Low,Branch,Android,2024-03-09
U04842,55+,Tier 3,Mid,Paid Ads,Android,2024-03-19
U04843,25-34,Tier 1,Low,Partnership,iOS,2024-01-20
U04844,18-24,Tier 2,Mid,Partnership,Android,2024-02-05
U04845,18-24,Tier 1,Mid,Paid Ads,Android,2024-01-11
U04846,25-34,Tier 1,Mid,Organic,Android,2024-02-09
U04847,45-54,Tier 3,Mid,Organic,iOS,2024-01-11
U04848,18-24,Tier 1,High,Organic,Android,2024-03-06
U04849,35-44,Tier 2,Mid,Organic,Android,2024-01-27
U04850,18-24,Tier 2,Mid,Referral,Android,2024-04-13
U04851,55+,Tier 2,High,Referral,iOS,2024-01-20
U04852,25-34,Tier 3,Mid,Organic,iOS,2024-03-09
U04853,35-44,Tier 1,Mid,Organic,Android,2024-02-11
U04854,25-34,Tier 2,Low,Paid Ads,Android,2024-02-20
U04855,25-34,Tier 3,Mid,Referral,Android,2024-03-16
U04856,18-24,Tier 2,High,Partnership,Android,2024-03-22
U04857,18-24,Tier 1,Mid,Organic,iOS,2024-04-07
U04858,45-54,Tier 2,Mid,Partnership,Android,2024-04-16
U04859,45-54,Tier 1,Mid,Branch,Android,2024-03-24
U04860,45-54,Tier 1,High,Paid Ads,Android,2024-03-28
U04861,25-34,Tier 3,Low,Paid Ads,Android,2024-03-23
U04862,35-44,Tier 2,Mid,Branch,Android,2024-01-09
U04863,18-24,Tier 3,Low,Organic,Android,2024-02-09
U04864,25-34,Tier 3,Mid,Branch,iOS,2024-03-30
U04865,25-34,Tier 2,Mid,Partnership,Android,2024-02-25
U04866,25-34,Tier 1,Low,Paid Ads,Android,2024-04-03
U04867,25-34,Tier 1,Mid,Referral,Android,2024-04-18
U04868,18-24,Tier 1,Mid,Paid Ads,iOS,2024-01-31
U04869,25-34,Tier 3,Low,Paid Ads,Android,2024-01-08
U04870,35-44,Tier 1,Mid,Paid Ads,iOS,2024-02-01
U04871,25-34,Tier 1,Low,Paid Ads,iOS,2024-01-12
U04872,18-24,Tier 2,Mid,Organic,iOS,2024-02-25
U04873,18-24,Tier 1,Mid,Referral,Android,2024-01-15
U04874,18-24,Tier 1,Mid,Referral,Android,2024-02-28
U04875,18-24,Tier 2,Mid,Referral,Android,2024-03-19
U04876,25-34,Tier 1,Mid,Organic,Android,2024-03-18
U04877,25-34,Tier 1,Low,Organic,iOS,2024-01-08
U04878,35-44,Tier 1,High,Referral,Android,2024-02-09
U04879,25-34,Tier 2,Mid,Paid Ads,Android,2024-03-26
U04880,35-44,Tier 2,Low,Organic,Android,2024-04-04
U04881,18-24,Tier 1,High,Branch,iOS,2024-03-25
U04882,25-34,Tier 2,Low,Partnership,Android,2024-04-04
U04883,35-44,Tier 1,Mid,Paid Ads,Android,2024-01-23
U04884,18-24,Tier 3,Mid,Organic,Android,2024-01-16
U04885,18-24,Tier 1,Mid,Paid Ads,iOS,2024-01-02
U04886,45-54,Tier 2,High,Paid Ads,Android,2024-03-31
U04887,25-34,Tier 3,Mid,Branch,Android,2024-01-18
U04888,35-44,Tier 3,Low,Paid Ads,Android,2024-03-30
U04889,18-24,Tier 1,High,Paid Ads,iOS,2024-01-02
U04890,35-44,Tier 1,High,Partnership,Android,2024-01-21
U04891,25-34,Tier 2,Mid,Organic,iOS,2024-03-04
U04892,18-24,Tier 1,Mid,Organic,Android,2024-02-14
U04893,25-34,Tier 3,Low,Paid Ads,Android,2024-03-07
U04894,18-24,Tier 2,Mid,Organic,Android,2024-03-07
U04895,25-34,Tier 2,Low,Organic,Android,2024-04-10
U04896,18-24,Tier 1,Low,Paid Ads,Android,2024-04-15
U04897,18-24,Tier 2,Mid,Referral,Android,2024-04-02
U04898,18-24,Tier 2,Low,Paid Ads,Android,2024-02-03
U04899,18-24,Tier 3,Low,Branch,Android,2024-01-22
U04900,45-54,Tier 1,Mid,Referral,Android,2024-02-17
U04901,18-24,Tier 1,Low,Organic,iOS,2024-01-17
U04902,25-34,Tier 1,Low,Organic,iOS,2024-04-05
U04903,18-24,Tier 1,Low,Organic,Android,2024-04-09
U04904,25-34,Tier 2,Low,Organic,Android,2024-04-21
U04905,45-54,Tier 3,Mid,Organic,iOS,2024-02-04
U04906,18-24,Tier 1,High,Referral,iOS,2024-04-03
U04907,55+,Tier 3,Mid,Referral,iOS,2024-04-23
U04908,18-24,Tier 1,Mid,Paid Ads,Android,2024-01-16
U04909,35-44,Tier 1,Low,Partnership,Android,2024-04-08
U04910,25-34,Tier 1,Low,Partnership,Android,2024-04-25
U04911,45-54,Tier 1,Low,Paid Ads,Android,2024-01-04
U04912,25-34,Tier 3,Mid,Organic,Android,2024-02-12
U04913,25-34,Tier 1,Mid,Paid Ads,Android,2024-04-13
U04914,18-24,Tier 2,Mid,Referral,Android,2024-02-24
U04915,18-24,Tier 2,Mid,Organic,iOS,2024-02-04
U04916,45-54,Tier 3,Low,Partnership,Android,2024-03-08
U04917,25-34,Tier 1,Mid,Referral,Android,2024-01-09
U04918,25-34,Tier 1,Mid,Organic,iOS,2024-02-03
U04919,35-44,Tier 1,Mid,Partnership,iOS,2024-04-01
U04920,25-34,Tier 1,Mid,Branch,Android,2024-03-14
U04921,55+,Tier 1,Mid,Referral,iOS,2024-03-21
U04922,35-44,Tier 3,High,Referral,Android,2024-01-10
U04923,25-34,Tier 2,High,Paid Ads,Android,2024-03-04
U04924,45-54,Tier 2,Mid,Paid Ads,iOS,2024-02-28
U04925,18-24,Tier 2,Mid,Organic,Android,2024-03-06
U04926,18-24,Tier 1,Low,Paid Ads,Android,2024-02-16
U04927,25-34,Tier 1,High,Branch,Android,2024-01-08
U04928,18-24,Tier 3,Mid,Referral,Android,2024-03-04
U04929,35-44,Tier 3,Low,Branch,Android,2024-04-19
U04930,45-54,Tier 3,Mid,Branch,Android,2024-03-13
U04931,25-34,Tier 3,Low,Referral,Android,2024-01-22
U04932,25-34,Tier 1,Mid,Partnership,iOS,2024-02-17
U04933,55+,Tier 1,Mid,Organic,Android,2024-01-21
U04934,25-34,Tier 1,Mid,Paid Ads,Android,2024-02-02
U04935,25-34,Tier 1,Low,Partnership,Android,2024-04-08
U04936,25-34,Tier 1,High,Organic,iOS,2024-01-14
U04937,45-54,Tier 2,Mid,Paid Ads,iOS,2024-04-24
U04938,25-34,Tier 2,High,Partnership,iOS,2024-03-14
U04939,35-44,Tier 3,Mid,Referral,Android,2024-03-27
U04940,35-44,Tier 2,Mid,Organic,Android,2024-04-02
U04941,25-34,Tier 3,Mid,Organic,Android,2024-01-15
U04942,25-34,Tier 1,Low,Paid Ads,Android,2024-01-30
U04943,35-44,Tier 1,Low,Branch,Android,2024-04-04
U04944,25-34,Tier 2,Mid,Partnership,iOS,2024-03-06
U04945,35-44,Tier 1,Low,Referral,Android,2024-01-01
U04946,45-54,Tier 1,High,Paid Ads,iOS,2024-01-06
U04947,25-34,Tier 1,Low,Referral,Android,2024-04-19
U04948,35-44,Tier 1,Mid,Organic,iOS,2024-04-20
U04949,35-44,Tier 2,Mid,Paid Ads,Android,2024-01-02
U04950,35-44,Tier 1,Mid,Paid Ads,iOS,2024-02-01
U04951,25-34,Tier 2,Mid,Paid Ads,Android,2024-01-06
U04952,18-24,Tier 2,Low,Branch,iOS,2024-03-01
U04953,25-34,Tier 1,Mid,Paid Ads,Android,2024-02-16
U04954,35-44,Tier 1,Mid,Paid Ads,Android,2024-02-19
U04955,25-34,Tier 1,Mid,Organic,Android,2024-01-20
U04956,35-44,Tier 1,Mid,Branch,Android,2024-01-23
U04957,25-34,Tier 2,High,Partnership,Android,2024-04-19
U04958,25-34,Tier 2,High,Partnership,iOS,2024-01-05
U04959,18-24,Tier 2,Mid,Referral,Android,2024-03-11
U04960,35-44,Tier 1,Mid,Paid Ads,iOS,2024-04-12
U04961,25-34,Tier 2,Mid,Paid Ads,Android,2024-04-26
U04962,18-24,Tier 2,Mid,Organic,Android,2024-04-01
U04963,18-24,Tier 2,High,Paid Ads,Android,2024-04-04
U04964,35-44,Tier 2,Low,Branch,iOS,2024-03-24
U04965,25-34,Tier 2,Mid,Organic,Android,2024-02-23
U04966,18-24,Tier 2,Mid,Organic,Android,2024-01-29
U04967,55+,Tier 2,Mid,Paid Ads,Android,2024-02-11
U04968,35-44,Tier 1,Mid,Referral,Android,2024-02-01
U04969,55+,Tier 2,Mid,Paid Ads,Android,2024-02-23
U04970,25-34,Tier 1,Mid,Paid Ads,Android,2024-04-02
U04971,25-34,Tier 1,High,Referral,Android,2024-02-10
U04972,45-54,Tier 3,Mid,Partnership,Android,2024-02-04
U04973,25-34,Tier 3,Low,Paid Ads,iOS,2024-04-15
U04974,35-44,Tier 1,Low,Partnership,Android,2024-01-10
U04975,18-24,Tier 1,Low,Partnership,iOS,2024-03-14
U04976,25-34,Tier 1,Mid,Partnership,Android,2024-02-17
U04977,18-24,Tier 2,Mid,Organic,Android,2024-01-16
U04978,18-24,Tier 3,Low,Organic,Android,2024-03-05
U04979,18-24,Tier 3,Mid,Organic,Android,2024-03-27
U04980,18-24,Tier 2,Mid,Referral,Android,2024-04-25
U04981,55+,Tier 1,Low,Partnership,Android,2024-01-07
U04982,18-24,Tier 2,Mid,Paid Ads,Android,2024-01-23
U04983,35-44,Tier 1,High,Partnership,Android,2024-01-29
U04984,35-44,Tier 3,Mid,Referral,Android,2024-04-12
U04985,25-34,Tier 3,Mid,Referral,Android,2024-03-07
U04986,18-24,Tier 2,Mid,Partnership,iOS,2024-01-06
U04987,35-44,Tier 1,Mid,Referral,iOS,2024-02-21
U04988,25-34,Tier 1,Mid,Partnership,Android,2024-01-09
U04989,35-44,Tier 1,Mid,Organic,iOS,2024-04-22
U04990,35-44,Tier 3,High,Branch,iOS,2024-02-29
U04991,55+,Tier 2,High,Paid Ads,Android,2024-04-20
U04992,25-34,Tier 1,Mid,Partnership,Android,2024-02-06
U04993,25-34,Tier 2,Low,Organic,iOS,2024-04-09
U04994,25-34,Tier 3,Mid,Paid Ads,Android,2024-04-18
U04995,18-24,Tier 1,Mid,Branch,Android,2024-02-09
U04996,45-54,Tier 3,Mid,Partnership,Android,2024-02-11
U04997,18-24,Tier 3,Low,Organic,iOS,2024-01-12
U04998,25-34,Tier 3,Low,Referral,iOS,2024-03-11
U04999,35-44,Tier 1,Mid,Referral,Android,2024-02-28
U05000,25-34,Tier 1,Low,Organic,iOS,2024-01-02
